{"PH015528001": {"Water_Prop": 0.719424, "Food_Prop": 100.0, "Shelter_Prop": 6.115108, "Health_Prop": 79.769737, "Education_Prop": 7.234042999999999, "Work_Prop": 47.5, "Peace_Prop": 1.438849, "Participation_Prop": 97.12472, "SocialProtection_Prop": 99.17849100000001, "Environment_Prop": 3.3078809999999996, "shelter_electricity": 10.79136691, "health_center_attendance": 79.76973684, "work_farms": 7.029478458, "work_unskilled": 45.57823129, "health_programs": 37.76978417, "sp_philhealth": 37.76978417, "water_toilet": 0.0, "shelter_makeshift_nhts": 1.798561151, "food_malnourished": "", "health_child_death": "", "health_maternal_death": "", "he_flood": 0.0, "he_volcano": 0.0, "he_landslide": 0.0, "he_earthquake": 0.0}, "PH015528002": {"Water_Prop": 1.153846, "Food_Prop": 0.0, "Shelter_Prop": 5.384615, "Health_Prop": 80.541872, "Education_Prop": 13.454545000000001, "Work_Prop": 48.402947999999995, "Peace_Prop": 3.076923, "Participation_Prop": 96.696035, "SocialProtection_Prop": 97.870778, "Environment_Prop": 5.473193, "shelter_electricity": 9.230769231, "health_center_attendance": 80.54187192, "work_farms": 4.7619047619999995, "work_unskilled": 36.19047619, "health_programs": 36.15384615, "sp_philhealth": 36.15384615, "water_toilet": 0.384615385, "shelter_makeshift_nhts": 3.076923077, "food_malnourished": "", "health_child_death": "", "health_maternal_death": "", "he_flood": 0.0, "he_volcano": 0.0, "he_landslide": 0.0, "he_earthquake": 0.0}, "PH015528003": {"Water_Prop": 3.3898309999999996, "Food_Prop": 31.818182, "Shelter_Prop": 1.6949150000000002, "Health_Prop": 27.030162, "Education_Prop": 7.853403, "Work_Prop": 51.190476000000004, "Peace_Prop": 7.344633, "Participation_Prop": 94.65195200000001, "SocialProtection_Prop": 97.70798, "Environment_Prop": 3.755837, "shelter_electricity": 8.474576271, "health_center_attendance": 27.03016241, "work_farms": 6.2717770029999995, "work_unskilled": 37.97909408, "health_programs": 46.32768362, "sp_philhealth": 46.32768362, "water_toilet": 1.694915254, "shelter_makeshift_nhts": 3.95480226, "food_malnourished": "", "health_child_death": "", "health_maternal_death": "", "he_flood": 1e-06, "he_volcano": 0.0, "he_landslide": 0.0, "he_earthquake": 0.0}, "PH015528004": {"Water_Prop": 0.518135, "Food_Prop": "", "Shelter_Prop": 0.0, "Health_Prop": 55.525362, "Education_Prop": 4.571429, "Work_Prop": 52.300613, "Peace_Prop": 1.036269, "Participation_Prop": 98.33116, "SocialProtection_Prop": 97.496741, "Environment_Prop": 1.1426129999999999, "shelter_electricity": 11.91709845, "health_center_attendance": 55.52536232, "work_farms": 10.93247588, "work_unskilled": 51.44694534, "health_programs": 23.31606218, "sp_philhealth": 23.31606218, "water_toilet": 0.518134715, "shelter_makeshift_nhts": 3.626943005, "food_malnourished": "", "health_child_death": "", "health_maternal_death": "", "he_flood": 0.0, "he_volcano": 0.0, "he_landslide": 0.0, "he_earthquake": 0.0}, "PH015528006": {"Water_Prop": 2.061856, "Food_Prop": 0.0, "Shelter_Prop": 5.1546389999999995, "Health_Prop": 68.939394, "Education_Prop": 1.273885, "Work_Prop": 51.132686, "Peace_Prop": 0.0, "Participation_Prop": 95.851528, "SocialProtection_Prop": 98.180495, "Environment_Prop": 4.8415300000000006, "shelter_electricity": 10.30927835, "health_center_attendance": 68.93939394, "work_farms": 5.298013245, "work_unskilled": 56.95364238, "health_programs": 46.39175258, "sp_philhealth": 46.39175258, "water_toilet": 0.0, "shelter_makeshift_nhts": 1.030927835, "food_malnourished": "", "health_child_death": "", "health_maternal_death": "", "he_flood": 0.0, "he_volcano": 0.0, "he_landslide": 0.0, "he_earthquake": 0.0}, "PH015528007": {"Water_Prop": 0.0, "Food_Prop": 100.0, "Shelter_Prop": 9.737828, "Health_Prop": 77.42181500000001, "Education_Prop": 2.6717560000000002, "Work_Prop": 48.898216, "Peace_Prop": 2.247191, "Participation_Prop": 95.789474, "SocialProtection_Prop": 97.614035, "Environment_Prop": 4.162848, "shelter_electricity": 2.247191011, "health_center_attendance": 77.42181541, "work_farms": 7.802874742999999, "work_unskilled": 37.37166324, "health_programs": 46.06741573, "sp_philhealth": 46.06741573, "water_toilet": 0.0, "shelter_makeshift_nhts": 3.745318352, "food_malnourished": "", "health_child_death": "", "health_maternal_death": "", "he_flood": 0.0, "he_volcano": 0.0, "he_landslide": 0.0, "he_earthquake": 0.0}, "PH015528008": {"Water_Prop": 0.724638, "Food_Prop": 89.47368399999999, "Shelter_Prop": 1.449275, "Health_Prop": 80.19802, "Education_Prop": 3.3707870000000004, "Work_Prop": 48.684211, "Peace_Prop": 4.347826, "Participation_Prop": 97.105407, "SocialProtection_Prop": 98.033861, "Environment_Prop": 1.8465759999999998, "shelter_electricity": 10.86956522, "health_center_attendance": 80.1980198, "work_farms": 6.837606837999999, "work_unskilled": 55.12820513, "health_programs": 25.36231884, "sp_philhealth": 25.36231884, "water_toilet": 0.7246376809999999, "shelter_makeshift_nhts": 1.4492753619999998, "food_malnourished": "", "health_child_death": "", "health_maternal_death": "", "he_flood": 1e-06, "he_volcano": 0.0, "he_landslide": 0.0, "he_earthquake": 0.0}, "PH015528009": {"Water_Prop": 1.666667, "Food_Prop": 80.88235300000001, "Shelter_Prop": 0.0, "Health_Prop": 57.580397999999995, "Education_Prop": 2.105263, "Work_Prop": 46.534653000000006, "Peace_Prop": 0.0, "Participation_Prop": 98.081683, "SocialProtection_Prop": 96.658416, "Environment_Prop": 1.209373, "shelter_electricity": 16.66666667, "health_center_attendance": 57.58039816, "work_farms": 8.796296296, "work_unskilled": 55.55555556, "health_programs": 36.66666667, "sp_philhealth": 36.66666667, "water_toilet": 1.6666666669999999, "shelter_makeshift_nhts": 0.833333333, "food_malnourished": "", "health_child_death": "", "health_maternal_death": "", "he_flood": 0.0, "he_volcano": 0.0, "he_landslide": 0.0, "he_earthquake": 0.0}, "PH015528010": {"Water_Prop": 0.472441, "Food_Prop": 83.870968, "Shelter_Prop": 0.314961, "Health_Prop": 43.502825, "Education_Prop": 5.007825, "Work_Prop": 46.609312, "Peace_Prop": 1.259843, "Participation_Prop": 97.612403, "SocialProtection_Prop": 97.457364, "Environment_Prop": 1.49397, "shelter_electricity": 5.984251969, "health_center_attendance": 43.50282486, "work_farms": 4.265402844, "work_unskilled": 49.09952607, "health_programs": 47.24409449, "sp_philhealth": 47.24409449, "water_toilet": 0.157480315, "shelter_makeshift_nhts": 1.6535433069999999, "food_malnourished": "", "health_child_death": "", "health_maternal_death": "", "he_flood": 0.0, "he_volcano": 0.0, "he_landslide": 0.0, "he_earthquake": 0.0}, "PH015528012": {"Water_Prop": 0.0, "Food_Prop": 100.0, "Shelter_Prop": 3.7135279999999997, "Health_Prop": 70.49048499999999, "Education_Prop": 7.397622, "Work_Prop": 43.824548, "Peace_Prop": 3.8461540000000003, "Participation_Prop": 96.298932, "SocialProtection_Prop": 97.698695, "Environment_Prop": 2.374041, "shelter_electricity": 3.315649867, "health_center_attendance": 70.49048512, "work_farms": 3.082191781, "work_unskilled": 48.56164384, "health_programs": 53.31564987, "sp_philhealth": 53.31564987, "water_toilet": 0.928381963, "shelter_makeshift_nhts": 2.25464191, "food_malnourished": "", "health_child_death": "", "health_maternal_death": "", "he_flood": 0.0, "he_volcano": 0.0, "he_landslide": 0.0, "he_earthquake": 0.0}, "PH015528013": {"Water_Prop": 0.520833, "Food_Prop": 90.384615, "Shelter_Prop": 0.260417, "Health_Prop": 62.486716, "Education_Prop": 6.211180000000001, "Work_Prop": 47.438016999999995, "Peace_Prop": 0.0, "Participation_Prop": 98.116475, "SocialProtection_Prop": 98.116475, "Environment_Prop": 2.008106, "shelter_electricity": 5.729166667, "health_center_attendance": 62.48671626, "work_farms": 6.918238994, "work_unskilled": 54.87421384, "health_programs": 39.0625, "sp_philhealth": 39.0625, "water_toilet": 0.78125, "shelter_makeshift_nhts": 1.953125, "food_malnourished": "", "health_child_death": "", "health_maternal_death": "", "he_flood": 0.0,