{"PH012813001": {"Water_Prop": 62.669683, "Food_Prop": 66.341463, "Shelter_Prop": 1.357466, "Health_Prop": 97.036159, "Education_Prop": 5.0, "Work_Prop": 50.252101, "Peace_Prop": 0.45248900000000003, "Participation_Prop": "", "SocialProtection_Prop": 98.062678, "Environment_Prop": 0.283792, "shelter_electricity": 3.1674208139999998, "health_center_attendance": 97.03615886, "work_farms": 39.52702703, "work_unskilled": 35.81081081, "health_programs": 66.28959276, "sp_philhealth": 66.28959276, "water_toilet": 0.904977376, "shelter_makeshift_nhts": 0.56561086, "food_malnourished": "", "health_child_death": "", "health_maternal_death": "", "he_flood": 0.0, "he_volcano": 0.0, "he_landslide": 0.0, "he_earthquake": 0.0, "name": "Pacifico (Agunit)"}, "PH012813003": {"Water_Prop": 69.29824599999999, "Food_Prop": 100.0, "Shelter_Prop": 2.1929819999999998, "Health_Prop": 97.685185, "Education_Prop": 5.952381, "Work_Prop": 52.750809, "Peace_Prop": 0.0, "Participation_Prop": 87.05202299999999, "SocialProtection_Prop": 99.190751, "Environment_Prop": 17.300932, "shelter_electricity": 6.140350877, "health_center_attendance": 97.68518519, "work_farms": 26.36986301, "work_unskilled": 52.39726027, "health_programs": 57.45614035, "sp_philhealth": 57.45614035, "water_toilet": 3.070175439, "shelter_makeshift_nhts": 1.535087719, "food_malnourished": "", "health_child_death": "", "health_maternal_death": "", "he_flood": 0.0, "he_volcano": 0.0, "he_landslide": 0.001056, "he_earthquake": 0.0, "name": "Imelda (Capariaan)"}, "PH012813004": {"Water_Prop": 46.917808, "Food_Prop": 57.14285699999999, "Shelter_Prop": 1.027397, "Health_Prop": 85.870414, "Education_Prop": 5.6737589999999996, "Work_Prop": 54.586130000000004, "Peace_Prop": 0.0, "Participation_Prop": 79.736025, "SocialProtection_Prop": 98.835404, "Environment_Prop": 17.046664, "shelter_electricity": 6.164383562, "health_center_attendance": 85.87041374, "work_farms": 33.49753695, "work_unskilled": 46.79802956, "health_programs": 50.0, "sp_philhealth": 50.0, "water_toilet": 3.082191781, "shelter_makeshift_nhts": 0.8561643840000001, "food_malnourished": "", "health_child_death": "", "health_maternal_death": "", "he_flood": 0.0, "he_volcano": 0.0, "he_landslide": 0.003167, "he_earthquake": 0.0, "name": "Elizabeth (Culao)"}, "PH012813005": {"Water_Prop": 59.574468, "Food_Prop": 90.47619, "Shelter_Prop": 0.70922, "Health_Prop": 98.843262, "Education_Prop": 2.067183, "Work_Prop": 49.142367, "Peace_Prop": 0.0, "Participation_Prop": 79.837775, "SocialProtection_Prop": 98.899189, "Environment_Prop": 26.810037, "shelter_electricity": 4.491725768, "health_center_attendance": 98.843262, "work_farms": 21.41652614, "work_unskilled": 43.00168634, "health_programs": 56.02836879, "sp_philhealth": 56.02836879, "water_toilet": 2.364066194, "shelter_makeshift_nhts": 0.354609929, "food_malnourished": "", "health_child_death": "", "health_maternal_death": "", "he_flood": 0.0, "he_volcano": 0.0, "he_landslide": 0.001056, "he_earthquake": 0.0, "name": "Daquioag"}, "PH012813006": {"Water_Prop": 46.259843, "Food_Prop": 77.837838, "Shelter_Prop": 0.590551, "Health_Prop": 96.938776, "Education_Prop": 2.842377, "Work_Prop": 46.284501, "Peace_Prop": 0.393701, "Participation_Prop": 90.5706, "SocialProtection_Prop": 98.69439100000001, "Environment_Prop": 1.134508, "shelter_electricity": 2.755905512, "health_center_attendance": 96.93877551, "work_farms": 36.49538867, "work_unskilled": 37.154150200000004, "health_programs": 65.5511811, "sp_philhealth": 65.5511811, "water_toilet": 2.362204724, "shelter_makeshift_nhts": 0.49212598399999996, "food_malnourished": "", "health_child_death": "", "health_maternal_death": "", "he_flood": 0.0, "he_volcano": 0.0, "he_landslide": 0.0, "he_earthquake": 0.0, "name": "Escoda"}, "PH012813007": {"Water_Prop": 37.799043, "Food_Prop": 87.903226, "Shelter_Prop": 0.478469, "Health_Prop": 92.17289699999999, "Education_Prop": 4.891304, "Work_Prop": 50.246305, "Peace_Prop": 0.0, "Participation_Prop": 83.597884, "SocialProtection_Prop": 98.306878, "Environment_Prop": 18.199917000000003, "shelter_electricity": 8.612440191000001, "health_center_attendance": 92.17289720000001, "work_farms": 35.97359736, "work_unskilled": 40.59405941, "health_programs": 58.85167464, "sp_philhealth": 58.85167464, "water_toilet": 2.392344498, "shelter_makeshift_nhts": 0.23923445, "food_malnourished": "", "health_child_death": "", "health_maternal_death": "", "he_flood": 0.0, "he_volcano": 0.0, "he_landslide": 0.003167, "he_earthquake": 0.07142899999999999, "name": "Ferdinand"}, "PH012813008": {"Water_Prop": 45.173745000000004, "Food_Prop": 92.307692, "Shelter_Prop": 0.3861, "Health_Prop": 98.951382, "Education_Prop": 2.678571, "Work_Prop": 50.404313, "Peace_Prop": 0.0, "Participation_Prop": 82.874889, "SocialProtection_Prop": 98.669033, "Environment_Prop": 26.503228999999997, "shelter_electricity": 7.722007722000001, "health_center_attendance": 98.95138227, "work_farms": 19.56521739, "work_unskilled": 41.84782609, "health_programs": 59.84555985, "sp_philhealth": 59.84555985, "water_toilet": 2.316602317, "shelter_makeshift_nhts": 2.702702703, "food_malnourished": "", "health_child_death": "", "health_maternal_death": "", "he_flood": 0.0, "he_volcano": 0.0, "he_landslide": 0.001056, "he_earthquake": 0.0, "name": "Fortuna"}, "PH012813009": {"Water_Prop": 77.852349, "Food_Prop": "", "Shelter_Prop": 2.013423, "Health_Prop": 94.924554, "Education_Prop": 6.010929, "Work_Prop": 53.894737, "Peace_Prop": 0.0, "Participation_Prop": 91.718062, "SocialProtection_Prop": 98.281938, "Environment_Prop": 27.445781, "shelter_electricity": 44.29530201, "health_center_attendance": 94.92455418, "work_farms": 16.43835616, "work_unskilled": 68.49315068, "health_programs": 48.99328859, "sp_philhealth": 48.99328859, "water_toilet": 7.382550336, "shelter_makeshift_nhts": 0.67114094, "food_malnourished": "", "health_child_death": "", "health_maternal_death": "", "he_flood": 0.0, "he_volcano": 0.0, "he_landslide": 0.001056, "he_earthquake": 0.07142899999999999, "name": "Lydia (Pob.)"}, "PH012813010": {"Water_Prop": 81.33802800000001, "Food_Prop": 63.768116000000006, "Shelter_Prop": 1.4084510000000001, "Health_Prop": 98.62511500000001, "Education_Prop": 5.022831, "Work_Prop": 51.617076000000004, "Peace_Prop": 0.0, "Participation_Prop": 84.402852, "SocialProtection_Prop": 98.752228, "Environment_Prop": 17.301982000000002, "shelter_electricity": 9.154929577, "health_center_attendance": 98.62511457, "work_farms": 36.63101604, "work_unskilled": 48.6631016, "health_programs": 46.47887324, "sp_philhealth": 46.47887324, "water_toilet": 0.704225352, "shelter_makeshift_nhts": 0.704225352, "food_malnourished": "", "health_child_death": "", "health_maternal_death": "", "he_flood": 0.0, "he_volcano": 0.0, "he_landslide": 0.001056, "he_earthquake": 0.0, "name": "Mabuti"}, "PH012813011": {"Water_Prop": 30.508475, "Food_Prop": 86.986301, "Shelter_Prop": 0.0, "Health_Prop": 95.41463399999999, "Education_Prop": 6.451613, "Work_Prop": 48.202397, "Peace_Prop": 0.0, "Participation_Prop": 81.386861, "SocialProtection_Prop": 98.631387, "Environment_Prop": 0.6033649999999999, "shelter_electricity": 4.745762711999999, "health_center_attendance": 95.41463415, "work_farms": 25.96401028, "work_unskilled": 42.93059126, "health_programs": 52.20338983, "sp_philhealth": 52.20338983, "water_toilet": 0.0, "shelter_makeshift_nhts": 1.0169491529999999, "food_malnourished": "", "health_child_death": "", "health_maternal_death": "", "he_flood": 0.0, "he_volcano": 0.0, "he_landslide": 0.001056, "he_earthquake": 0.0, "name": "Valdez (Biding)"}, "PH012813012": {"Water_Prop": 58.0, "Food_Prop": 87.5, "Shelter_Prop": 0.75, "Health_Prop": 93.202694, "Education_Prop": 4.792332, "Work_Prop": 49.334443, "Peace_Prop": 0.0, "Participation_Prop": 77.622378, "SocialProtection_Prop": 97.727273, "Environment_Prop": 1.134282, "shelter_electricity": 4.25, "health_center_attendance": 93.20269443, "work_farms": 26.272578000000003,