{"PH015501001": {"Water_Prop": 57.763975, "Food_Prop": 38.666667, "Shelter_Prop": 1.8633540000000002, "Health_Prop": 53.887399, "Education_Prop": 7.317073, "Work_Prop": 42.965779, "Peace_Prop": 3.7267080000000004, "Participation_Prop": "", "SocialProtection_Prop": 98.184569, "Environment_Prop": 2.467662, "shelter_electricity": 8.074534161, "health_center_attendance": 53.88739946, "work_farms": 52.33333333, "work_unskilled": 20.33333333, "health_programs": 26.70807453, "sp_philhealth": 26.70807453, "water_toilet": 20.49689441, "shelter_makeshift_nhts": 1.863354037, "food_malnourished": 0.0, "health_child_death": "", "health_maternal_death": 0.0, "he_flood": 0.0, "he_volcano": 0.0, "he_landslide": 0.011085, "he_earthquake": 0.07142899999999999}, "PH015501002": {"Water_Prop": 6.7901229999999995, "Food_Prop": 96.153846, "Shelter_Prop": 0.617284, "Health_Prop": 34.217038, "Education_Prop": 4.487179, "Work_Prop": 52.365763, "Peace_Prop": 3.240741, "Participation_Prop": "", "SocialProtection_Prop": 98.320313, "Environment_Prop": 1.369171, "shelter_electricity": 14.04320988, "health_center_attendance": 34.21703782, "work_farms": 51.89732143, "work_unskilled": 20.3125, "health_programs": 47.99382716, "sp_philhealth": 47.99382716, "water_toilet": 8.179012346, "shelter_makeshift_nhts": 4.8611111110000005, "food_malnourished": 0.5, "health_child_death": "", "health_maternal_death": 0.0, "he_flood": 0.0, "he_volcano": 0.0, "he_landslide": 0.000792, "he_earthquake": 0.0}, "PH015501003": {"Water_Prop": 60.29055699999999, "Food_Prop": 45.652174, "Shelter_Prop": 1.9370459999999998, "Health_Prop": 34.606866, "Education_Prop": 5.278174, "Work_Prop": 47.305864, "Peace_Prop": 4.358354, "Participation_Prop": "", "SocialProtection_Prop": 98.223283, "Environment_Prop": 9.319609, "shelter_electricity": 12.22760291, "health_center_attendance": 34.606866, "work_farms": 37.21804511, "work_unskilled": 23.0075188, "health_programs": 35.47215496, "sp_philhealth": 35.47215496, "water_toilet": 8.716707022000001, "shelter_makeshift_nhts": 1.271186441, "food_malnourished": "", "health_child_death": "", "health_maternal_death": "", "he_flood": 0.0, "he_volcano": 0.0, "he_landslide": 0.000264, "he_earthquake": 0.0}, "PH015501004": {"Water_Prop": 67.625899, "Food_Prop": 82.894737, "Shelter_Prop": 0.359712, "Health_Prop": 45.011253, "Education_Prop": 4.823151, "Work_Prop": 52.20339, "Peace_Prop": 2.877698, "Participation_Prop": "", "SocialProtection_Prop": 98.617788, "Environment_Prop": 1.523339, "shelter_electricity": 18.34532374, "health_center_attendance": 45.01125281, "work_farms": 54.60992908, "work_unskilled": 18.43971631, "health_programs": 32.73381295, "sp_philhealth": 32.73381295, "water_toilet": 17.98561151, "shelter_makeshift_nhts": 1.258992806, "food_malnourished": 0.0, "health_child_death": "", "health_maternal_death": 2.9000001, "he_flood": 0.0, "he_volcano": 0.0, "he_landslide": 0.011085, "he_earthquake": 0.0}, "PH015501005": {"Water_Prop": 33.679525, "Food_Prop": 96.511628, "Shelter_Prop": 1.186944, "Health_Prop": 38.675497, "Education_Prop": 5.091938, "Work_Prop": 45.803841999999996, "Peace_Prop": 3.857567, "Participation_Prop": "", "SocialProtection_Prop": 97.976442, "Environment_Prop": 10.514403, "shelter_electricity": 20.3264095, "health_center_attendance": 38.67549669, "work_farms": 39.55223881, "work_unskilled": 36.66044776, "health_programs": 29.22848665, "sp_philhealth": 29.22848665, "water_toilet": 24.62908012, "shelter_makeshift_nhts": 6.824925816, "food_malnourished": 0.0, "health_child_death": "", "health_maternal_death": 2.8, "he_flood": 0.0, "he_volcano": 0.0, "he_landslide": 0.011085, "he_earthquake": 0.0}, "PH015501006": {"Water_Prop": 32.321040999999994, "Food_Prop": 84.615385, "Shelter_Prop": 3.4707160000000004, "Health_Prop": 37.051994, "Education_Prop": 6.683805, "Work_Prop": 47.368421000000005, "Peace_Prop": 4.338394999999999, "Participation_Prop": "", "SocialProtection_Prop": 98.48985400000001, "Environment_Prop": 9.315681, "shelter_electricity": 12.581344900000001, "health_center_attendance": 37.05199394, "work_farms": 42.93333333, "work_unskilled": 20.4, "health_programs": 42.51626898, "sp_philhealth": 42.51626898, "water_toilet": 15.835141, "shelter_makeshift_nhts": 1.518438178, "food_malnourished": 0.0, "health_child_death": "", "health_maternal_death": 0.0, "he_flood": 1e-06, "he_volcano": 0.0, "he_landslide": 0.000264, "he_earthquake": 0.0}, "PH015501007": {"Water_Prop": 50.746269, "Food_Prop": 45.0, "Shelter_Prop": 0.746269, "Health_Prop": 31.818182, "Education_Prop": 17.708333, "Work_Prop": 47.959184, "Peace_Prop": 13.432835999999998, "Participation_Prop": "", "SocialProtection_Prop": 98.464164, "Environment_Prop": 0.303054, "shelter_electricity": 14.17910448, "health_center_attendance": 31.81818182, "work_farms": 35.78431373, "work_unskilled": 17.64705882, "health_programs": 47.01492537, "sp_philhealth": 47.01492537, "water_toilet": 15.67164179, "shelter_makeshift_nhts": 2.23880597, "food_malnourished": "", "health_child_death": "", "health_maternal_death": "", "he_flood": 0.0, "he_volcano": 0.0, "he_landslide": 0.000264, "he_earthquake": 0.0}, "PH015501009": {"Water_Prop": 83.660131, "Food_Prop": 24.637681, "Shelter_Prop": 0.0, "Health_Prop": 56.606607, "Education_Prop": 8.280255, "Work_Prop": 46.559633000000005, "Peace_Prop": 22.222222, "Participation_Prop": "", "SocialProtection_Prop": 99.011299, "Environment_Prop": 1.666895, "shelter_electricity": 20.91503268, "health_center_attendance": 56.60660661, "work_farms": 63.09012876, "work_unskilled": 21.88841202, "health_programs": 28.10457516, "sp_philhealth": 28.10457516, "water_toilet": 41.17647059, "shelter_makeshift_nhts": 6.209150327000001, "food_malnourished": 0.0, "health_child_death": "", "health_maternal_death": 0.0, "he_flood": 0.0, "he_volcano": 0.0, "he_landslide": 0.002639, "he_earthquake": 0.0}, "PH015501010": {"Water_Prop": 83.64779899999999, "Food_Prop": 76.744186, "Shelter_Prop": 1.572327, "Health_Prop": 36.726473999999996, "Education_Prop": 4.784689, "Work_Prop": 45.409292, "Peace_Prop": 5.031447, "Participation_Prop": "", "SocialProtection_Prop": 98.023064, "Environment_Prop": 4.937572, "shelter_electricity": 19.65408805, "health_center_attendance": 36.72647382, "work_farms": 52.98885512, "work_unskilled": 23.70820669, "health_programs": 27.98742138, "sp_philhealth": 27.98742138, "water_toilet": 40.09433962, "shelter_makeshift_nhts": 8.883647799, "food_malnourished": 0.0, "health_child_death": "", "health_maternal_death": 5.5999999, "he_flood": 0.0, "he_volcano": 0.0, "he_landslide": 0.011085, "he_earthquake": 0.07142899999999999}, "PH015501011": {"Water_Prop": 79.475983, "Food_Prop": 60.0, "Shelter_Prop": 0.0, "Health_Prop": 39.328063, "Education_Prop": 4.782609, "Work_Prop": 44.573082, "Peace_Prop": 5.240175, "Participation_Prop": "", "SocialProtection_Prop": 98.095238, "Environment_Prop": 2.2816509999999997, "shelter_electricity": 15.28384279, "health_center_attendance": 39.32806324, "work_farms": 47.51958225, "work_unskilled": 22.19321149, "health_programs": 24.89082969, "sp_philhealth": 24.89082969, "water_toilet": 22.70742358, "shelter_makeshift_nhts": 2.401746725, "food_malnourished": 0.0, "health_child_death": "", "health_maternal_death": 0.0, "he_flood": 0.0, "he_volcano": 0.0, "he_landslide": 0.000792, "he_earthquake": 0.0}, "PH015501012": {"Water_Prop": 35.443038, "Food_Prop": 85.0, "Shelter_Prop": 1.265823, "Health_Prop": 52.190847, "Education_Prop": 10.471204, "Work_Prop": 45.135135, "Peace_Prop": 0.843882, "Participation_Prop": "", "SocialProtection_Prop": 98.46029200000001, "Environment_Prop": 1.7065119999999998, "shelter_electricity": 17.29957806, "health_center_attendance": 52.19084713, "work_farms": 51.97044335, "work_unskilled": 21.18226601, "health_programs": 33.33333333, "sp_philhealth": 33.33333333, "water_toilet": 32.91139241, "shelter_makeshift_nhts": 1.687763713, "food_malnourished": "", "health_child_death": "", "health_maternal_death": "",