{"PH015520002": {"Water_Prop": 21.649485000000002, "Food_Prop": 81.343284, "Shelter_Prop": 0.515464, "Health_Prop": 41.35004, "Education_Prop": 7.28972, "Work_Prop": 51.460941999999996, "Peace_Prop": 0.515464, "Participation_Prop": 96.822626, "SocialProtection_Prop": 98.53352, "Environment_Prop": 17.294775, "shelter_electricity": 12.54295533, "health_center_attendance": 41.35004042, "work_farms": 41.52334152, "work_unskilled": 25.55282555, "health_programs": 62.19931271, "sp_philhealth": 62.19931271, "water_toilet": 27.83505155, "shelter_makeshift_nhts": 0.0, "food_malnourished": "", "health_child_death": "", "health_maternal_death": "", "he_flood": 0.0, "he_volcano": 0.0, "he_landslide": 0.000264, "he_earthquake": 0.0, "name": "Bamban"}, "PH015520003": {"Water_Prop": 3.4615379999999996, "Food_Prop": 20.0, "Shelter_Prop": 1.9230770000000001, "Health_Prop": 79.22077900000001, "Education_Prop": 4.347826, "Work_Prop": 55.27027, "Peace_Prop": 0.0, "Participation_Prop": 94.798535, "SocialProtection_Prop": 97.948718, "Environment_Prop": 36.168228000000006, "shelter_electricity": 12.30769231, "health_center_attendance": 79.22077922, "work_farms": 21.75226586, "work_unskilled": 50.75528701, "health_programs": 46.53846154, "sp_philhealth": 46.53846154, "water_toilet": 13.46153846, "shelter_makeshift_nhts": 0.384615385, "food_malnourished": "", "health_child_death": "", "health_maternal_death": "", "he_flood": 0.0, "he_volcano": 0.0, "he_landslide": 0.000264, "he_earthquake": 0.0, "name": "Batang"}, "PH015520004": {"Water_Prop": 34.942529, "Food_Prop": 27.777778, "Shelter_Prop": 1.37931, "Health_Prop": 50.125188, "Education_Prop": 4.592902, "Work_Prop": 57.242991, "Peace_Prop": 0.0, "Participation_Prop": 96.147607, "SocialProtection_Prop": 98.82400600000001, "Environment_Prop": 36.170171999999994, "shelter_electricity": 10.8045977, "health_center_attendance": 50.12518778, "work_farms": 28.77959927, "work_unskilled": 36.429872499999995, "health_programs": 45.97701149, "sp_philhealth": 45.97701149, "water_toilet": 19.08045977, "shelter_makeshift_nhts": 1.83908046, "food_malnourished": "", "health_child_death": "", "health_maternal_death": "", "he_flood": 0.0, "he_volcano": 0.0, "he_landslide": 0.000264, "he_earthquake": 0.0, "name": "Bayambang"}, "PH015520005": {"Water_Prop": 13.797314000000002, "Food_Prop": 11.764706, "Shelter_Prop": 4.639805, "Health_Prop": 96.789536, "Education_Prop": 28.322981, "Work_Prop": 67.743383, "Peace_Prop": 2.930403, "Participation_Prop": 98.16375, "SocialProtection_Prop": 98.034133, "Environment_Prop": 17.991270999999998, "shelter_electricity": 8.913308913, "health_center_attendance": 96.78953627, "work_farms": 51.87760779, "work_unskilled": 10.15299026, "health_programs": 70.6959707, "sp_philhealth": 70.6959707, "water_toilet": 32.47863248, "shelter_makeshift_nhts": 1.15995116, "food_malnourished": "", "health_child_death": "", "health_maternal_death": "", "he_flood": 0.0, "he_volcano": 0.0, "he_landslide": 0.0, "he_earthquake": 0.0, "name": "Cato"}, "PH015520006": {"Water_Prop": 2.693603, "Food_Prop": 85.185185, "Shelter_Prop": 1.346801, "Health_Prop": 77.643261, "Education_Prop": 7.509881, "Work_Prop": 54.191263, "Peace_Prop": 0.0, "Participation_Prop": 93.70188900000001, "SocialProtection_Prop": 98.39048299999999, "Environment_Prop": 0.29539299999999996, "shelter_electricity": 5.050505051, "health_center_attendance": 77.64326069, "work_farms": 20.36082474, "work_unskilled": 54.89690722, "health_programs": 53.87205387, "sp_philhealth": 53.87205387, "water_toilet": 14.14141414, "shelter_makeshift_nhts": 0.673400673, "food_malnourished": "", "health_child_death": "", "health_maternal_death": "", "he_flood": 0.0, "he_volcano": 0.0, "he_landslide": 0.000264, "he_earthquake": 0.0, "name": "Doliman"}, "PH015520007": {"Water_Prop": 12.316716, "Food_Prop": 88.679245, "Shelter_Prop": 0.29325500000000004, "Health_Prop": 42.049689, "Education_Prop": 26.799007, "Work_Prop": 53.015564000000005, "Peace_Prop": 0.29325500000000004, "Participation_Prop": "", "SocialProtection_Prop": 97.990868, "Environment_Prop": 16.182612, "shelter_electricity": 6.744868035, "health_center_attendance": 42.04968944, "work_farms": 16.563147, "work_unskilled": 41.82194617, "health_programs": 60.70381232, "sp_philhealth": 60.70381232, "water_toilet": 7.624633431, "shelter_makeshift_nhts": 5.131964808999999, "food_malnourished": "", "health_child_death": "", "health_maternal_death": "", "he_flood": 0.0, "he_volcano": 0.0, "he_landslide": 0.0, "he_earthquake": 0.0, "name": "Fatima"}, "PH015520008": {"Water_Prop": 15.789473999999998, "Food_Prop": 43.243243, "Shelter_Prop": 0.584795, "Health_Prop": 91.111111, "Education_Prop": 13.372093, "Work_Prop": 57.427938, "Peace_Prop": 0.0, "Participation_Prop": 89.61039, "SocialProtection_Prop": 98.614719, "Environment_Prop": 16.254463, "shelter_electricity": 12.28070175, "health_center_attendance": 91.11111111, "work_farms": 39.58333333, "work_unskilled": 22.39583333, "health_programs": 66.08187135, "sp_philhealth": 66.08187135, "water_toilet": 23.39181287, "shelter_makeshift_nhts": 1.4619883040000001, "food_malnourished": "", "health_child_death": "", "health_maternal_death": "", "he_flood": 0.0, "he_volcano": 0.0, "he_landslide": 0.0, "he_earthquake": 0.0, "name": "Maya"}, "PH015520009": {"Water_Prop": 12.757202000000001, "Food_Prop": 71.05263199999999, "Shelter_Prop": 1.234568, "Health_Prop": 84.40366999999999, "Education_Prop": 12.878788, "Work_Prop": 59.900166000000006, "Peace_Prop": 0.41152299999999997, "Participation_Prop": 92.498005, "SocialProtection_Prop": 98.324022, "Environment_Prop": 0.294003, "shelter_electricity": 11.11111111, "health_center_attendance": 84.40366972, "work_farms": 57.26141079, "work_unskilled": 17.01244813, "health_programs": 63.78600823, "sp_philhealth": 63.78600823, "water_toilet": 32.51028807, "shelter_makeshift_nhts": 2.880658436, "food_malnourished": "", "health_child_death": "", "health_maternal_death": "", "he_flood": 0.0, "he_volcano": 0.0, "he_landslide": 0.0, "he_earthquake": 0.0, "name": "Nangalisan"}, "PH015520010": {"Water_Prop": 10.283688, "Food_Prop": 0.0, "Shelter_Prop": 3.546099, "Health_Prop": 92.091837, "Education_Prop": 9.446254, "Work_Prop": 63.550136, "Peace_Prop": 0.0, "Participation_Prop": 95.734597, "SocialProtection_Prop": 98.222749, "Environment_Prop": 17.847666, "shelter_electricity": 10.992907800000001, "health_center_attendance": 92.09183673, "work_farms": 27.50929368, "work_unskilled": 31.2267658, "health_programs": 64.53900709, "sp_philhealth": 64.53900709, "water_toilet": 22.34042553, "shelter_makeshift_nhts": 4.432624113, "food_malnourished": "", "health_child_death": "", "health_maternal_death": "", "he_flood": 0.0, "he_volcano": 0.0, "he_landslide": 0.0, "he_earthquake": 0.0, "name": "Nayom"}, "PH015520011": {"Water_Prop": 44.736841999999996, "Food_Prop": 3.333333, "Shelter_Prop": 1.052632, "Health_Prop": 44.519016, "Education_Prop": 16.170213, "Work_Prop": 48.613678, "Peace_Prop": 3.157895, "Participation_Prop": 89.888777, "SocialProtection_Prop": 99.494439, "Environment_Prop": 2.271484, "shelter_electricity": 8.947368421, "health_center_attendance": 44.51901566, "work_farms": 75.17985612, "work_unskilled": 5.395683452999999, "health_programs": 42.63157895, "sp_philhealth": 42.63157895, "water_toilet": 58.94736842, "shelter_makeshift_nhts": 0.526315789, "food_malnourished": "", "health_child_death": "", "health_maternal_death": "", "he_flood": 0.0, "he_volcano": 0.0, "he_landslide": 0.000264, "he_earthquake": 0.0, "name": "Pita"}, "PH015520012": {"Water_Prop": 8.879493, "Food_Prop": 0.0, "Shelter_Prop": 5.073996, "Health_Prop": 87.5, "Education_Prop": 6.404959, "Work_Prop": 60.20408199999999, "Peace_Prop": 0.211416, "Participation_Prop": 95.208845, "SocialProtection_Prop": 98.034398, "Environment_Prop": 16.28069, "shelter_electricity": 11.62790698, "health_center_attendance": 87.5, "work_farms": 50.88757396, "work_unskilled": 18.73767258,