{"PH012801001": {"Water_Prop": 57.727273, "Food_Prop": 76.041667, "Shelter_Prop": 0.0, "Health_Prop": 9.129968, "Education_Prop": 5.149051, "Work_Prop": 31.097561, "Peace_Prop": 0.227273, "Participation_Prop": 82.70089300000001, "SocialProtection_Prop": 99.386161, "Environment_Prop": 37.544498, "shelter_electricity": 14.77272727, "health_center_attendance": 9.129967777000001, "work_farms": 28.09734513, "work_unskilled": 46.90265487, "health_programs": 17.5, "sp_philhealth": 17.5, "water_toilet": 0.9090909090000001, "shelter_makeshift_nhts": 0.22727272699999998, "food_malnourished": 10.3, "health_child_death": "", "health_maternal_death": 0.0, "he_flood": 0.0, "he_volcano": 0.0, "he_landslide": 0.011982, "he_earthquake": 0.357143, "name": "Adams (Pob.)"}}