{"PH013304001": {"water_access": 42.592593, "food_tenure": 70.833333, "shelter_informal_settlers_nhts": 1.851852, "health_center_attendance": 14.925373, "educ_outofschool_all": 9.452736, "work_unemployment": 28.589744, "po_conflict": 0.925926, "participation_assembly_attendance": 86.29231999999999, "sp_sss": 98.67877800000001, "he_risk": 20.692344, "shelter_electricity": 11.57407407, "health_center_attendance.1": 14.92537313, "work_farms": 44.88330341, "work_unskilled": 28.72531418, "health_programs": 16.66666667, "sp_philhealth": 16.66666667, "water_toilet": 37.5, "shelter_makeshift_nhts": 0.0, "food_malnourished": "", "health_child_death": "", "health_maternal_death": "", "he_flood": 0.0, "he_volcano": 0.0, "he_landslide": 0.193877, "he_earthquake": 0.0, "name": "Alibangsay"}, "PH013304002": {"water_access": 1.7777779999999999, "food_tenure": 20.3125, "shelter_informal_settlers_nhts": 0.44444399999999995, "health_center_attendance": 12.600536, "educ_outofschool_all": 0.921659, "work_unemployment": 28.252788, "po_conflict": 0.0, "participation_assembly_attendance": 87.237922, "sp_sss": 99.08842299999999, "he_risk": 2.200598, "shelter_electricity": 8.0, "health_center_attendance.1": 12.60053619, "work_farms": 54.57685665, "work_unskilled": 16.75302245, "health_programs": 8.0, "sp_philhealth": 8.0, "water_toilet": 14.66666667, "shelter_makeshift_nhts": 0.0, "food_malnourished": "", "health_child_death": "", "health_maternal_death": "", "he_flood": 0.0, "he_volcano": 0.0, "he_landslide": 0.048562, "he_earthquake": 0.0, "name": "Baay"}, "PH013304003": {"water_access": 8.791209, "food_tenure": 4.347826, "shelter_informal_settlers_nhts": 2.1978020000000003, "health_center_attendance": 9.466603, "educ_outofschool_all": 2.793296, "work_unemployment": 31.741934999999998, "po_conflict": 1.7582419999999999, "participation_assembly_attendance": 91.076257, "sp_sss": 97.998918, "he_risk": 2.21329, "shelter_electricity": 12.30769231, "health_center_attendance.1": 9.466602595, "work_farms": 42.7221172, "work_unskilled": 29.86767486, "health_programs": 21.098901100000003, "sp_philhealth": 21.098901100000003, "water_toilet": 24.61538462, "shelter_makeshift_nhts": 0.10989011, "food_malnourished": "", "health_child_death": "", "health_maternal_death": "", "he_flood": 0.0, "he_volcano": 0.0, "he_landslide": 0.049352999999999994, "he_earthquake": 0.0, "name": "Cambaly"}, "PH013304004": {"water_access": 47.266881, "food_tenure": 66.292135, "shelter_informal_settlers_nhts": 1.9292599999999998, "health_center_attendance": 29.195259000000004, "educ_outofschool_all": 9.97151, "work_unemployment": 22.798888, "po_conflict": 3.215434, "participation_assembly_attendance": 84.006093, "sp_sss": 99.543031, "he_risk": 20.675881, "shelter_electricity": 19.292604500000003, "health_center_attendance.1": 29.19525889, "work_farms": 39.61584634, "work_unskilled": 28.69147659, "health_programs": 7.073954983999999, "sp_philhealth": 7.073954983999999, "water_toilet": 63.66559486, "shelter_makeshift_nhts": 0.0, "food_malnourished": "", "health_child_death": "", "health_maternal_death": "", "he_flood": 0.0, "he_volcano": 0.0, "he_landslide": 0.192874, "he_earthquake": 0.0, "name": "Cardiz"}, "PH013304005": {"water_access": 38.025209999999994, "food_tenure": 21.259843, "shelter_informal_settlers_nhts": 1.6806720000000002, "health_center_attendance": 15.239726000000001, "educ_outofschool_all": 3.3898309999999996, "work_unemployment": 33.087784, "po_conflict": 0.8403360000000001, "participation_assembly_attendance": 90.769904, "sp_sss": 98.775153, "he_risk": 4.224366000000001, "shelter_electricity": 10.92436975, "health_center_attendance.1": 15.23972603, "work_farms": 44.22018349, "work_unskilled": 30.82568807, "health_programs": 11.76470588, "sp_philhealth": 11.76470588, "water_toilet": 47.4789916, "shelter_makeshift_nhts": 0.10504201699999999, "food_malnourished": "", "health_child_death": "", "health_maternal_death": "", "he_flood": 0.0, "he_volcano": 0.0, "he_landslide": 0.049352999999999994, "he_earthquake": 0.07142899999999999, "name": "Dagup"}, "PH013304006": {"water_access": 31.578946999999996, "food_tenure": 67.92452800000001, "shelter_informal_settlers_nhts": 0.584795, "health_center_attendance": 14.137483999999999, "educ_outofschool_all": 1.754386, "work_unemployment": 23.287671, "po_conflict": 0.584795, "participation_assembly_attendance": 85.176739, "sp_sss": 98.973774, "he_risk": 4.818596, "shelter_electricity": 26.31578947, "health_center_attendance.1": 14.13748379, "work_farms": 56.12244898, "work_unskilled": 19.3877551, "health_programs": 12.28070175, "sp_philhealth": 12.28070175, "water_toilet": 12.28070175, "shelter_makeshift_nhts": 0.29239766100000003, "food_malnourished": "", "health_child_death": "", "health_maternal_death": "", "he_flood": 0.0, "he_volcano": 0.0, "he_landslide": 0.192927, "he_earthquake": 0.0, "name": "Libbo"}, "PH013304007": {"water_access": 7.407407000000001, "food_tenure": 18.75, "shelter_informal_settlers_nhts": 6.17284, "health_center_attendance": 7.118353, "educ_outofschool_all": 2.447552, "work_unemployment": 40.632911, "po_conflict": 20.164609, "participation_assembly_attendance": 92.840647, "sp_sss": 98.32563499999999, "he_risk": 2.604854, "shelter_electricity": 14.40329218, "health_center_attendance.1": 7.118353345, "work_farms": 19.61620469, "work_unskilled": 41.79104478, "health_programs": 4.938271605, "sp_philhealth": 4.938271605, "water_toilet": 11.93415638, "shelter_makeshift_nhts": 0.617283951, "food_malnourished": "", "health_child_death": "", "health_maternal_death": "", "he_flood": 0.0, "he_volcano": 0.0, "he_landslide": 0.049352999999999994, "he_earthquake": 0.0, "name": "Suyo (Pob.)"}, "PH013304008": {"water_access": 6.3926940000000005, "food_tenure": 4.1666669999999995, "shelter_informal_settlers_nhts": 0.456621, "health_center_attendance": 10.724638, "educ_outofschool_all": 2.926829, "work_unemployment": 30.446927000000002, "po_conflict": 2.283105, "participation_assembly_attendance": 82.8263, "sp_sss": 98.724239, "he_risk": 2.488312, "shelter_electricity": 11.87214612, "health_center_attendance.1": 10.72463768, "work_farms": 45.98393574, "work_unskilled": 15.6626506, "health_programs": 10.0456621, "sp_philhealth": 10.0456621, "water_toilet": 10.50228311, "shelter_makeshift_nhts": 0.228310502, "food_malnourished": "", "health_child_death": "", "health_maternal_death": "", "he_flood": 0.0, "he_volcano": 0.0, "he_landslide": 0.04835, "he_earthquake": 0.0, "name": "Tagudtud"}, "PH013304009": {"water_access": 36.150234999999995, "food_tenure": "", "shelter_informal_settlers_nhts": 2.3474180000000002, "health_center_attendance": 18.453608, "educ_outofschool_all": 9.41704, "work_unemployment": 23.355263, "po_conflict": 1.877934, "participation_assembly_attendance": "", "sp_sss": 99.356913, "he_risk": 6.2530269999999994, "shelter_electricity": 34.27230047, "health_center_attendance.1": 18.45360825, "work_farms": 54.72103004, "work_unskilled": 22.31759657, "health_programs": 7.5117370889999995, "sp_philhealth": 7.5117370889999995, "water_toilet": 36.15023474, "shelter_makeshift_nhts": 0.23474178399999998, "food_malnourished": "", "health_child_death": "", "health_maternal_death": "", "he_flood": 0.0, "he_volcano": 0.0, "he_landslide": 0.192874, "he_earthquake": 0.07142899999999999, "name": "Tio-angan"}, "PH013304010": {"water_access": 46.696034999999995, "food_tenure": 12.307692, "shelter_informal_settlers_nhts": 0.0, "health_center_attendance": 19.464285999999998, "educ_outofschool_all": 7.964602, "work_unemployment": 27.670528000000004, "po_conflict": 2.202643, "participation_assembly_attendance": 85.95259, "sp_sss": 98.507463, "he_risk": 1.067442, "shelter_electricity": 22.90748899, "health_center_attendance.1": 19.46428571, "work_farms": 45.19572954, "work_unskilled": 21.53024911, "health_programs": 7.04845815, "sp_philhealth": 7.04845815, "water_toilet": 28.63436123, "shelter_makeshift_nhts": 0.0, "food_malnourished": "",