{"PH013308001": {"water_access": 2.919708, "food_tenure": 29.67033, "shelter_informal_settlers_nhts": 1.459854, "health_center_attendance": 12.098009, "educ_outofschool_all": 4.477612000000001, "work_unemployment": 38.681319, "po_conflict": 2.189781, "participation_assembly_attendance": 86.74189, "sp_sss": 98.166432, "he_risk": 1.641188, "shelter_electricity": 10.94890511, "health_center_attendance.1": 12.09800919, "work_farms": 32.97491039, "work_unskilled": 38.70967742, "health_programs": 12.40875912, "sp_philhealth": 12.40875912, "water_toilet": 10.94890511, "shelter_makeshift_nhts": 0.0, "food_malnourished": 21.4, "health_child_death": "", "health_maternal_death": 0.0, "he_flood": 0.0, "he_volcano": 0.0, "he_landslide": 0.048931, "he_earthquake": 0.0, "name": "Agpay"}, "PH013308002": {"water_access": 11.790393, "food_tenure": 0.0, "shelter_informal_settlers_nhts": 1.746725, "health_center_attendance": 15.492957999999998, "educ_outofschool_all": 5.583756, "work_unemployment": 42.173351000000004, "po_conflict": 1.310044, "participation_assembly_attendance": 93.62831899999999, "sp_sss": 98.761062, "he_risk": 18.068128, "shelter_electricity": 9.170305677, "health_center_attendance.1": 15.49295775, "work_farms": 21.25279642, "work_unskilled": 27.96420582, "health_programs": 14.41048035, "sp_philhealth": 14.41048035, "water_toilet": 14.84716157, "shelter_makeshift_nhts": 0.873362445, "food_malnourished": 9.1999998, "health_child_death": "", "health_maternal_death": 0.0, "he_flood": 0.0, "he_volcano": 0.0, "he_landslide": 0.049352999999999994, "he_earthquake": 0.0, "name": "Bilis"}, "PH013308003": {"water_access": 7.865169, "food_tenure": 33.333333, "shelter_informal_settlers_nhts": 0.0, "health_center_attendance": 27.577938, "educ_outofschool_all": 3.8961040000000002, "work_unemployment": 46.488294, "po_conflict": 3.3707870000000004, "participation_assembly_attendance": 72.611465, "sp_sss": 95.116773, "he_risk": 16.200457, "shelter_electricity": 8.988764045, "health_center_attendance.1": 27.57793765, "work_farms": 11.25, "work_unskilled": 42.5, "health_programs": 7.865168539, "sp_philhealth": 7.865168539, "water_toilet": 0.0, "shelter_makeshift_nhts": 0.0, "food_malnourished": 14.0, "health_child_death": "", "health_maternal_death": 0.0, "he_flood": 0.0, "he_volcano": 0.0, "he_landslide": 0.002903, "he_earthquake": 0.0, "name": "Caoayan"}, "PH013308004": {"water_access": 9.523810000000001, "food_tenure": 56.75675699999999, "shelter_informal_settlers_nhts": 1.587302, "health_center_attendance": 17.957746, "educ_outofschool_all": 4.411765, "work_unemployment": 40.860215000000004, "po_conflict": 1.587302, "participation_assembly_attendance": 69.480519, "sp_sss": 99.025974, "he_risk": 17.408307999999998, "shelter_electricity": 19.04761905, "health_center_attendance.1": 17.95774648, "work_farms": 17.27272727, "work_unskilled": 28.18181818, "health_programs": 9.523809523999999, "sp_philhealth": 9.523809523999999, "water_toilet": 0.0, "shelter_makeshift_nhts": 3.174603175, "food_malnourished": 11.4, "health_child_death": "", "health_maternal_death": 0.0, "he_flood": 0.0, "he_volcano": 0.0, "he_landslide": 0.048931, "he_earthquake": 0.0, "name": "Dalacdac"}, "PH013308005": {"water_access": 4.040404, "food_tenure": 24.342105, "shelter_informal_settlers_nhts": 0.673401, "health_center_attendance": 8.316292, "educ_outofschool_all": 2.380952, "work_unemployment": 32.229796, "po_conflict": 0.673401, "participation_assembly_attendance": 88.634789, "sp_sss": 98.336798, "he_risk": 4.266422, "shelter_electricity": 7.744107744, "health_center_attendance.1": 8.316291752, "work_farms": 48.85057471, "work_unskilled": 18.10344828, "health_programs": 15.15151515, "sp_philhealth": 15.15151515, "water_toilet": 20.2020202, "shelter_makeshift_nhts": 0.336700337, "food_malnourished": 2.3, "health_child_death": "", "health_maternal_death": 0.0, "he_flood": 0.0, "he_volcano": 0.0, "he_landslide": 0.19403499999999999, "he_earthquake": 0.0, "name": "Delles"}, "PH013308006": {"water_access": 4.225352, "food_tenure": 82.051282, "shelter_informal_settlers_nhts": 0.0, "health_center_attendance": 11.560694, "educ_outofschool_all": 5.063291, "work_unemployment": 42.857143, "po_conflict": 0.0, "participation_assembly_attendance": 81.912145, "sp_sss": 98.70801, "he_risk": 1.6404619999999999, "shelter_electricity": 8.450704225, "health_center_attendance.1": 11.56069364, "work_farms": 35.29411765, "work_unskilled": 27.94117647, "health_programs": 9.85915493, "sp_philhealth": 9.85915493, "water_toilet": 16.90140845, "shelter_makeshift_nhts": 0.704225352, "food_malnourished": 16.299999, "health_child_death": "", "health_maternal_death": 0.0, "he_flood": 0.0, "he_volcano": 0.0, "he_landslide": 0.048931, "he_earthquake": 0.0, "name": "Imelda"}, "PH013308007": {"water_access": 7.971014, "food_tenure": 86.363636, "shelter_informal_settlers_nhts": 1.449275, "health_center_attendance": 5.6, "educ_outofschool_all": 1.515152, "work_unemployment": 41.092636999999996, "po_conflict": 3.623188, "participation_assembly_attendance": 83.59375, "sp_sss": 98.28125, "he_risk": 1.9253169999999997, "shelter_electricity": 14.49275362, "health_center_attendance.1": 5.6, "work_farms": 39.51612903, "work_unskilled": 26.20967742, "health_programs": 15.2173913, "sp_philhealth": 15.2173913, "water_toilet": 17.39130435, "shelter_makeshift_nhts": 0.362318841, "food_malnourished": 13.9, "health_child_death": "", "health_maternal_death": 0.0, "he_flood": 0.0, "he_volcano": 0.0, "he_landslide": 0.048562, "he_earthquake": 0.0, "name": "Libtong"}, "PH013308008": {"water_access": 2.083333, "food_tenure": 16.528926000000002, "shelter_informal_settlers_nhts": 0.0, "health_center_attendance": 3.240741, "educ_outofschool_all": 2.5, "work_unemployment": 31.125828000000002, "po_conflict": 1.041667, "participation_assembly_attendance": 82.20140500000001, "sp_sss": 96.721311, "he_risk": 3.97531, "shelter_electricity": 19.79166667, "health_center_attendance.1": 3.240740741, "work_farms": 66.34615385, "work_unskilled": 12.01923077, "health_programs": 8.333333332999999, "sp_philhealth": 8.333333332999999, "water_toilet": 34.375, "shelter_makeshift_nhts": 1.041666667, "food_malnourished": 2.0999999, "health_child_death": "", "health_maternal_death": 0.0, "he_flood": 0.0, "he_volcano": 0.0, "he_landslide": 0.19355999999999998, "he_earthquake": 0.0, "name": "Linuan"}, "PH013308009": {"water_access": 6.17284, "food_tenure": 35.0, "shelter_informal_settlers_nhts": 2.469136, "health_center_attendance": 32.493703000000004, "educ_outofschool_all": 4.3956040000000005, "work_unemployment": 47.368421000000005, "po_conflict": 0.0, "participation_assembly_attendance": 94.35028199999999, "sp_sss": 97.40113000000001, "he_risk": 17.729663000000002, "shelter_electricity": 11.11111111, "health_center_attendance.1": 32.49370277, "work_farms": 13.57142857, "work_unskilled": 34.28571429, "health_programs": 4.938271605, "sp_philhealth": 4.938271605, "water_toilet": 6.172839506, "shelter_makeshift_nhts": 1.234567901, "food_malnourished": 3.2, "health_child_death": "", "health_maternal_death": 0.0, "he_flood": 0.0, "he_volcano": 0.0, "he_landslide": 0.048931, "he_earthquake": 0.0, "name": "New Poblacion"}, "PH013308010": {"water_access": 1.190476, "food_tenure": 75.0, "shelter_informal_settlers_nhts": 0.0, "health_center_attendance": 12.92876, "educ_outofschool_all": 2.666667, "work_unemployment": 49.122807, "po_conflict": 0.0, "participation_assembly_attendance": 85.322896, "sp_sss": 96.2818, "he_risk": 17.076551000000002, "shelter_electricity": 3.571428571, "health_center_attendance.1": 12.92875989, "work_farms": 5.517241379, "work_unskilled": 19.31034483, "health_programs": 5.952380952, "sp_philhealth": 5.952380952, "water_toilet": 4.7619047619999995, "shelter_makeshift_nhts": 1.19047619, "food_malnourished": 1.6, "health_child_death": "", "health_maternal_death": 0.0, "he_flood": 0.0, "he_volcano": 0.0, "he_landslide": 0.048931, "he_earthquake": 0.0,