{"PH012822001": {"water_access": 92.718447, "food_tenure": 80.0, "shelter_informal_settlers_nhts": 0.970874, "health_center_attendance": 6.336406, "educ_outofschool_all": 3.6144580000000004, "work_unemployment": 45.22293, "po_conflict": 0.485437, "participation_assembly_attendance": 92.06349200000001, "sp_sss": 1.8140590000000003, "he_risk": 0.58127, "shelter_electricity": 1.45631068, "health_center_attendance.1": 6.33640553, "work_farms": 35.174418599999996, "work_unskilled": 34.30232558, "health_programs": 23.30097087, "sp_philhealth": 76.69902913, "water_toilet": 0.0, "shelter_makeshift_nhts": 0.485436893, "food_malnourished": 4.3000002, "health_child_death": "", "health_maternal_death": 0.0, "he_flood": 0.0, "he_volcano": 0.0, "he_landslide": 0.0, "he_earthquake": 0.0, "name": "Aguitap"}, "PH012822002": {"water_access": 71.24183000000001, "food_tenure": 89.583333, "shelter_informal_settlers_nhts": 0.0, "health_center_attendance": 56.25, "educ_outofschool_all": 6.6115699999999995, "work_unemployment": 43.595506, "po_conflict": 0.653595, "participation_assembly_attendance": 86.342229, "sp_sss": 1.4128730000000047, "he_risk": 8.696586, "shelter_electricity": 8.496732026, "health_center_attendance.1": 56.25, "work_farms": 39.0438247, "work_unskilled": 21.51394422, "health_programs": 55.55555556, "sp_philhealth": 44.44444444, "water_toilet": 0.0, "shelter_makeshift_nhts": 0.653594771, "food_malnourished": 0.0, "health_child_death": "", "health_maternal_death": 0.0, "he_flood": 0.0, "he_volcano": 0.0, "he_landslide": 0.0, "he_earthquake": 0.0, "name": "Bagbag"}, "PH012822003": {"water_access": 33.333333, "food_tenure": 63.636364, "shelter_informal_settlers_nhts": 0.7843140000000001, "health_center_attendance": 6.824147, "educ_outofschool_all": 3.49345, "work_unemployment": 44.619105, "po_conflict": 3.529412, "participation_assembly_attendance": 84.568966, "sp_sss": 1.810344999999998, "he_risk": 0.850124, "shelter_electricity": 5.490196077999999, "health_center_attendance.1": 6.824146982, "work_farms": 42.79475983, "work_unskilled": 30.7860262, "health_programs": 19.60784314, "sp_philhealth": 80.39215686, "water_toilet": 1.568627451, "shelter_makeshift_nhts": 0.0, "food_malnourished": 3.0, "health_child_death": "", "health_maternal_death": 0.0, "he_flood": 0.0, "he_volcano": 0.0, "he_landslide": 0.0, "he_earthquake": 0.0, "name": "Bagbago"}, "PH012822004": {"water_access": 45.182724, "food_tenure": 28.571429, "shelter_informal_settlers_nhts": 1.328904, "health_center_attendance": 18.240517, "educ_outofschool_all": 5.084746, "work_unemployment": 41.638981, "po_conflict": 1.993355, "participation_assembly_attendance": 84.072126, "sp_sss": 1.5026300000000106, "he_risk": 9.011097999999999, "shelter_electricity": 7.973421927, "health_center_attendance.1": 18.24051655, "work_farms": 36.24288425, "work_unskilled": 31.30929791, "health_programs": 50.83056478, "sp_philhealth": 49.16943522, "water_toilet": 1.6611295680000002, "shelter_makeshift_nhts": 0.332225914, "food_malnourished": 3.3, "health_child_death": "", "health_maternal_death": 5.5999999, "he_flood": 0.0, "he_volcano": 0.0, "he_landslide": 0.0, "he_earthquake": 0.0, "name": "Barcelona"}, "PH012822005": {"water_access": 16.959064, "food_tenure": 76.344086, "shelter_informal_settlers_nhts": 1.169591, "health_center_attendance": 6.792453, "educ_outofschool_all": 11.170213, "work_unemployment": 35.906643, "po_conflict": 0.584795, "participation_assembly_attendance": 81.750925, "sp_sss": 1.3563500000000062, "he_risk": 0.303475, "shelter_electricity": 3.50877193, "health_center_attendance.1": 6.79245283, "work_farms": 51.82072829, "work_unskilled": 23.24929972, "health_programs": 2.9239766080000003, "sp_philhealth": 97.076023392, "water_toilet": 0.0, "shelter_makeshift_nhts": 0.8771929820000001, "food_malnourished": "", "health_child_death": "", "health_maternal_death": "", "he_flood": 0.0, "he_volcano": 0.0, "he_landslide": 0.0, "he_earthquake": 0.0, "name": "Bubuos"}, "PH012822006": {"water_access": 66.27450999999999, "food_tenure": 49.668874, "shelter_informal_settlers_nhts": 0.39215700000000003, "health_center_attendance": 29.946043, "educ_outofschool_all": 3.2110090000000002, "work_unemployment": 44.694132, "po_conflict": 0.7843140000000001, "participation_assembly_attendance": 84.53427099999999, "sp_sss": 2.460456999999991, "he_risk": 8.702318, "shelter_electricity": 3.529411765, "health_center_attendance.1": 29.94604317, "work_farms": 37.92325056, "work_unskilled": 29.79683973, "health_programs": 23.1372549, "sp_philhealth": 76.8627451, "water_toilet": 1.960784314, "shelter_makeshift_nhts": 0.588235294, "food_malnourished": 0.0, "health_child_death": "", "health_maternal_death": 0.0, "he_flood": 0.0, "he_volcano": 0.0, "he_landslide": 0.0, "he_earthquake": 0.0, "name": "Capurictan"}, "PH012822007": {"water_access": 86.379928, "food_tenure": 90.604027, "shelter_informal_settlers_nhts": 1.075269, "health_center_attendance": 9.031733000000001, "educ_outofschool_all": 7.949791, "work_unemployment": 48.358862, "po_conflict": 0.358423, "participation_assembly_attendance": 94.767025, "sp_sss": 1.7204300000000075, "he_risk": 16.76422, "shelter_electricity": 3.584229391, "health_center_attendance.1": 9.031733116, "work_farms": 40.25423729, "work_unskilled": 31.355932199999998, "health_programs": 31.54121864, "sp_philhealth": 68.45878136, "water_toilet": 17.92114695, "shelter_makeshift_nhts": 0.8960573479999999, "food_malnourished": "", "health_child_death": "", "health_maternal_death": "", "he_flood": 0.0, "he_volcano": 0.0, "he_landslide": 0.003167, "he_earthquake": 0.0, "name": "Catangraran"}, "PH012822008": {"water_access": 96.696697, "food_tenure": 40.441176, "shelter_informal_settlers_nhts": 3.6036040000000003, "health_center_attendance": 4.8342540000000005, "educ_outofschool_all": 2.867384, "work_unemployment": 46.704330999999996, "po_conflict": 0.3003, "participation_assembly_attendance": 86.49932199999999, "sp_sss": 1.8317499999999995, "he_risk": 8.408711, "shelter_electricity": 5.705705706, "health_center_attendance.1": 4.834254144, "work_farms": 43.81625442, "work_unskilled": 19.25795053, "health_programs": 33.63363363, "sp_philhealth": 66.36636637000001, "water_toilet": 0.0, "shelter_makeshift_nhts": 0.0, "food_malnourished": 0.0, "health_child_death": "", "health_maternal_death": 0.0, "he_flood": 0.0, "he_volcano": 0.0, "he_landslide": 0.0, "he_earthquake": 0.0, "name": "Darasdas"}, "PH012822009": {"water_access": 40.689655, "food_tenure": 100.0, "shelter_informal_settlers_nhts": 3.4482760000000003, "health_center_attendance": 61.198738, "educ_outofschool_all": 20.359281, "work_unemployment": 41.88862, "po_conflict": 8.275862, "participation_assembly_attendance": 94.107744, "sp_sss": 1.388889000000006, "he_risk": 8.113194, "shelter_electricity": 6.206896552000001, "health_center_attendance.1": 61.19873817, "work_farms": 11.66666667, "work_unskilled": 61.25, "health_programs": 22.06896552, "sp_philhealth": 77.93103448, "water_toilet": 0.689655172, "shelter_makeshift_nhts": 2.068965517, "food_malnourished": 6.1999998, "health_child_death": "", "health_maternal_death": 0.0, "he_flood": 0.0, "he_volcano": 0.0, "he_landslide": 0.0, "he_earthquake": 0.0, "name": "Juan (Pob.)"}, "PH012822010": {"water_access": 36.764706, "food_tenure": 90.909091, "shelter_informal_settlers_nhts": 7.352941, "health_center_attendance": 18.272425, "educ_outofschool_all": 12.5, "work_unemployment": 37.931034000000004, "po_conflict": 0.0, "participation_assembly_attendance": 89.916551, "sp_sss": 2.086231000000012, "he_risk": 0.34413499999999997, "shelter_electricity": 8.823529412000001, "health_center_attendance.1": 18.27242525, "work_farms": 19.84126984, "work_unskilled": 58.73015873, "health_programs": 19.11764706, "sp_philhealth": 80.88235294, "water_toilet": 1.470588235, "shelter_makeshift_nhts": 3.676470588, "food_malnourished": 2.0999999, "health_child_death": "", "health_maternal_death": 0.0, "he_flood": 0.0,