{"PH012806001": {"water_access": 29.692833, "food_tenure": 93.617021, "shelter_informal_settlers_nhts": 0.0, "health_center_attendance": 14.859438, "educ_outofschool_all": 5.1886790000000005, "work_unemployment": 48.136315, "po_conflict": 5.119454, "participation_assembly_attendance": 88.651535, "sp_sss": 1.4018689999999907, "he_risk": 18.645129999999998, "shelter_electricity": 2.389078498, "health_center_attendance.1": 14.85943775, "work_farms": 31.8275154, "work_unskilled": 26.07802875, "health_programs": 23.54948805, "sp_philhealth": 76.45051194999999, "water_toilet": 1.023890785, "shelter_makeshift_nhts": 1.194539249, "food_malnourished": 0.0, "health_child_death": "", "health_maternal_death": 9.1000004, "he_flood": 0.0, "he_volcano": 0.0, "he_landslide": 0.011665, "he_earthquake": 0.0, "name": "Ablan Sarat"}, "PH012806002": {"water_access": 35.0, "food_tenure": 92.436975, "shelter_informal_settlers_nhts": 1.4285709999999998, "health_center_attendance": 12.750455, "educ_outofschool_all": 6.6666669999999995, "work_unemployment": 37.046005, "po_conflict": 2.857143, "participation_assembly_attendance": 82.024793, "sp_sss": 1.033057999999997, "he_risk": 20.864908, "shelter_electricity": 4.285714286, "health_center_attendance.1": 12.75045537, "work_farms": 49.23076923, "work_unskilled": 33.07692308, "health_programs": 15.0, "sp_philhealth": 85.0, "water_toilet": 3.571428571, "shelter_makeshift_nhts": 2.142857143, "food_malnourished": 6.0, "health_child_death": "", "health_maternal_death": 0.0, "he_flood": 0.0, "he_volcano": 0.0, "he_landslide": 0.003167, "he_earthquake": 0.07142899999999999, "name": "Agaga"}, "PH012806005": {"water_access": 54.545455000000004, "food_tenure": 78.378378, "shelter_informal_settlers_nhts": 1.212121, "health_center_attendance": 14.511041, "educ_outofschool_all": 0.746269, "work_unemployment": 47.747748, "po_conflict": 1.212121, "participation_assembly_attendance": 83.633842, "sp_sss": 1.8030509999999964, "he_risk": 18.776131, "shelter_electricity": 4.242424242, "health_center_attendance.1": 14.51104101, "work_farms": 25.0, "work_unskilled": 36.63793103, "health_programs": 20.0, "sp_philhealth": 80.0, "water_toilet": 1.8181818180000002, "shelter_makeshift_nhts": 0.303030303, "food_malnourished": 3.2, "health_child_death": "", "health_maternal_death": 0.0, "he_flood": 0.0, "he_volcano": 0.0, "he_landslide": 0.011613, "he_earthquake": 0.0, "name": "Bayog"}, "PH012806006": {"water_access": 27.388534999999997, "food_tenure": 89.36170200000001, "shelter_informal_settlers_nhts": 0.636943, "health_center_attendance": 14.482201000000002, "educ_outofschool_all": 3.652968, "work_unemployment": 48.639826, "po_conflict": 2.229299, "participation_assembly_attendance": 89.642597, "sp_sss": 1.3129100000000022, "he_risk": 17.207939, "shelter_electricity": 4.777070064, "health_center_attendance.1": 14.48220065, "work_farms": 39.83050847, "work_unskilled": 24.57627119, "health_programs": 33.75796178, "sp_philhealth": 66.24203822, "water_toilet": 0.0, "shelter_makeshift_nhts": 1.5923566880000002, "food_malnourished": 1.7, "health_child_death": "", "health_maternal_death": 5.5999999, "he_flood": 0.0, "he_volcano": 0.0, "he_landslide": 0.002903, "he_earthquake": 0.0, "name": "Bobon"}, "PH012806007": {"water_access": 48.148148, "food_tenure": 86.51685400000001, "shelter_informal_settlers_nhts": 0.0, "health_center_attendance": 14.135338, "educ_outofschool_all": 4.0, "work_unemployment": 41.561181, "po_conflict": 1.851852, "participation_assembly_attendance": 83.866837, "sp_sss": 2.17669699999999, "he_risk": 3.3677309999999996, "shelter_electricity": 4.320987654, "health_center_attendance.1": 14.13533835, "work_farms": 29.24187726, "work_unskilled": 29.24187726, "health_programs": 37.03703704, "sp_philhealth": 62.96296296, "water_toilet": 2.469135802, "shelter_makeshift_nhts": 2.160493827, "food_malnourished": 1.4, "health_child_death": "", "health_maternal_death": 0.0, "he_flood": 0.0, "he_volcano": 0.0, "he_landslide": 0.001056, "he_earthquake": 0.0, "name": "Buduan (Malituek)"}, "PH012806008": {"water_access": 43.930636, "food_tenure": 80.55555600000001, "shelter_informal_settlers_nhts": 1.156069, "health_center_attendance": 4.83871, "educ_outofschool_all": 5.555556, "work_unemployment": 42.385321000000005, "po_conflict": 2.3121389999999997, "participation_assembly_attendance": 82.161458, "sp_sss": 1.302082999999996, "he_risk": 39.273802, "shelter_electricity": 4.624277457, "health_center_attendance.1": 4.838709677, "work_farms": 29.93630573, "work_unskilled": 33.12101911, "health_programs": 36.41618497, "sp_philhealth": 63.58381503, "water_toilet": 2.89017341, "shelter_makeshift_nhts": 3.468208092, "food_malnourished": 0.0, "health_child_death": "", "health_maternal_death": 0.0, "he_flood": 0.0, "he_volcano": 0.0, "he_landslide": 0.001056, "he_earthquake": 0.0, "name": "Nagsurot"}, "PH012806009": {"water_access": 26.623377, "food_tenure": 100.0, "shelter_informal_settlers_nhts": 0.649351, "health_center_attendance": 12.042683, "educ_outofschool_all": 2.362205, "work_unemployment": 46.088795000000005, "po_conflict": 3.8961040000000002, "participation_assembly_attendance": 81.153305, "sp_sss": 2.2503520000000066, "he_risk": 18.345864000000002, "shelter_electricity": 9.74025974, "health_center_attendance.1": 12.04268293, "work_farms": 35.29411765, "work_unskilled": 37.25490196, "health_programs": 23.37662338, "sp_philhealth": 76.62337662, "water_toilet": 0.649350649, "shelter_makeshift_nhts": 4.220779221, "food_malnourished": 7.5, "health_child_death": "", "health_maternal_death": 0.0, "he_flood": 0.0, "he_volcano": 0.0, "he_landslide": 0.011349, "he_earthquake": 0.0, "name": "Paayas"}, "PH012806010": {"water_access": 43.373494, "food_tenure": 83.333333, "shelter_informal_settlers_nhts": 1.8072290000000002, "health_center_attendance": 21.01227, "educ_outofschool_all": 4.807691999999999, "work_unemployment": 49.098196, "po_conflict": 3.6144580000000004, "participation_assembly_attendance": 80.610687, "sp_sss": 1.2213739999999973, "he_risk": 18.217869, "shelter_electricity": 4.8192771080000005, "health_center_attendance.1": 21.01226994, "work_farms": 27.16535433, "work_unskilled": 21.65354331, "health_programs": 21.68674699, "sp_philhealth": 78.31325301, "water_toilet": 0.0, "shelter_makeshift_nhts": 0.903614458, "food_malnourished": 4.9000001, "health_child_death": "", "health_maternal_death": 0.0, "he_flood": 0.0, "he_volcano": 0.0, "he_landslide": 0.011613, "he_earthquake": 0.0, "name": "Pagali"}, "PH012806011": {"water_access": 33.333333, "food_tenure": 81.818182, "shelter_informal_settlers_nhts": 0.757576, "health_center_attendance": 12.041885, "educ_outofschool_all": 4.615385, "work_unemployment": 51.861702, "po_conflict": 6.818182000000001, "participation_assembly_attendance": 84.97713900000001, "sp_sss": 1.6982359999999943, "he_risk": 27.81878, "shelter_electricity": 20.45454545, "health_center_attendance.1": 12.04188482, "work_farms": 18.78453039, "work_unskilled": 50.27624309, "health_programs": 29.54545455, "sp_philhealth": 70.45454545, "water_toilet": 2.272727273, "shelter_makeshift_nhts": 7.575757576, "food_malnourished": 0.0, "health_child_death": "", "health_maternal_death": 0.0, "he_flood": 0.0, "he_volcano": 0.0, "he_landslide": 0.001056, "he_earthquake": 0.0, "name": "Poblacion"}, "PH012806013": {"water_access": 40.666667, "food_tenure": 35.714286, "shelter_informal_settlers_nhts": 0.666667, "health_center_attendance": 15.245902, "educ_outofschool_all": 0.8620690000000001, "work_unemployment": 44.622426000000004, "po_conflict": 2.0, "participation_assembly_attendance": 80.246914, "sp_sss": 1.388889000000006, "he_risk": 32.599152000000004, "shelter_electricity": 2.666666667, "health_center_attendance.1": 15.24590164, "work_farms": 33.05785124, "work_unskilled": 21.07438017, "health_programs": 35.33333333, "sp_philhealth": 64.66666667, "water_toilet": 0.0, "shelter_makeshift_nhts": 0.333333333, "food_malnourished": 0.0,