{"PH015515001": {"Water_Prop": 0.298507, "Food_Prop": 100.0, "Shelter_Prop": 0.298507, "Health_Prop": 46.756909, "Education_Prop": 9.290954, "Work_Prop": 56.98560500000001, "Peace_Prop": 0.0, "Participation_Prop": 92.105263, "SocialProtection_Prop": 98.38516700000001, "Environment_Prop": 0.42121400000000003, "shelter_electricity": 9.552238806, "health_center_attendance": 46.75690919, "work_farms": 23.03149606, "work_unskilled": 43.30708661, "health_programs": 43.88059701, "sp_philhealth": 43.88059701, "water_toilet": 2.686567164, "shelter_makeshift_nhts": 2.537313433, "food_malnourished": "", "health_child_death": "", "health_maternal_death": "", "he_flood": 2e-06, "he_volcano": 0.0, "he_landslide": 0.0, "he_earthquake": 0.0, "name": "Angarian"}, "PH015515002": {"Water_Prop": 0.0, "Food_Prop": "", "Shelter_Prop": 0.831025, "Health_Prop": 82.692308, "Education_Prop": 4.632153, "Work_Prop": 49.921507, "Peace_Prop": 0.277008, "Participation_Prop": 93.458922, "SocialProtection_Prop": 98.587127, "Environment_Prop": 16.851693, "shelter_electricity": 3.047091413, "health_center_attendance": 82.69230769, "work_farms": 2.351097179, "work_unskilled": 37.14733542, "health_programs": 36.01108033, "sp_philhealth": 36.01108033, "water_toilet": 3.3240997230000002, "shelter_makeshift_nhts": 1.108033241, "food_malnourished": "", "health_child_death": "", "health_maternal_death": "", "he_flood": 2e-06, "he_volcano": 0.0, "he_landslide": 0.0, "he_earthquake": 0.0, "name": "Asinan"}, "PH015515003": {"Water_Prop": 1.262626, "Food_Prop": 0.0, "Shelter_Prop": 1.010101, "Health_Prop": 53.11245, "Education_Prop": 6.828194, "Work_Prop": 49.082905, "Peace_Prop": 10.606061, "Participation_Prop": 94.97206700000001, "SocialProtection_Prop": 98.070086, "Environment_Prop": 16.682685, "shelter_electricity": 7.070707071, "health_center_attendance": 53.1124498, "work_farms": 3.8904899139999998, "work_unskilled": 34.58213256, "health_programs": 41.41414141, "sp_philhealth": 41.41414141, "water_toilet": 1.01010101, "shelter_makeshift_nhts": 2.651515152, "food_malnourished": "", "health_child_death": "", "health_maternal_death": "", "he_flood": 1e-06, "he_volcano": 0.0, "he_landslide": 0.0, "he_earthquake": 0.0, "name": "Banaga"}, "PH015515004": {"Water_Prop": 0.0, "Food_Prop": 100.0, "Shelter_Prop": 1.345291, "Health_Prop": 70.42049300000001, "Education_Prop": 5.063291, "Work_Prop": 55.688202000000004, "Peace_Prop": 0.0, "Participation_Prop": 97.102138, "SocialProtection_Prop": 98.004751, "Environment_Prop": 17.148474, "shelter_electricity": 3.811659193, "health_center_attendance": 70.42049299, "work_farms": 6.339144216, "work_unskilled": 34.70681458, "health_programs": 62.33183857, "sp_philhealth": 62.33183857, "water_toilet": 2.466367713, "shelter_makeshift_nhts": 1.569506726, "food_malnourished": "", "health_child_death": "", "health_maternal_death": "", "he_flood": 1e-06, "he_volcano": 0.0, "he_landslide": 0.0, "he_earthquake": 0.0, "name": "Bacabac"}, "PH015515005": {"Water_Prop": 2.625298, "Food_Prop": 80.0, "Shelter_Prop": 1.193317, "Health_Prop": 39.261894, "Education_Prop": 9.108911, "Work_Prop": 58.027211, "Peace_Prop": 3.5799519999999996, "Participation_Prop": "", "SocialProtection_Prop": 98.649907, "Environment_Prop": 0.409522, "shelter_electricity": 7.875894988, "health_center_attendance": 39.26189418, "work_farms": 17.50405186, "work_unskilled": 40.35656402, "health_programs": 39.85680191, "sp_philhealth": 39.85680191, "water_toilet": 4.534606205, "shelter_makeshift_nhts": 5.250596659, "food_malnourished": "", "health_child_death": "", "health_maternal_death": "", "he_flood": 4e-06, "he_volcano": 0.0, "he_landslide": 0.0, "he_earthquake": 0.0, "name": "Bolaoen"}, "PH015515006": {"Water_Prop": 0.0, "Food_Prop": 100.0, "Shelter_Prop": 0.5865100000000001, "Health_Prop": 75.01701800000001, "Education_Prop": 2.083333, "Work_Prop": 51.035782, "Peace_Prop": 0.8797649999999999, "Participation_Prop": 92.944785, "SocialProtection_Prop": 97.607362, "Environment_Prop": 0.576654, "shelter_electricity": 4.105571848, "health_center_attendance": 75.01701838, "work_farms": 8.269230769, "work_unskilled": 31.92307692, "health_programs": 46.92082111, "sp_philhealth": 46.92082111, "water_toilet": 2.052785924, "shelter_makeshift_nhts": 1.7595307919999998, "food_malnourished": "", "health_child_death": "", "health_maternal_death": "", "he_flood": 2e-06, "he_volcano": 0.0, "he_landslide": 0.0, "he_earthquake": 0.0, "name": "Buenlag"}, "PH015515007": {"Water_Prop": 0.257069, "Food_Prop": 81.73913, "Shelter_Prop": 0.771208, "Health_Prop": 51.869159, "Education_Prop": 4.142012, "Work_Prop": 57.688966, "Peace_Prop": 1.028278, "Participation_Prop": 94.695378, "SocialProtection_Prop": 99.47479, "Environment_Prop": 2.213149, "shelter_electricity": 9.254498715, "health_center_attendance": 51.86915888, "work_farms": 19.50718686, "work_unskilled": 55.03080082, "health_programs": 35.47557841, "sp_philhealth": 35.47557841, "water_toilet": 0.7712082259999999, "shelter_makeshift_nhts": 7.06940874, "food_malnourished": "", "health_child_death": "", "health_maternal_death": "", "he_flood": 2e-06, "he_volcano": 0.0, "he_landslide": 0.0, "he_earthquake": 0.07142899999999999, "name": "Cabayaoasan"}, "PH015515008": {"Water_Prop": 0.342466, "Food_Prop": 50.0, "Shelter_Prop": 0.342466, "Health_Prop": 78.93997900000001, "Education_Prop": 4.403409, "Work_Prop": 47.997775, "Peace_Prop": 0.342466, "Participation_Prop": 94.717399, "SocialProtection_Prop": 98.70705600000001, "Environment_Prop": 38.797654, "shelter_electricity": 5.993150685, "health_center_attendance": 78.93997894, "work_farms": 5.347593583, "work_unskilled": 42.78074866, "health_programs": 38.01369863, "sp_philhealth": 38.01369863, "water_toilet": 1.369863014, "shelter_makeshift_nhts": 2.397260274, "food_malnourished": "", "health_child_death": "", "health_maternal_death": "", "he_flood": 2e-06, "he_volcano": 0.0, "he_landslide": 0.002903, "he_earthquake": 0.0, "name": "Cayanga"}, "PH015515009": {"Water_Prop": 0.0, "Food_Prop": 87.5, "Shelter_Prop": 10.782608999999999, "Health_Prop": 68.851252, "Education_Prop": 6.060606, "Work_Prop": 48.965517, "Peace_Prop": 0.0, "Participation_Prop": 96.677605, "SocialProtection_Prop": 98.564397, "Environment_Prop": 17.913695, "shelter_electricity": 12.69565217, "health_center_attendance": 68.85125184, "work_farms": 16.89189189, "work_unskilled": 33.8963964, "health_programs": 54.26086957, "sp_philhealth": 54.26086957, "water_toilet": 5.913043478, "shelter_makeshift_nhts": 2.52173913, "food_malnourished": "", "health_child_death": "", "health_maternal_death": "", "he_flood": 1e-06, "he_volcano": 0.0, "he_landslide": 0.000264, "he_earthquake": 0.0, "name": "Gueset"}, "PH015515010": {"Water_Prop": 7.851852, "Food_Prop": 74.83870999999999, "Shelter_Prop": 0.592593, "Health_Prop": 53.790006000000005, "Education_Prop": 8.705357000000001, "Work_Prop": 49.953959000000005, "Peace_Prop": 2.9629630000000002, "Participation_Prop": 96.503497, "SocialProtection_Prop": 99.076923, "Environment_Prop": 18.586159, "shelter_electricity": 16.44444444, "health_center_attendance": 53.79000561, "work_farms": 12.23551058, "work_unskilled": 51.51793928, "health_programs": 26.81481481, "sp_philhealth": 26.81481481, "water_toilet": 9.481481481, "shelter_makeshift_nhts": 3.185185185, "food_malnourished": "", "health_child_death": "", "health_maternal_death": "", "he_flood": 0.0, "he_volcano": 0.0, "he_landslide": 0.002903, "he_earthquake": 0.0, "name": "Hacienda"}, "PH015515011": {"Water_Prop": 0.0, "Food_Prop": 0.0, "Shelter_Prop": 0.0, "Health_Prop": 73.70812, "Education_Prop": 7.41688, "Work_Prop": 50.651607, "Peace_Prop": 0.789474, "Participation_Prop": "", "SocialProtection_Prop": 98.38516700000001, "Environment_Prop": 16.590172, "shelter_electricity": 8.157894737000001, "health_center_attendance": 73.70812039, "work_farms": 3.169014085, "work_unskilled": 44.8943662, "health_programs": 36.84210526, "sp_philhealth": 36.84210526,