{"PH012917001": {"Water_Prop": 4.830918, "Food_Prop": 85.492228, "Shelter_Prop": 0.0, "Health_Prop": 15.446339000000002, "Education_Prop": 9.90099, "Work_Prop": 35.703919, "Peace_Prop": 0.0, "Participation_Prop": 87.78359499999999, "SocialProtection_Prop": 97.818499, "Environment_Prop": 1.435665, "shelter_electricity": 2.898550725, "health_center_attendance": 15.44633902, "work_farms": 32.05417607, "work_unskilled": 44.69525959, "health_programs": 7.246376812, "sp_philhealth": 7.246376812, "water_toilet": 2.415458937, "shelter_makeshift_nhts": 0.0, "food_malnourished": "", "health_child_death": "", "health_maternal_death": "", "he_flood": 0.0, "he_volcano": 0.0, "he_landslide": 0.05341799999999999, "he_earthquake": 0.0, "name": "Cabaroan (Pob.)"}, "PH012917002": {"Water_Prop": 1.851852, "Food_Prop": 78.846154, "Shelter_Prop": 2.469136, "Health_Prop": 21.755725, "Education_Prop": 2.597403, "Work_Prop": 40.106007, "Peace_Prop": 0.0, "Participation_Prop": 85.492958, "SocialProtection_Prop": 98.450704, "Environment_Prop": 2.531099, "shelter_electricity": 3.7037037039999996, "health_center_attendance": 21.75572519, "work_farms": 40.41297935, "work_unskilled": 40.707964600000004, "health_programs": 19.75308642, "sp_philhealth": 19.75308642, "water_toilet": 0.617283951, "shelter_makeshift_nhts": 0.0, "food_malnourished": "", "health_child_death": "", "health_maternal_death": "", "he_flood": 0.0, "he_volcano": 0.0, "he_landslide": 0.051306, "he_earthquake": 0.0, "name": "Kalumsing"}, "PH012917003": {"Water_Prop": 1.704545, "Food_Prop": 41.025641, "Shelter_Prop": 0.0, "Health_Prop": 16.052061, "Education_Prop": 4.794521, "Work_Prop": 40.317919, "Peace_Prop": 0.0, "Participation_Prop": 81.327334, "SocialProtection_Prop": 98.087739, "Environment_Prop": 2.854562, "shelter_electricity": 3.977272727, "health_center_attendance": 16.05206074, "work_farms": 40.193704600000004, "work_unskilled": 48.91041162, "health_programs": 10.22727273, "sp_philhealth": 10.22727273, "water_toilet": 6.25, "shelter_makeshift_nhts": 0.0, "food_malnourished": "", "health_child_death": "", "health_maternal_death": "", "he_flood": 0.0, "he_volcano": 0.0, "he_landslide": 0.053892999999999996, "he_earthquake": 0.0, "name": "Lancuas"}, "PH012917004": {"Water_Prop": 0.877193, "Food_Prop": 66.382979, "Shelter_Prop": 0.438596, "Health_Prop": 29.824561, "Education_Prop": 5.825243, "Work_Prop": 36.893204, "Peace_Prop": 1.3157889999999999, "Participation_Prop": 90.225564, "SocialProtection_Prop": 98.87218, "Environment_Prop": 20.807898, "shelter_electricity": 0.43859649100000003, "health_center_attendance": 29.8245614, "work_farms": 38.26923077, "work_unskilled": 47.30769231, "health_programs": 11.84210526, "sp_philhealth": 11.84210526, "water_toilet": 10.087719300000002, "shelter_makeshift_nhts": 0.219298246, "food_malnourished": "", "health_child_death": "", "health_maternal_death": "", "he_flood": 0.0, "he_volcano": 0.0, "he_landslide": 0.20095, "he_earthquake": 0.0, "name": "Matibuey"}, "PH012917005": {"Water_Prop": 0.9615379999999999, "Food_Prop": 83.95061700000001, "Shelter_Prop": 0.9615379999999999, "Health_Prop": 20.622567999999998, "Education_Prop": 13.461538000000001, "Work_Prop": 34.545455, "Peace_Prop": 0.0, "Participation_Prop": 88.434164, "SocialProtection_Prop": 97.50889699999999, "Environment_Prop": 1.433042, "shelter_electricity": 0.961538462, "health_center_attendance": 20.62256809, "work_farms": 31.34920635, "work_unskilled": 51.19047619, "health_programs": 4.807692308, "sp_philhealth": 4.807692308, "water_toilet": 0.0, "shelter_makeshift_nhts": 0.961538462, "food_malnourished": "", "health_child_death": "", "health_maternal_death": "", "he_flood": 0.0, "he_volcano": 0.0, "he_landslide": 0.05341799999999999, "he_earthquake": 0.0, "name": "Paltoc"}, "PH012917006": {"Water_Prop": 2.702703, "Food_Prop": 70.769231, "Shelter_Prop": 1.351351, "Health_Prop": 15.873016, "Education_Prop": 10.833333, "Work_Prop": 36.526946, "Peace_Prop": 0.675676, "Participation_Prop": 86.280488, "SocialProtection_Prop": 98.323171, "Environment_Prop": 2.844218, "shelter_electricity": 2.027027027, "health_center_attendance": 15.87301587, "work_farms": 38.99371069, "work_unskilled": 44.65408805, "health_programs": 14.18918919, "sp_philhealth": 14.18918919, "water_toilet": 2.702702703, "shelter_makeshift_nhts": 0.0, "food_malnourished": "", "health_child_death": "", "health_maternal_death": "", "he_flood": 0.0, "he_volcano": 0.0, "he_landslide": 0.053207000000000004, "he_earthquake": 0.0, "name": "Sibsibbu"}, "PH012917007": {"Water_Prop": 5.329154, "Food_Prop": 82.178218, "Shelter_Prop": 0.626959, "Health_Prop": 31.840490999999997, "Education_Prop": 5.730658999999999, "Work_Prop": 39.518287, "Peace_Prop": 0.626959, "Participation_Prop": 92.748538, "SocialProtection_Prop": 98.12865500000001, "Environment_Prop": 3.693863, "shelter_electricity": 2.8213166139999997, "health_center_attendance": 31.8404908, "work_farms": 37.90560472, "work_unskilled": 42.47787611, "health_programs": 19.7492163, "sp_philhealth": 19.7492163, "water_toilet": 6.269592476000001, "shelter_makeshift_nhts": 0.470219436, "food_malnourished": "", "health_child_death": "", "health_maternal_death": "", "he_flood": 0.0, "he_volcano": 0.0, "he_landslide": 0.053207000000000004, "he_earthquake": 0.0, "name": "Tiagan"}, "PH012917008": {"Water_Prop": 0.0, "Food_Prop": 100.0, "Shelter_Prop": 0.0, "Health_Prop": 21.148459, "Education_Prop": 5.072464, "Work_Prop": 37.964775, "Peace_Prop": 0.0, "Participation_Prop": 89.552239, "SocialProtection_Prop": 97.76119399999999, "Environment_Prop": 2.004511, "shelter_electricity": 0.740740741, "health_center_attendance": 21.14845938, "work_farms": 41.32492114, "work_unskilled": 41.64037855, "health_programs": 9.62962963, "sp_philhealth": 9.62962963, "water_toilet": 0.0, "shelter_makeshift_nhts": 0.0, "food_malnourished": "", "health_child_death": "", "health_maternal_death": "", "he_flood": 0.0, "he_volcano": 0.0, "he_landslide": 0.053892999999999996, "he_earthquake": 0.0, "name": "San Miliano"}}