{"PH012919001": {"Water_Prop": 10.526316, "Food_Prop": 0.0, "Shelter_Prop": 1.754386, "Health_Prop": 66.530612, "Education_Prop": 5.7692309999999996, "Work_Prop": 40.571428999999995, "Peace_Prop": 0.0, "Participation_Prop": 84.862385, "SocialProtection_Prop": 97.706422, "Environment_Prop": 0.885748, "shelter_electricity": 3.50877193, "health_center_attendance": 66.53061224, "work_farms": 38.46153846, "work_unskilled": 25.0, "health_programs": 36.84210526, "sp_philhealth": 36.84210526, "water_toilet": 3.50877193, "shelter_makeshift_nhts": 0.0, "food_malnourished": "", "health_child_death": "", "health_maternal_death": "", "he_flood": 0.0, "he_volcano": 0.0, "he_landslide": 0.001056, "he_earthquake": 0.0}, "PH012919002": {"Water_Prop": 3.2520330000000004, "Food_Prop": 100.0, "Shelter_Prop": 0.813008, "Health_Prop": 38.785835, "Education_Prop": 5.511811, "Work_Prop": 41.277640999999996, "Peace_Prop": 0.0, "Participation_Prop": 93.54066999999999, "SocialProtection_Prop": 97.488038, "Environment_Prop": 18.659481, "shelter_electricity": 4.87804878, "health_center_attendance": 38.78583474, "work_farms": 10.46025105, "work_unskilled": 45.60669456, "health_programs": 17.88617886, "sp_philhealth": 17.88617886, "water_toilet": 0.0, "shelter_makeshift_nhts": 2.032520325, "food_malnourished": "", "health_child_death": "", "health_maternal_death": "", "he_flood": 0.0, "he_volcano": 0.0, "he_landslide": 0.0, "he_earthquake": 0.0}, "PH012919003": {"Water_Prop": 73.076923, "Food_Prop": 5.882353, "Shelter_Prop": 3.8461540000000003, "Health_Prop": 56.25, "Education_Prop": 10.0, "Work_Prop": 41.333333, "Peace_Prop": 0.0, "Participation_Prop": 80.0, "SocialProtection_Prop": 97.14285699999999, "Environment_Prop": 1.638241, "shelter_electricity": 7.692307692000001, "health_center_attendance": 56.25, "work_farms": 40.90909091, "work_unskilled": 15.90909091, "health_programs": 23.07692308, "sp_philhealth": 23.07692308, "water_toilet": 0.0, "shelter_makeshift_nhts": 0.0, "food_malnourished": "", "health_child_death": "", "health_maternal_death": "", "he_flood": 0.0, "he_volcano": 0.0, "he_landslide": 0.0, "he_earthquake": 0.0}, "PH012919004": {"Water_Prop": 0.675676, "Food_Prop": 93.023256, "Shelter_Prop": 0.0, "Health_Prop": 44.37299, "Education_Prop": 2.564103, "Work_Prop": 44.541484999999994, "Peace_Prop": 0.675676, "Participation_Prop": 84.615385, "SocialProtection_Prop": 97.720798, "Environment_Prop": 1.140486, "shelter_electricity": 2.027027027, "health_center_attendance": 44.37299035, "work_farms": 33.07086614, "work_unskilled": 35.82677165, "health_programs": 14.86486486, "sp_philhealth": 14.86486486, "water_toilet": 0.0, "shelter_makeshift_nhts": 1.351351351, "food_malnourished": "", "health_child_death": "", "health_maternal_death": "", "he_flood": 0.0, "he_volcano": 0.0, "he_landslide": 0.0, "he_earthquake": 0.0}, "PH012919006": {"Water_Prop": 3.100775, "Food_Prop": 92.307692, "Shelter_Prop": 0.7751939999999999, "Health_Prop": 62.12389399999999, "Education_Prop": 10.638297999999999, "Work_Prop": 51.325301, "Peace_Prop": 0.7751939999999999, "Participation_Prop": 91.780822, "SocialProtection_Prop": 97.431507, "Environment_Prop": 2.0497799999999997, "shelter_electricity": 3.1007751939999997, "health_center_attendance": 62.12389381, "work_farms": 11.88118812, "work_unskilled": 41.58415842, "health_programs": 40.31007752, "sp_philhealth": 40.31007752, "water_toilet": 0.0, "shelter_makeshift_nhts": 1.5503875969999998, "food_malnourished": "", "health_child_death": "", "health_maternal_death": "", "he_flood": 0.0, "he_volcano": 0.0, "he_landslide": 0.0, "he_earthquake": 0.0}, "PH012919007": {"Water_Prop": 6.796117, "Food_Prop": 86.666667, "Shelter_Prop": 0.970874, "Health_Prop": 35.632184, "Education_Prop": 0.0, "Work_Prop": 37.953795, "Peace_Prop": 0.0, "Participation_Prop": 92.11165, "SocialProtection_Prop": 97.572816, "Environment_Prop": 2.188996, "shelter_electricity": 6.796116505, "health_center_attendance": 35.63218391, "work_farms": 6.382978723, "work_unskilled": 42.55319149, "health_programs": 17.47572816, "sp_philhealth": 17.47572816, "water_toilet": 0.970873786, "shelter_makeshift_nhts": 0.0, "food_malnourished": "", "health_child_death": "", "health_maternal_death": "", "he_flood": 0.0, "he_volcano": 0.0, "he_landslide": 0.0, "he_earthquake": 0.0}, "PH012919009": {"Water_Prop": 1.449275, "Food_Prop": 25.0, "Shelter_Prop": 1.449275, "Health_Prop": 42.164179, "Education_Prop": 6.25, "Work_Prop": 46.568627, "Peace_Prop": 0.0, "Participation_Prop": 89.337176, "SocialProtection_Prop": 97.40634, "Environment_Prop": 3.7991410000000005, "shelter_electricity": 0.0, "health_center_attendance": 42.164179100000005, "work_farms": 10.09174312, "work_unskilled": 29.35779817, "health_programs": 8.695652174, "sp_philhealth": 8.695652174, "water_toilet": 0.0, "shelter_makeshift_nhts": 4.347826087, "food_malnourished": "", "health_child_death": "", "health_maternal_death": "", "he_flood": 0.0, "he_volcano": 0.0, "he_landslide": 0.0, "he_earthquake": 0.0}, "PH012919010": {"Water_Prop": 5.357143, "Food_Prop": 0.0, "Shelter_Prop": 7.142857000000001, "Health_Prop": 34.387352, "Education_Prop": 5.6603769999999995, "Work_Prop": 36.723164000000004, "Peace_Prop": 0.0, "Participation_Prop": 86.011905, "SocialProtection_Prop": 98.809524, "Environment_Prop": 19.809941000000002, "shelter_electricity": 3.571428571, "health_center_attendance": 34.38735178, "work_farms": 17.85714286, "work_unskilled": 41.07142857, "health_programs": 19.64285714, "sp_philhealth": 19.64285714, "water_toilet": 1.785714286, "shelter_makeshift_nhts": 2.6785714290000002, "food_malnourished": "", "health_child_death": "", "health_maternal_death": "", "he_flood": 0.0, "he_volcano": 0.0, "he_landslide": 0.0, "he_earthquake": 0.0}, "PH012919011": {"Water_Prop": 1.149425, "Food_Prop": 0.0, "Shelter_Prop": 1.149425, "Health_Prop": 33.823529, "Education_Prop": 9.90099, "Work_Prop": 44.244603999999995, "Peace_Prop": 0.0, "Participation_Prop": 86.547085, "SocialProtection_Prop": 98.878924, "Environment_Prop": 5.561935, "shelter_electricity": 3.448275862, "health_center_attendance": 33.82352941, "work_farms": 9.677419355, "work_unskilled": 52.90322581, "health_programs": 13.79310345, "sp_philhealth": 13.79310345, "water_toilet": 0.0, "shelter_makeshift_nhts": 2.298850575, "food_malnourished": "", "health_child_death": "", "health_maternal_death": "", "he_flood": 0.0, "he_volcano": 0.0, "he_landslide": 0.0, "he_earthquake": 0.0}, "PH012919013": {"Water_Prop": 2.912621, "Food_Prop": 100.0, "Shelter_Prop": 0.970874, "Health_Prop": 29.62963, "Education_Prop": 6.741573, "Work_Prop": 37.5, "Peace_Prop": 0.0, "Participation_Prop": 92.18106999999999, "SocialProtection_Prop": 97.736626, "Environment_Prop": 2.0934310000000003, "shelter_electricity": 3.8834951460000005, "health_center_attendance": 29.62962963, "work_farms": 8.947368421, "work_unskilled": 51.05263158, "health_programs": 20.38834951, "sp_philhealth": 20.38834951, "water_toilet": 0.970873786, "shelter_makeshift_nhts": 1.9417475730000002, "food_malnourished": "", "health_child_death": "", "health_maternal_death": "", "he_flood": 0.0, "he_volcano": 0.0, "he_landslide": 0.0, "he_earthquake": 0.0}, "PH012919014": {"Water_Prop": 1.503759, "Food_Prop": 100.0, "Shelter_Prop": 0.0, "Health_Prop": 50.082919, "Education_Prop": 7.476636, "Work_Prop": 51.87638, "Peace_Prop": 0.0, "Participation_Prop": 94.70529499999999, "SocialProtection_Prop": 98.601399, "Environment_Prop": 23.101465, "shelter_electricity": 3.007518797, "health_center_attendance": 50.08291874, "work_farms": 6.880733945, "work_unskilled": 27.52293578, "health_programs": 14.28571429, "sp_philhealth": 14.28571429, "water_toilet": 0.7518796990000001, "shelter_makeshift_nhts": 1.503759399, "food_malnourished": "", "health_child_death": "", "health_maternal_death": "", "he_flood": 0.0, "he_volcano": 0.0, "he_landslide": 0.0, "he_earthquake": 0.0}, "PH012919015": {"Water_Prop": 14.705882, "Food_Prop": 0.0,