{"PH015537001": {"Water_Prop": 0.422833, "Food_Prop": 25.0, "Shelter_Prop": 4.4397459999999995, "Health_Prop": 94.960336, "Education_Prop": 7.142857000000001, "Work_Prop": 50.708427, "Peace_Prop": 0.211416, "Participation_Prop": 97.068493, "SocialProtection_Prop": 98.493151, "Environment_Prop": 13.108807999999998, "shelter_electricity": 14.16490486, "health_center_attendance": 94.96033598, "work_farms": 4.992435703, "work_unskilled": 54.16036309, "health_programs": 51.37420719, "sp_philhealth": 51.37420719, "water_toilet": 23.89006342, "shelter_makeshift_nhts": 1.3742071880000002, "food_malnourished": "", "health_child_death": "", "health_maternal_death": "", "he_flood": 0.0, "he_volcano": 0.0, "he_landslide": 0.0, "he_earthquake": 0.0}, "PH015537002": {"Water_Prop": 0.0, "Food_Prop": "", "Shelter_Prop": 1.7777779999999999, "Health_Prop": 89.82725500000001, "Education_Prop": 18.340611, "Work_Prop": 51.172414, "Peace_Prop": 9.333333, "Participation_Prop": "", "SocialProtection_Prop": 98.396794, "Environment_Prop": 9.717917, "shelter_electricity": 9.333333332999999, "health_center_attendance": 89.82725528, "work_farms": 8.192090395, "work_unskilled": 61.29943503, "health_programs": 48.88888889, "sp_philhealth": 48.88888889, "water_toilet": 24.0, "shelter_makeshift_nhts": 1.5555555559999998, "food_malnourished": "", "health_child_death": "", "health_maternal_death": "", "he_flood": 1e-06, "he_volcano": 0.0, "he_landslide": 0.0, "he_earthquake": 0.0}, "PH015537004": {"Water_Prop": 0.0, "Food_Prop": 0.0, "Shelter_Prop": 1.444043, "Health_Prop": 92.55814000000001, "Education_Prop": 8.417508, "Work_Prop": 46.936415999999994, "Peace_Prop": 5.776173, "Participation_Prop": 96.516568, "SocialProtection_Prop": 98.385726, "Environment_Prop": 30.226195, "shelter_electricity": 12.63537906, "health_center_attendance": 92.55813953, "work_farms": 8.71459695, "work_unskilled": 56.20915033, "health_programs": 44.0433213, "sp_philhealth": 44.0433213, "water_toilet": 11.9133574, "shelter_makeshift_nhts": 1.624548736, "food_malnourished": "", "health_child_death": "", "health_maternal_death": "", "he_flood": 3e-06, "he_volcano": 0.0, "he_landslide": 0.047981, "he_earthquake": 0.07142899999999999}, "PH015537005": {"Water_Prop": 0.257732, "Food_Prop": "", "Shelter_Prop": 6.443299, "Health_Prop": 73.690205, "Education_Prop": 7.479224, "Work_Prop": 46.481178, "Peace_Prop": 1.546392, "Participation_Prop": 98.590722, "SocialProtection_Prop": 98.590722, "Environment_Prop": 8.493444, "shelter_electricity": 11.59793814, "health_center_attendance": 73.69020501, "work_farms": 9.480122324, "work_unskilled": 56.26911315, "health_programs": 48.45360825, "sp_philhealth": 48.45360825, "water_toilet": 4.896907216000001, "shelter_makeshift_nhts": 0.902061856, "food_malnourished": "", "health_child_death": "", "health_maternal_death": "", "he_flood": 1e-06, "he_volcano": 0.0, "he_landslide": 0.0, "he_earthquake": 0.0}, "PH015537006": {"Water_Prop": 1.384083, "Food_Prop": 87.5, "Shelter_Prop": 1.038062, "Health_Prop": 94.968051, "Education_Prop": 8.304497999999999, "Work_Prop": 47.694175, "Peace_Prop": 0.0, "Participation_Prop": 94.983713, "SocialProtection_Prop": 98.631922, "Environment_Prop": 30.424999, "shelter_electricity": 16.60899654, "health_center_attendance": 94.96805112, "work_farms": 12.76102088, "work_unskilled": 45.93967517, "health_programs": 50.8650519, "sp_philhealth": 50.8650519, "water_toilet": 14.87889273, "shelter_makeshift_nhts": 2.249134948, "food_malnourished": "", "health_child_death": "", "health_maternal_death": "", "he_flood": 3e-06, "he_volcano": 0.0, "he_landslide": 0.047981, "he_earthquake": 0.0}, "PH015537007": {"Water_Prop": 0.0, "Food_Prop": 76.119403, "Shelter_Prop": 3.134328, "Health_Prop": 73.300493, "Education_Prop": 3.901734, "Work_Prop": 45.240384999999996, "Peace_Prop": 0.298507, "Participation_Prop": 97.722837, "SocialProtection_Prop": 98.340924, "Environment_Prop": 12.411059, "shelter_electricity": 7.611940299, "health_center_attendance": 73.30049261, "work_farms": 9.920983319, "work_unskilled": 45.21510097, "health_programs": 53.13432836, "sp_philhealth": 53.13432836, "water_toilet": 1.194029851, "shelter_makeshift_nhts": 0.9701492540000001, "food_malnourished": "", "health_child_death": "", "health_maternal_death": "", "he_flood": 0.0, "he_volcano": 0.0, "he_landslide": 0.0, "he_earthquake": 0.0}, "PH015537009": {"Water_Prop": 0.0, "Food_Prop": 86.95652199999999, "Shelter_Prop": 0.48780500000000004, "Health_Prop": 73.274434, "Education_Prop": 6.16622, "Work_Prop": 45.194599, "Peace_Prop": 0.731707, "Participation_Prop": 97.428139, "SocialProtection_Prop": 98.13414, "Environment_Prop": 12.01712, "shelter_electricity": 8.780487805, "health_center_attendance": 73.27443401, "work_farms": 6.2318840579999994, "work_unskilled": 52.46376812, "health_programs": 53.90243902, "sp_philhealth": 53.90243902, "water_toilet": 1.219512195, "shelter_makeshift_nhts": 1.707317073, "food_malnourished": "", "health_child_death": "", "health_maternal_death": "", "he_flood": 0.0, "he_volcano": 0.0, "he_landslide": 0.0, "he_earthquake": 0.0}, "PH015537010": {"Water_Prop": 0.0, "Food_Prop": 21.621622, "Shelter_Prop": 0.346021, "Health_Prop": 90.09752399999999, "Education_Prop": 6.716417999999999, "Work_Prop": 45.638298, "Peace_Prop": 0.346021, "Participation_Prop": "", "SocialProtection_Prop": 99.047085, "Environment_Prop": 0.674383, "shelter_electricity": 11.41868512, "health_center_attendance": 90.09752438, "work_farms": 12.91585127, "work_unskilled": 53.81604697, "health_programs": 57.09342561, "sp_philhealth": 57.09342561, "water_toilet": 20.41522491, "shelter_makeshift_nhts": 3.1141868510000004, "food_malnourished": "", "health_child_death": "", "health_maternal_death": "", "he_flood": 0.0, "he_volcano": 0.0, "he_landslide": 0.0, "he_earthquake": 0.0}, "PH015537011": {"Water_Prop": 1.186944, "Food_Prop": 100.0, "Shelter_Prop": 1.780415, "Health_Prop": 74.423631, "Education_Prop": 7.194245, "Work_Prop": 42.399173, "Peace_Prop": 7.121662, "Participation_Prop": 96.68565500000001, "SocialProtection_Prop": 98.239254, "Environment_Prop": 10.084473, "shelter_electricity": 10.97922849, "health_center_attendance": 74.42363112, "work_farms": 9.33572711, "work_unskilled": 58.16876122, "health_programs": 47.47774481, "sp_philhealth": 47.47774481, "water_toilet": 2.37388724, "shelter_makeshift_nhts": 0.741839763, "food_malnourished": "", "health_child_death": "", "health_maternal_death": "", "he_flood": 2e-06, "he_volcano": 0.0, "he_landslide": 0.001056, "he_earthquake": 0.0}, "PH015537012": {"Water_Prop": 0.0, "Food_Prop": 16.666667, "Shelter_Prop": 0.512821, "Health_Prop": 87.31343299999999, "Education_Prop": 6.388889, "Work_Prop": 46.139873, "Peace_Prop": 0.25640999999999997, "Participation_Prop": 97.186837, "SocialProtection_Prop": 98.35456500000001, "Environment_Prop": 10.087027, "shelter_electricity": 10.25641026, "health_center_attendance": 87.31343284, "work_farms": 12.14165261, "work_unskilled": 43.6762226, "health_programs": 62.30769231, "sp_philhealth": 62.30769231, "water_toilet": 10.76923077, "shelter_makeshift_nhts": 2.179487179, "food_malnourished": "", "health_child_death": "", "health_maternal_death": "", "he_flood": 2e-06, "he_volcano": 0.0, "he_landslide": 0.001056, "he_earthquake": 0.0}, "PH015537013": {"Water_Prop": 0.0, "Food_Prop": 8.108108, "Shelter_Prop": 0.0, "Health_Prop": 83.473389, "Education_Prop": 26.315789000000002, "Work_Prop": 49.190283, "Peace_Prop": 0.0, "Participation_Prop": 86.92421999999999, "SocialProtection_Prop": 97.919762, "Environment_Prop": 0.962167, "shelter_electricity": 4.081632653, "health_center_attendance": 83.47338936, "work_farms": 17.52988048, "work_unskilled": 44.22310757, "health_programs": 57.82312925, "sp_philhealth": 57.82312925, "water_toilet": 18.36734694, "shelter_makeshift_nhts": 0.680272109, "food_malnourished": "", "health_child_death": "", "health_maternal_death": "", "he_flood": 1e-06, "he_volcano": 0.0,