{"PH013309001": {"Water_Prop": 24.267782, "Food_Prop": 66.666667, "Shelter_Prop": 0.41841000000000006, "Health_Prop": 48.350515, "Education_Prop": 3.191489, "Work_Prop": 45.479833, "Peace_Prop": 2.09205, "Participation_Prop": 92.406221, "SocialProtection_Prop": 97.346752, "Environment_Prop": 18.303910000000002, "shelter_electricity": 6.6945606689999995, "health_center_attendance": 48.35051546, "work_farms": 8.673469388, "work_unskilled": 27.29591837, "health_programs": 61.08786611, "sp_philhealth": 61.08786611, "water_toilet": 0.8368200840000001, "shelter_makeshift_nhts": 2.510460251, "food_malnourished": "", "health_child_death": "", "health_maternal_death": "", "he_flood": 0.0, "he_volcano": 0.0, "he_landslide": 0.002639, "he_earthquake": 0.0, "name": "Bautista"}, "PH013309002": {"Water_Prop": 34.84252, "Food_Prop": 91.17647099999999, "Shelter_Prop": 1.181102, "Health_Prop": 51.768921, "Education_Prop": 5.392157, "Work_Prop": 47.584098, "Peace_Prop": 2.952756, "Participation_Prop": 95.800416, "SocialProtection_Prop": 97.172557, "Environment_Prop": 18.601687, "shelter_electricity": 4.330708661, "health_center_attendance": 51.76892073, "work_farms": 15.98599767, "work_unskilled": 28.00466744, "health_programs": 60.62992126, "sp_philhealth": 60.62992126, "water_toilet": 1.377952756, "shelter_makeshift_nhts": 2.657480315, "food_malnourished": "", "health_child_death": "", "health_maternal_death": "", "he_flood": 0.0, "he_volcano": 0.0, "he_landslide": 0.002639, "he_earthquake": 0.0, "name": "Gana"}, "PH013309003": {"Water_Prop": 50.267379999999996, "Food_Prop": "", "Shelter_Prop": 0.534759, "Health_Prop": 62.285012, "Education_Prop": 5.4545449999999995, "Work_Prop": 43.515358, "Peace_Prop": 3.208556, "Participation_Prop": 89.086294, "SocialProtection_Prop": 97.71573599999999, "Environment_Prop": 2.611788, "shelter_electricity": 12.8342246, "health_center_attendance": 62.28501229, "work_farms": 25.3776435, "work_unskilled": 22.65861027, "health_programs": 60.42780749, "sp_philhealth": 60.42780749, "water_toilet": 6.417112298999999, "shelter_makeshift_nhts": 2.139037433, "food_malnourished": "", "health_child_death": "", "health_maternal_death": "", "he_flood": 0.0, "he_volcano": 0.0, "he_landslide": 0.002639, "he_earthquake": 0.0, "name": "Juan Cartas"}, "PH013309004": {"Water_Prop": 45.985401, "Food_Prop": 35.714286, "Shelter_Prop": 4.7445260000000005, "Health_Prop": 58.629031999999995, "Education_Prop": 2.985075, "Work_Prop": 49.515608, "Peace_Prop": 10.218978, "Participation_Prop": 94.047619, "SocialProtection_Prop": 97.61904799999999, "Environment_Prop": 7.585253999999999, "shelter_electricity": 6.204379562000001, "health_center_attendance": 58.62903226, "work_farms": 10.23454158, "work_unskilled": 34.75479744, "health_programs": 46.71532847, "sp_philhealth": 46.71532847, "water_toilet": 0.0, "shelter_makeshift_nhts": 3.1021897810000003, "food_malnourished": "", "health_child_death": "", "health_maternal_death": "", "he_flood": 0.0, "he_volcano": 0.0, "he_landslide": 0.002639, "he_earthquake": 0.0, "name": "Las-ud"}, "PH013309005": {"Water_Prop": 83.895131, "Food_Prop": 100.0, "Shelter_Prop": 0.7490640000000001, "Health_Prop": 52.480619999999995, "Education_Prop": 4.511278, "Work_Prop": 39.657143, "Peace_Prop": 2.247191, "Participation_Prop": 93.154034, "SocialProtection_Prop": 99.02200500000001, "Environment_Prop": 1.471118, "shelter_electricity": 25.84269663, "health_center_attendance": 52.48062016, "work_farms": 64.96212121, "work_unskilled": 11.553030300000001, "health_programs": 48.68913858, "sp_philhealth": 48.68913858, "water_toilet": 46.44194757, "shelter_makeshift_nhts": 1.872659176, "food_malnourished": "", "health_child_death": "", "health_maternal_death": "", "he_flood": 0.0, "he_volcano": 0.0, "he_landslide": 0.002903, "he_earthquake": 0.0, "name": "Liquicia"}, "PH013309006": {"Water_Prop": 12.403101, "Food_Prop": 100.0, "Shelter_Prop": 0.0, "Health_Prop": 48.657718, "Education_Prop": 5.960265, "Work_Prop": 45.939085999999996, "Peace_Prop": 3.100775, "Participation_Prop": 90.537634, "SocialProtection_Prop": 95.698925, "Environment_Prop": 20.356173000000002, "shelter_electricity": 6.976744186, "health_center_attendance": 48.65771812, "work_farms": 11.26760563, "work_unskilled": 46.00938967, "health_programs": 34.10852713, "sp_philhealth": 34.10852713, "water_toilet": 5.426356589, "shelter_makeshift_nhts": 4.263565891, "food_malnourished": "", "health_child_death": "", "health_maternal_death": "", "he_flood": 0.0, "he_volcano": 0.0, "he_landslide": 0.002639, "he_earthquake": 0.0, "name": "Poblacion Norte"}, "PH013309007": {"Water_Prop": 14.117647, "Food_Prop": 0.0, "Shelter_Prop": 1.1764709999999998, "Health_Prop": 55.415617000000005, "Education_Prop": 3.703704, "Work_Prop": 50.853242, "Peace_Prop": 2.352941, "Participation_Prop": 92.86523199999999, "SocialProtection_Prop": 97.168743, "Environment_Prop": 23.598578, "shelter_electricity": 9.411764706, "health_center_attendance": 55.41561713, "work_farms": 8.333333332999999, "work_unskilled": 43.75, "health_programs": 37.64705882, "sp_philhealth": 37.64705882, "water_toilet": 1.176470588, "shelter_makeshift_nhts": 2.9411764710000003, "food_malnourished": "", "health_child_death": "", "health_maternal_death": "", "he_flood": 0.0, "he_volcano": 0.0, "he_landslide": 0.002639, "he_earthquake": 0.0, "name": "Poblacion Sur"}, "PH013309009": {"Water_Prop": 28.363636, "Food_Prop": 82.0, "Shelter_Prop": 2.181818, "Health_Prop": 48.169243, "Education_Prop": 2.352941, "Work_Prop": 46.674312, "Peace_Prop": 6.181818, "Participation_Prop": 94.972826, "SocialProtection_Prop": 97.89402199999999, "Environment_Prop": 3.9026769999999997, "shelter_electricity": 8.727272727, "health_center_attendance": 48.16924329, "work_farms": 10.96774194, "work_unskilled": 34.83870968, "health_programs": 64.0, "sp_philhealth": 64.0, "water_toilet": 2.9090909089999997, "shelter_makeshift_nhts": 4.545454545, "food_malnourished": "", "health_child_death": "", "health_maternal_death": "", "he_flood": 0.0, "he_volcano": 0.0, "he_landslide": 0.002639, "he_earthquake": 0.0, "name": "San Carlos"}, "PH013309010": {"Water_Prop": 63.037248999999996, "Food_Prop": 75.0, "Shelter_Prop": 0.0, "Health_Prop": 54.682159999999996, "Education_Prop": 5.035971, "Work_Prop": 41.761364, "Peace_Prop": 6.876791000000001, "Participation_Prop": 88.81766400000001, "SocialProtection_Prop": 98.504274, "Environment_Prop": 1.8527630000000002, "shelter_electricity": 12.60744986, "health_center_attendance": 54.68215995, "work_farms": 47.96747967, "work_unskilled": 18.21138211, "health_programs": 54.72779370000001, "sp_philhealth": 54.72779370000001, "water_toilet": 20.63037249, "shelter_makeshift_nhts": 2.29226361, "food_malnourished": "", "health_child_death": "", "health_maternal_death": "", "he_flood": 0.0, "he_volcano": 0.0, "he_landslide": 0.002639, "he_earthquake": 0.0, "name": "San Cornelio"}, "PH013309011": {"Water_Prop": 69.477912, "Food_Prop": 78.640777, "Shelter_Prop": 0.8032130000000001, "Health_Prop": 51.219512, "Education_Prop": 9.090909, "Work_Prop": 38.569753999999996, "Peace_Prop": 8.032129, "Participation_Prop": 88.08080799999999, "SocialProtection_Prop": 98.989899, "Environment_Prop": 0.996498, "shelter_electricity": 12.4497992, "health_center_attendance": 51.219512200000004, "work_farms": 53.81679389, "work_unskilled": 16.60305344, "health_programs": 48.19277108, "sp_philhealth": 48.19277108, "water_toilet": 16.46586345, "shelter_makeshift_nhts": 3.614457831, "food_malnourished": "", "health_child_death": "", "health_maternal_death": "", "he_flood": 0.0, "he_volcano": 0.0, "he_landslide": 0.002903, "he_earthquake": 0.0, "name": "San Fermin"}, "PH013309012": {"Water_Prop": 55.0, "Food_Prop": 53.488372, "Shelter_Prop": 1.153846, "Health_Prop": 33.243486, "Education_Prop": 3.482587, "Work_Prop": 40.517241, "Peace_Prop": 1.153846, "Participation_Prop": 87.771739, "SocialProtection_Prop": 98.550725, "Environment_Prop": 1.572533,