{"PH015520002": {"water_access": 21.649485000000002, "food_tenure": 81.343284, "shelter_informal_settlers_nhts": 0.515464, "health_center_attendance": 41.35004, "educ_outofschool_all": 7.28972, "work_unemployment": 51.460941999999996, "po_conflict": 0.515464, "participation_assembly_attendance": 96.822626, "sp_sss": 1.4664800000000042, "he_risk": 17.294775, "shelter_electricity": 12.54295533, "health_center_attendance.1": 41.35004042, "work_farms": 41.52334152, "work_unskilled": 25.55282555, "health_programs": 62.19931271, "sp_philhealth": 37.80068729, "water_toilet": 27.83505155, "shelter_makeshift_nhts": 0.0, "food_malnourished": "", "health_child_death": "", "health_maternal_death": "", "he_flood": 0.0, "he_volcano": 0.0, "he_landslide": 0.000264, "he_earthquake": 0.0, "name": "Bamban"}, "PH015520003": {"water_access": 3.4615379999999996, "food_tenure": 20.0, "shelter_informal_settlers_nhts": 1.9230770000000001, "health_center_attendance": 79.22077900000001, "educ_outofschool_all": 4.347826, "work_unemployment": 55.27027, "po_conflict": 0.0, "participation_assembly_attendance": 94.798535, "sp_sss": 2.0512820000000005, "he_risk": 36.168228000000006, "shelter_electricity": 12.30769231, "health_center_attendance.1": 79.22077922, "work_farms": 21.75226586, "work_unskilled": 50.75528701, "health_programs": 46.53846154, "sp_philhealth": 53.46153846, "water_toilet": 13.46153846, "shelter_makeshift_nhts": 0.384615385, "food_malnourished": "", "health_child_death": "", "health_maternal_death": "", "he_flood": 0.0, "he_volcano": 0.0, "he_landslide": 0.000264, "he_earthquake": 0.0, "name": "Batang"}, "PH015520004": {"water_access": 34.942529, "food_tenure": 27.777778, "shelter_informal_settlers_nhts": 1.37931, "health_center_attendance": 50.125188, "educ_outofschool_all": 4.592902, "work_unemployment": 57.242991, "po_conflict": 0.0, "participation_assembly_attendance": 96.147607, "sp_sss": 1.1759939999999887, "he_risk": 36.170171999999994, "shelter_electricity": 10.8045977, "health_center_attendance.1": 50.12518778, "work_farms": 28.77959927, "work_unskilled": 36.429872499999995, "health_programs": 45.97701149, "sp_philhealth": 54.02298851, "water_toilet": 19.08045977, "shelter_makeshift_nhts": 1.83908046, "food_malnourished": "", "health_child_death": "", "health_maternal_death": "", "he_flood": 0.0, "he_volcano": 0.0, "he_landslide": 0.000264, "he_earthquake": 0.0, "name": "Bayambang"}, "PH015520005": {"water_access": 13.797314000000002, "food_tenure": 11.764706, "shelter_informal_settlers_nhts": 4.639805, "health_center_attendance": 96.789536, "educ_outofschool_all": 28.322981, "work_unemployment": 67.743383, "po_conflict": 2.930403, "participation_assembly_attendance": 98.16375, "sp_sss": 1.965867000000003, "he_risk": 17.991270999999998, "shelter_electricity": 8.913308913, "health_center_attendance.1": 96.78953627, "work_farms": 51.87760779, "work_unskilled": 10.15299026, "health_programs": 70.6959707, "sp_philhealth": 29.304029299999996, "water_toilet": 32.47863248, "shelter_makeshift_nhts": 1.15995116, "food_malnourished": "", "health_child_death": "", "health_maternal_death": "", "he_flood": 0.0, "he_volcano": 0.0, "he_landslide": 0.0, "he_earthquake": 0.0, "name": "Cato"}, "PH015520006": {"water_access": 2.693603, "food_tenure": 85.185185, "shelter_informal_settlers_nhts": 1.346801, "health_center_attendance": 77.643261, "educ_outofschool_all": 7.509881, "work_unemployment": 54.191263, "po_conflict": 0.0, "participation_assembly_attendance": 93.70188900000001, "sp_sss": 1.609517000000011, "he_risk": 0.29539299999999996, "shelter_electricity": 5.050505051, "health_center_attendance.1": 77.64326069, "work_farms": 20.36082474, "work_unskilled": 54.89690722, "health_programs": 53.87205387, "sp_philhealth": 46.12794613, "water_toilet": 14.14141414, "shelter_makeshift_nhts": 0.673400673, "food_malnourished": "", "health_child_death": "", "health_maternal_death": "", "he_flood": 0.0, "he_volcano": 0.0, "he_landslide": 0.000264, "he_earthquake": 0.0, "name": "Doliman"}, "PH015520007": {"water_access": 12.316716, "food_tenure": 88.679245, "shelter_informal_settlers_nhts": 0.29325500000000004, "health_center_attendance": 42.049689, "educ_outofschool_all": 26.799007, "work_unemployment": 53.015564000000005, "po_conflict": 0.29325500000000004, "participation_assembly_attendance": "", "sp_sss": 2.009131999999994, "he_risk": 16.182612, "shelter_electricity": 6.744868035, "health_center_attendance.1": 42.04968944, "work_farms": 16.563147, "work_unskilled": 41.82194617, "health_programs": 60.70381232, "sp_philhealth": 39.29618768, "water_toilet": 7.624633431, "shelter_makeshift_nhts": 5.131964808999999, "food_malnourished": "", "health_child_death": "", "health_maternal_death": "", "he_flood": 0.0, "he_volcano": 0.0, "he_landslide": 0.0, "he_earthquake": 0.0, "name": "Fatima"}, "PH015520008": {"water_access": 15.789473999999998, "food_tenure": 43.243243, "shelter_informal_settlers_nhts": 0.584795, "health_center_attendance": 91.111111, "educ_outofschool_all": 13.372093, "work_unemployment": 57.427938, "po_conflict": 0.0, "participation_assembly_attendance": 89.61039, "sp_sss": 1.3852810000000062, "he_risk": 16.254463, "shelter_electricity": 12.28070175, "health_center_attendance.1": 91.11111111, "work_farms": 39.58333333, "work_unskilled": 22.39583333, "health_programs": 66.08187135, "sp_philhealth": 33.91812865, "water_toilet": 23.39181287, "shelter_makeshift_nhts": 1.4619883040000001, "food_malnourished": "", "health_child_death": "", "health_maternal_death": "", "he_flood": 0.0, "he_volcano": 0.0, "he_landslide": 0.0, "he_earthquake": 0.0, "name": "Maya"}, "PH015520009": {"water_access": 12.757202000000001, "food_tenure": 71.05263199999999, "shelter_informal_settlers_nhts": 1.234568, "health_center_attendance": 84.40366999999999, "educ_outofschool_all": 12.878788, "work_unemployment": 59.900166000000006, "po_conflict": 0.41152299999999997, "participation_assembly_attendance": 92.498005, "sp_sss": 1.6759780000000006, "he_risk": 0.294003, "shelter_electricity": 11.11111111, "health_center_attendance.1": 84.40366972, "work_farms": 57.26141079, "work_unskilled": 17.01244813, "health_programs": 63.78600823, "sp_philhealth": 36.21399177, "water_toilet": 32.51028807, "shelter_makeshift_nhts": 2.880658436, "food_malnourished": "", "health_child_death": "", "health_maternal_death": "", "he_flood": 0.0, "he_volcano": 0.0, "he_landslide": 0.0, "he_earthquake": 0.0, "name": "Nangalisan"}, "PH015520010": {"water_access": 10.283688, "food_tenure": 0.0, "shelter_informal_settlers_nhts": 3.546099, "health_center_attendance": 92.091837, "educ_outofschool_all": 9.446254, "work_unemployment": 63.550136, "po_conflict": 0.0, "participation_assembly_attendance": 95.734597, "sp_sss": 1.7772510000000068, "he_risk": 17.847666, "shelter_electricity": 10.992907800000001, "health_center_attendance.1": 92.09183673, "work_farms": 27.50929368, "work_unskilled": 31.2267658, "health_programs": 64.53900709, "sp_philhealth": 35.46099291, "water_toilet": 22.34042553, "shelter_makeshift_nhts": 4.432624113, "food_malnourished": "", "health_child_death": "", "health_maternal_death": "", "he_flood": 0.0, "he_volcano": 0.0, "he_landslide": 0.0, "he_earthquake": 0.0, "name": "Nayom"}, "PH015520011": {"water_access": 44.736841999999996, "food_tenure": 3.333333, "shelter_informal_settlers_nhts": 1.052632, "health_center_attendance": 44.519016, "educ_outofschool_all": 16.170213, "work_unemployment": 48.613678, "po_conflict": 3.157895, "participation_assembly_attendance": 89.888777, "sp_sss": 0.5055610000000001, "he_risk": 2.271484, "shelter_electricity": 8.947368421, "health_center_attendance.1": 44.51901566, "work_farms": 75.17985612, "work_unskilled": 5.395683452999999, "health_programs": 42.63157895, "sp_philhealth": 57.36842105, "water_toilet": 58.94736842, "shelter_makeshift_nhts": 0.526315789, "food_malnourished": "", "health_child_death": "", "health_maternal_death": "", "he_flood": 0.0,