{"PH012814001": {"water_access": 91.2, "food_tenure": 75.0, "shelter_informal_settlers_nhts": 3.2, "health_center_attendance": 88.135593, "educ_outofschool_all": 6.4220180000000004, "work_unemployment": 43.287671, "po_conflict": 0.0, "participation_assembly_attendance": 50.738915999999996, "sp_sss": 98.029557, "he_risk": 20.0444, "shelter_electricity": 8.0, "health_center_attendance.1": 88.13559322, "work_farms": 38.16425121, "work_unskilled": 33.81642512, "health_programs": 12.8, "sp_philhealth": 12.8, "water_toilet": 2.4, "shelter_makeshift_nhts": 0.0, "food_malnourished": "", "health_child_death": "", "health_maternal_death": "", "he_flood": 0.0, "he_volcano": 0.0, "he_landslide": 0.012034999999999999, "he_earthquake": 0.07142899999999999, "name": "Acnam"}, "PH012814002": {"water_access": 96.341463, "food_tenure": 84.0, "shelter_informal_settlers_nhts": 3.6585370000000004, "health_center_attendance": 41.12426, "educ_outofschool_all": 20.0, "work_unemployment": 54.042553000000005, "po_conflict": 1.2195120000000002, "participation_assembly_attendance": 21.621622, "sp_sss": "", "he_risk": 8.599197, "shelter_electricity": 23.17073171, "health_center_attendance.1": 41.12426036, "work_farms": 67.59259259, "work_unskilled": 14.81481481, "health_programs": 12.19512195, "sp_philhealth": 12.19512195, "water_toilet": 26.82926829, "shelter_makeshift_nhts": 1.8292682930000002, "food_malnourished": "", "health_child_death": "", "health_maternal_death": "", "he_flood": 0.0, "he_volcano": 0.0, "he_landslide": 0.05516, "he_earthquake": 0.214286, "name": "Barangobong"}, "PH012814003": {"water_access": 92.783505, "food_tenure": 36.956522, "shelter_informal_settlers_nhts": 0.0, "health_center_attendance": 89.010989, "educ_outofschool_all": 2.803738, "work_unemployment": 48.534202, "po_conflict": 0.0, "participation_assembly_attendance": 40.227703999999996, "sp_sss": 98.671727, "he_risk": 18.88985, "shelter_electricity": 11.34020619, "health_center_attendance.1": 89.01098901, "work_farms": 25.3164557, "work_unskilled": 43.03797468, "health_programs": 8.24742268, "sp_philhealth": 8.24742268, "water_toilet": 9.278350515, "shelter_makeshift_nhts": 1.030927835, "food_malnourished": "", "health_child_death": "", "health_maternal_death": "", "he_flood": 0.0, "he_volcano": 0.0, "he_landslide": 0.012034999999999999, "he_earthquake": 0.0, "name": "Barikir"}, "PH012814004": {"water_access": 95.333333, "food_tenure": 85.849057, "shelter_informal_settlers_nhts": 2.666667, "health_center_attendance": 50.078493, "educ_outofschool_all": 11.510791000000001, "work_unemployment": 57.746479, "po_conflict": 0.0, "participation_assembly_attendance": 47.441217, "sp_sss": 99.44675, "he_risk": 9.625874000000001, "shelter_electricity": 16.0, "health_center_attendance.1": 50.07849294, "work_farms": 53.88888889, "work_unskilled": 27.77777778, "health_programs": 7.333333333, "sp_philhealth": 7.333333333, "water_toilet": 18.66666667, "shelter_makeshift_nhts": 5.666666667, "food_malnourished": "", "health_child_death": "", "health_maternal_death": "", "he_flood": 0.0, "he_volcano": 0.0, "he_landslide": 0.001056, "he_earthquake": 0.0, "name": "Bugayong"}, "PH012814005": {"water_access": 84.422111, "food_tenure": 49.411765, "shelter_informal_settlers_nhts": 2.01005, "health_center_attendance": 84.186576, "educ_outofschool_all": 11.111111, "work_unemployment": 51.952462, "po_conflict": 0.0, "participation_assembly_attendance": 59.0, "sp_sss": 98.3, "he_risk": 17.479534, "shelter_electricity": 9.547738693, "health_center_attendance.1": 84.18657565, "work_farms": 37.45583039, "work_unskilled": 38.86925795, "health_programs": 6.532663317000001, "sp_philhealth": 6.532663317000001, "water_toilet": 9.045226131, "shelter_makeshift_nhts": 2.261306533, "food_malnourished": "", "health_child_death": "", "health_maternal_death": "", "he_flood": 0.0, "he_volcano": 0.0, "he_landslide": 0.012404, "he_earthquake": 0.0, "name": "Cabittauran"}, "PH012814006": {"water_access": 93.333333, "food_tenure": 86.764706, "shelter_informal_settlers_nhts": 3.333333, "health_center_attendance": 88.834154, "educ_outofschool_all": 9.62963, "work_unemployment": 42.523364, "po_conflict": 0.0, "participation_assembly_attendance": 47.313237, "sp_sss": 98.034076, "he_risk": 18.325522, "shelter_electricity": 5.333333333, "health_center_attendance.1": 88.83415435, "work_farms": 29.26829268, "work_unskilled": 39.02439024, "health_programs": 8.0, "sp_philhealth": 8.0, "water_toilet": 4.0, "shelter_makeshift_nhts": 0.666666667, "food_malnourished": "", "health_child_death": "", "health_maternal_death": "", "he_flood": 0.0, "he_volcano": 0.0, "he_landslide": 0.012193, "he_earthquake": 0.0, "name": "Caray"}, "PH012814007": {"water_access": 86.86131400000001, "food_tenure": 100.0, "shelter_informal_settlers_nhts": 1.459854, "health_center_attendance": 78.130217, "educ_outofschool_all": 8.391608, "work_unemployment": 48.25, "po_conflict": 0.729927, "participation_assembly_attendance": 55.35714300000001, "sp_sss": 99.837662, "he_risk": 1.9999619999999998, "shelter_electricity": 5.839416057999999, "health_center_attendance.1": 78.13021703, "work_farms": 49.27536232, "work_unskilled": 29.95169082, "health_programs": 12.40875912, "sp_philhealth": 12.40875912, "water_toilet": 11.67883212, "shelter_makeshift_nhts": 3.284671533, "food_malnourished": "", "health_child_death": "", "health_maternal_death": "", "he_flood": 0.0, "he_volcano": 0.0, "he_landslide": 0.001056, "he_earthquake": 0.0, "name": "Garnaden"}, "PH012814008": {"water_access": 76.923077, "food_tenure": 47.191010999999996, "shelter_informal_settlers_nhts": 4.733728, "health_center_attendance": 77.885953, "educ_outofschool_all": 7.236842, "work_unemployment": 48.962656, "po_conflict": 0.591716, "participation_assembly_attendance": 64.86486500000001, "sp_sss": 98.873874, "he_risk": 30.067899, "shelter_electricity": 15.38461538, "health_center_attendance.1": 77.88595271, "work_farms": 43.49593496, "work_unskilled": 37.39837398, "health_programs": 8.284023669, "sp_philhealth": 8.284023669, "water_toilet": 10.65088757, "shelter_makeshift_nhts": 1.775147929, "food_malnourished": "", "health_child_death": "", "health_maternal_death": "", "he_flood": 0.0, "he_volcano": 0.0, "he_landslide": 0.011824, "he_earthquake": 0.0, "name": "Naguillan (Pagpag-ong)"}, "PH012814009": {"water_access": 85.13513499999999, "food_tenure": 35.416667, "shelter_informal_settlers_nhts": 4.594595, "health_center_attendance": 87.66954399999999, "educ_outofschool_all": 5.182926999999999, "work_unemployment": 50.493274, "po_conflict": 0.0, "participation_assembly_attendance": 76.047359, "sp_sss": 98.45173, "he_risk": 32.297534999999996, "shelter_electricity": 10.54054054, "health_center_attendance.1": 87.66954377, "work_farms": 16.12318841, "work_unskilled": 44.56521739, "health_programs": 13.78378378, "sp_philhealth": 13.78378378, "water_toilet": 4.324324324, "shelter_makeshift_nhts": 1.351351351, "food_malnourished": "", "health_child_death": "", "health_maternal_death": "", "he_flood": 0.0, "he_volcano": 0.0, "he_landslide": 0.050198, "he_earthquake": 0.07142899999999999, "name": "Poblacion"}, "PH012814010": {"water_access": 76.39751600000001, "food_tenure": 15.555556, "shelter_informal_settlers_nhts": 3.7267080000000004, "health_center_attendance": 77.873918, "educ_outofschool_all": 8.379888000000001, "work_unemployment": 56.238361, "po_conflict": 0.0, "participation_assembly_attendance": 75.571726, "sp_sss": 99.168399, "he_risk": 29.192346, "shelter_electricity": 21.73913043, "health_center_attendance.1": 77.87391842, "work_farms": 31.06382979, "work_unskilled": 48.93617021, "health_programs": 3.105590062, "sp_philhealth": 3.105590062, "water_toilet": 41.61490683, "shelter_makeshift_nhts": 2.48447205, "food_malnourished": "", "health_child_death": "", "health_maternal_death": "", "he_flood": 0.0, "he_volcano": 0.0, "he_landslide": 0.048667, "he_earthquake": 0.28571399999999997, "name": "Santo Ni\u00cc\u00b1o"},