{"PH015521001": {"water_access": 1.3201319999999999, "food_tenure": 61.832060999999996, "shelter_informal_settlers_nhts": 2.2002200000000003, "health_center_attendance": 50.632585, "educ_outofschool_all": 5.1546389999999995, "work_unemployment": 49.921321999999996, "po_conflict": 0.0, "participation_assembly_attendance": 97.924235, "sp_sss": 98.365335, "he_risk": 19.991747, "shelter_electricity": 8.800880088, "health_center_attendance.1": 50.63258456, "work_farms": 21.05263158, "work_unskilled": 29.300864100000002, "health_programs": 48.40484048, "sp_philhealth": 48.40484048, "water_toilet": 4.1804180419999994, "shelter_makeshift_nhts": 1.98019802, "food_malnourished": 4.5, "health_child_death": "", "health_maternal_death": 0.0, "he_flood": 1e-06, "he_volcano": 0.0, "he_landslide": 0.001056, "he_earthquake": 0.0, "name": "Bolo"}, "PH015521002": {"water_access": 14.109347, "food_tenure": 100.0, "shelter_informal_settlers_nhts": 1.940035, "health_center_attendance": 59.230454, "educ_outofschool_all": 6.915888000000001, "work_unemployment": 56.343061, "po_conflict": 1.058201, "participation_assembly_attendance": 96.937883, "sp_sss": 97.59405100000001, "he_risk": 33.354409000000004, "shelter_electricity": 3.880070547, "health_center_attendance.1": 59.23045436, "work_farms": 10.64120055, "work_unskilled": 30.55934516, "health_programs": 60.670193999999995, "sp_philhealth": 60.670193999999995, "water_toilet": 4.232804233, "shelter_makeshift_nhts": 3.4391534389999996, "food_malnourished": "", "health_child_death": "", "health_maternal_death": "", "he_flood": 1e-06, "he_volcano": 0.0, "he_landslide": 0.002903, "he_earthquake": 0.0, "name": "Bongalon"}, "PH015521003": {"water_access": 21.340388, "food_tenure": 15.094339999999999, "shelter_informal_settlers_nhts": 8.818342, "health_center_attendance": 60.727573, "educ_outofschool_all": 5.496829, "work_unemployment": 55.561862, "po_conflict": 0.881834, "participation_assembly_attendance": 97.867804, "sp_sss": 97.654584, "he_risk": 45.476639, "shelter_electricity": 1.5873015869999998, "health_center_attendance.1": 60.72757338, "work_farms": 6.385696041, "work_unskilled": 30.26819923, "health_programs": 64.37389771, "sp_philhealth": 64.37389771, "water_toilet": 2.1164021159999997, "shelter_makeshift_nhts": 4.320987654, "food_malnourished": "", "health_child_death": "", "health_maternal_death": "", "he_flood": 1e-06, "he_volcano": 0.0, "he_landslide": 0.0, "he_earthquake": 0.0, "name": "Dulig"}, "PH015521004": {"water_access": 12.121212, "food_tenure": 80.0, "shelter_informal_settlers_nhts": 0.865801, "health_center_attendance": 54.086318000000006, "educ_outofschool_all": 7.094595, "work_unemployment": 62.27810699999999, "po_conflict": 1.731602, "participation_assembly_attendance": 97.6, "sp_sss": 97.68, "he_risk": 18.455907, "shelter_electricity": 10.82251082, "health_center_attendance.1": 54.08631772, "work_farms": 16.8627451, "work_unskilled": 52.15686275, "health_programs": 53.24675325, "sp_philhealth": 53.24675325, "water_toilet": 0.865800866, "shelter_makeshift_nhts": 0.649350649, "food_malnourished": 0.0, "health_child_death": "", "health_maternal_death": 0.0, "he_flood": 1e-06, "he_volcano": 0.0, "he_landslide": 0.001056, "he_earthquake": 0.0, "name": "Laois"}, "PH015521005": {"water_access": 0.0, "food_tenure": 11.111111, "shelter_informal_settlers_nhts": 2.4844720000000002, "health_center_attendance": 40.053763000000004, "educ_outofschool_all": 3.932584, "work_unemployment": 54.37881899999999, "po_conflict": 0.6211180000000001, "participation_assembly_attendance": 96.630728, "sp_sss": 97.77628, "he_risk": 25.903798000000002, "shelter_electricity": 3.726708075, "health_center_attendance.1": 40.05376344, "work_farms": 12.5, "work_unskilled": 46.42857143, "health_programs": 40.99378882, "sp_philhealth": 40.99378882, "water_toilet": 0.0, "shelter_makeshift_nhts": 3.726708075, "food_malnourished": 4.8000002, "health_child_death": "", "health_maternal_death": 3.4000001, "he_flood": 1e-06, "he_volcano": 0.0, "he_landslide": 0.000264, "he_earthquake": 0.0, "name": "Magsaysay"}, "PH015521006": {"water_access": 0.766284, "food_tenure": 0.0, "shelter_informal_settlers_nhts": 2.298851, "health_center_attendance": 50.622407, "educ_outofschool_all": 2.247191, "work_unemployment": 53.770087, "po_conflict": 0.766284, "participation_assembly_attendance": 97.205589, "sp_sss": 97.60479000000001, "he_risk": 21.229419, "shelter_electricity": 14.17624521, "health_center_attendance.1": 50.62240664, "work_farms": 8.556149733, "work_unskilled": 47.32620321, "health_programs": 39.84674329999999, "sp_philhealth": 39.84674329999999, "water_toilet": 1.1494252870000001, "shelter_makeshift_nhts": 5.747126437, "food_malnourished": "", "health_child_death": "", "health_maternal_death": "", "he_flood": 1e-06, "he_volcano": 0.0, "he_landslide": 0.001056, "he_earthquake": 0.0, "name": "Poblacion"}, "PH015521007": {"water_access": 0.0, "food_tenure": 50.0, "shelter_informal_settlers_nhts": 2.040816, "health_center_attendance": 46.26556, "educ_outofschool_all": 3.125, "work_unemployment": 53.046594999999996, "po_conflict": 0.0, "participation_assembly_attendance": 95.483288, "sp_sss": 97.65131, "he_risk": 26.210515, "shelter_electricity": 9.183673469, "health_center_attendance.1": 46.26556017, "work_farms": 7.6335877860000005, "work_unskilled": 43.51145038, "health_programs": 40.81632653, "sp_philhealth": 40.81632653, "water_toilet": 0.0, "shelter_makeshift_nhts": 5.102040816000001, "food_malnourished": 4.5, "health_child_death": "", "health_maternal_death": 0.0, "he_flood": 3e-06, "he_volcano": 0.0, "he_landslide": 0.002903, "he_earthquake": 0.0, "name": "San Gonzalo"}, "PH015521008": {"water_access": 0.0, "food_tenure": 0.0, "shelter_informal_settlers_nhts": 2.287582, "health_center_attendance": 55.737705000000005, "educ_outofschool_all": 5.0, "work_unemployment": 45.654693, "po_conflict": 0.0, "participation_assembly_attendance": 95.941558, "sp_sss": 97.24025999999999, "he_risk": 17.454660999999998, "shelter_electricity": 3.5947712419999998, "health_center_attendance.1": 55.73770492, "work_farms": 15.56503198, "work_unskilled": 38.37953092, "health_programs": 48.36601307, "sp_philhealth": 48.36601307, "water_toilet": 0.980392157, "shelter_makeshift_nhts": 0.163398693, "food_malnourished": 8.199999799999999, "health_child_death": "", "health_maternal_death": 0.0, "he_flood": 3e-06, "he_volcano": 0.0, "he_landslide": 0.001056, "he_earthquake": 0.0, "name": "San Jose"}, "PH015521009": {"water_access": 4.600484, "food_tenure": 85.714286, "shelter_informal_settlers_nhts": 6.2954, "health_center_attendance": 41.623037, "educ_outofschool_all": 6.470587999999999, "work_unemployment": 54.180887, "po_conflict": 3.1477, "participation_assembly_attendance": 96.950186, "sp_sss": 97.76347, "he_risk": 19.362358, "shelter_electricity": 10.41162228, "health_center_attendance.1": 41.62303665, "work_farms": 29.79515829, "work_unskilled": 32.77467412, "health_programs": 43.58353511, "sp_philhealth": 43.58353511, "water_toilet": 1.2106537529999999, "shelter_makeshift_nhts": 3.389830508, "food_malnourished": 9.1999998, "health_child_death": "", "health_maternal_death": 0.0, "he_flood": 0.0, "he_volcano": 0.0, "he_landslide": 0.000264, "he_earthquake": 0.0, "name": "Tobuan"}, "PH015521010": {"water_access": 0.596421, "food_tenure": 0.0, "shelter_informal_settlers_nhts": 0.39761399999999997, "health_center_attendance": 57.38149, "educ_outofschool_all": 5.7649669999999995, "work_unemployment": 51.290323, "po_conflict": 0.19880699999999998, "participation_assembly_attendance": 98.29758299999999, "sp_sss": 97.61661600000001, "he_risk": 19.754224, "shelter_electricity": 4.970178926, "health_center_attendance.1": 57.38148984, "work_farms": 10.86092715, "work_unskilled": 24.2384106, "health_programs": 45.92445328, "sp_philhealth": 45.92445328, "water_toilet": 1.391650099, "shelter_makeshift_nhts": 1.789264414, "food_malnourished": "", "health_child_death": "",