{"PH013312001": {"Water_Prop": 10.25641, "Food_Prop": 77.5, "Shelter_Prop": 1.025641, "Health_Prop": 4.081633, "Education_Prop": 10.067114, "Work_Prop": 47.947214, "Peace_Prop": 1.025641, "Participation_Prop": 92.18900699999999, "SocialProtection_Prop": 97.782064, "Environment_Prop": 26.857024, "shelter_electricity": 9.743589744, "health_center_attendance": 4.081632653, "work_farms": 13.8028169, "work_unskilled": 33.23943662, "health_programs": 45.12820513, "sp_philhealth": 45.12820513, "water_toilet": 2.051282051, "shelter_makeshift_nhts": 0.256410256, "food_malnourished": "", "health_child_death": "", "health_maternal_death": "", "he_flood": 0.0, "he_volcano": 0.0, "he_landslide": 0.002903, "he_earthquake": 0.0, "name": "Ambalite"}, "PH013312002": {"Water_Prop": 85.340314, "Food_Prop": 31.25, "Shelter_Prop": 19.371728, "Health_Prop": 7.484407000000001, "Education_Prop": 5.487805000000001, "Work_Prop": 43.328336, "Peace_Prop": 1.04712, "Participation_Prop": 89.765101, "SocialProtection_Prop": 98.909396, "Environment_Prop": 29.945656, "shelter_electricity": 8.376963351, "health_center_attendance": 7.484407484, "work_farms": 12.43386243, "work_unskilled": 47.35449735, "health_programs": 35.60209424, "sp_philhealth": 35.60209424, "water_toilet": 2.094240838, "shelter_makeshift_nhts": 0.523560209, "food_malnourished": "", "health_child_death": "", "health_maternal_death": "", "he_flood": 0.0, "he_volcano": 0.0, "he_landslide": 0.048931, "he_earthquake": 0.07142899999999999, "name": "Ambangonan"}, "PH013312003": {"Water_Prop": 33.877551000000004, "Food_Prop": 57.14285699999999, "Shelter_Prop": 1.6326530000000001, "Health_Prop": 19.543828, "Education_Prop": 4.4585989999999995, "Work_Prop": 40.748031, "Peace_Prop": 1.4285709999999998, "Participation_Prop": 96.256084, "SocialProtection_Prop": 98.801947, "Environment_Prop": 17.210807, "shelter_electricity": 9.183673469, "health_center_attendance": 19.54382826, "work_farms": 13.51052049, "work_unskilled": 41.19601329, "health_programs": 48.7755102, "sp_philhealth": 48.7755102, "water_toilet": 3.87755102, "shelter_makeshift_nhts": 0.7142857140000001, "food_malnourished": "", "health_child_death": "", "health_maternal_death": "", "he_flood": 0.0, "he_volcano": 0.0, "he_landslide": 0.002903, "he_earthquake": 0.0, "name": "Cares"}, "PH013312004": {"Water_Prop": 16.886544, "Food_Prop": 56.349206, "Shelter_Prop": 0.791557, "Health_Prop": 4.423192, "Education_Prop": 4.081633, "Work_Prop": 48.776509000000004, "Peace_Prop": 1.319261, "Participation_Prop": 91.29984499999999, "SocialProtection_Prop": 98.446401, "Environment_Prop": 30.947264, "shelter_electricity": 5.013192612, "health_center_attendance": 4.423191871, "work_farms": 28.66242038, "work_unskilled": 29.29936306, "health_programs": 55.14511873, "sp_philhealth": 55.14511873, "water_toilet": 2.1108179419999997, "shelter_makeshift_nhts": 0.0, "food_malnourished": "", "health_child_death": "", "health_maternal_death": "", "he_flood": 0.0, "he_volcano": 0.0, "he_landslide": 0.194669, "he_earthquake": 0.0, "name": "Cuenca"}, "PH013312005": {"Water_Prop": 2.040816, "Food_Prop": 20.0, "Shelter_Prop": 0.0, "Health_Prop": 9.917355, "Education_Prop": 5.691057, "Work_Prop": 38.061465999999996, "Peace_Prop": 3.401361, "Participation_Prop": 86.258278, "SocialProtection_Prop": 98.013245, "Environment_Prop": 27.795412, "shelter_electricity": 14.96598639, "health_center_attendance": 9.917355372000001, "work_farms": 20.99236641, "work_unskilled": 35.11450382, "health_programs": 36.73469388, "sp_philhealth": 36.73469388, "water_toilet": 0.0, "shelter_makeshift_nhts": 0.680272109, "food_malnourished": "", "health_child_death": "", "health_maternal_death": "", "he_flood": 0.0, "he_volcano": 0.0, "he_landslide": 0.002903, "he_earthquake": 0.07142899999999999, "name": "Duplas"}, "PH013312007": {"Water_Prop": 20.661157, "Food_Prop": 0.0, "Shelter_Prop": 1.652893, "Health_Prop": 5.345912, "Education_Prop": 9.811321000000001, "Work_Prop": 48.558246999999994, "Peace_Prop": 1.2396690000000001, "Participation_Prop": 92.498231, "SocialProtection_Prop": 98.5138, "Environment_Prop": 30.70678, "shelter_electricity": 5.371900826, "health_center_attendance": 5.34591195, "work_farms": 21.30044843, "work_unskilled": 30.94170404, "health_programs": 52.0661157, "sp_philhealth": 52.0661157, "water_toilet": 2.8925619830000002, "shelter_makeshift_nhts": 0.20661157, "food_malnourished": "", "health_child_death": "", "health_maternal_death": "", "he_flood": 0.0, "he_volcano": 0.0, "he_landslide": 0.19688599999999998, "he_earthquake": 0.07142899999999999, "name": "Maoasoas Norte"}, "PH013312008": {"Water_Prop": 46.031746000000005, "Food_Prop": 22.580645, "Shelter_Prop": 0.0, "Health_Prop": 2.663934, "Education_Prop": 4.945055, "Work_Prop": 49.187591999999995, "Peace_Prop": 0.0, "Participation_Prop": 91.24378100000001, "SocialProtection_Prop": 98.00995, "Environment_Prop": 29.464603000000004, "shelter_electricity": 6.349206349, "health_center_attendance": 2.663934426, "work_farms": 12.5, "work_unskilled": 35.174418599999996, "health_programs": 44.44444444, "sp_philhealth": 44.44444444, "water_toilet": 1.5873015869999998, "shelter_makeshift_nhts": 0.0, "food_malnourished": "", "health_child_death": "", "health_maternal_death": "", "he_flood": 0.0, "he_volcano": 0.0, "he_landslide": 0.19688599999999998, "he_earthquake": 0.0, "name": "Maoasoas Sur"}, "PH013312009": {"Water_Prop": 55.162242000000006, "Food_Prop": 57.14285699999999, "Shelter_Prop": 2.949853, "Health_Prop": 9.085252, "Education_Prop": 16.621984, "Work_Prop": 34.413727, "Peace_Prop": 2.064897, "Participation_Prop": 89.846852, "SocialProtection_Prop": 98.752127, "Environment_Prop": 21.533858, "shelter_electricity": 18.87905605, "health_center_attendance": 9.085252022, "work_farms": 39.97093023, "work_unskilled": 28.77906977, "health_programs": 38.3480826, "sp_philhealth": 38.3480826, "water_toilet": 24.18879056, "shelter_makeshift_nhts": 0.884955752, "food_malnourished": "", "health_child_death": "", "health_maternal_death": "", "he_flood": 0.0, "he_volcano": 0.0, "he_landslide": 0.192927, "he_earthquake": 0.0, "name": "Palina"}, "PH013312010": {"Water_Prop": 8.62069, "Food_Prop": 33.333333, "Shelter_Prop": 6.896552000000001, "Health_Prop": 13.389831, "Education_Prop": 5.9259260000000005, "Work_Prop": 46.391753, "Peace_Prop": 5.172414, "Participation_Prop": 88.379888, "SocialProtection_Prop": 97.988827, "Environment_Prop": 24.452081, "shelter_electricity": 8.620689655, "health_center_attendance": 13.38983051, "work_farms": 2.403846154, "work_unskilled": 53.36538462, "health_programs": 26.72413793, "sp_philhealth": 26.72413793, "water_toilet": 0.0, "shelter_makeshift_nhts": 0.0, "food_malnourished": "", "health_child_death": "", "health_maternal_death": "", "he_flood": 0.0, "he_volcano": 0.0, "he_landslide": 0.002903, "he_earthquake": 0.0, "name": "Poblacion East"}, "PH013312011": {"Water_Prop": 73.629243, "Food_Prop": 78.57142900000001, "Shelter_Prop": 0.7832899999999999, "Health_Prop": 6.059037, "Education_Prop": 3.645833, "Work_Prop": 47.509025, "Peace_Prop": 3.394256, "Participation_Prop": 95.840131, "SocialProtection_Prop": 99.102773, "Environment_Prop": 30.090821999999996, "shelter_electricity": 6.7885117489999995, "health_center_attendance": 6.0590367689999995, "work_farms": 21.59559835, "work_unskilled": 36.58872077, "health_programs": 40.7310705, "sp_philhealth": 40.7310705, "water_toilet": 1.044386423, "shelter_makeshift_nhts": 0.261096606, "food_malnourished": "", "health_child_death": "", "health_maternal_death": "", "he_flood": 0.0, "he_volcano": 0.0, "he_landslide": 0.19688599999999998, "he_earthquake": 0.0, "name": "San Luis"}, "PH013312012": {"Water_Prop": 63.585434, "Food_Prop": 100.0, "Shelter_Prop": 2.2408959999999998, "Health_Prop": 5.724382, "Education_Prop": 3.546099, "Work_Prop": 46.706587, "Peace_Prop": 4.201681, "Participation_Prop": 88.390186, "SocialProtection_Prop": 98.86295600000001, "Environment_Prop": 38.482732,