{"PH012910001": {"water_access": 1.0638299999999998, "food_tenure": 30.666666999999997, "shelter_informal_settlers_nhts": 1.595745, "health_center_attendance": 75.70564499999999, "educ_outofschool_all": 13.065327, "work_unemployment": 34.708393, "po_conflict": 0.5319149999999999, "participation_assembly_attendance": 91.544885, "sp_sss": 1.5657620000000065, "he_risk": 14.966629000000001, "shelter_electricity": 3.191489362, "health_center_attendance.1": 75.70564516, "work_farms": 34.20479303, "work_unskilled": 51.85185185, "health_programs": 36.17021277, "sp_philhealth": 63.82978723, "water_toilet": 2.127659574, "shelter_makeshift_nhts": 0.531914894, "food_malnourished": "", "health_child_death": "", "health_maternal_death": "", "he_flood": 0.0, "he_volcano": 0.0, "he_landslide": 0.821536, "he_earthquake": 0.0, "name": "Alfonso (Tangaoan)"}, "PH012910002": {"water_access": 0.0, "food_tenure": 70.27027, "shelter_informal_settlers_nhts": 0.0, "health_center_attendance": 69.954128, "educ_outofschool_all": 26.153845999999998, "work_unemployment": 35.151515, "po_conflict": 1.204819, "participation_assembly_attendance": 85.63327, "sp_sss": 1.1342160000000092, "he_risk": 14.065819, "shelter_electricity": 3.614457831, "health_center_attendance.1": 69.95412844, "work_farms": 25.23364486, "work_unskilled": 47.663551399999996, "health_programs": 21.68674699, "sp_philhealth": 78.31325301, "water_toilet": 4.8192771080000005, "shelter_makeshift_nhts": 1.807228916, "food_malnourished": "", "health_child_death": "", "health_maternal_death": "", "he_flood": 0.0, "he_volcano": 0.0, "he_landslide": 0.835841, "he_earthquake": 0.0, "name": "Bussot"}, "PH012910003": {"water_access": 0.0, "food_tenure": 43.373494, "shelter_informal_settlers_nhts": 1.875, "health_center_attendance": 71.00591700000001, "educ_outofschool_all": 5.9322029999999994, "work_unemployment": 45.956607, "po_conflict": 0.0, "participation_assembly_attendance": 85.818182, "sp_sss": 2.060606000000007, "he_risk": 14.086012, "shelter_electricity": 4.375, "health_center_attendance.1": 71.00591716, "work_farms": 18.61313869, "work_unskilled": 47.81021898, "health_programs": 33.125, "sp_philhealth": 66.875, "water_toilet": 4.375, "shelter_makeshift_nhts": 2.1875, "food_malnourished": "", "health_child_death": "", "health_maternal_death": "", "he_flood": 0.0, "he_volcano": 0.0, "he_landslide": 0.8541040000000001, "he_earthquake": 0.0, "name": "Concepcion"}, "PH012910004": {"water_access": 0.0, "food_tenure": 20.0, "shelter_informal_settlers_nhts": 1.869159, "health_center_attendance": 57.293868999999994, "educ_outofschool_all": 7.058824, "work_unemployment": 30.704225, "po_conflict": 1.869159, "participation_assembly_attendance": 84.701493, "sp_sss": 1.6791040000000095, "he_risk": 13.957607000000001, "shelter_electricity": 5.607476636, "health_center_attendance.1": 57.29386892, "work_farms": 28.04878049, "work_unskilled": 51.62601626, "health_programs": 30.841121500000003, "sp_philhealth": 69.1588785, "water_toilet": 1.869158879, "shelter_makeshift_nhts": 0.46728972, "food_malnourished": "", "health_child_death": "", "health_maternal_death": "", "he_flood": 0.0, "he_volcano": 0.0, "he_landslide": 0.846714, "he_earthquake": 0.0, "name": "Dapdappig"}, "PH012910005": {"water_access": 0.0, "food_tenure": 26.5625, "shelter_informal_settlers_nhts": 0.724638, "health_center_attendance": 57.410295999999995, "educ_outofschool_all": 15.254237, "work_unemployment": 36.382979, "po_conflict": 0.0, "participation_assembly_attendance": 88.84565500000001, "sp_sss": 1.8158239999999921, "he_risk": 4.988611, "shelter_electricity": 1.4492753619999998, "health_center_attendance.1": 57.41029641, "work_farms": 19.06354515, "work_unskilled": 65.21739129999999, "health_programs": 15.2173913, "sp_philhealth": 84.7826087, "water_toilet": 0.0, "shelter_makeshift_nhts": 0.7246376809999999, "food_malnourished": "", "health_child_death": "", "health_maternal_death": "", "he_flood": 0.0, "he_volcano": 0.0, "he_landslide": 0.202323, "he_earthquake": 0.07142899999999999, "name": "Matue-Butarag"}, "PH012910007": {"water_access": 0.909091, "food_tenure": 66.666667, "shelter_informal_settlers_nhts": 0.0, "health_center_attendance": 67.636364, "educ_outofschool_all": 4.040404, "work_unemployment": 39.454094, "po_conflict": 0.0, "participation_assembly_attendance": 90.746753, "sp_sss": 1.298700999999994, "he_risk": 3.399275, "shelter_electricity": 2.727272727, "health_center_attendance.1": 67.63636364, "work_farms": 24.18032787, "work_unskilled": 36.885245899999994, "health_programs": 26.36363636, "sp_philhealth": 73.63636364, "water_toilet": 1.8181818180000002, "shelter_makeshift_nhts": 0.0, "food_malnourished": "", "health_child_death": "", "health_maternal_death": "", "he_flood": 0.0, "he_volcano": 0.0, "he_landslide": 0.20981799999999998, "he_earthquake": 0.0, "name": "Poblacion Norte"}, "PH012910008": {"water_access": 0.0, "food_tenure": 78.378378, "shelter_informal_settlers_nhts": 0.0, "health_center_attendance": 69.26406899999999, "educ_outofschool_all": 6.25, "work_unemployment": 41.595442, "po_conflict": 0.0, "participation_assembly_attendance": 90.3125, "sp_sss": 0.3125, "he_risk": 3.432168, "shelter_electricity": 0.0, "health_center_attendance.1": 69.26406926, "work_farms": 27.31707317, "work_unskilled": 32.19512195, "health_programs": 16.27906977, "sp_philhealth": 83.72093023, "water_toilet": 0.0, "shelter_makeshift_nhts": 0.0, "food_malnourished": "", "health_child_death": "", "health_maternal_death": "", "he_flood": 0.0, "he_volcano": 0.0, "he_landslide": 0.20981799999999998, "he_earthquake": 0.0, "name": "Poblacion Sur"}}