{"PH012822001": {"Water_Prop": 92.718447, "Food_Prop": 80.0, "Shelter_Prop": 0.970874, "Health_Prop": 6.336406, "Education_Prop": 3.6144580000000004, "Work_Prop": 45.22293, "Peace_Prop": 0.485437, "Participation_Prop": 92.06349200000001, "SocialProtection_Prop": 98.185941, "Environment_Prop": 0.58127, "shelter_electricity": 1.45631068, "health_center_attendance": 6.33640553, "work_farms": 35.174418599999996, "work_unskilled": 34.30232558, "health_programs": 23.30097087, "sp_philhealth": 23.30097087, "water_toilet": 0.0, "shelter_makeshift_nhts": 0.485436893, "food_malnourished": 4.3000002, "health_child_death": "", "health_maternal_death": 0.0, "he_flood": 0.0, "he_volcano": 0.0, "he_landslide": 0.0, "he_earthquake": 0.0}, "PH012822002": {"Water_Prop": 71.24183000000001, "Food_Prop": 89.583333, "Shelter_Prop": 0.0, "Health_Prop": 56.25, "Education_Prop": 6.6115699999999995, "Work_Prop": 43.595506, "Peace_Prop": 0.653595, "Participation_Prop": 86.342229, "SocialProtection_Prop": 98.587127, "Environment_Prop": 8.696586, "shelter_electricity": 8.496732026, "health_center_attendance": 56.25, "work_farms": 39.0438247, "work_unskilled": 21.51394422, "health_programs": 55.55555556, "sp_philhealth": 55.55555556, "water_toilet": 0.0, "shelter_makeshift_nhts": 0.653594771, "food_malnourished": 0.0, "health_child_death": "", "health_maternal_death": 0.0, "he_flood": 0.0, "he_volcano": 0.0, "he_landslide": 0.0, "he_earthquake": 0.0}, "PH012822003": {"Water_Prop": 33.333333, "Food_Prop": 63.636364, "Shelter_Prop": 0.7843140000000001, "Health_Prop": 6.824147, "Education_Prop": 3.49345, "Work_Prop": 44.619105, "Peace_Prop": 3.529412, "Participation_Prop": 84.568966, "SocialProtection_Prop": 98.189655, "Environment_Prop": 0.850124, "shelter_electricity": 5.490196077999999, "health_center_attendance": 6.824146982, "work_farms": 42.79475983, "work_unskilled": 30.7860262, "health_programs": 19.60784314, "sp_philhealth": 19.60784314, "water_toilet": 1.568627451, "shelter_makeshift_nhts": 0.0, "food_malnourished": 3.0, "health_child_death": "", "health_maternal_death": 0.0, "he_flood": 0.0, "he_volcano": 0.0, "he_landslide": 0.0, "he_earthquake": 0.0}, "PH012822004": {"Water_Prop": 45.182724, "Food_Prop": 28.571429, "Shelter_Prop": 1.328904, "Health_Prop": 18.240517, "Education_Prop": 5.084746, "Work_Prop": 41.638981, "Peace_Prop": 1.993355, "Participation_Prop": 84.072126, "SocialProtection_Prop": 98.49736999999999, "Environment_Prop": 9.011097999999999, "shelter_electricity": 7.973421927, "health_center_attendance": 18.24051655, "work_farms": 36.24288425, "work_unskilled": 31.30929791, "health_programs": 50.83056478, "sp_philhealth": 50.83056478, "water_toilet": 1.6611295680000002, "shelter_makeshift_nhts": 0.332225914, "food_malnourished": 3.3, "health_child_death": "", "health_maternal_death": 5.5999999, "he_flood": 0.0, "he_volcano": 0.0, "he_landslide": 0.0, "he_earthquake": 0.0}, "PH012822005": {"Water_Prop": 16.959064, "Food_Prop": 76.344086, "Shelter_Prop": 1.169591, "Health_Prop": 6.792453, "Education_Prop": 11.170213, "Work_Prop": 35.906643, "Peace_Prop": 0.584795, "Participation_Prop": 81.750925, "SocialProtection_Prop": 98.64365, "Environment_Prop": 0.303475, "shelter_electricity": 3.50877193, "health_center_attendance": 6.79245283, "work_farms": 51.82072829, "work_unskilled": 23.24929972, "health_programs": 2.9239766080000003, "sp_philhealth": 2.9239766080000003, "water_toilet": 0.0, "shelter_makeshift_nhts": 0.8771929820000001, "food_malnourished": "", "health_child_death": "", "health_maternal_death": "", "he_flood": 0.0, "he_volcano": 0.0, "he_landslide": 0.0, "he_earthquake": 0.0}, "PH012822006": {"Water_Prop": 66.27450999999999, "Food_Prop": 49.668874, "Shelter_Prop": 0.39215700000000003, "Health_Prop": 29.946043, "Education_Prop": 3.2110090000000002, "Work_Prop": 44.694132, "Peace_Prop": 0.7843140000000001, "Participation_Prop": 84.53427099999999, "SocialProtection_Prop": 97.53954300000001, "Environment_Prop": 8.702318, "shelter_electricity": 3.529411765, "health_center_attendance": 29.94604317, "work_farms": 37.92325056, "work_unskilled": 29.79683973, "health_programs": 23.1372549, "sp_philhealth": 23.1372549, "water_toilet": 1.960784314, "shelter_makeshift_nhts": 0.588235294, "food_malnourished": 0.0, "health_child_death": "", "health_maternal_death": 0.0, "he_flood": 0.0, "he_volcano": 0.0, "he_landslide": 0.0, "he_earthquake": 0.0}, "PH012822007": {"Water_Prop": 86.379928, "Food_Prop": 90.604027, "Shelter_Prop": 1.075269, "Health_Prop": 9.031733000000001, "Education_Prop": 7.949791, "Work_Prop": 48.358862, "Peace_Prop": 0.358423, "Participation_Prop": 94.767025, "SocialProtection_Prop": 98.27956999999999, "Environment_Prop": 16.76422, "shelter_electricity": 3.584229391, "health_center_attendance": 9.031733116, "work_farms": 40.25423729, "work_unskilled": 31.355932199999998, "health_programs": 31.54121864, "sp_philhealth": 31.54121864, "water_toilet": 17.92114695, "shelter_makeshift_nhts": 0.8960573479999999, "food_malnourished": "", "health_child_death": "", "health_maternal_death": "", "he_flood": 0.0, "he_volcano": 0.0, "he_landslide": 0.003167, "he_earthquake": 0.0}, "PH012822008": {"Water_Prop": 96.696697, "Food_Prop": 40.441176, "Shelter_Prop": 3.6036040000000003, "Health_Prop": 4.8342540000000005, "Education_Prop": 2.867384, "Work_Prop": 46.704330999999996, "Peace_Prop": 0.3003, "Participation_Prop": 86.49932199999999, "SocialProtection_Prop": 98.16825, "Environment_Prop": 8.408711, "shelter_electricity": 5.705705706, "health_center_attendance": 4.834254144, "work_farms": 43.81625442, "work_unskilled": 19.25795053, "health_programs": 33.63363363, "sp_philhealth": 33.63363363, "water_toilet": 0.0, "shelter_makeshift_nhts": 0.0, "food_malnourished": 0.0, "health_child_death": "", "health_maternal_death": 0.0, "he_flood": 0.0, "he_volcano": 0.0, "he_landslide": 0.0, "he_earthquake": 0.0}, "PH012822009": {"Water_Prop": 40.689655, "Food_Prop": 100.0, "Shelter_Prop": 3.4482760000000003, "Health_Prop": 61.198738, "Education_Prop": 20.359281, "Work_Prop": 41.88862, "Peace_Prop": 8.275862, "Participation_Prop": 94.107744, "SocialProtection_Prop": 98.611111, "Environment_Prop": 8.113194, "shelter_electricity": 6.206896552000001, "health_center_attendance": 61.19873817, "work_farms": 11.66666667, "work_unskilled": 61.25, "health_programs": 22.06896552, "sp_philhealth": 22.06896552, "water_toilet": 0.689655172, "shelter_makeshift_nhts": 2.068965517, "food_malnourished": 6.1999998, "health_child_death": "", "health_maternal_death": 0.0, "he_flood": 0.0, "he_volcano": 0.0, "he_landslide": 0.0, "he_earthquake": 0.0}, "PH012822010": {"Water_Prop": 36.764706, "Food_Prop": 90.909091, "Shelter_Prop": 7.352941, "Health_Prop": 18.272425, "Education_Prop": 12.5, "Work_Prop": 37.931034000000004, "Peace_Prop": 0.0, "Participation_Prop": 89.916551, "SocialProtection_Prop": 97.91376899999999, "Environment_Prop": 0.34413499999999997, "shelter_electricity": 8.823529412000001, "health_center_attendance": 18.27242525, "work_farms": 19.84126984, "work_unskilled": 58.73015873, "health_programs": 19.11764706, "sp_philhealth": 19.11764706, "water_toilet": 1.470588235, "shelter_makeshift_nhts": 3.676470588, "food_malnourished": 2.0999999, "health_child_death": "", "health_maternal_death": 0.0, "he_flood": 0.0, "he_volcano": 0.0, "he_landslide": 0.0, "he_earthquake": 0.0}, "PH012822011": {"Water_Prop": 11.392405, "Food_Prop": 76.923077, "Shelter_Prop": 0.0, "Health_Prop": 9.375, "Education_Prop": 0.0, "Work_Prop": 47.081711999999996, "Peace_Prop": 0.0, "Participation_Prop": 69.6793, "SocialProtection_Prop": 98.542274, "Environment_Prop": 17.045654000000003, "shelter_electricity": 2.53164557, "health_center_attendance": 9.375, "work_farms": 30.14705882, "work_unskilled": 33.82352941, "health_programs": 59.49367089, "sp_philhealth": 59.49367089, "water_toilet": 0.0, "shelter_makeshift_nhts": 0.0, "food_malnourished": 0.0, "health_child_death": "", "health_maternal_death": 0.0,