{"PH015501001": {"water_access": 57.763975, "food_tenure": 38.666667, "shelter_informal_settlers_nhts": 1.8633540000000002, "health_center_attendance": 53.887399, "educ_outofschool_all": 7.317073, "work_unemployment": 42.965779, "po_conflict": 3.7267080000000004, "participation_assembly_attendance": "", "sp_sss": 1.8154310000000038, "he_risk": 2.467662, "shelter_electricity": 8.074534161, "health_center_attendance.1": 53.88739946, "work_farms": 52.33333333, "work_unskilled": 20.33333333, "health_programs": 26.70807453, "sp_philhealth": 73.29192547, "water_toilet": 20.49689441, "shelter_makeshift_nhts": 1.863354037, "food_malnourished": 0.0, "health_child_death": "", "health_maternal_death": 0.0, "he_flood": 0.0, "he_volcano": 0.0, "he_landslide": 0.011085, "he_earthquake": 0.07142899999999999, "name": "Allabon"}, "PH015501002": {"water_access": 6.7901229999999995, "food_tenure": 96.153846, "shelter_informal_settlers_nhts": 0.617284, "health_center_attendance": 34.217038, "educ_outofschool_all": 4.487179, "work_unemployment": 52.365763, "po_conflict": 3.240741, "participation_assembly_attendance": "", "sp_sss": 1.6796870000000013, "he_risk": 1.369171, "shelter_electricity": 14.04320988, "health_center_attendance.1": 34.21703782, "work_farms": 51.89732143, "work_unskilled": 20.3125, "health_programs": 47.99382716, "sp_philhealth": 52.00617284, "water_toilet": 8.179012346, "shelter_makeshift_nhts": 4.8611111110000005, "food_malnourished": 0.5, "health_child_death": "", "health_maternal_death": 0.0, "he_flood": 0.0, "he_volcano": 0.0, "he_landslide": 0.000792, "he_earthquake": 0.0, "name": "Aloleng"}, "PH015501003": {"water_access": 60.29055699999999, "food_tenure": 45.652174, "shelter_informal_settlers_nhts": 1.9370459999999998, "health_center_attendance": 34.606866, "educ_outofschool_all": 5.278174, "work_unemployment": 47.305864, "po_conflict": 4.358354, "participation_assembly_attendance": "", "sp_sss": 1.776717000000005, "he_risk": 9.319609, "shelter_electricity": 12.22760291, "health_center_attendance.1": 34.606866, "work_farms": 37.21804511, "work_unskilled": 23.0075188, "health_programs": 35.47215496, "sp_philhealth": 64.52784504, "water_toilet": 8.716707022000001, "shelter_makeshift_nhts": 1.271186441, "food_malnourished": "", "health_child_death": "", "health_maternal_death": "", "he_flood": 0.0, "he_volcano": 0.0, "he_landslide": 0.000264, "he_earthquake": 0.0, "name": "Bangan-Oda"}, "PH015501004": {"water_access": 67.625899, "food_tenure": 82.894737, "shelter_informal_settlers_nhts": 0.359712, "health_center_attendance": 45.011253, "educ_outofschool_all": 4.823151, "work_unemployment": 52.20339, "po_conflict": 2.877698, "participation_assembly_attendance": "", "sp_sss": 1.3822119999999956, "he_risk": 1.523339, "shelter_electricity": 18.34532374, "health_center_attendance.1": 45.01125281, "work_farms": 54.60992908, "work_unskilled": 18.43971631, "health_programs": 32.73381295, "sp_philhealth": 67.26618705, "water_toilet": 17.98561151, "shelter_makeshift_nhts": 1.258992806, "food_malnourished": 0.0, "health_child_death": "", "health_maternal_death": 2.9000001, "he_flood": 0.0, "he_volcano": 0.0, "he_landslide": 0.011085, "he_earthquake": 0.0, "name": "Baruan"}, "PH015501005": {"water_access": 33.679525, "food_tenure": 96.511628, "shelter_informal_settlers_nhts": 1.186944, "health_center_attendance": 38.675497, "educ_outofschool_all": 5.091938, "work_unemployment": 45.803841999999996, "po_conflict": 3.857567, "participation_assembly_attendance": "", "sp_sss": 2.023557999999994, "he_risk": 10.514403, "shelter_electricity": 20.3264095, "health_center_attendance.1": 38.67549669, "work_farms": 39.55223881, "work_unskilled": 36.66044776, "health_programs": 29.22848665, "sp_philhealth": 70.77151334999999, "water_toilet": 24.62908012, "shelter_makeshift_nhts": 6.824925816, "food_malnourished": 0.0, "health_child_death": "", "health_maternal_death": 2.8, "he_flood": 0.0, "he_volcano": 0.0, "he_landslide": 0.011085, "he_earthquake": 0.0, "name": "Boboy"}, "PH015501006": {"water_access": 32.321040999999994, "food_tenure": 84.615385, "shelter_informal_settlers_nhts": 3.4707160000000004, "health_center_attendance": 37.051994, "educ_outofschool_all": 6.683805, "work_unemployment": 47.368421000000005, "po_conflict": 4.338394999999999, "participation_assembly_attendance": "", "sp_sss": 1.5101459999999918, "he_risk": 9.315681, "shelter_electricity": 12.581344900000001, "health_center_attendance.1": 37.05199394, "work_farms": 42.93333333, "work_unskilled": 20.4, "health_programs": 42.51626898, "sp_philhealth": 57.48373102, "water_toilet": 15.835141, "shelter_makeshift_nhts": 1.518438178, "food_malnourished": 0.0, "health_child_death": "", "health_maternal_death": 0.0, "he_flood": 1e-06, "he_volcano": 0.0, "he_landslide": 0.000264, "he_earthquake": 0.0, "name": "Cayungnan"}, "PH015501007": {"water_access": 50.746269, "food_tenure": 45.0, "shelter_informal_settlers_nhts": 0.746269, "health_center_attendance": 31.818182, "educ_outofschool_all": 17.708333, "work_unemployment": 47.959184, "po_conflict": 13.432835999999998, "participation_assembly_attendance": "", "sp_sss": 1.5358360000000033, "he_risk": 0.303054, "shelter_electricity": 14.17910448, "health_center_attendance.1": 31.81818182, "work_farms": 35.78431373, "work_unskilled": 17.64705882, "health_programs": 47.01492537, "sp_philhealth": 52.98507463, "water_toilet": 15.67164179, "shelter_makeshift_nhts": 2.23880597, "food_malnourished": "", "health_child_death": "", "health_maternal_death": "", "he_flood": 0.0, "he_volcano": 0.0, "he_landslide": 0.000264, "he_earthquake": 0.0, "name": "Dangley"}, "PH015501009": {"water_access": 83.660131, "food_tenure": 24.637681, "shelter_informal_settlers_nhts": 0.0, "health_center_attendance": 56.606607, "educ_outofschool_all": 8.280255, "work_unemployment": 46.559633000000005, "po_conflict": 22.222222, "participation_assembly_attendance": "", "sp_sss": 0.988701000000006, "he_risk": 1.666895, "shelter_electricity": 20.91503268, "health_center_attendance.1": 56.60660661, "work_farms": 63.09012876, "work_unskilled": 21.88841202, "health_programs": 28.10457516, "sp_philhealth": 71.89542484, "water_toilet": 41.17647059, "shelter_makeshift_nhts": 6.209150327000001, "food_malnourished": 0.0, "health_child_death": "", "health_maternal_death": 0.0, "he_flood": 0.0, "he_volcano": 0.0, "he_landslide": 0.002639, "he_earthquake": 0.0, "name": "Gayusan"}, "PH015501010": {"water_access": 83.64779899999999, "food_tenure": 76.744186, "shelter_informal_settlers_nhts": 1.572327, "health_center_attendance": 36.726473999999996, "educ_outofschool_all": 4.784689, "work_unemployment": 45.409292, "po_conflict": 5.031447, "participation_assembly_attendance": "", "sp_sss": 1.976935999999995, "he_risk": 4.937572, "shelter_electricity": 19.65408805, "health_center_attendance.1": 36.72647382, "work_farms": 52.98885512, "work_unskilled": 23.70820669, "health_programs": 27.98742138, "sp_philhealth": 72.01257862, "water_toilet": 40.09433962, "shelter_makeshift_nhts": 8.883647799, "food_malnourished": 0.0, "health_child_death": "", "health_maternal_death": 5.5999999, "he_flood": 0.0, "he_volcano": 0.0, "he_landslide": 0.011085, "he_earthquake": 0.07142899999999999, "name": "Macaboboni"}, "PH015501011": {"water_access": 79.475983, "food_tenure": 60.0, "shelter_informal_settlers_nhts": 0.0, "health_center_attendance": 39.328063, "educ_outofschool_all": 4.782609, "work_unemployment": 44.573082, "po_conflict": 5.240175, "participation_assembly_attendance": "", "sp_sss": 1.9047620000000052, "he_risk": 2.2816509999999997, "shelter_electricity": 15.28384279, "health_center_attendance.1": 39.32806324, "work_farms": 47.51958225, "work_unskilled": 22.19321149, "health_programs": 24.89082969, "sp_philhealth": 75.10917031, "water_toilet": 22.70742358, "shelter_makeshift_nhts": 2.401746725, "food_malnourished": 0.0, "health_child_death": "", "health_maternal_death": 0.0, "he_flood": 0.0, "he_volcano": 0.0,