{"PH012901001": {"Water_Prop": 10.215053999999999, "Food_Prop": 87.5, "Shelter_Prop": 0.0, "Health_Prop": 96.95321, "Education_Prop": 2.538071, "Work_Prop": 35.901387, "Peace_Prop": 0.0, "Participation_Prop": 93.015873, "SocialProtection_Prop": 98.41269799999999, "Environment_Prop": 28.948335999999998, "shelter_electricity": 3.76344086, "health_center_attendance": 96.95321001, "work_farms": 22.83653846, "work_unskilled": 41.10576923, "health_programs": 15.59139785, "sp_philhealth": 15.59139785, "water_toilet": 1.612903226, "shelter_makeshift_nhts": 0.268817204, "food_malnourished": 5.1999998, "health_child_death": "", "health_maternal_death": 0.0, "he_flood": 0.0, "he_volcano": 0.0, "he_landslide": 0.051306, "he_earthquake": 0.07142899999999999}, "PH012901002": {"Water_Prop": 46.017699, "Food_Prop": 0.0, "Shelter_Prop": 0.0, "Health_Prop": 91.680532, "Education_Prop": 4.511278, "Work_Prop": 30.361446, "Peace_Prop": 0.0, "Participation_Prop": 78.461538, "SocialProtection_Prop": 96.923077, "Environment_Prop": 2.23697, "shelter_electricity": 0.0, "health_center_attendance": 91.68053245, "work_farms": 25.60553633, "work_unskilled": 44.98269896, "health_programs": 11.50442478, "sp_philhealth": 11.50442478, "water_toilet": 0.0, "shelter_makeshift_nhts": 0.0, "food_malnourished": 2.7, "health_child_death": "", "health_maternal_death": 0.0, "he_flood": 0.0, "he_volcano": 0.0, "he_landslide": 0.050831, "he_earthquake": 0.0}, "PH012901003": {"Water_Prop": 42.328041999999996, "Food_Prop": 31.15942, "Shelter_Prop": 0.0, "Health_Prop": 91.967404, "Education_Prop": 7.518797, "Work_Prop": 28.48392, "Peace_Prop": 0.0, "Participation_Prop": 85.233161, "SocialProtection_Prop": 97.927461, "Environment_Prop": 2.272337, "shelter_electricity": 3.7037037039999996, "health_center_attendance": 91.96740396, "work_farms": 32.11991435, "work_unskilled": 37.68736617, "health_programs": 14.81481481, "sp_philhealth": 14.81481481, "water_toilet": 1.0582010579999999, "shelter_makeshift_nhts": 0.793650794, "food_malnourished": 13.1, "health_child_death": "", "health_maternal_death": 0.0, "he_flood": 0.0, "he_volcano": 0.0, "he_landslide": 0.052784000000000005, "he_earthquake": 0.0}, "PH012901004": {"Water_Prop": 49.484536, "Food_Prop": 0.0, "Shelter_Prop": 0.0, "Health_Prop": 90.99804300000001, "Education_Prop": 8.035714, "Work_Prop": 24.089636, "Peace_Prop": 0.0, "Participation_Prop": 86.912065, "SocialProtection_Prop": 98.77300600000001, "Environment_Prop": 15.01307, "shelter_electricity": 6.18556701, "health_center_attendance": 90.99804305, "work_farms": 35.05535055, "work_unskilled": 48.70848708, "health_programs": 9.278350515, "sp_philhealth": 9.278350515, "water_toilet": 6.18556701, "shelter_makeshift_nhts": 1.030927835, "food_malnourished": 0.0, "health_child_death": "", "health_maternal_death": 20.0, "he_flood": 0.0, "he_volcano": 0.0, "he_landslide": 0.8245979999999999, "he_earthquake": 0.0}, "PH012901005": {"Water_Prop": 27.619048, "Food_Prop": 6.25, "Shelter_Prop": 0.0, "Health_Prop": 89.37605400000001, "Education_Prop": 9.848485, "Work_Prop": 31.63017, "Peace_Prop": 0.0, "Participation_Prop": 86.252354, "SocialProtection_Prop": 98.493409, "Environment_Prop": 13.865302, "shelter_electricity": 3.80952381, "health_center_attendance": 89.37605396, "work_farms": 27.40213523, "work_unskilled": 46.2633452, "health_programs": 10.47619048, "sp_philhealth": 10.47619048, "water_toilet": 9.523809523999999, "shelter_makeshift_nhts": 0.0, "food_malnourished": 5.9000001, "health_child_death": "", "health_maternal_death": 0.0, "he_flood": 0.0, "he_volcano": 0.0, "he_landslide": 0.823542, "he_earthquake": 0.0}, "PH012901006": {"Water_Prop": 50.413222999999995, "Food_Prop": 36.666667, "Shelter_Prop": 0.0, "Health_Prop": 67.979452, "Education_Prop": 5.343511, "Work_Prop": 26.847291, "Peace_Prop": 0.8264459999999999, "Participation_Prop": 85.856574, "SocialProtection_Prop": 98.804781, "Environment_Prop": 20.242924, "shelter_electricity": 0.826446281, "health_center_attendance": 67.97945205, "work_farms": 33.33333333, "work_unskilled": 45.11784512, "health_programs": 8.26446281, "sp_philhealth": 8.26446281, "water_toilet": 11.57024793, "shelter_makeshift_nhts": 0.0, "food_malnourished": 2.5999999, "health_child_death": "", "health_maternal_death": 0.0, "he_flood": 0.0, "he_volcano": 0.0, "he_landslide": 0.20105599999999998, "he_earthquake": 0.0}, "PH012901010": {"Water_Prop": 53.691275, "Food_Prop": 12.844037, "Shelter_Prop": 0.0, "Health_Prop": 86.55569799999999, "Education_Prop": 10.691824, "Work_Prop": 22.037036999999998, "Peace_Prop": 0.0, "Participation_Prop": 78.453947, "SocialProtection_Prop": 99.506579, "Environment_Prop": 16.155651000000002, "shelter_electricity": 0.67114094, "health_center_attendance": 86.55569782, "work_farms": 30.64133017, "work_unskilled": 47.74346793, "health_programs": 10.06711409, "sp_philhealth": 10.06711409, "water_toilet": 10.73825503, "shelter_makeshift_nhts": 1.006711409, "food_malnourished": 6.599999900000001, "health_child_death": "", "health_maternal_death": 0.0, "he_flood": 0.0, "he_volcano": 0.0, "he_landslide": 0.825125, "he_earthquake": 0.0}, "PH012901011": {"Water_Prop": 44.791667, "Food_Prop": 100.0, "Shelter_Prop": 0.0, "Health_Prop": 91.696751, "Education_Prop": 3.787879, "Work_Prop": 27.42915, "Peace_Prop": 0.0, "Participation_Prop": 94.359388, "SocialProtection_Prop": 99.194198, "Environment_Prop": 30.676846, "shelter_electricity": 5.555555556, "health_center_attendance": 91.69675090000001, "work_farms": 34.86750349, "work_unskilled": 38.77266388, "health_programs": 13.88888889, "sp_philhealth": 13.88888889, "water_toilet": 17.36111111, "shelter_makeshift_nhts": 0.694444444, "food_malnourished": 3.3, "health_child_death": "", "health_maternal_death": 0.0, "he_flood": 0.0, "he_volcano": 0.0, "he_landslide": 0.20427599999999999, "he_earthquake": 0.0}, "PH012901013": {"Water_Prop": 49.54955, "Food_Prop": 43.478260999999996, "Shelter_Prop": 0.0, "Health_Prop": 85.943775, "Education_Prop": 5.882353, "Work_Prop": 23.850575, "Peace_Prop": 0.0, "Participation_Prop": 79.868709, "SocialProtection_Prop": 99.562363, "Environment_Prop": 17.835316, "shelter_electricity": 7.207207207000001, "health_center_attendance": 85.9437751, "work_farms": 40.75471698, "work_unskilled": 33.96226415, "health_programs": 9.90990991, "sp_philhealth": 9.90990991, "water_toilet": 5.405405405, "shelter_makeshift_nhts": 1.351351351, "food_malnourished": 4.3000002, "health_child_death": "", "health_maternal_death": 0.0, "he_flood": 0.0, "he_volcano": 0.0, "he_landslide": 0.051729, "he_earthquake": 0.0}}