{"PH012932001": {"Water_Prop": 11.989101, "Food_Prop": 87.5, "Shelter_Prop": 1.6348770000000001, "Health_Prop": 21.758105, "Education_Prop": 6.825939, "Work_Prop": 43.441938, "Peace_Prop": 0.27248, "Participation_Prop": 93.316677, "SocialProtection_Prop": 97.876327, "Environment_Prop": 20.124087, "shelter_electricity": 7.084468665, "health_center_attendance": 21.75810474, "work_farms": 16.83899557, "work_unskilled": 32.20088626, "health_programs": 40.32697548, "sp_philhealth": 40.32697548, "water_toilet": 4.9046321530000005, "shelter_makeshift_nhts": 0.544959128, "food_malnourished": "", "health_child_death": "", "health_maternal_death": "", "he_flood": 0.0, "he_volcano": 0.0, "he_landslide": 0.047506, "he_earthquake": 0.0, "name": "Baringcucurong"}, "PH012932002": {"Water_Prop": 21.501706, "Food_Prop": 12.5, "Shelter_Prop": 1.3651879999999998, "Health_Prop": 11.746032000000001, "Education_Prop": 9.210526, "Work_Prop": 33.943965999999996, "Peace_Prop": 1.0238909999999999, "Participation_Prop": 83.397387, "SocialProtection_Prop": 97.770945, "Environment_Prop": 19.932053, "shelter_electricity": 3.071672355, "health_center_attendance": 11.74603175, "work_farms": 26.427406199999997, "work_unskilled": 40.61990212, "health_programs": 37.88395904, "sp_philhealth": 37.88395904, "water_toilet": 13.99317406, "shelter_makeshift_nhts": 0.17064846399999997, "food_malnourished": "", "health_child_death": "", "health_maternal_death": "", "he_flood": 0.0, "he_volcano": 0.0, "he_landslide": 0.05516, "he_earthquake": 0.0, "name": "Cabugao"}, "PH012932003": {"Water_Prop": 20.338983, "Food_Prop": 13.375796, "Shelter_Prop": 1.2711860000000001, "Health_Prop": 23.992413, "Education_Prop": 11.709602, "Work_Prop": 33.887043, "Peace_Prop": 0.423729, "Participation_Prop": 83.67456899999999, "SocialProtection_Prop": 97.62931, "Environment_Prop": 38.215015, "shelter_electricity": 5.93220339, "health_center_attendance": 23.99241347, "work_farms": 19.29648241, "work_unskilled": 55.77889447, "health_programs": 29.44915254, "sp_philhealth": 29.44915254, "water_toilet": 11.44067797, "shelter_makeshift_nhts": 0.0, "food_malnourished": "", "health_child_death": "", "health_maternal_death": "", "he_flood": 0.0, "he_volcano": 0.0, "he_landslide": 0.8206389999999999, "he_earthquake": 0.0, "name": "Man-atong"}, "PH012932004": {"Water_Prop": 16.216216, "Food_Prop": 10.0, "Shelter_Prop": 1.351351, "Health_Prop": 8.880309, "Education_Prop": 9.815951, "Work_Prop": 34.444444, "Peace_Prop": 0.675676, "Participation_Prop": 82.57142900000001, "SocialProtection_Prop": 98.42857099999999, "Environment_Prop": 7.205908, "shelter_electricity": 5.405405405, "health_center_attendance": 8.88030888, "work_farms": 35.31073446, "work_unskilled": 50.0, "health_programs": 15.54054054, "sp_philhealth": 15.54054054, "water_toilet": 19.59459459, "shelter_makeshift_nhts": 0.33783783799999995, "food_malnourished": "", "health_child_death": "", "health_maternal_death": "", "he_flood": 0.0, "he_volcano": 0.0, "he_landslide": 0.20058099999999998, "he_earthquake": 0.0, "name": "Patoc-ao"}, "PH012932005": {"Water_Prop": 18.550107, "Food_Prop": 62.5, "Shelter_Prop": 0.852878, "Health_Prop": 31.106578000000003, "Education_Prop": 4.225352, "Work_Prop": 44.306418, "Peace_Prop": 1.066098, "Participation_Prop": 76.95494599999999, "SocialProtection_Prop": 98.239254, "Environment_Prop": 22.160704, "shelter_electricity": 6.396588486000001, "health_center_attendance": 31.10657828, "work_farms": 42.99876084, "work_unskilled": 27.13754647, "health_programs": 49.25373134, "sp_philhealth": 49.25373134, "water_toilet": 7.2494669510000005, "shelter_makeshift_nhts": 0.5330490410000001, "food_malnourished": "", "health_child_death": "", "health_maternal_death": "", "he_flood": 0.0, "he_volcano": 0.0, "he_landslide": 0.056004, "he_earthquake": 0.0, "name": "Poblacion (Kimpusa)"}, "PH012932007": {"Water_Prop": 16.136919, "Food_Prop": 22.0, "Shelter_Prop": 2.933985, "Health_Prop": 17.561761999999998, "Education_Prop": 10.91954, "Work_Prop": 33.761328999999996, "Peace_Prop": 0.24449899999999997, "Participation_Prop": 94.69697, "SocialProtection_Prop": 98.538961, "Environment_Prop": 42.766763, "shelter_electricity": 4.88997555, "health_center_attendance": 17.56176155, "work_farms": 24.62941847, "work_unskilled": 51.1972634, "health_programs": 30.31784841, "sp_philhealth": 30.31784841, "water_toilet": 15.15892421, "shelter_makeshift_nhts": 0.244498778, "food_malnourished": "", "health_child_death": "", "health_maternal_death": "", "he_flood": 0.0, "he_volcano": 0.0, "he_landslide": 0.202745, "he_earthquake": 0.0, "name": "Suyo Proper"}, "PH012932008": {"Water_Prop": 21.827410999999998, "Food_Prop": 6.6666669999999995, "Shelter_Prop": 1.015228, "Health_Prop": 22.732491, "Education_Prop": 5.882353, "Work_Prop": 38.533541, "Peace_Prop": 0.507614, "Participation_Prop": 87.455197, "SocialProtection_Prop": 97.849462, "Environment_Prop": 20.840563, "shelter_electricity": 2.030456853, "health_center_attendance": 22.73249139, "work_farms": 13.95939086, "work_unskilled": 34.01015228, "health_programs": 39.59390863, "sp_philhealth": 39.59390863, "water_toilet": 6.5989847720000006, "shelter_makeshift_nhts": 0.253807107, "food_malnourished": "", "health_child_death": "", "health_maternal_death": "", "he_flood": 0.0, "he_volcano": 0.0, "he_landslide": 0.056004, "he_earthquake": 0.0, "name": "Urzadan"}, "PH012932009": {"Water_Prop": 34.083601, "Food_Prop": 23.863636, "Shelter_Prop": 3.536977, "Health_Prop": 15.899281, "Education_Prop": 7.608696000000001, "Work_Prop": 35.451837, "Peace_Prop": 1.607717, "Participation_Prop": 93.51312, "SocialProtection_Prop": 98.03206999999999, "Environment_Prop": 24.628906, "shelter_electricity": 7.395498392, "health_center_attendance": 15.89928058, "work_farms": 24.46153846, "work_unskilled": 40.61538462, "health_programs": 38.26366559, "sp_philhealth": 38.26366559, "water_toilet": 16.39871383, "shelter_makeshift_nhts": 0.16077170400000002, "food_malnourished": "", "health_child_death": "", "health_maternal_death": "", "he_flood": 0.0, "he_volcano": 0.0, "he_landslide": 0.204751, "he_earthquake": 0.0, "name": "Uso"}}