{"PH023134001": {"Water_Prop": 8.747515, "Food_Prop": 12.068966, "Shelter_Prop": 0.596421, "Health_Prop": 47.610619, "Education_Prop": 7.022900999999999, "Work_Prop": 49.734325, "Peace_Prop": 0.39761399999999997, "Participation_Prop": "", "SocialProtection_Prop": 99.275362, "Environment_Prop": 0.337149, "shelter_electricity": 4.771371769, "health_center_attendance": 47.61061947, "work_farms": 1.3742071880000002, "work_unskilled": 69.13319239, "health_programs": 46.91848907, "sp_philhealth": 46.91848907, "water_toilet": 22.46520875, "shelter_makeshift_nhts": 0.69582505, "food_malnourished": "", "health_child_death": "", "health_maternal_death": "", "he_flood": 1e-06, "he_volcano": 0.0, "he_landslide": 0.0, "he_earthquake": 0.0}, "PH023134002": {"Water_Prop": 63.291139, "Food_Prop": 11.538461999999999, "Shelter_Prop": 0.632911, "Health_Prop": 38.054187, "Education_Prop": 8.163264999999999, "Work_Prop": 45.129225, "Peace_Prop": 3.797468, "Participation_Prop": "", "SocialProtection_Prop": 99.362245, "Environment_Prop": 9.612345, "shelter_electricity": 3.797468354, "health_center_attendance": 38.05418719, "work_farms": 2.536231884, "work_unskilled": 77.89855072, "health_programs": 32.91139241, "sp_philhealth": 32.91139241, "water_toilet": 25.94936709, "shelter_makeshift_nhts": 2.215189873, "food_malnourished": "", "health_child_death": "", "health_maternal_death": "", "he_flood": 5e-06, "he_volcano": 0.0, "he_landslide": 0.0, "he_earthquake": 0.0}, "PH023134003": {"Water_Prop": 16.97417, "Food_Prop": 26.570048, "Shelter_Prop": 0.0, "Health_Prop": 37.964237, "Education_Prop": 8.231707, "Work_Prop": 42.446809, "Peace_Prop": 0.0, "Participation_Prop": "", "SocialProtection_Prop": 99.445599, "Environment_Prop": 0.5823470000000001, "shelter_electricity": 9.963099631, "health_center_attendance": 37.96423659, "work_farms": 3.696857671, "work_unskilled": 80.96118299, "health_programs": 43.17343173, "sp_philhealth": 43.17343173, "water_toilet": 26.56826568, "shelter_makeshift_nhts": 0.73800738, "food_malnourished": "", "health_child_death": "", "health_maternal_death": "", "he_flood": 3e-06, "he_volcano": 0.0, "he_landslide": 0.0, "he_earthquake": 0.0}, "PH023134004": {"Water_Prop": 25.0, "Food_Prop": 81.481481, "Shelter_Prop": 0.5319149999999999, "Health_Prop": 42.788921, "Education_Prop": 8.016878, "Work_Prop": 45.961821, "Peace_Prop": 8.510638, "Participation_Prop": "", "SocialProtection_Prop": 98.82226999999999, "Environment_Prop": 0.454959, "shelter_electricity": 0.531914894, "health_center_attendance": 42.78892073, "work_farms": 1.9021739130000002, "work_unskilled": 77.98913043, "health_programs": 41.4893617, "sp_philhealth": 41.4893617, "water_toilet": 18.08510638, "shelter_makeshift_nhts": 0.531914894, "food_malnourished": "", "health_child_death": "", "health_maternal_death": "", "he_flood": 4e-06, "he_volcano": 0.0, "he_landslide": 0.0, "he_earthquake": 0.0}, "PH023134005": {"Water_Prop": 18.343195, "Food_Prop": 39.759036, "Shelter_Prop": 0.591716, "Health_Prop": 35.165975, "Education_Prop": 8.510638, "Work_Prop": 47.218045000000004, "Peace_Prop": 2.366864, "Participation_Prop": "", "SocialProtection_Prop": 99.465241, "Environment_Prop": 0.5776939999999999, "shelter_electricity": 7.692307692000001, "health_center_attendance": 35.1659751, "work_farms": 4.843304843, "work_unskilled": 61.25356125, "health_programs": 41.42011834, "sp_philhealth": 41.42011834, "water_toilet": 19.52662722, "shelter_makeshift_nhts": 2.366863905, "food_malnourished": "", "health_child_death": "", "health_maternal_death": "", "he_flood": 3e-06, "he_volcano": 0.0, "he_landslide": 0.0, "he_earthquake": 0.0}, "PH023134007": {"Water_Prop": 8.241758, "Food_Prop": 30.434783000000003, "Shelter_Prop": 1.0989010000000001, "Health_Prop": 35.306334, "Education_Prop": 4.5454550000000005, "Work_Prop": 52.92439399999999, "Peace_Prop": 0.0, "Participation_Prop": "", "SocialProtection_Prop": 99.169263, "Environment_Prop": 0.8809959999999999, "shelter_electricity": 3.8461538460000004, "health_center_attendance": 35.30633437, "work_farms": 6.666666667, "work_unskilled": 60.303030299999996, "health_programs": 48.9010989, "sp_philhealth": 48.9010989, "water_toilet": 18.68131868, "shelter_makeshift_nhts": 2.197802198, "food_malnourished": "", "health_child_death": "", "health_maternal_death": "", "he_flood": 2e-06, "he_volcano": 0.0, "he_landslide": 0.000792, "he_earthquake": 0.0}, "PH023134008": {"Water_Prop": 17.948718, "Food_Prop": 30.898876, "Shelter_Prop": 1.282051, "Health_Prop": 28.323196999999997, "Education_Prop": 9.090909, "Work_Prop": 48.271605, "Peace_Prop": 1.709402, "Participation_Prop": "", "SocialProtection_Prop": 99.36823100000001, "Environment_Prop": 0.5727909999999999, "shelter_electricity": 4.2735042739999995, "health_center_attendance": 28.32319722, "work_farms": 9.069212411, "work_unskilled": 62.52983294, "health_programs": 41.45299145, "sp_philhealth": 41.45299145, "water_toilet": 18.37606838, "shelter_makeshift_nhts": 0.641025641, "food_malnourished": "", "health_child_death": "", "health_maternal_death": "", "he_flood": 3e-06, "he_volcano": 0.0, "he_landslide": 0.0, "he_earthquake": 0.0}, "PH023134009": {"Water_Prop": 68.275862, "Food_Prop": 66.666667, "Shelter_Prop": 1.034483, "Health_Prop": 44.646212, "Education_Prop": 4.938272, "Work_Prop": 53.258844999999994, "Peace_Prop": 5.517241, "Participation_Prop": "", "SocialProtection_Prop": 98.89599100000001, "Environment_Prop": 8.169513, "shelter_electricity": 3.1034482760000004, "health_center_attendance": 44.64621165, "work_farms": 2.5896414340000002, "work_unskilled": 62.54980079999999, "health_programs": 44.13793103, "sp_philhealth": 44.13793103, "water_toilet": 18.96551724, "shelter_makeshift_nhts": 0.689655172, "food_malnourished": "", "health_child_death": "", "health_maternal_death": "", "he_flood": 3e-06, "he_volcano": 0.0, "he_landslide": 0.0, "he_earthquake": 0.0}, "PH023134010": {"Water_Prop": 67.719298, "Food_Prop": 0.0, "Shelter_Prop": 0.701754, "Health_Prop": 34.882317, "Education_Prop": 4.260651999999999, "Work_Prop": 50.143541, "Peace_Prop": 6.315789, "Participation_Prop": "", "SocialProtection_Prop": 99.167361, "Environment_Prop": 8.182381, "shelter_electricity": 2.4561403509999997, "health_center_attendance": 34.88231744, "work_farms": 2.4952015359999997, "work_unskilled": 52.97504798, "health_programs": 31.57894737, "sp_philhealth": 31.57894737, "water_toilet": 23.15789474, "shelter_makeshift_nhts": 0.8771929820000001, "food_malnourished": "", "health_child_death": "", "health_maternal_death": "", "he_flood": 4e-06, "he_volcano": 0.0, "he_landslide": 0.0, "he_earthquake": 0.0}, "PH023134011": {"Water_Prop": 29.411765000000003, "Food_Prop": 0.0, "Shelter_Prop": 0.45248900000000003, "Health_Prop": 40.180694, "Education_Prop": 8.027523, "Work_Prop": 46.269727, "Peace_Prop": 0.0, "Participation_Prop": "", "SocialProtection_Prop": 98.06739300000001, "Environment_Prop": 19.467075, "shelter_electricity": 8.371040724, "health_center_attendance": 40.18069425, "work_farms": 10.14686248, "work_unskilled": 71.29506008, "health_programs": 36.87782805, "sp_philhealth": 36.87782805, "water_toilet": 24.66063348, "shelter_makeshift_nhts": 4.4117647060000005, "food_malnourished": "", "health_child_death": "", "health_maternal_death": "", "he_flood": 2e-06, "he_volcano": 0.0, "he_landslide": 0.000792, "he_earthquake": 0.0}, "PH023134012": {"Water_Prop": 23.580786, "Food_Prop": 28.205128000000002, "Shelter_Prop": 0.8733620000000001, "Health_Prop": 44.182125, "Education_Prop": 5.741626999999999, "Work_Prop": 51.699883, "Peace_Prop": 0.0, "Participation_Prop": "", "SocialProtection_Prop": 98.991173, "Environment_Prop": 8.695886, "shelter_electricity": 4.366812227, "health_center_attendance": 44.18212479, "work_farms": 3.155339806, "work_unskilled": 57.2815534, "health_programs": 37.11790393, "sp_philhealth": 37.11790393, "water_toilet": 12.66375546, "shelter_makeshift_nhts": 1.9650655019999999, "food_malnourished": "",