{"PH021509001": {"water_access": 49.494949, "food_tenure": 88.311688, "shelter_informal_settlers_nhts": 3.030303, "health_center_attendance": 3.121248, "educ_outofschool_all": 7.731959, "work_unemployment": 50.448833, "po_conflict": 4.5454550000000005, "participation_assembly_attendance": 82.88288299999999, "sp_sss": 99.436937, "he_risk": 4.7119290000000005, "shelter_electricity": 23.73737374, "health_center_attendance.1": 3.1212484989999996, "work_farms": 24.63768116, "work_unskilled": 53.98550725, "health_programs": 12.62626263, "sp_philhealth": 12.62626263, "water_toilet": 23.73737374, "shelter_makeshift_nhts": 0.0, "food_malnourished": "", "health_child_death": "", "health_maternal_death": "", "he_flood": 0.0, "he_volcano": 0.0, "he_landslide": 0.011085, "he_earthquake": 0.0, "name": "Cabudadan"}, "PH021509002": {"water_access": 46.832578999999996, "food_tenure": 56.989247, "shelter_informal_settlers_nhts": 3.393665, "health_center_attendance": 0.60241, "educ_outofschool_all": 5.922551, "work_unemployment": 49.699571, "po_conflict": 0.678733, "participation_assembly_attendance": 94.20203199999999, "sp_sss": 99.10340699999999, "he_risk": 34.657818, "shelter_electricity": 27.8280543, "health_center_attendance.1": 0.602409639, "work_farms": 38.05460751, "work_unskilled": 41.12627986, "health_programs": 29.63800905, "sp_philhealth": 29.63800905, "water_toilet": 25.56561086, "shelter_makeshift_nhts": 1.9230769230000002, "food_malnourished": "", "health_child_death": "", "health_maternal_death": "", "he_flood": 0.0, "he_volcano": 1.0, "he_landslide": 0.011085, "he_earthquake": 0.0, "name": "Balatubat"}, "PH021509003": {"water_access": 16.186253, "food_tenure": 87.5, "shelter_informal_settlers_nhts": 0.665188, "health_center_attendance": 0.271739, "educ_outofschool_all": 8.080808, "work_unemployment": 52.031873, "po_conflict": 4.656319, "participation_assembly_attendance": 90.393956, "sp_sss": 99.08256899999999, "he_risk": 2.732333, "shelter_electricity": 16.85144124, "health_center_attendance.1": 0.27173913, "work_farms": 34.2192691, "work_unskilled": 36.04651163, "health_programs": 23.28159645, "sp_philhealth": 23.28159645, "water_toilet": 6.430155211000001, "shelter_makeshift_nhts": 0.554323725, "food_malnourished": "", "health_child_death": "", "health_maternal_death": "", "he_flood": 0.0, "he_volcano": 0.0, "he_landslide": 0.011085, "he_earthquake": 0.0, "name": "Dadao"}, "PH021509004": {"water_access": 40.32634, "food_tenure": 93.75, "shelter_informal_settlers_nhts": 5.594405999999999, "health_center_attendance": 1.277466, "educ_outofschool_all": 7.936508, "work_unemployment": 52.019002, "po_conflict": 4.195804, "participation_assembly_attendance": 94.390507, "sp_sss": 99.352751, "he_risk": 3.442081, "shelter_electricity": 28.67132867, "health_center_attendance.1": 1.277465508, "work_farms": 46.03960396, "work_unskilled": 38.11881188, "health_programs": 19.11421911, "sp_philhealth": 19.11421911, "water_toilet": 30.303030300000003, "shelter_makeshift_nhts": 0.815850816, "food_malnourished": "", "health_child_death": "", "health_maternal_death": "", "he_flood": 0.0, "he_volcano": 0.0, "he_landslide": 0.002639, "he_earthquake": 0.0, "name": "Dibay"}, "PH021509005": {"water_access": 22.493888000000002, "food_tenure": 77.202073, "shelter_informal_settlers_nhts": 4.156479, "health_center_attendance": 0.883978, "educ_outofschool_all": 9.728507, "work_unemployment": 51.715266, "po_conflict": 7.334963, "participation_assembly_attendance": 93.136095, "sp_sss": 99.526627, "he_risk": 4.714128, "shelter_electricity": 27.62836186, "health_center_attendance.1": 0.883977901, "work_farms": 38.89875666, "work_unskilled": 45.29307282, "health_programs": 22.98288509, "sp_philhealth": 22.98288509, "water_toilet": 15.89242054, "shelter_makeshift_nhts": 0.488997555, "food_malnourished": "", "health_child_death": "", "health_maternal_death": "", "he_flood": 0.0, "he_volcano": 0.0, "he_landslide": 0.011085, "he_earthquake": 0.0, "name": "Dilam"}, "PH021509006": {"water_access": 39.726027, "food_tenure": 66.02564100000001, "shelter_informal_settlers_nhts": 2.054795, "health_center_attendance": 0.17615999999999998, "educ_outofschool_all": 9.615385, "work_unemployment": 48.827107, "po_conflict": 1.826484, "participation_assembly_attendance": 88.680387, "sp_sss": 99.636804, "he_risk": 4.575337, "shelter_electricity": 28.31050228, "health_center_attendance.1": 0.17615971800000002, "work_farms": 37.01188455, "work_unskilled": 35.99320883, "health_programs": 20.54794521, "sp_philhealth": 20.54794521, "water_toilet": 6.621004566, "shelter_makeshift_nhts": 0.342465753, "food_malnourished": "", "health_child_death": "", "health_maternal_death": "", "he_flood": 0.0, "he_volcano": 0.0, "he_landslide": 0.002639, "he_earthquake": 0.0, "name": "Magsidel"}, "PH021509007": {"water_access": 43.915344, "food_tenure": 59.558824, "shelter_informal_settlers_nhts": 4.232804, "health_center_attendance": 0.37359899999999996, "educ_outofschool_all": 5.7971010000000005, "work_unemployment": 52.315271, "po_conflict": 5.820106, "participation_assembly_attendance": 94.20094399999999, "sp_sss": 99.460553, "he_risk": 32.879008, "shelter_electricity": 37.83068783, "health_center_attendance.1": 0.373599004, "work_farms": 35.74380165, "work_unskilled": 45.04132231, "health_programs": 35.71428571, "sp_philhealth": 35.71428571, "water_toilet": 33.06878307, "shelter_makeshift_nhts": 1.71957672, "food_malnourished": "", "health_child_death": "", "health_maternal_death": "", "he_flood": 0.0, "he_volcano": 1.0, "he_landslide": 0.190024, "he_earthquake": 0.0, "name": "Naguilian"}, "PH021509008": {"water_access": 12.0, "food_tenure": 54.385965, "shelter_informal_settlers_nhts": 4.0, "health_center_attendance": 7.181136, "educ_outofschool_all": 3.6269430000000003, "work_unemployment": 50.299401, "po_conflict": 1.333333, "participation_assembly_attendance": 87.5, "sp_sss": 97.391304, "he_risk": 1.318043, "shelter_electricity": 8.444444444, "health_center_attendance.1": 7.18113612, "work_farms": 10.84337349, "work_unskilled": 34.63855422, "health_programs": 21.77777778, "sp_philhealth": 21.77777778, "water_toilet": 12.0, "shelter_makeshift_nhts": 0.222222222, "food_malnourished": "", "health_child_death": "", "health_maternal_death": "", "he_flood": 0.0, "he_volcano": 0.0, "he_landslide": 0.011085, "he_earthquake": 0.0, "name": "Poblacion"}, "PH021509009": {"water_access": 40.0, "food_tenure": 26.984127, "shelter_informal_settlers_nhts": 1.388889, "health_center_attendance": 6.08365, "educ_outofschool_all": 4.461942, "work_unemployment": 55.364371999999996, "po_conflict": 6.388889, "participation_assembly_attendance": 94.01655, "sp_sss": 99.681731, "he_risk": 20.02809, "shelter_electricity": 21.94444444, "health_center_attendance.1": 6.08365019, "work_farms": 58.04988662, "work_unskilled": 24.03628118, "health_programs": 21.11111111, "sp_philhealth": 21.11111111, "water_toilet": 21.94444444, "shelter_makeshift_nhts": 0.5555555560000001, "food_malnourished": "", "health_child_death": "", "health_maternal_death": "", "he_flood": 0.0, "he_volcano": 1.0, "he_landslide": 0.011085, "he_earthquake": 0.07142899999999999, "name": "Babuyan Claro"}, "PH021509010": {"water_access": 0.595238, "food_tenure": 77.777778, "shelter_informal_settlers_nhts": 3.571429, "health_center_attendance": 2.729885, "educ_outofschool_all": 3.4965029999999997, "work_unemployment": 47.975709, "po_conflict": 5.357143, "participation_assembly_attendance": 91.42857099999999, "sp_sss": 99.455782, "he_risk": 1.18155, "shelter_electricity": 6.547619048, "health_center_attendance.1": 2.7298850569999997, "work_farms": 22.95719844, "work_unskilled": 29.96108949, "health_programs": 13.0952381, "sp_philhealth": 13.0952381, "water_toilet": 13.69047619, "shelter_makeshift_nhts": 0.0, "food_malnourished": "", "health_child_death": "", "health_maternal_death": "", "he_flood": 0.0, "he_volcano": 0.0, "he_landslide": 0.002639, "he_earthquake": 0.0,