{"PH025014001": {"Water_Prop": 0.295858, "Food_Prop": 26.315789000000002, "Shelter_Prop": 0.295858, "Health_Prop": 95.486783, "Education_Prop": 5.802048, "Work_Prop": 46.92029, "Peace_Prop": 0.591716, "Participation_Prop": 85.87219300000001, "SocialProtection_Prop": 98.27288399999999, "Environment_Prop": 10.852745, "shelter_electricity": 3.550295858, "health_center_attendance": 95.48678272, "work_farms": 8.020477816, "work_unskilled": 57.33788396, "health_programs": 60.0591716, "sp_philhealth": 60.0591716, "water_toilet": 1.183431953, "shelter_makeshift_nhts": 1.331360947, "food_malnourished": "", "health_child_death": "", "health_maternal_death": "", "he_flood": 0.0, "he_volcano": 0.0, "he_landslide": 0.048034, "he_earthquake": 0.0, "name": "Bintawan Sur"}, "PH025014002": {"Water_Prop": 0.34662, "Food_Prop": 63.522013, "Shelter_Prop": 2.079723, "Health_Prop": 94.07763100000001, "Education_Prop": 8.543689, "Work_Prop": 44.25656, "Peace_Prop": 0.34662, "Participation_Prop": 84.47162, "SocialProtection_Prop": 98.29257, "Environment_Prop": 10.337282, "shelter_electricity": 8.49220104, "health_center_attendance": 94.07763105, "work_farms": 5.543933054, "work_unskilled": 61.82008368, "health_programs": 60.48526863, "sp_philhealth": 60.48526863, "water_toilet": 4.679376083, "shelter_makeshift_nhts": 2.426343154, "food_malnourished": "", "health_child_death": "", "health_maternal_death": "", "he_flood": 0.0, "he_volcano": 0.0, "he_landslide": 0.000792, "he_earthquake": 0.0, "name": "Ibung"}, "PH025014003": {"Water_Prop": 85.126582, "Food_Prop": 100.0, "Shelter_Prop": 1.582278, "Health_Prop": 97.739362, "Education_Prop": 8.333333, "Work_Prop": 38.405797, "Peace_Prop": 0.632911, "Participation_Prop": "", "SocialProtection_Prop": 99.034982, "Environment_Prop": 1.0431, "shelter_electricity": 29.43037975, "health_center_attendance": 97.7393617, "work_farms": 54.11764706, "work_unskilled": 33.1092437, "health_programs": 74.05063291, "sp_philhealth": 74.05063291, "water_toilet": 59.81012658, "shelter_makeshift_nhts": 2.215189873, "food_malnourished": "", "health_child_death": "", "health_maternal_death": "", "he_flood": 0.0, "he_volcano": 0.0, "he_landslide": 0.011349, "he_earthquake": 0.0, "name": "Cabuluan"}, "PH025014004": {"Water_Prop": 23.170732, "Food_Prop": 30.416666999999997, "Shelter_Prop": 6.707317, "Health_Prop": 98.11764699999999, "Education_Prop": 5.0, "Work_Prop": 43.377001, "Peace_Prop": 1.2195120000000002, "Participation_Prop": "", "SocialProtection_Prop": 98.835647, "Environment_Prop": 1.050816, "shelter_electricity": 11.78861789, "health_center_attendance": 98.11764706, "work_farms": 22.49357326, "work_unskilled": 51.41388175, "health_programs": 58.33333333, "sp_philhealth": 58.33333333, "water_toilet": 8.536585366, "shelter_makeshift_nhts": 2.337398374, "food_malnourished": "", "health_child_death": "", "health_maternal_death": "", "he_flood": 0.0, "he_volcano": 0.0, "he_landslide": 0.011349, "he_earthquake": 0.0, "name": "Nagbitin"}, "PH025014005": {"Water_Prop": 76.388889, "Food_Prop": 85.234899, "Shelter_Prop": 0.925926, "Health_Prop": 94.77459, "Education_Prop": 5.1886790000000005, "Work_Prop": 43.692308000000004, "Peace_Prop": 2.3148150000000003, "Participation_Prop": "", "SocialProtection_Prop": 96.701031, "Environment_Prop": 1.8916580000000003, "shelter_electricity": 18.05555556, "health_center_attendance": 94.77459016, "work_farms": 22.95081967, "work_unskilled": 55.46448087, "health_programs": 50.0, "sp_philhealth": 50.0, "water_toilet": 31.94444444, "shelter_makeshift_nhts": 1.157407407, "food_malnourished": "", "health_child_death": "", "health_maternal_death": "", "he_flood": 0.0, "he_volcano": 0.0, "he_landslide": 0.011613, "he_earthquake": 0.0, "name": "Ocapon"}, "PH025014006": {"Water_Prop": 4.135338, "Food_Prop": 23.849372, "Shelter_Prop": 2.631579, "Health_Prop": 96.532847, "Education_Prop": 7.4235809999999995, "Work_Prop": 41.589403999999995, "Peace_Prop": 0.37594, "Participation_Prop": "", "SocialProtection_Prop": 98.71060200000001, "Environment_Prop": 1.149262, "shelter_electricity": 9.022556391, "health_center_attendance": 96.53284672, "work_farms": 12.698412699999999, "work_unskilled": 57.36961451, "health_programs": 56.01503759, "sp_philhealth": 56.01503759, "water_toilet": 5.263157895, "shelter_makeshift_nhts": 1.6917293230000001, "food_malnourished": "", "health_child_death": "", "health_maternal_death": "", "he_flood": 0.0, "he_volcano": 0.0, "he_landslide": 0.000792, "he_earthquake": 0.0, "name": "Pieza"}, "PH025014007": {"Water_Prop": 16.666667, "Food_Prop": 24.157303, "Shelter_Prop": 3.9215690000000003, "Health_Prop": 67.211896, "Education_Prop": 31.399317, "Work_Prop": 43.763441, "Peace_Prop": 5.882353, "Participation_Prop": "", "SocialProtection_Prop": 98.22447700000001, "Environment_Prop": 1.706537, "shelter_electricity": 8.496732026, "health_center_attendance": 67.21189591, "work_farms": 33.07839388, "work_unskilled": 36.1376673, "health_programs": 64.05228758, "sp_philhealth": 64.05228758, "water_toilet": 15.03267974, "shelter_makeshift_nhts": 5.392156862999999, "food_malnourished": "", "health_child_death": "", "health_maternal_death": "", "he_flood": 0.0, "he_volcano": 0.0, "he_landslide": 0.011349, "he_earthquake": 0.0, "name": "Sawmill"}, "PH025014008": {"Water_Prop": 1.980198, "Food_Prop": 24.210526, "Shelter_Prop": 1.980198, "Health_Prop": 93.288591, "Education_Prop": 4.736842, "Work_Prop": 44.33657, "Peace_Prop": 1.485149, "Participation_Prop": "", "SocialProtection_Prop": 97.78012700000001, "Environment_Prop": 8.394936999999999, "shelter_electricity": 9.405940594, "health_center_attendance": 93.28859059999999, "work_farms": 23.837209299999998, "work_unskilled": 34.59302326, "health_programs": 57.42574257, "sp_philhealth": 57.42574257, "water_toilet": 10.89108911, "shelter_makeshift_nhts": 1.485148515, "food_malnourished": "", "health_child_death": "", "health_maternal_death": "", "he_flood": 0.0, "he_volcano": 0.0, "he_landslide": 0.000792, "he_earthquake": 0.0, "name": "Poblacion (Turod)"}, "PH025014009": {"Water_Prop": 4.8096190000000005, "Food_Prop": 50.632911, "Shelter_Prop": 3.206413, "Health_Prop": 97.73165999999999, "Education_Prop": 3.703704, "Work_Prop": 46.477901, "Peace_Prop": 1.0020040000000001, "Participation_Prop": 86.78943199999999, "SocialProtection_Prop": 98.398719, "Environment_Prop": 11.468222, "shelter_electricity": 6.012024048, "health_center_attendance": 97.73166023, "work_farms": 22.06451613, "work_unskilled": 37.16129032, "health_programs": 63.32665331, "sp_philhealth": 63.32665331, "water_toilet": 5.811623246, "shelter_makeshift_nhts": 1.903807615, "food_malnourished": "", "health_child_death": "", "health_maternal_death": "", "he_flood": 0.0, "he_volcano": 0.0, "he_landslide": 0.048034, "he_earthquake": 0.0, "name": "Bintawan Norte"}}