{"PH021502001": {"Water_Prop": 0.502513, "Food_Prop": 100.0, "Shelter_Prop": 1.005025, "Health_Prop": 44.937428999999995, "Education_Prop": 5.405405, "Work_Prop": 31.066461, "Peace_Prop": 1.005025, "Participation_Prop": 88.110138, "SocialProtection_Prop": 97.87234000000001, "Environment_Prop": 0.868519, "shelter_electricity": 5.527638191, "health_center_attendance": 44.9374289, "work_farms": 10.53811659, "work_unskilled": 64.12556054, "health_programs": 44.72361809, "sp_philhealth": 44.72361809, "water_toilet": 16.08040201, "shelter_makeshift_nhts": 1.2562814070000001, "food_malnourished": "", "health_child_death": "", "health_maternal_death": "", "he_flood": 3e-06, "he_volcano": 0.0, "he_landslide": 0.001056, "he_earthquake": 0.0}, "PH021502002": {"Water_Prop": 0.819672, "Food_Prop": 77.777778, "Shelter_Prop": 1.639344, "Health_Prop": 50.431034000000004, "Education_Prop": 6.097561, "Work_Prop": 25.663717000000002, "Peace_Prop": 9.016392999999999, "Participation_Prop": 79.68337700000001, "SocialProtection_Prop": 99.208443, "Environment_Prop": 0.572207, "shelter_electricity": 6.557377048999999, "health_center_attendance": 50.43103448, "work_farms": 21.42857143, "work_unskilled": 61.50793651, "health_programs": 30.32786885, "sp_philhealth": 30.32786885, "water_toilet": 25.40983607, "shelter_makeshift_nhts": 0.8196721309999999, "food_malnourished": "", "health_child_death": "", "health_maternal_death": "", "he_flood": 1.1e-05, "he_volcano": 0.0, "he_landslide": 0.0, "he_earthquake": 0.0}, "PH021502003": {"Water_Prop": 2.352941, "Food_Prop": 88.421053, "Shelter_Prop": 0.147059, "Health_Prop": 55.616627, "Education_Prop": 7.003891, "Work_Prop": 32.009346, "Peace_Prop": 2.647059, "Participation_Prop": 85.892256, "SocialProtection_Prop": 98.484848, "Environment_Prop": 0.879058, "shelter_electricity": 8.529411765, "health_center_attendance": 55.61662659, "work_farms": 16.97594502, "work_unskilled": 58.96907216, "health_programs": 43.97058824, "sp_philhealth": 43.97058824, "water_toilet": 19.41176471, "shelter_makeshift_nhts": 0.661764706, "food_malnourished": "", "health_child_death": "", "health_maternal_death": "", "he_flood": 1e-06, "he_volcano": 0.0, "he_landslide": 0.001056, "he_earthquake": 0.0}, "PH021502004": {"Water_Prop": 0.0, "Food_Prop": 72.916667, "Shelter_Prop": 5.166052, "Health_Prop": 38.206784999999996, "Education_Prop": 9.727625999999999, "Work_Prop": 29.779838, "Peace_Prop": 3.3210330000000003, "Participation_Prop": 91.210614, "SocialProtection_Prop": 97.678275, "Environment_Prop": 1.162491, "shelter_electricity": 11.80811808, "health_center_attendance": 38.20678514, "work_farms": 19.8019802, "work_unskilled": 58.91089109, "health_programs": 61.99261993, "sp_philhealth": 61.99261993, "water_toilet": 12.17712177, "shelter_makeshift_nhts": 1.660516605, "food_malnourished": "", "health_child_death": "", "health_maternal_death": "", "he_flood": 3e-06, "he_volcano": 0.0, "he_landslide": 0.001056, "he_earthquake": 0.0}, "PH021502005": {"Water_Prop": 0.6097560000000001, "Food_Prop": 93.670886, "Shelter_Prop": 2.2357720000000003, "Health_Prop": 39.132399, "Education_Prop": 7.323232000000001, "Work_Prop": 35.863378000000004, "Peace_Prop": 8.739837, "Participation_Prop": 91.629163, "SocialProtection_Prop": 98.784878, "Environment_Prop": 17.185604, "shelter_electricity": 8.536585366, "health_center_attendance": 39.13239946, "work_farms": 14.59566075, "work_unskilled": 52.85996055, "health_programs": 61.17886179, "sp_philhealth": 61.17886179, "water_toilet": 13.61788618, "shelter_makeshift_nhts": 1.7276422759999999, "food_malnourished": "", "health_child_death": "", "health_maternal_death": "", "he_flood": 3e-06, "he_volcano": 0.0, "he_landslide": 0.001056, "he_earthquake": 0.0}, "PH021502006": {"Water_Prop": 1.182033, "Food_Prop": 84.313725, "Shelter_Prop": 0.945626, "Health_Prop": 44.991966, "Education_Prop": 5.18732, "Work_Prop": 31.714496, "Peace_Prop": 4.728132, "Participation_Prop": 88.301517, "SocialProtection_Prop": 98.286833, "Environment_Prop": 17.483470999999998, "shelter_electricity": 8.274231678, "health_center_attendance": 44.99196572, "work_farms": 13.57758621, "work_unskilled": 48.49137931, "health_programs": 50.82742317, "sp_philhealth": 50.82742317, "water_toilet": 11.82033097, "shelter_makeshift_nhts": 2.364066194, "food_malnourished": "", "health_child_death": "", "health_maternal_death": "", "he_flood": 4e-06, "he_volcano": 0.0, "he_landslide": 0.0, "he_earthquake": 0.0}, "PH021502007": {"Water_Prop": 1.149425, "Food_Prop": 76.87074799999999, "Shelter_Prop": 1.149425, "Health_Prop": 44.797936, "Education_Prop": 5.357143, "Work_Prop": 29.232643, "Peace_Prop": 1.149425, "Participation_Prop": 86.19469000000001, "SocialProtection_Prop": 98.230088, "Environment_Prop": 1.157744, "shelter_electricity": 9.578544061, "health_center_attendance": 44.79793637, "work_farms": 14.97418244, "work_unskilled": 68.6746988, "health_programs": 39.08045977, "sp_philhealth": 39.08045977, "water_toilet": 28.35249042, "shelter_makeshift_nhts": 0.38314176200000005, "food_malnourished": "", "health_child_death": "", "health_maternal_death": "", "he_flood": 0.0, "he_volcano": 0.0, "he_landslide": 0.001056, "he_earthquake": 0.0}, "PH021502008": {"Water_Prop": 0.156495, "Food_Prop": 81.339713, "Shelter_Prop": 0.6259779999999999, "Health_Prop": 40.166305, "Education_Prop": 6.189555, "Work_Prop": 31.913775, "Peace_Prop": 5.6338029999999995, "Participation_Prop": 89.59860400000001, "SocialProtection_Prop": 98.359511, "Environment_Prop": 0.864309, "shelter_electricity": 7.824726135, "health_center_attendance": 40.16630513, "work_farms": 17.14285714, "work_unskilled": 58.996139, "health_programs": 52.26917058, "sp_philhealth": 52.26917058, "water_toilet": 20.34428795, "shelter_makeshift_nhts": 1.486697966, "food_malnourished": "", "health_child_death": "", "health_maternal_death": "", "he_flood": 2e-06, "he_volcano": 0.0, "he_landslide": 0.0, "he_earthquake": 0.0}, "PH021502009": {"Water_Prop": 3.043478, "Food_Prop": 51.428571000000005, "Shelter_Prop": 1.7391299999999998, "Health_Prop": 48.027613, "Education_Prop": 4.568528, "Work_Prop": 28.184282, "Peace_Prop": 3.4782610000000003, "Participation_Prop": 89.38938900000001, "SocialProtection_Prop": 98.198198, "Environment_Prop": 0.590283, "shelter_electricity": 12.17391304, "health_center_attendance": 48.02761341, "work_farms": 14.90566038, "work_unskilled": 64.52830189, "health_programs": 42.60869565, "sp_philhealth": 42.60869565, "water_toilet": 27.82608696, "shelter_makeshift_nhts": 0.6521739129999999, "food_malnourished": "", "health_child_death": "", "health_maternal_death": "", "he_flood": 2e-06, "he_volcano": 0.0, "he_landslide": 0.001056, "he_earthquake": 0.0}, "PH021502010": {"Water_Prop": 0.684932, "Food_Prop": 38.095238, "Shelter_Prop": 2.7397259999999997, "Health_Prop": 38.932496, "Education_Prop": 4.827586, "Work_Prop": 34.792627, "Peace_Prop": 2.7397259999999997, "Participation_Prop": 91.14954200000001, "SocialProtection_Prop": 98.016277, "Environment_Prop": 17.531585999999997, "shelter_electricity": 8.904109588999999, "health_center_attendance": 38.93249608, "work_farms": 9.187279152, "work_unskilled": 57.95053004, "health_programs": 32.87671233, "sp_philhealth": 32.87671233, "water_toilet": 15.75342466, "shelter_makeshift_nhts": 2.397260274, "food_malnourished": "", "health_child_death": "", "health_maternal_death": "", "he_flood": 1e-06, "he_volcano": 0.0, "he_landslide": 0.001056, "he_earthquake": 0.0}, "PH021502011": {"Water_Prop": 0.0, "Food_Prop": 82.162162, "Shelter_Prop": 0.757576, "Health_Prop": 39.329518, "Education_Prop": 7.81893, "Work_Prop": 28.762135999999998, "Peace_Prop": 1.893939, "Participation_Prop": 90.19678, "SocialProtection_Prop": 97.96064399999999, "Environment_Prop": 0.8673540000000001, "shelter_electricity": 12.12121212, "health_center_attendance": 39.32951758, "work_farms": 9.199318568999999, "work_unskilled": 68.65417376, "health_programs": 35.60606061,