{"PH023119001": {"water_access": 0.0, "food_tenure": 66.666667, "shelter_informal_settlers_nhts": 5.714286, "health_center_attendance": 16.728281, "educ_outofschool_all": 7.281553, "work_unemployment": 39.760638, "po_conflict": 0.816327, "participation_assembly_attendance": 93.587896, "sp_sss": 0.8645530000000008, "he_risk": 16.476639000000002, "shelter_electricity": 4.897959183999999, "health_center_attendance.1": 16.72828096, "work_farms": 7.505518764, "work_unskilled": 69.97792494, "health_programs": 58.77551020000001, "sp_philhealth": 41.22448979999999, "water_toilet": 1.2244897959999999, "shelter_makeshift_nhts": 4.489795918, "food_malnourished": "", "health_child_death": "", "health_maternal_death": "", "he_flood": 0.0, "he_volcano": 0.0, "he_landslide": 0.0, "he_earthquake": 0.0, "name": "San Pedro (Barucbuc Sur)"}, "PH023119002": {"water_access": 0.0, "food_tenure": 0.0, "shelter_informal_settlers_nhts": 0.0, "health_center_attendance": 45.864662, "educ_outofschool_all": 3.899721, "work_unemployment": 43.686007000000004, "po_conflict": 3.007519, "participation_assembly_attendance": 93.667242, "sp_sss": 1.3241220000000027, "he_risk": 0.28383600000000003, "shelter_electricity": 5.764411028, "health_center_attendance.1": 45.86466165, "work_farms": 12.27272727, "work_unskilled": 61.66666667, "health_programs": 56.39097744, "sp_philhealth": 43.60902256, "water_toilet": 14.28571429, "shelter_makeshift_nhts": 1.754385965, "food_malnourished": "", "health_child_death": "", "health_maternal_death": "", "he_flood": 0.0, "he_volcano": 0.0, "he_landslide": 0.0, "he_earthquake": 0.0, "name": "Binmonton"}, "PH023119003": {"water_access": 1.30719, "food_tenure": 5.128205, "shelter_informal_settlers_nhts": 0.0, "health_center_attendance": 57.738094999999994, "educ_outofschool_all": 3.703704, "work_unemployment": 40.598290999999996, "po_conflict": 5.228758, "participation_assembly_attendance": 93.10884899999999, "sp_sss": 1.2529370000000029, "he_risk": 22.44269, "shelter_electricity": 5.22875817, "health_center_attendance.1": 57.73809524, "work_farms": 1.438848921, "work_unskilled": 66.54676259, "health_programs": 39.86928105, "sp_philhealth": 60.13071895, "water_toilet": 1.307189542, "shelter_makeshift_nhts": 1.6339869280000001, "food_malnourished": "", "health_child_death": "", "health_maternal_death": "", "he_flood": 0.0, "he_volcano": 0.0, "he_landslide": 0.0, "he_earthquake": 0.0, "name": "Casili"}, "PH023119004": {"water_access": 0.884956, "food_tenure": 2.173913, "shelter_informal_settlers_nhts": 1.327434, "health_center_attendance": 70.43222, "educ_outofschool_all": 5.687204, "work_unemployment": 44.956771999999994, "po_conflict": 7.079646, "participation_assembly_attendance": 96.029777, "sp_sss": 1.6377170000000092, "he_risk": 22.460033, "shelter_electricity": 7.079646017999999, "health_center_attendance.1": 70.43222004, "work_farms": 1.832460733, "work_unskilled": 69.10994764, "health_programs": 43.36283186, "sp_philhealth": 56.63716814, "water_toilet": 1.769911504, "shelter_makeshift_nhts": 0.221238938, "food_malnourished": "", "health_child_death": "", "health_maternal_death": "", "he_flood": 0.0, "he_volcano": 0.0, "he_landslide": 0.0, "he_earthquake": 0.0, "name": "Centro I (Pob.)"}, "PH023119005": {"water_access": 0.0, "food_tenure": 2.083333, "shelter_informal_settlers_nhts": 0.757576, "health_center_attendance": 33.785249, "educ_outofschool_all": 10.714286, "work_unemployment": 39.398612, "po_conflict": 0.0, "participation_assembly_attendance": 94.20961199999999, "sp_sss": 1.1001739999999955, "he_risk": 0.28374699999999997, "shelter_electricity": 4.797979798, "health_center_attendance.1": 33.78524946, "work_farms": 11.45038168, "work_unskilled": 59.03307888, "health_programs": 68.68686869, "sp_philhealth": 31.313131310000003, "water_toilet": 8.838383838, "shelter_makeshift_nhts": 1.136363636, "food_malnourished": "", "health_child_death": "", "health_maternal_death": "", "he_flood": 0.0, "he_volcano": 0.0, "he_landslide": 0.0, "he_earthquake": 0.0, "name": "Holy Friday"}, "PH023119006": {"water_access": 0.0, "food_tenure": 0.0, "shelter_informal_settlers_nhts": 4.589372, "health_center_attendance": 16.648169, "educ_outofschool_all": 7.9545449999999995, "work_unemployment": 39.525692, "po_conflict": 1.449275, "participation_assembly_attendance": 95.505137, "sp_sss": 1.0273969999999935, "he_risk": 16.255793, "shelter_electricity": 4.106280193, "health_center_attendance.1": 16.6481687, "work_farms": 6.5359477120000005, "work_unskilled": 66.14379085, "health_programs": 63.52657005, "sp_philhealth": 36.47342995, "water_toilet": 0.48309178700000005, "shelter_makeshift_nhts": 2.053140097, "food_malnourished": "", "health_child_death": "", "health_maternal_death": "", "he_flood": 0.0, "he_volcano": 0.0, "he_landslide": 0.0, "he_earthquake": 0.0, "name": "Maligaya"}, "PH023119007": {"water_access": 0.810811, "food_tenure": 100.0, "shelter_informal_settlers_nhts": 0.810811, "health_center_attendance": 49.080158000000004, "educ_outofschool_all": 6.557377000000001, "work_unemployment": 45.930233, "po_conflict": 0.0, "participation_assembly_attendance": 95.377504, "sp_sss": 1.284027000000009, "he_risk": 8.398294, "shelter_electricity": 8.648648649, "health_center_attendance.1": 49.08015769, "work_farms": 14.51612903, "work_unskilled": 59.49820789, "health_programs": 70.81081081, "sp_philhealth": 29.189189189999993, "water_toilet": 19.72972973, "shelter_makeshift_nhts": 0.405405405, "food_malnourished": "", "health_child_death": "", "health_maternal_death": "", "he_flood": 0.0, "he_volcano": 0.0, "he_landslide": 0.000792, "he_earthquake": 0.0, "name": "Manano"}, "PH023119008": {"water_access": 1.216545, "food_tenure": 100.0, "shelter_informal_settlers_nhts": 0.48661800000000005, "health_center_attendance": 8.390411, "educ_outofschool_all": 8.902077, "work_unemployment": 42.364532000000004, "po_conflict": 0.0, "participation_assembly_attendance": 94.598403, "sp_sss": 1.7379049999999978, "he_risk": 8.394381, "shelter_electricity": 4.866180049, "health_center_attendance.1": 8.390410959, "work_farms": 10.3988604, "work_unskilled": 54.7008547, "health_programs": 76.64233577, "sp_philhealth": 23.357664229999997, "water_toilet": 4.136253041, "shelter_makeshift_nhts": 2.798053528, "food_malnourished": "", "health_child_death": "", "health_maternal_death": "", "he_flood": 0.0, "he_volcano": 0.0, "he_landslide": 0.0, "he_earthquake": 0.0, "name": "Olango"}, "PH023119009": {"water_access": 0.0, "food_tenure": 0.0, "shelter_informal_settlers_nhts": 0.0, "health_center_attendance": 55.764706000000004, "educ_outofschool_all": 6.796117, "work_unemployment": 45.744681, "po_conflict": 6.593407000000001, "participation_assembly_attendance": 93.75, "sp_sss": 1.640625, "he_risk": 30.553208, "shelter_electricity": 4.395604396, "health_center_attendance.1": 55.76470588, "work_farms": 0.653594771, "work_unskilled": 50.32679739, "health_programs": 34.06593407, "sp_philhealth": 65.93406593, "water_toilet": 1.098901099, "shelter_makeshift_nhts": 2.197802198, "food_malnourished": "", "health_child_death": "", "health_maternal_death": "", "he_flood": 0.0, "he_volcano": 0.0, "he_landslide": 0.0, "he_earthquake": 0.0, "name": "Centro II (Pob.)"}, "PH023119010": {"water_access": 0.0, "food_tenure": 0.8403360000000001, "shelter_informal_settlers_nhts": 1.041667, "health_center_attendance": 39.473684000000006, "educ_outofschool_all": 5.675676, "work_unemployment": 44.600527, "po_conflict": 1.302083, "participation_assembly_attendance": 94.121287, "sp_sss": 1.113861, "he_risk": 0.5876859999999999, "shelter_electricity": 5.46875, "health_center_attendance.1": 39.47368421, "work_farms": 9.508716323, "work_unskilled": 70.20602219, "health_programs": 52.34375, "sp_philhealth": 47.65625, "water_toilet": 12.23958333, "shelter_makeshift_nhts": 3.645833333, "food_malnourished": "", "health_child_death": "", "health_maternal_death": "", "he_flood": 0.0, "he_volcano": 0.0,