{"PH025007002": {"Water_Prop": 23.046092, "Food_Prop": 11.864407, "Shelter_Prop": 3.0060119999999997, "Health_Prop": 35.59596, "Education_Prop": 6.382979, "Work_Prop": 37.653563, "Peace_Prop": 0.200401, "Participation_Prop": "", "SocialProtection_Prop": 98.471616, "Environment_Prop": 17.760084, "shelter_electricity": 10.42084168, "health_center_attendance": 35.5959596, "work_farms": 20.98522167, "work_unskilled": 54.87684729, "health_programs": 51.30260521, "sp_philhealth": 51.30260521, "water_toilet": 24.4488978, "shelter_makeshift_nhts": 1.30260521, "food_malnourished": "", "health_child_death": "", "health_maternal_death": "", "he_flood": 0.0, "he_volcano": 0.0, "he_landslide": 0.011507, "he_earthquake": 0.0}, "PH025007003": {"Water_Prop": 88.275862, "Food_Prop": 13.533835, "Shelter_Prop": 1.37931, "Health_Prop": 42.0, "Education_Prop": 10.982659, "Work_Prop": 30.645160999999998, "Peace_Prop": 0.689655, "Participation_Prop": "", "SocialProtection_Prop": 99.306519, "Environment_Prop": 0.750548, "shelter_electricity": 44.13793103, "health_center_attendance": 42.0, "work_farms": 27.24252492, "work_unskilled": 65.11627907, "health_programs": 32.41379310000001, "sp_philhealth": 32.41379310000001, "water_toilet": 30.34482759, "shelter_makeshift_nhts": 1.724137931, "food_malnourished": "", "health_child_death": "", "health_maternal_death": "", "he_flood": 0.0, "he_volcano": 0.0, "he_landslide": 0.011349, "he_earthquake": 0.0}, "PH025007009": {"Water_Prop": 25.950782999999998, "Food_Prop": 71.153846, "Shelter_Prop": 2.013423, "Health_Prop": 84.91712700000001, "Education_Prop": 9.171598, "Work_Prop": 45.800317, "Peace_Prop": 6.935123, "Participation_Prop": "", "SocialProtection_Prop": 98.481881, "Environment_Prop": 1.8934689999999998, "shelter_electricity": 10.96196868, "health_center_attendance": 84.91712707, "work_farms": 13.4502924, "work_unskilled": 55.26315789, "health_programs": 74.27293065, "sp_philhealth": 74.27293065, "water_toilet": 13.87024609, "shelter_makeshift_nhts": 1.006711409, "food_malnourished": "", "health_child_death": "", "health_maternal_death": "", "he_flood": 0.0, "he_volcano": 0.0, "he_landslide": 0.011454, "he_earthquake": 0.0}, "PH025007010": {"Water_Prop": 1.9316490000000002, "Food_Prop": 69.083969, "Shelter_Prop": 0.8915299999999999, "Health_Prop": 86.7054, "Education_Prop": 4.67128, "Work_Prop": 50.048216, "Peace_Prop": 2.080238, "Participation_Prop": "", "SocialProtection_Prop": 98.59994, "Environment_Prop": 17.278384, "shelter_electricity": 5.4977711739999995, "health_center_attendance": 86.70539986, "work_farms": 11.48648649, "work_unskilled": 51.44787645, "health_programs": 61.66419019, "sp_philhealth": 61.66419019, "water_toilet": 4.606240713, "shelter_makeshift_nhts": 1.337295691, "food_malnourished": "", "health_child_death": "", "health_maternal_death": "", "he_flood": 0.0, "he_volcano": 0.0, "he_landslide": 0.001056, "he_earthquake": 0.0}, "PH025007011": {"Water_Prop": 8.060453, "Food_Prop": 70.666667, "Shelter_Prop": 0.755668, "Health_Prop": 72.304833, "Education_Prop": 8.727273, "Work_Prop": 46.541418, "Peace_Prop": 5.793451, "Participation_Prop": "", "SocialProtection_Prop": 98.072289, "Environment_Prop": 8.814344, "shelter_electricity": 7.556675062999999, "health_center_attendance": 72.30483271, "work_farms": 18.21086262, "work_unskilled": 45.20766773, "health_programs": 66.24685139, "sp_philhealth": 66.24685139, "water_toilet": 13.35012594, "shelter_makeshift_nhts": 1.133501259, "food_malnourished": "", "health_child_death": "", "health_maternal_death": "", "he_flood": 0.0, "he_volcano": 0.0, "he_landslide": 0.001056, "he_earthquake": 0.0}, "PH025007012": {"Water_Prop": 23.106796, "Food_Prop": 76.410256, "Shelter_Prop": 2.1359220000000003, "Health_Prop": 81.05315, "Education_Prop": 14.805195000000001, "Work_Prop": 42.5, "Peace_Prop": 7.572816, "Participation_Prop": "", "SocialProtection_Prop": 98.533851, "Environment_Prop": 17.298926, "shelter_electricity": 11.84466019, "health_center_attendance": 81.05314961, "work_farms": 17.51207729, "work_unskilled": 57.48792271, "health_programs": 65.24271845, "sp_philhealth": 65.24271845, "water_toilet": 5.825242717999999, "shelter_makeshift_nhts": 1.165048544, "food_malnourished": "", "health_child_death": "", "health_maternal_death": "", "he_flood": 0.0, "he_volcano": 0.0, "he_landslide": 0.011349, "he_earthquake": 0.0}, "PH025007013": {"Water_Prop": 4.790419, "Food_Prop": 19.148936, "Shelter_Prop": 5.389222, "Health_Prop": 30.158014, "Education_Prop": 11.954023, "Work_Prop": 44.073346, "Peace_Prop": 2.195609, "Participation_Prop": "", "SocialProtection_Prop": 98.288016, "Environment_Prop": 9.043911999999999, "shelter_electricity": 10.57884232, "health_center_attendance": 30.15801354, "work_farms": 5.7377049179999995, "work_unskilled": 60.88992974, "health_programs": 47.90419162, "sp_philhealth": 47.90419162, "water_toilet": 11.37724551, "shelter_makeshift_nhts": 0.898203593, "food_malnourished": "", "health_child_death": "", "health_maternal_death": "", "he_flood": 0.0, "he_volcano": 0.0, "he_landslide": 0.001056, "he_earthquake": 0.0}, "PH025007015": {"Water_Prop": 64.25120799999999, "Food_Prop": 77.6, "Shelter_Prop": 3.8647339999999994, "Health_Prop": 72.911964, "Education_Prop": 7.909605, "Work_Prop": 48.626816999999996, "Peace_Prop": 0.483092, "Participation_Prop": "", "SocialProtection_Prop": 98.352713, "Environment_Prop": 1.330279, "shelter_electricity": 6.763285024, "health_center_attendance": 72.91196388, "work_farms": 15.09433962, "work_unskilled": 51.25786164, "health_programs": 68.11594203, "sp_philhealth": 68.11594203, "water_toilet": 11.11111111, "shelter_makeshift_nhts": 0.24154589399999998, "food_malnourished": "", "health_child_death": "", "health_maternal_death": "", "he_flood": 0.0, "he_volcano": 0.0, "he_landslide": 0.011613, "he_earthquake": 0.0}, "PH025007016": {"Water_Prop": 60.9375, "Food_Prop": 100.0, "Shelter_Prop": 1.25, "Health_Prop": 33.673469, "Education_Prop": 8.913649000000001, "Work_Prop": 34.533074, "Peace_Prop": 0.9375, "Participation_Prop": "", "SocialProtection_Prop": 99.54853299999999, "Environment_Prop": 16.622405, "shelter_electricity": 10.0, "health_center_attendance": 33.67346939, "work_farms": 33.58098068, "work_unskilled": 53.64041605, "health_programs": 45.625, "sp_philhealth": 45.625, "water_toilet": 44.6875, "shelter_makeshift_nhts": 0.78125, "food_malnourished": "", "health_child_death": "", "health_maternal_death": "", "he_flood": 0.0, "he_volcano": 0.0, "he_landslide": 0.011559999999999999, "he_earthquake": 0.0}, "PH025007018": {"Water_Prop": 82.608696, "Food_Prop": 12.121212, "Shelter_Prop": 0.0, "Health_Prop": 35.919540000000005, "Education_Prop": 3.125, "Work_Prop": 38.626609, "Peace_Prop": 0.0, "Participation_Prop": "", "SocialProtection_Prop": 99.382716, "Environment_Prop": 21.715425, "shelter_electricity": 81.15942029, "health_center_attendance": 35.91954023, "work_farms": 40.55944056, "work_unskilled": 48.25174825, "health_programs": 47.82608696, "sp_philhealth": 47.82608696, "water_toilet": 31.88405797, "shelter_makeshift_nhts": 0.0, "food_malnourished": "", "health_child_death": "", "health_maternal_death": "", "he_flood": 0.0, "he_volcano": 0.0, "he_landslide": 0.011613, "he_earthquake": 0.0}, "PH025007019": {"Water_Prop": 69.64285699999999, "Food_Prop": 15.189873, "Shelter_Prop": 0.892857, "Health_Prop": 54.72028, "Education_Prop": 10.0, "Work_Prop": 20.725389, "Peace_Prop": 4.464286, "Participation_Prop": "", "SocialProtection_Prop": "", "Environment_Prop": 2.4511700000000003, "shelter_electricity": 44.64285714, "health_center_attendance": 54.72027972, "work_farms": 29.08496732, "work_unskilled": 65.03267974, "health_programs": 24.10714286, "sp_philhealth": 24.10714286, "water_toilet": 58.03571429, "shelter_makeshift_nhts": 5.3571428569999995, "food_malnourished": "", "health_child_death": "", "health_maternal_death": "", "he_flood": 0.0, "he_volcano": 0.0, "he_landslide": 0.011401, "he_earthquake": 0.0},