{"PH025006001": {"Water_Prop": 6.3953489999999995, "Food_Prop": 41.216215999999996, "Shelter_Prop": 0.581395, "Health_Prop": 14.985994, "Education_Prop": 13.173653, "Work_Prop": 43.697479, "Peace_Prop": 1.162791, "Participation_Prop": "", "SocialProtection_Prop": 99.017199, "Environment_Prop": 2.00103, "shelter_electricity": 16.27906977, "health_center_attendance": 14.985994400000001, "work_farms": 39.55223881, "work_unskilled": 42.53731343, "health_programs": 55.23255814, "sp_philhealth": 55.23255814, "water_toilet": 28.48837209, "shelter_makeshift_nhts": 2.61627907, "food_malnourished": "", "health_child_death": "", "health_maternal_death": "", "he_flood": 0.0, "he_volcano": 0.0, "he_landslide": 0.000792, "he_earthquake": 0.0, "name": "Arwas"}, "PH025006002": {"Water_Prop": 3.9525690000000004, "Food_Prop": 80.82901600000001, "Shelter_Prop": 3.5573120000000005, "Health_Prop": 38.440616999999996, "Education_Prop": 6.451613, "Work_Prop": 48.099607, "Peace_Prop": 2.371542, "Participation_Prop": "", "SocialProtection_Prop": 99.010654, "Environment_Prop": 16.835348, "shelter_electricity": 10.27667984, "health_center_attendance": 38.4406165, "work_farms": 8.333333332999999, "work_unskilled": 43.68686869, "health_programs": 69.56521739, "sp_philhealth": 69.56521739, "water_toilet": 8.695652174, "shelter_makeshift_nhts": 2.9644268769999997, "food_malnourished": "", "health_child_death": "", "health_maternal_death": "", "he_flood": 0.0, "he_volcano": 0.0, "he_landslide": 0.000792, "he_earthquake": 0.0, "name": "Balete"}, "PH025006003": {"Water_Prop": 7.479224, "Food_Prop": 69.230769, "Shelter_Prop": 1.385042, "Health_Prop": 26.453297999999997, "Education_Prop": 9.615385, "Work_Prop": 45.401742, "Peace_Prop": 1.9390580000000002, "Participation_Prop": "", "SocialProtection_Prop": 98.350825, "Environment_Prop": 18.482085, "shelter_electricity": 13.573407199999998, "health_center_attendance": 26.4532985, "work_farms": 16.13475177, "work_unskilled": 48.93617021, "health_programs": 67.31301939, "sp_philhealth": 67.31301939, "water_toilet": 18.00554017, "shelter_makeshift_nhts": 3.185595568, "food_malnourished": "", "health_child_death": "", "health_maternal_death": "", "he_flood": 0.0, "he_volcano": 0.0, "he_landslide": 0.000792, "he_earthquake": 0.0, "name": "Bugnay"}, "PH025006004": {"Water_Prop": 17.365269, "Food_Prop": 80.55555600000001, "Shelter_Prop": 2.994012, "Health_Prop": 37.254902, "Education_Prop": 6.474819999999999, "Work_Prop": 31.602709, "Peace_Prop": 0.5988020000000001, "Participation_Prop": "", "SocialProtection_Prop": 99.288762, "Environment_Prop": 1.4314559999999998, "shelter_electricity": 21.55688623, "health_center_attendance": 37.25490196, "work_farms": 28.05280528, "work_unskilled": 52.14521452, "health_programs": 54.49101796, "sp_philhealth": 54.49101796, "water_toilet": 23.35329341, "shelter_makeshift_nhts": 5.389221557000001, "food_malnourished": "", "health_child_death": "", "health_maternal_death": "", "he_flood": 0.0, "he_volcano": 0.0, "he_landslide": 0.000792, "he_earthquake": 0.0, "name": "Decabacan"}, "PH025006005": {"Water_Prop": 24.107143, "Food_Prop": 88.0, "Shelter_Prop": 0.446429, "Health_Prop": 21.902655, "Education_Prop": 12.234043, "Work_Prop": 38.151261, "Peace_Prop": 0.892857, "Participation_Prop": "", "SocialProtection_Prop": 98.484848, "Environment_Prop": 1.040227, "shelter_electricity": 26.33928571, "health_center_attendance": 21.90265487, "work_farms": 34.23913043, "work_unskilled": 41.84782609, "health_programs": 57.14285714, "sp_philhealth": 57.14285714, "water_toilet": 33.48214286, "shelter_makeshift_nhts": 2.232142857, "food_malnourished": "", "health_child_death": "", "health_maternal_death": "", "he_flood": 0.0, "he_volcano": 0.0, "he_landslide": 0.011085, "he_earthquake": 0.0, "name": "Duruarog"}, "PH025006006": {"Water_Prop": 16.479401, "Food_Prop": 19.689119, "Shelter_Prop": 0.7490640000000001, "Health_Prop": 27.740058, "Education_Prop": 11.320755, "Work_Prop": 41.703377, "Peace_Prop": 0.7490640000000001, "Participation_Prop": "", "SocialProtection_Prop": 99.186165, "Environment_Prop": 2.16467, "shelter_electricity": 16.10486891, "health_center_attendance": 27.7400582, "work_farms": 23.92947103, "work_unskilled": 51.38539043, "health_programs": 54.307116099999995, "sp_philhealth": 54.307116099999995, "water_toilet": 25.84269663, "shelter_makeshift_nhts": 2.059925094, "food_malnourished": "", "health_child_death": "", "health_maternal_death": "", "he_flood": 0.0, "he_volcano": 0.0, "he_landslide": 0.011085, "he_earthquake": 0.0, "name": "Escoting"}, "PH025006007": {"Water_Prop": 25.468165, "Food_Prop": 83.333333, "Shelter_Prop": 3.3707870000000004, "Health_Prop": 48.863636, "Education_Prop": 12.096774, "Work_Prop": 41.677588, "Peace_Prop": 1.498127, "Participation_Prop": "", "SocialProtection_Prop": 98.824451, "Environment_Prop": 17.158924, "shelter_electricity": 14.98127341, "health_center_attendance": 48.86363636, "work_farms": 15.73033708, "work_unskilled": 53.25842697, "health_programs": 68.53932584, "sp_philhealth": 68.53932584, "water_toilet": 12.7340824, "shelter_makeshift_nhts": 4.494382022, "food_malnourished": "", "health_child_death": "", "health_maternal_death": "", "he_flood": 0.0, "he_volcano": 0.0, "he_landslide": 0.000792, "he_earthquake": 0.0, "name": "Nagsabaran"}, "PH025006008": {"Water_Prop": 3.975535, "Food_Prop": 95.121951, "Shelter_Prop": 2.446483, "Health_Prop": 19.489051, "Education_Prop": 9.027778, "Work_Prop": 42.580645000000004, "Peace_Prop": 2.140673, "Participation_Prop": "", "SocialProtection_Prop": 99.015897, "Environment_Prop": 17.358055, "shelter_electricity": 16.20795107, "health_center_attendance": 19.48905109, "work_farms": 13.48314607, "work_unskilled": 55.05617978, "health_programs": 63.60856269, "sp_philhealth": 63.60856269, "water_toilet": 11.00917431, "shelter_makeshift_nhts": 3.363914373, "food_malnourished": "", "health_child_death": "", "health_maternal_death": "", "he_flood": 0.0, "he_volcano": 0.0, "he_landslide": 0.011085, "he_earthquake": 0.0, "name": "Namamparan"}, "PH025006009": {"Water_Prop": 14.649682, "Food_Prop": 52.469136, "Shelter_Prop": 1.273885, "Health_Prop": 26.151316, "Education_Prop": 6.569342999999999, "Work_Prop": 39.432990000000004, "Peace_Prop": 0.636943, "Participation_Prop": "", "SocialProtection_Prop": 99.548872, "Environment_Prop": 3.296014, "shelter_electricity": 31.21019108, "health_center_attendance": 26.15131579, "work_farms": 48.93617021, "work_unskilled": 37.0212766, "health_programs": 57.96178344, "sp_philhealth": 57.96178344, "water_toilet": 62.42038217, "shelter_makeshift_nhts": 1.27388535, "food_malnourished": "", "health_child_death": "", "health_maternal_death": "", "he_flood": 0.0, "he_volcano": 0.0, "he_landslide": 0.011085, "he_earthquake": 0.0, "name": "Pinya"}, "PH025006010": {"Water_Prop": 4.5454550000000005, "Food_Prop": 86.666667, "Shelter_Prop": 6.684492, "Health_Prop": 22.053232, "Education_Prop": 9.090909, "Work_Prop": 48.05726, "Peace_Prop": 0.534759, "Participation_Prop": "", "SocialProtection_Prop": 98.55421700000001, "Environment_Prop": 18.488969, "shelter_electricity": 9.893048128, "health_center_attendance": 22.05323194, "work_farms": 8.661417323, "work_unskilled": 56.88976378, "health_programs": 54.54545455, "sp_philhealth": 54.54545455, "water_toilet": 16.57754011, "shelter_makeshift_nhts": 2.673796791, "food_malnourished": "", "health_child_death": "", "health_maternal_death": "", "he_flood": 0.0, "he_volcano": 0.0, "he_landslide": 0.000792, "he_earthquake": 0.0, "name": "Poblacion"}, "PH025006011": {"Water_Prop": 59.748428000000004, "Food_Prop": 88.034188, "Shelter_Prop": 1.257862, "Health_Prop": 27.108434000000003, "Education_Prop": 17.791411, "Work_Prop": 37.25, "Peace_Prop": 1.257862, "Participation_Prop": "", "SocialProtection_Prop": 99.604743, "Environment_Prop": 1.3175139999999999, "shelter_electricity": 34.59119497, "health_center_attendance": 27.10843373, "work_farms": 52.98804781,