{"PH020901001": {"Water_Prop": 2.512563, "Food_Prop": 0.0, "Shelter_Prop": 0.0, "Health_Prop": 80.0, "Education_Prop": 0.641026, "Work_Prop": 38.878842999999996, "Peace_Prop": 0.502513, "Participation_Prop": 98.549488, "SocialProtection_Prop": 99.573379, "Environment_Prop": 32.441824, "shelter_electricity": 2.010050251, "health_center_attendance": 80.0, "work_farms": 16.56804734, "work_unskilled": 39.64497041, "health_programs": 12.56281407, "sp_philhealth": 12.56281407, "water_toilet": 4.522613065, "shelter_makeshift_nhts": 2.010050251, "food_malnourished": 3.4632034, "health_child_death": "", "health_maternal_death": 0.0, "he_flood": 0.0, "he_volcano": 1.0, "he_landslide": 0.0, "he_earthquake": 0.0, "name": "Ihubok II (Kayvaluganan)"}, "PH020901002": {"Water_Prop": 0.0, "Food_Prop": "", "Shelter_Prop": 0.0, "Health_Prop": 64.180929, "Education_Prop": 1.7241380000000002, "Work_Prop": 40.353982, "Peace_Prop": 1.069519, "Participation_Prop": 97.80461, "SocialProtection_Prop": 99.286498, "Environment_Prop": 31.985846000000002, "shelter_electricity": 1.604278075, "health_center_attendance": 64.1809291, "work_farms": 10.97922849, "work_unskilled": 35.3115727, "health_programs": 12.29946524, "sp_philhealth": 12.29946524, "water_toilet": 6.417112298999999, "shelter_makeshift_nhts": 2.673796791, "food_malnourished": 0.0, "health_child_death": "", "health_maternal_death": 0.0, "he_flood": 0.0, "he_volcano": 1.0, "he_landslide": 0.0, "he_earthquake": 0.0, "name": "Ihubok I (Kaychanarianan)"}, "PH020901003": {"Water_Prop": 0.41152299999999997, "Food_Prop": "", "Shelter_Prop": 0.823045, "Health_Prop": 88.813886, "Education_Prop": 0.462963, "Work_Prop": 42.127072, "Peace_Prop": 0.0, "Participation_Prop": 98.120874, "SocialProtection_Prop": 98.93346899999999, "Environment_Prop": 32.291464000000005, "shelter_electricity": 0.411522634, "health_center_attendance": 88.81388621, "work_farms": 12.17183771, "work_unskilled": 40.81145585, "health_programs": 16.87242798, "sp_philhealth": 16.87242798, "water_toilet": 6.58436214, "shelter_makeshift_nhts": 0.205761317, "food_malnourished": 2.4154589, "health_child_death": "", "health_maternal_death": 0.0, "he_flood": 0.0, "he_volcano": 1.0, "he_landslide": 0.0, "he_earthquake": 0.0, "name": "San Antonio"}, "PH020901004": {"Water_Prop": 0.0, "Food_Prop": 100.0, "Shelter_Prop": 0.0, "Health_Prop": 52.54691700000001, "Education_Prop": 2.380952, "Work_Prop": 39.043825, "Peace_Prop": 0.0, "Participation_Prop": 93.75, "SocialProtection_Prop": 99.479167, "Environment_Prop": 19.261599, "shelter_electricity": 7.291666667, "health_center_attendance": 52.54691689, "work_farms": 23.52941176, "work_unskilled": 39.86928105, "health_programs": 13.54166667, "sp_philhealth": 13.54166667, "water_toilet": 5.208333333, "shelter_makeshift_nhts": 3.125, "food_malnourished": 13.953488, "health_child_death": "", "health_maternal_death": 0.0, "he_flood": 0.0, "he_volcano": 1.0, "he_landslide": 0.0, "he_earthquake": 0.0, "name": "San Joaquin"}, "PH020901005": {"Water_Prop": 1.3157889999999999, "Food_Prop": "", "Shelter_Prop": 0.0, "Health_Prop": 84.717608, "Education_Prop": 9.836066, "Work_Prop": 42.081447999999995, "Peace_Prop": 0.0, "Participation_Prop": 92.222222, "SocialProtection_Prop": 98.888889, "Environment_Prop": 26.485235, "shelter_electricity": 2.631578947, "health_center_attendance": 84.71760797, "work_farms": 26.5625, "work_unskilled": 29.6875, "health_programs": 11.84210526, "sp_philhealth": 11.84210526, "water_toilet": 3.947368421, "shelter_makeshift_nhts": 1.315789474, "food_malnourished": 0.0, "health_child_death": "", "health_maternal_death": 0.0, "he_flood": 0.0, "he_volcano": 1.0, "he_landslide": 0.0, "he_earthquake": 0.0, "name": "Chanarian"}, "PH020901006": {"Water_Prop": 0.0, "Food_Prop": 50.0, "Shelter_Prop": 0.490196, "Health_Prop": 74.197384, "Education_Prop": 1.111111, "Work_Prop": 43.103448, "Peace_Prop": 0.0, "Participation_Prop": 97.058824, "SocialProtection_Prop": 99.235294, "Environment_Prop": 31.978054999999998, "shelter_electricity": 1.470588235, "health_center_attendance": 74.19738407, "work_farms": 12.42424242, "work_unskilled": 36.06060606, "health_programs": 16.17647059, "sp_philhealth": 16.17647059, "water_toilet": 1.470588235, "shelter_makeshift_nhts": 2.696078431, "food_malnourished": 0.51546389, "health_child_death": "", "health_maternal_death": 0.0, "he_flood": 0.0, "he_volcano": 1.0, "he_landslide": 0.0, "he_earthquake": 0.0, "name": "Kayhuvokan"}}