{"PH023130001": {"Water_Prop": 0.0, "Food_Prop": 15.384615, "Shelter_Prop": 1.020408, "Health_Prop": 43.781095, "Education_Prop": 5.6338029999999995, "Work_Prop": 27.835052, "Peace_Prop": 5.102041000000001, "Participation_Prop": 87.277354, "SocialProtection_Prop": 98.473282, "Environment_Prop": 1.512997, "shelter_electricity": 4.081632653, "health_center_attendance": 43.78109453, "work_farms": 4.7619047619999995, "work_unskilled": 81.90476190000001, "health_programs": 25.51020408, "sp_philhealth": 25.51020408, "water_toilet": 3.06122449, "shelter_makeshift_nhts": 2.040816327, "food_malnourished": "", "health_child_death": "", "health_maternal_death": "", "he_flood": 2e-06, "he_volcano": 0.0, "he_landslide": 0.0, "he_earthquake": 0.0}, "PH023130002": {"Water_Prop": 10.533911, "Food_Prop": 30.11583, "Shelter_Prop": 0.7215010000000001, "Health_Prop": 56.193142, "Education_Prop": 12.867647, "Work_Prop": 37.383635, "Peace_Prop": 2.308802, "Participation_Prop": "", "SocialProtection_Prop": 98.948132, "Environment_Prop": 18.239385000000002, "shelter_electricity": 4.473304473, "health_center_attendance": 56.19314206, "work_farms": 8.763693271000001, "work_unskilled": 66.58841941, "health_programs": 56.27705628, "sp_philhealth": 56.27705628, "water_toilet": 4.473304473, "shelter_makeshift_nhts": 3.246753247, "food_malnourished": "", "health_child_death": "", "health_maternal_death": "", "he_flood": 0.0, "he_volcano": 0.0, "he_landslide": 0.0, "he_earthquake": 0.0}, "PH023130003": {"Water_Prop": 0.0, "Food_Prop": 94.44444399999999, "Shelter_Prop": 0.684932, "Health_Prop": 57.643312, "Education_Prop": 6.363636, "Work_Prop": 33.932584000000006, "Peace_Prop": 5.479451999999999, "Participation_Prop": 73.39108900000001, "SocialProtection_Prop": 98.762376, "Environment_Prop": 0.387809, "shelter_electricity": 2.054794521, "health_center_attendance": 57.6433121, "work_farms": 9.863945578, "work_unskilled": 64.62585034, "health_programs": 45.20547945, "sp_philhealth": 45.20547945, "water_toilet": 8.219178082, "shelter_makeshift_nhts": 1.7123287669999998, "food_malnourished": "", "health_child_death": "", "health_maternal_death": "", "he_flood": 0.0, "he_volcano": 0.0, "he_landslide": 0.0, "he_earthquake": 0.0}, "PH023130004": {"Water_Prop": 1.2765959999999998, "Food_Prop": 96.42857099999999, "Shelter_Prop": 0.42553199999999997, "Health_Prop": 65.0913, "Education_Prop": 9.090909, "Work_Prop": 32.561728, "Peace_Prop": 2.553191, "Participation_Prop": 90.877993, "SocialProtection_Prop": 99.315849, "Environment_Prop": 0.67075, "shelter_electricity": 4.255319149, "health_center_attendance": 65.09129968, "work_farms": 6.864988557999999, "work_unskilled": 75.97254005, "health_programs": 33.19148936, "sp_philhealth": 33.19148936, "water_toilet": 2.9787234039999997, "shelter_makeshift_nhts": 1.276595745, "food_malnourished": "", "health_child_death": "", "health_maternal_death": "", "he_flood": 2e-06, "he_volcano": 0.0, "he_landslide": 0.0, "he_earthquake": 0.0}, "PH023130006": {"Water_Prop": 1.086957, "Food_Prop": 21.359223, "Shelter_Prop": 1.449275, "Health_Prop": 57.978021999999996, "Education_Prop": 7.252747, "Work_Prop": 34.940513, "Peace_Prop": 2.717391, "Participation_Prop": 89.360709, "SocialProtection_Prop": 99.30004699999999, "Environment_Prop": 16.570116, "shelter_electricity": 5.7971014489999995, "health_center_attendance": 57.97802198, "work_farms": 8.469682387, "work_unskilled": 71.41482194, "health_programs": 48.00724638, "sp_philhealth": 48.00724638, "water_toilet": 5.97826087, "shelter_makeshift_nhts": 2.173913043, "food_malnourished": "", "health_child_death": "", "health_maternal_death": "", "he_flood": 0.0, "he_volcano": 0.0, "he_landslide": 0.000792, "he_earthquake": 0.0}, "PH023130007": {"Water_Prop": 0.473934, "Food_Prop": 77.192982, "Shelter_Prop": 2.132701, "Health_Prop": 66.703663, "Education_Prop": 2.902375, "Work_Prop": 39.452496000000004, "Peace_Prop": 0.7109, "Participation_Prop": 88.870339, "SocialProtection_Prop": 98.497496, "Environment_Prop": 17.693882000000002, "shelter_electricity": 9.478672986, "health_center_attendance": 66.7036626, "work_farms": 9.973404255, "work_unskilled": 67.02127660000001, "health_programs": 50.0, "sp_philhealth": 50.0, "water_toilet": 6.63507109, "shelter_makeshift_nhts": 3.317535545, "food_malnourished": "", "health_child_death": "", "health_maternal_death": "", "he_flood": 0.0, "he_volcano": 0.0, "he_landslide": 0.000792, "he_earthquake": 0.0}, "PH023130008": {"Water_Prop": 0.0, "Food_Prop": 91.22807, "Shelter_Prop": 1.3812149999999999, "Health_Prop": 57.843137, "Education_Prop": 10.030395, "Work_Prop": 34.917556, "Peace_Prop": 1.933702, "Participation_Prop": 93.943472, "SocialProtection_Prop": 99.192463, "Environment_Prop": 1.239535, "shelter_electricity": 15.19337017, "health_center_attendance": 57.84313725, "work_farms": 4.172876304, "work_unskilled": 78.0923994, "health_programs": 47.51381215, "sp_philhealth": 47.51381215, "water_toilet": 9.116022099, "shelter_makeshift_nhts": 11.04972376, "food_malnourished": "", "health_child_death": "", "health_maternal_death": "", "he_flood": 0.0, "he_volcano": 0.0, "he_landslide": 0.0, "he_earthquake": 0.0}, "PH023130009": {"Water_Prop": 0.232019, "Food_Prop": 85.815603, "Shelter_Prop": 0.928074, "Health_Prop": 60.684647, "Education_Prop": 7.424594, "Work_Prop": 40.279938, "Peace_Prop": 1.392111, "Participation_Prop": 90.778689, "SocialProtection_Prop": 98.770492, "Environment_Prop": 17.894372, "shelter_electricity": 11.83294664, "health_center_attendance": 60.6846473, "work_farms": 5.859375, "work_unskilled": 66.015625, "health_programs": 51.50812065, "sp_philhealth": 51.50812065, "water_toilet": 6.496519722, "shelter_makeshift_nhts": 6.26450116, "food_malnourished": "", "health_child_death": "", "health_maternal_death": "", "he_flood": 0.0, "he_volcano": 0.0, "he_landslide": 0.0, "he_earthquake": 0.0}, "PH023130010": {"Water_Prop": 0.636943, "Food_Prop": 72.413793, "Shelter_Prop": 1.910828, "Health_Prop": 60.179641000000004, "Education_Prop": 6.4102559999999995, "Work_Prop": 36.563877000000005, "Peace_Prop": 1.273885, "Participation_Prop": 90.909091, "SocialProtection_Prop": 99.090909, "Environment_Prop": 1.516937, "shelter_electricity": 8.917197452, "health_center_attendance": 60.17964072, "work_farms": 9.722222222000001, "work_unskilled": 69.44444444, "health_programs": 28.02547771, "sp_philhealth": 28.02547771, "water_toilet": 4.458598726, "shelter_makeshift_nhts": 7.9617834389999995, "food_malnourished": "", "health_child_death": "", "health_maternal_death": "", "he_flood": 1e-06, "he_volcano": 0.0, "he_landslide": 0.0, "he_earthquake": 0.0}, "PH023130011": {"Water_Prop": 0.0, "Food_Prop": 8.173077000000001, "Shelter_Prop": 2.1538459999999997, "Health_Prop": 59.54810500000001, "Education_Prop": 7.926829, "Work_Prop": 38.857783000000005, "Peace_Prop": 0.307692, "Participation_Prop": 97.005988, "SocialProtection_Prop": 98.20359300000001, "Environment_Prop": 19.841314999999998, "shelter_electricity": 6.769230769, "health_center_attendance": 59.54810496, "work_farms": 1.098901099, "work_unskilled": 77.83882784, "health_programs": 44.92307692, "sp_philhealth": 44.92307692, "water_toilet": 0.923076923, "shelter_makeshift_nhts": 11.84615385, "food_malnourished": "", "health_child_death": "", "health_maternal_death": "", "he_flood": 0.0, "he_volcano": 0.0, "he_landslide": 0.0, "he_earthquake": 0.0}, "PH023130012": {"Water_Prop": 0.0, "Food_Prop": 70.689655, "Shelter_Prop": 0.0, "Health_Prop": 60.94808100000001, "Education_Prop": 7.881773, "Work_Prop": 38.709677, "Peace_Prop": 1.030928, "Participation_Prop": 96.694215, "SocialProtection_Prop": 98.719008, "Environment_Prop": 0.77471, "shelter_electricity": 8.24742268, "health_center_attendance": 60.94808126, "work_farms": 1.4619883040000001, "work_unskilled": 81.57894737, "health_programs": 26.80412371, "sp_philhealth": 26.80412371, "water_toilet": 2.577319588, "shelter_makeshift_nhts": 16.49484536, "food_malnourished": "",