{"PH021523001": {"Water_Prop": 58.139534999999995, "Food_Prop": 100.0, "Shelter_Prop": 0.7751939999999999, "Health_Prop": 20.934256, "Education_Prop": 2.941176, "Work_Prop": 47.380952, "Peace_Prop": 0.0, "Participation_Prop": 59.173554, "SocialProtection_Prop": 99.504132, "Environment_Prop": 1.244066, "shelter_electricity": 13.17829457, "health_center_attendance": 20.93425606, "work_farms": 12.66968326, "work_unskilled": 52.94117647, "health_programs": 33.33333333, "sp_philhealth": 33.33333333, "water_toilet": 12.40310078, "shelter_makeshift_nhts": 1.162790698, "food_malnourished": "", "health_child_death": "", "health_maternal_death": "", "he_flood": 0.0, "he_volcano": 0.0, "he_landslide": 0.000792, "he_earthquake": 0.0}, "PH021523002": {"Water_Prop": 5.446118, "Food_Prop": 100.0, "Shelter_Prop": 3.82387, "Health_Prop": 32.310015, "Education_Prop": 6.143345, "Work_Prop": 43.704274, "Peace_Prop": 19.8146, "Participation_Prop": 87.524666, "SocialProtection_Prop": 97.917123, "Environment_Prop": 8.743362, "shelter_electricity": 7.18424102, "health_center_attendance": 32.3100151, "work_farms": 29.95896033, "work_unskilled": 31.7373461, "health_programs": 73.69640788, "sp_philhealth": 73.69640788, "water_toilet": 23.5225956, "shelter_makeshift_nhts": 3.302433372, "food_malnourished": "", "health_child_death": "", "health_maternal_death": "", "he_flood": 0.0, "he_volcano": 0.0, "he_landslide": 0.002639, "he_earthquake": 0.0}, "PH021523003": {"Water_Prop": 3.4666669999999997, "Food_Prop": 66.666667, "Shelter_Prop": 2.1333330000000004, "Health_Prop": 2.6389669999999996, "Education_Prop": 7.383966, "Work_Prop": 48.431734000000006, "Peace_Prop": 49.6, "Participation_Prop": 94.659852, "SocialProtection_Prop": 97.779344, "Environment_Prop": 12.740523, "shelter_electricity": 24.26666667, "health_center_attendance": 2.638966873, "work_farms": 10.73345259, "work_unskilled": 48.30053667, "health_programs": 46.93333333, "sp_philhealth": 46.93333333, "water_toilet": 15.46666667, "shelter_makeshift_nhts": 9.2, "food_malnourished": "", "health_child_death": "", "health_maternal_death": "", "he_flood": 0.0, "he_volcano": 0.0, "he_landslide": 0.0, "he_earthquake": 0.0}, "PH021523004": {"Water_Prop": 2.9661020000000002, "Food_Prop": 100.0, "Shelter_Prop": 0.423729, "Health_Prop": 14.92823, "Education_Prop": 8.163264999999999, "Work_Prop": 44.909344, "Peace_Prop": 2.1186439999999997, "Participation_Prop": 86.75246, "SocialProtection_Prop": 97.956094, "Environment_Prop": 9.723339, "shelter_electricity": 6.355932202999999, "health_center_attendance": 14.92822967, "work_farms": 29.87341772, "work_unskilled": 40.50632911, "health_programs": 45.76271186, "sp_philhealth": 45.76271186, "water_toilet": 19.49152542, "shelter_makeshift_nhts": 3.8135593219999997, "food_malnourished": "", "health_child_death": "", "health_maternal_death": "", "he_flood": 0.0, "he_volcano": 0.0, "he_landslide": 0.000792, "he_earthquake": 0.0}, "PH021523005": {"Water_Prop": 23.125, "Food_Prop": 1.3698629999999998, "Shelter_Prop": 0.625, "Health_Prop": 7.238606, "Education_Prop": 9.82659, "Work_Prop": 44.354839, "Peace_Prop": 28.125, "Participation_Prop": 86.595174, "SocialProtection_Prop": 98.927614, "Environment_Prop": 2.085922, "shelter_electricity": 20.0, "health_center_attendance": 7.238605897999999, "work_farms": 15.94202899, "work_unskilled": 60.50724638, "health_programs": 60.625, "sp_philhealth": 60.625, "water_toilet": 21.25, "shelter_makeshift_nhts": 6.875, "food_malnourished": "", "health_child_death": "", "health_maternal_death": "", "he_flood": 0.0, "he_volcano": 0.0, "he_landslide": 0.000264, "he_earthquake": 0.0}, "PH021523006": {"Water_Prop": 22.641509, "Food_Prop": "", "Shelter_Prop": 0.628931, "Health_Prop": 12.645349000000001, "Education_Prop": 6.535948, "Work_Prop": 47.826087, "Peace_Prop": 7.5471699999999995, "Participation_Prop": 77.963526, "SocialProtection_Prop": 98.784195, "Environment_Prop": 0.681342, "shelter_electricity": 12.57861635, "health_center_attendance": 12.64534884, "work_farms": 17.08333333, "work_unskilled": 60.0, "health_programs": 43.39622642, "sp_philhealth": 43.39622642, "water_toilet": 12.57861635, "shelter_makeshift_nhts": 5.34591195, "food_malnourished": "", "health_child_death": "", "health_maternal_death": "", "he_flood": 0.0, "he_volcano": 0.0, "he_landslide": 0.000792, "he_earthquake": 0.0}, "PH021523007": {"Water_Prop": 40.327869, "Food_Prop": 100.0, "Shelter_Prop": 0.0, "Health_Prop": 15.504451000000001, "Education_Prop": 10.384615, "Work_Prop": 45.052632, "Peace_Prop": 5.57377, "Participation_Prop": 87.769784, "SocialProtection_Prop": 98.920863, "Environment_Prop": 3.228051, "shelter_electricity": 10.81967213, "health_center_attendance": 15.50445104, "work_farms": 12.2605364, "work_unskilled": 53.63984674, "health_programs": 57.70491803, "sp_philhealth": 57.70491803, "water_toilet": 16.39344262, "shelter_makeshift_nhts": 3.278688525, "food_malnourished": "", "health_child_death": "", "health_maternal_death": "", "he_flood": 0.0, "he_volcano": 0.0, "he_landslide": 0.000792, "he_earthquake": 0.0}, "PH021523008": {"Water_Prop": 4.954128, "Food_Prop": 75.0, "Shelter_Prop": 2.385321, "Health_Prop": 2.0675939999999997, "Education_Prop": 6.470587999999999, "Work_Prop": 40.258976000000004, "Peace_Prop": 14.12844, "Participation_Prop": 93.089279, "SocialProtection_Prop": 99.028764, "Environment_Prop": 0.954259, "shelter_electricity": 7.3394495410000005, "health_center_attendance": 2.067594433, "work_farms": 14.38423645, "work_unskilled": 44.532019700000006, "health_programs": 43.48623853, "sp_philhealth": 43.48623853, "water_toilet": 17.98165138, "shelter_makeshift_nhts": 2.660550459, "food_malnourished": "", "health_child_death": "", "health_maternal_death": "", "he_flood": 0.0, "he_volcano": 0.0, "he_landslide": 0.0, "he_earthquake": 0.0}, "PH021523009": {"Water_Prop": 26.845638, "Food_Prop": 66.10169499999999, "Shelter_Prop": 0.671141, "Health_Prop": 11.657303, "Education_Prop": 3.378378, "Work_Prop": 48.232848, "Peace_Prop": 3.3557050000000004, "Participation_Prop": 84.564498, "SocialProtection_Prop": 97.684675, "Environment_Prop": 0.9656799999999999, "shelter_electricity": 6.040268456000001, "health_center_attendance": 11.65730337, "work_farms": 9.638554217000001, "work_unskilled": 42.57028112, "health_programs": 40.26845638, "sp_philhealth": 40.26845638, "water_toilet": 8.724832215, "shelter_makeshift_nhts": 2.013422819, "food_malnourished": "", "health_child_death": "", "health_maternal_death": "", "he_flood": 0.0, "he_volcano": 0.0, "he_landslide": 0.0, "he_earthquake": 0.0}, "PH021523010": {"Water_Prop": 49.132948, "Food_Prop": 30.864198, "Shelter_Prop": 0.0, "Health_Prop": 2.955665, "Education_Prop": 10.576922999999999, "Work_Prop": 45.696721000000004, "Peace_Prop": 20.809248999999998, "Participation_Prop": 89.81994499999999, "SocialProtection_Prop": 99.65374, "Environment_Prop": 4.858265, "shelter_electricity": 86.70520231, "health_center_attendance": 2.955665025, "work_farms": 35.47169811, "work_unskilled": 57.73584906, "health_programs": 46.82080925, "sp_philhealth": 46.82080925, "water_toilet": 59.53757225, "shelter_makeshift_nhts": 2.3121387280000003, "food_malnourished": "", "health_child_death": "", "health_maternal_death": "", "he_flood": 0.0, "he_volcano": 0.0, "he_landslide": 0.002639, "he_earthquake": 0.0}, "PH021523011": {"Water_Prop": 9.608541, "Food_Prop": 30.0, "Shelter_Prop": 1.067616, "Health_Prop": 31.771894, "Education_Prop": 6.386861, "Work_Prop": 43.126521000000004, "Peace_Prop": 13.523132, "Participation_Prop": 91.12344, "SocialProtection_Prop": 98.613037, "Environment_Prop": 10.645304, "shelter_electricity": 12.8113879, "health_center_attendance": 31.77189409, "work_farms": 24.49197861, "work_unskilled": 36.36363636, "health_programs": 71.35231317, "sp_philhealth": 71.35231317, "water_toilet": 33.27402135, "shelter_makeshift_nhts": 2.2241992880000003, "food_malnourished": "", "health_child_death": "",