{"PH023117001": {"water_access": 9.756098, "food_tenure": 45.454545, "shelter_informal_settlers_nhts": 0.0, "health_center_attendance": 0.0, "educ_outofschool_all": 3.571429, "work_unemployment": 40.740741, "po_conflict": 63.414634, "participation_assembly_attendance": 81.818182, "sp_sss": 1.2121209999999962, "he_risk": 22.863929000000002, "shelter_electricity": 73.17073171, "health_center_attendance.1": 0.0, "work_farms": 46.875, "work_unskilled": 23.4375, "health_programs": 0.0, "sp_philhealth": 100.0, "water_toilet": 9.756097561, "shelter_makeshift_nhts": 0.0, "food_malnourished": "", "health_child_death": "", "health_maternal_death": "", "he_flood": 1e-06, "he_volcano": 0.0, "he_landslide": 0.011349, "he_earthquake": 0.07142899999999999, "name": "Diana"}, "PH023117002": {"water_access": 8.928571, "food_tenure": 0.0, "shelter_informal_settlers_nhts": 1.785714, "health_center_attendance": 0.865801, "educ_outofschool_all": 1.6949150000000002, "work_unemployment": 37.423313, "po_conflict": 66.07142900000001, "participation_assembly_attendance": 83.606557, "sp_sss": 0.8196719999999971, "he_risk": 0.287605, "shelter_electricity": 5.3571428569999995, "health_center_attendance.1": 0.865800866, "work_farms": 12.74509804, "work_unskilled": 31.37254902, "health_programs": 0.0, "sp_philhealth": 100.0, "water_toilet": 0.0, "shelter_makeshift_nhts": 5.3571428569999995, "food_malnourished": "", "health_child_death": "", "health_maternal_death": "", "he_flood": 2e-06, "he_volcano": 0.0, "he_landslide": 0.000264, "he_earthquake": 0.0, "name": "Eleonor (Pob.)"}, "PH023117003": {"water_access": 2.352941, "food_tenure": 27.272727000000003, "shelter_informal_settlers_nhts": 1.764706, "health_center_attendance": 2.7586209999999998, "educ_outofschool_all": 1.2903229999999999, "work_unemployment": 40.588235, "po_conflict": 61.764706000000004, "participation_assembly_attendance": 93.849938, "sp_sss": 0.7380069999999961, "he_risk": 20.011688, "shelter_electricity": 11.76470588, "health_center_attendance.1": 2.75862069, "work_farms": 21.45214521, "work_unskilled": 36.63366337, "health_programs": 0.588235294, "sp_philhealth": 99.411764706, "water_toilet": 4.705882353, "shelter_makeshift_nhts": 5.5882352939999995, "food_malnourished": "", "health_child_death": "", "health_maternal_death": "", "he_flood": 1e-06, "he_volcano": 0.0, "he_landslide": 0.011349, "he_earthquake": 0.0, "name": "Fely (Pob.)"}, "PH023117004": {"water_access": 6.944444, "food_tenure": 14.285714000000002, "shelter_informal_settlers_nhts": 4.1666669999999995, "health_center_attendance": 2.061856, "educ_outofschool_all": 4.0, "work_unemployment": 39.090909, "po_conflict": 36.111111, "participation_assembly_attendance": 77.739726, "sp_sss": 2.0547949999999986, "he_risk": 16.74585, "shelter_electricity": 5.555555556, "health_center_attendance.1": 2.06185567, "work_farms": 11.19402985, "work_unskilled": 21.64179104, "health_programs": 0.0, "sp_philhealth": 100.0, "water_toilet": 2.777777778, "shelter_makeshift_nhts": 2.777777778, "food_malnourished": "", "health_child_death": "", "health_maternal_death": "", "he_flood": 1e-06, "he_volcano": 0.0, "he_landslide": 0.000792, "he_earthquake": 0.0, "name": "Lita (Pob.)"}, "PH023117005": {"water_access": 39.795918, "food_tenure": "", "shelter_informal_settlers_nhts": 0.0, "health_center_attendance": 1.522843, "educ_outofschool_all": 5.494505, "work_unemployment": 36.693548, "po_conflict": 50.0, "participation_assembly_attendance": 87.616099, "sp_sss": 0.15479899999999702, "he_risk": 6.695682000000001, "shelter_electricity": 66.32653061, "health_center_attendance.1": 1.52284264, "work_farms": 46.49681529, "work_unskilled": 41.40127389, "health_programs": 1.020408163, "sp_philhealth": 98.979591837, "water_toilet": 4.081632653, "shelter_makeshift_nhts": 3.06122449, "food_malnourished": "", "health_child_death": "", "health_maternal_death": "", "he_flood": 0.0, "he_volcano": 0.0, "he_landslide": 0.011085, "he_earthquake": 0.0, "name": "Reina Mercedes"}, "PH023117006": {"water_access": 10.344828, "food_tenure": 50.0, "shelter_informal_settlers_nhts": 0.0, "health_center_attendance": 0.223214, "educ_outofschool_all": 3.947368, "work_unemployment": 38.023952, "po_conflict": 85.344828, "participation_assembly_attendance": 85.981308, "sp_sss": 1.121494999999996, "he_risk": 0.0008029999999999999, "shelter_electricity": 6.896551724, "health_center_attendance.1": 0.223214286, "work_farms": 23.1884058, "work_unskilled": 38.16425121, "health_programs": 1.724137931, "sp_philhealth": 98.275862069, "water_toilet": 1.724137931, "shelter_makeshift_nhts": 6.896551724, "food_malnourished": "", "health_child_death": "", "health_maternal_death": "", "he_flood": 1e-06, "he_volcano": 0.0, "he_landslide": 0.0, "he_earthquake": 0.0, "name": "Minanga"}, "PH023117007": {"water_access": 3.3613449999999996, "food_tenure": 66.666667, "shelter_informal_settlers_nhts": 0.0, "health_center_attendance": 0.4, "educ_outofschool_all": 2.040816, "work_unemployment": 41.025641, "po_conflict": 24.369748, "participation_assembly_attendance": 91.039427, "sp_sss": 1.9713260000000048, "he_risk": 0.854295, "shelter_electricity": 9.243697479, "health_center_attendance.1": 0.4, "work_farms": 27.53623188, "work_unskilled": 30.43478261, "health_programs": 0.8403361340000001, "sp_philhealth": 99.159663866, "water_toilet": 2.521008403, "shelter_makeshift_nhts": 1.680672269, "food_malnourished": "", "health_child_death": "", "health_maternal_death": "", "he_flood": 1e-06, "he_volcano": 0.0, "he_landslide": 0.000264, "he_earthquake": 0.0, "name": "Malasin"}, "PH023117008": {"water_access": 68.965517, "food_tenure": 80.769231, "shelter_informal_settlers_nhts": 3.4482760000000003, "health_center_attendance": 0.0, "educ_outofschool_all": 0.0, "work_unemployment": 34.666667, "po_conflict": 51.724138, "participation_assembly_attendance": 82.378855, "sp_sss": 0.8810569999999984, "he_risk": 22.865384, "shelter_electricity": 86.20689655, "health_center_attendance.1": 0.0, "work_farms": 36.73469388, "work_unskilled": 44.89795918, "health_programs": 0.0, "sp_philhealth": 100.0, "water_toilet": 3.448275862, "shelter_makeshift_nhts": 1.724137931, "food_malnourished": "", "health_child_death": "", "health_maternal_death": "", "he_flood": 2e-06, "he_volcano": 0.0, "he_landslide": 0.04777, "he_earthquake": 0.0, "name": "Canadam"}, "PH023117009": {"water_access": 8.571429, "food_tenure": 79.032258, "shelter_informal_settlers_nhts": 0.0, "health_center_attendance": 0.0, "educ_outofschool_all": 7.352941, "work_unemployment": 40.0, "po_conflict": 55.714286, "participation_assembly_attendance": 88.16568000000001, "sp_sss": 1.7751480000000015, "he_risk": 21.140125, "shelter_electricity": 17.14285714, "health_center_attendance.1": 0.0, "work_farms": 35.04273504, "work_unskilled": 39.31623932, "health_programs": 0.0, "sp_philhealth": 100.0, "water_toilet": 0.0, "shelter_makeshift_nhts": 0.7142857140000001, "food_malnourished": "", "health_child_death": "", "health_maternal_death": "", "he_flood": 0.0, "he_volcano": 0.0, "he_landslide": 0.011085, "he_earthquake": 0.0, "name": "Aplaya"}, "PH023117010": {"water_access": 88.636364, "food_tenure": 80.28169, "shelter_informal_settlers_nhts": 0.0, "health_center_attendance": 0.5988020000000001, "educ_outofschool_all": 34.285714, "work_unemployment": 28.301887, "po_conflict": 45.454545, "participation_assembly_attendance": 89.655172, "sp_sss": 0.2298849999999959, "he_risk": 6.527731, "shelter_electricity": 72.72727273, "health_center_attendance.1": 0.598802395, "work_farms": 36.84210526, "work_unskilled": 53.94736842, "health_programs": 0.0, "sp_philhealth": 100.0, "water_toilet": 2.272727273, "shelter_makeshift_nhts": 4.545454545, "food_malnourished": "", "health_child_death": "", "health_maternal_death": "", "he_flood": 0.0, "he_volcano": 0.0, "he_landslide": 0.000792, "he_earthquake": 0.0, "name": "Santa Marina (Dianggo)"}}