{"PH025008001": {"water_access": 98.969072, "food_tenure": 0.0, "shelter_informal_settlers_nhts": 2.061856, "health_center_attendance": 85.768501, "educ_outofschool_all": 7.29927, "work_unemployment": 37.345679, "po_conflict": 0.0, "participation_assembly_attendance": 86.69001800000001, "sp_sss": 1.4010509999999954, "he_risk": 10.150488000000001, "shelter_electricity": 14.43298969, "health_center_attendance.1": 85.76850095, "work_farms": 15.763546799999999, "work_unskilled": 68.4729064, "health_programs": 71.13402062, "sp_philhealth": 28.86597938, "water_toilet": 7.216494845, "shelter_makeshift_nhts": 0.0, "food_malnourished": "", "health_child_death": "", "health_maternal_death": "", "he_flood": 0.0, "he_volcano": 0.0, "he_landslide": 0.048562, "he_earthquake": 0.0, "name": "Abaca"}, "PH025008003": {"water_access": 96.527778, "food_tenure": 65.517241, "shelter_informal_settlers_nhts": 0.694444, "health_center_attendance": 60.088365, "educ_outofschool_all": 9.848485, "work_unemployment": 38.546256, "po_conflict": 0.0, "participation_assembly_attendance": 86.675824, "sp_sss": 0.9615380000000044, "he_risk": 8.180893, "shelter_electricity": 12.5, "health_center_attendance.1": 60.08836524, "work_farms": 26.16487455, "work_unskilled": 59.85663082, "health_programs": 47.22222222, "sp_philhealth": 52.77777778, "water_toilet": 16.66666667, "shelter_makeshift_nhts": 0.0, "food_malnourished": "", "health_child_death": "", "health_maternal_death": "", "he_flood": 0.0, "he_volcano": 0.0, "he_landslide": 0.190816, "he_earthquake": 0.0, "name": "Banila"}, "PH025008004": {"water_access": 94.25837299999999, "food_tenure": 43.209877, "shelter_informal_settlers_nhts": 0.478469, "health_center_attendance": 73.26633199999999, "educ_outofschool_all": 3.72093, "work_unemployment": 34.090909, "po_conflict": 0.478469, "participation_assembly_attendance": 88.681102, "sp_sss": 1.1811019999999957, "he_risk": 2.75944, "shelter_electricity": 13.39712919, "health_center_attendance.1": 73.26633166, "work_farms": 27.586206899999997, "work_unskilled": 57.24137931, "health_programs": 42.58373206, "sp_philhealth": 57.41626794, "water_toilet": 24.88038278, "shelter_makeshift_nhts": 0.0, "food_malnourished": "", "health_child_death": "", "health_maternal_death": "", "he_flood": 0.0, "he_volcano": 0.0, "he_landslide": 0.011507, "he_earthquake": 0.07142899999999999, "name": "Carolotan"}, "PH025008007": {"water_access": 14.084507, "food_tenure": 93.333333, "shelter_informal_settlers_nhts": 0.0, "health_center_attendance": 73.143438, "educ_outofschool_all": 4.265403, "work_unemployment": 43.255814, "po_conflict": 0.469484, "participation_assembly_attendance": 91.088328, "sp_sss": 0.7097789999999975, "he_risk": 17.833886, "shelter_electricity": 7.5117370889999995, "health_center_attendance.1": 73.14343845, "work_farms": 4.371584699, "work_unskilled": 66.93989071, "health_programs": 52.58215962, "sp_philhealth": 47.41784038, "water_toilet": 9.85915493, "shelter_makeshift_nhts": 0.46948356799999996, "food_malnourished": "", "health_child_death": "", "health_maternal_death": "", "he_flood": 0.0, "he_volcano": 0.0, "he_landslide": 0.001056, "he_earthquake": 0.0, "name": "Gabut"}, "PH025008008": {"water_access": 99.502488, "food_tenure": 32.8125, "shelter_informal_settlers_nhts": 0.995025, "health_center_attendance": 81.417625, "educ_outofschool_all": 11.312217, "work_unemployment": 26.647965999999997, "po_conflict": 0.0, "participation_assembly_attendance": 58.18181800000001, "sp_sss": 0.7655500000000046, "he_risk": 3.3058959999999997, "shelter_electricity": 13.43283582, "health_center_attendance.1": 81.41762452, "work_farms": 25.04780115, "work_unskilled": 61.37667304, "health_programs": 61.69154229, "sp_philhealth": 38.30845771, "water_toilet": 16.91542289, "shelter_makeshift_nhts": 0.0, "food_malnourished": "", "health_child_death": "", "health_maternal_death": "", "he_flood": 0.0, "he_volcano": 0.0, "he_landslide": 0.011665, "he_earthquake": 0.0, "name": "Ganao (Lingad)"}, "PH025008010": {"water_access": 100.0, "food_tenure": 6.060606, "shelter_informal_settlers_nhts": 0.0, "health_center_attendance": 56.846472999999996, "educ_outofschool_all": 3.636364, "work_unemployment": 26.380368, "po_conflict": 0.0, "participation_assembly_attendance": 85.094851, "sp_sss": 0.5420050000000032, "he_risk": 2.477173, "shelter_electricity": 70.90909091, "health_center_attendance.1": 56.84647303, "work_farms": 27.5, "work_unskilled": 58.33333333, "health_programs": 27.27272727, "sp_philhealth": 72.72727273, "water_toilet": 10.90909091, "shelter_makeshift_nhts": 0.9090909090000001, "food_malnourished": "", "health_child_death": "", "health_maternal_death": "", "he_flood": 0.0, "he_volcano": 0.0, "he_landslide": 0.048139, "he_earthquake": 0.0, "name": "Lukidnon"}, "PH025008011": {"water_access": 5.963303, "food_tenure": 32.885906, "shelter_informal_settlers_nhts": 1.376147, "health_center_attendance": 81.106472, "educ_outofschool_all": 5.337079, "work_unemployment": 43.897059000000006, "po_conflict": 0.6880729999999999, "participation_assembly_attendance": 85.700935, "sp_sss": 1.448598000000004, "he_risk": 9.965935, "shelter_electricity": 7.110091743, "health_center_attendance.1": 81.10647182, "work_farms": 6.29095675, "work_unskilled": 58.97771953, "health_programs": 58.25688073, "sp_philhealth": 41.74311927, "water_toilet": 10.32110092, "shelter_makeshift_nhts": 0.458715596, "food_malnourished": "", "health_child_death": "", "health_maternal_death": "", "he_flood": 0.0, "he_volcano": 0.0, "he_landslide": 0.001056, "he_earthquake": 0.0, "name": "Mangayang"}, "PH025008012": {"water_access": 30.476190000000003, "food_tenure": 43.195266, "shelter_informal_settlers_nhts": 0.47618999999999995, "health_center_attendance": 77.13052900000001, "educ_outofschool_all": 6.703911, "work_unemployment": 42.383107, "po_conflict": 0.47618999999999995, "participation_assembly_attendance": 90.212373, "sp_sss": 1.6620499999999936, "he_risk": 1.325294, "shelter_electricity": 8.095238095, "health_center_attendance.1": 77.13052859, "work_farms": 9.42408377, "work_unskilled": 67.53926702, "health_programs": 46.19047619, "sp_philhealth": 53.80952381, "water_toilet": 2.857142857, "shelter_makeshift_nhts": 0.7142857140000001, "food_malnourished": "", "health_child_death": "", "health_maternal_death": "", "he_flood": 0.0, "he_volcano": 0.0, "he_landslide": 0.011613, "he_earthquake": 0.0, "name": "Palabotan"}, "PH025008013": {"water_access": 83.152174, "food_tenure": 2.083333, "shelter_informal_settlers_nhts": 0.543478, "health_center_attendance": 68.17734, "educ_outofschool_all": 14.349776, "work_unemployment": 30.551181, "po_conflict": 1.630435, "participation_assembly_attendance": 85.097192, "sp_sss": 0.1079909999999984, "he_risk": 5.286683, "shelter_electricity": 24.45652174, "health_center_attendance.1": 68.1773399, "work_farms": 37.64172336, "work_unskilled": 52.83446712, "health_programs": 42.39130435, "sp_philhealth": 57.60869565, "water_toilet": 37.5, "shelter_makeshift_nhts": 0.27173913, "food_malnourished": "", "health_child_death": "", "health_maternal_death": "", "he_flood": 0.0, "he_volcano": 0.0, "he_landslide": 0.011613, "he_earthquake": 0.0, "name": "Biruk"}, "PH025008014": {"water_access": 5.882353, "food_tenure": 72.222222, "shelter_informal_settlers_nhts": 1.764706, "health_center_attendance": 71.285893, "educ_outofschool_all": 4.5454550000000005, "work_unemployment": 41.366906, "po_conflict": 3.529412, "participation_assembly_attendance": 86.294416, "sp_sss": 1.2690359999999998, "he_risk": 15.444111999999999, "shelter_electricity": 2.9411764710000003, "health_center_attendance.1": 71.28589263, "work_farms": 11.04294479, "work_unskilled": 50.30674847, "health_programs": 55.88235294, "sp_philhealth": 44.11764706, "water_toilet": 4.117647058999999, "shelter_makeshift_nhts": 1.470588235, "food_malnourished": "", "health_child_death": "", "health_maternal_death": "", "he_flood": 1e-06, "he_volcano": 0.0,