{"PH023136001": {"Water_Prop": 0.0, "Food_Prop": 28.571429, "Shelter_Prop": 0.847458, "Health_Prop": 35.834609, "Education_Prop": 9.022556, "Work_Prop": 50.107065999999996, "Peace_Prop": 6.779661, "Participation_Prop": 92.119089, "SocialProtection_Prop": 98.42381800000001, "Environment_Prop": 4.5e-05, "shelter_electricity": 2.542372881, "health_center_attendance": 35.83460949, "work_farms": 7.2961373389999995, "work_unskilled": 61.80257511, "health_programs": 54.23728814, "sp_philhealth": 54.23728814, "water_toilet": 25.42372881, "shelter_makeshift_nhts": 0.423728814, "food_malnourished": "", "health_child_death": "", "health_maternal_death": "", "he_flood": 1e-05, "he_volcano": 0.0, "he_landslide": 0.0, "he_earthquake": 0.0}, "PH023136002": {"Water_Prop": 0.0, "Food_Prop": 35.353535, "Shelter_Prop": 0.0, "Health_Prop": 49.315068, "Education_Prop": 6.349206, "Work_Prop": 46.043165, "Peace_Prop": 0.0, "Participation_Prop": 88.594705, "SocialProtection_Prop": 98.98167, "Environment_Prop": 0.566796, "shelter_electricity": 4.081632653, "health_center_attendance": 49.31506849, "work_farms": 24.0, "work_unskilled": 55.33333333, "health_programs": 65.30612245, "sp_philhealth": 65.30612245, "water_toilet": 34.69387755, "shelter_makeshift_nhts": 0.510204082, "food_malnourished": "", "health_child_death": "", "health_maternal_death": "", "he_flood": 9e-06, "he_volcano": 0.0, "he_landslide": 0.0, "he_earthquake": 0.0}, "PH023136003": {"Water_Prop": 0.0, "Food_Prop": 78.0, "Shelter_Prop": 3.333333, "Health_Prop": 50.348028, "Education_Prop": 11.282051, "Work_Prop": 43.672014000000004, "Peace_Prop": 1.666667, "Participation_Prop": 90.85213, "SocialProtection_Prop": 98.621554, "Environment_Prop": 0.58172, "shelter_electricity": 6.1111111110000005, "health_center_attendance": 50.34802784, "work_farms": 11.70886076, "work_unskilled": 63.92405063, "health_programs": 65.55555556, "sp_philhealth": 65.55555556, "water_toilet": 43.33333333, "shelter_makeshift_nhts": 0.27777777800000003, "food_malnourished": "", "health_child_death": "", "health_maternal_death": "", "he_flood": 5e-06, "he_volcano": 0.0, "he_landslide": 0.0, "he_earthquake": 0.0}, "PH023136004": {"Water_Prop": 5.6338029999999995, "Food_Prop": 92.307692, "Shelter_Prop": 1.4084510000000001, "Health_Prop": 48.829431, "Education_Prop": 10.4, "Work_Prop": 42.416769, "Peace_Prop": 1.4084510000000001, "Participation_Prop": 94.65587, "SocialProtection_Prop": 88.582996, "Environment_Prop": 0.8943059999999999, "shelter_electricity": 6.103286385, "health_center_attendance": 48.82943144, "work_farms": 7.494646681, "work_unskilled": 68.95074946, "health_programs": 66.66666667, "sp_philhealth": 66.66666667, "water_toilet": 51.64319249, "shelter_makeshift_nhts": 0.0, "food_malnourished": "", "health_child_death": "", "health_maternal_death": "", "he_flood": 3e-06, "he_volcano": 0.0, "he_landslide": 0.0, "he_earthquake": 0.0}, "PH023136005": {"Water_Prop": 1.1235959999999998, "Food_Prop": 90.647482, "Shelter_Prop": 3.089888, "Health_Prop": 46.678121000000004, "Education_Prop": 9.482759, "Work_Prop": 44.019139, "Peace_Prop": 7.58427, "Participation_Prop": "", "SocialProtection_Prop": 98.38079300000001, "Environment_Prop": 1.438142, "shelter_electricity": 6.741573034, "health_center_attendance": 46.67812142, "work_farms": 9.686609687, "work_unskilled": 63.24786325, "health_programs": 74.15730337, "sp_philhealth": 74.15730337, "water_toilet": 42.13483146, "shelter_makeshift_nhts": 0.0, "food_malnourished": "", "health_child_death": "", "health_maternal_death": "", "he_flood": 3e-06, "he_volcano": 0.0, "he_landslide": 0.0, "he_earthquake": 0.0}, "PH023136006": {"Water_Prop": 0.346021, "Food_Prop": 51.666667, "Shelter_Prop": 2.422145, "Health_Prop": 45.961698999999996, "Education_Prop": 9.049774000000001, "Work_Prop": 46.404494, "Peace_Prop": 1.384083, "Participation_Prop": 96.577629, "SocialProtection_Prop": 98.831386, "Environment_Prop": 1.1467040000000002, "shelter_electricity": 6.574394464, "health_center_attendance": 45.96169858, "work_farms": 19.28721174, "work_unskilled": 60.16771488, "health_programs": 65.74394464, "sp_philhealth": 65.74394464, "water_toilet": 35.98615917, "shelter_makeshift_nhts": 0.17301038100000002, "food_malnourished": "", "health_child_death": "", "health_maternal_death": "", "he_flood": 1e-06, "he_volcano": 0.0, "he_landslide": 0.000792, "he_earthquake": 0.0}, "PH023136008": {"Water_Prop": 0.0, "Food_Prop": 77.272727, "Shelter_Prop": 1.094891, "Health_Prop": 40.133221999999996, "Education_Prop": 14.285714000000002, "Work_Prop": 43.663594, "Peace_Prop": 0.0, "Participation_Prop": 92.489451, "SocialProtection_Prop": 98.987342, "Environment_Prop": 1.149181, "shelter_electricity": 5.109489051000001, "health_center_attendance": 40.13322231, "work_farms": 23.10838446, "work_unskilled": 53.98773006, "health_programs": 73.72262774, "sp_philhealth": 73.72262774, "water_toilet": 24.45255474, "shelter_makeshift_nhts": 0.182481752, "food_malnourished": "", "health_child_death": "", "health_maternal_death": "", "he_flood": 1e-06, "he_volcano": 0.0, "he_landslide": 0.000792, "he_earthquake": 0.0}, "PH023136009": {"Water_Prop": 1.25, "Food_Prop": 66.666667, "Shelter_Prop": 2.5, "Health_Prop": 45.917085, "Education_Prop": 8.282209, "Work_Prop": 48.161765, "Peace_Prop": 0.625, "Participation_Prop": 97.02233299999999, "SocialProtection_Prop": 98.26302700000001, "Environment_Prop": 1.169659, "shelter_electricity": 7.5, "health_center_attendance": 45.91708543, "work_farms": 10.81560284, "work_unskilled": 57.80141844, "health_programs": 62.8125, "sp_philhealth": 62.8125, "water_toilet": 47.8125, "shelter_makeshift_nhts": 0.625, "food_malnourished": "", "health_child_death": "", "health_maternal_death": "", "he_flood": 4e-06, "he_volcano": 0.0, "he_landslide": 0.0, "he_earthquake": 0.0}, "PH023136010": {"Water_Prop": 1.587302, "Food_Prop": 96.20253199999999, "Shelter_Prop": 0.0, "Health_Prop": 32.798834, "Education_Prop": 8.823528999999999, "Work_Prop": 47.280335, "Peace_Prop": 5.555556, "Participation_Prop": 92.346939, "SocialProtection_Prop": 99.319728, "Environment_Prop": 0.014778, "shelter_electricity": 7.142857143, "health_center_attendance": 32.79883382, "work_farms": 8.333333332999999, "work_unskilled": 61.50793651, "health_programs": 57.93650794, "sp_philhealth": 57.93650794, "water_toilet": 50.79365079, "shelter_makeshift_nhts": 1.19047619, "food_malnourished": "", "health_child_death": "", "health_maternal_death": "", "he_flood": 6e-06, "he_volcano": 0.0, "he_landslide": 0.0, "he_earthquake": 0.0}, "PH023136013": {"Water_Prop": 1.595745, "Food_Prop": 47.887324, "Shelter_Prop": 3.723404, "Health_Prop": 46.622516999999995, "Education_Prop": 8.62069, "Work_Prop": 49.07563, "Peace_Prop": 0.0, "Participation_Prop": 90.184922, "SocialProtection_Prop": 98.15078199999999, "Environment_Prop": 0.603577, "shelter_electricity": 1.063829787, "health_center_attendance": 46.62251656, "work_farms": 20.79207921, "work_unskilled": 44.88448845, "health_programs": 78.72340426, "sp_philhealth": 78.72340426, "water_toilet": 18.08510638, "shelter_makeshift_nhts": 0.0, "food_malnourished": "", "health_child_death": "", "health_maternal_death": "", "he_flood": 6e-06, "he_volcano": 0.0, "he_landslide": 0.0, "he_earthquake": 0.0}, "PH023136015": {"Water_Prop": 0.970874, "Food_Prop": 77.14285699999999, "Shelter_Prop": 2.912621, "Health_Prop": 44.468546999999994, "Education_Prop": 13.095238, "Work_Prop": 53.823529, "Peace_Prop": 0.0, "Participation_Prop": 87.556561, "SocialProtection_Prop": 98.642534, "Environment_Prop": 0.62717, "shelter_electricity": 2.9126213589999996, "health_center_attendance": 44.46854664, "work_farms": 15.92356688, "work_unskilled": 47.77070064, "health_programs": 66.01941748, "sp_philhealth": 66.01941748, "water_toilet": 37.86407767, "shelter_makeshift_nhts": 0.0, "food_malnourished": "", "health_child_death": "", "health_maternal_death": "", "he_flood": 4e-06, "he_volcano": 0.0, "he_landslide": 0.0,