{"PH023106001": {"Water_Prop": 4.268293, "Food_Prop": 98.717949, "Shelter_Prop": 0.30487800000000004, "Health_Prop": 33.547794, "Education_Prop": 5.24109, "Work_Prop": 45.778088000000004, "Peace_Prop": 0.6097560000000001, "Participation_Prop": 90.140023, "SocialProtection_Prop": 99.474912, "Environment_Prop": 0.869217, "shelter_electricity": 2.43902439, "health_center_attendance": 33.54779412, "work_farms": 1.801801802, "work_unskilled": 54.95495496, "health_programs": 25.0, "sp_philhealth": 25.0, "water_toilet": 45.12195122, "shelter_makeshift_nhts": 0.304878049, "food_malnourished": "", "health_child_death": "", "health_maternal_death": "", "he_flood": 3e-06, "he_volcano": 0.0, "he_landslide": 0.0, "he_earthquake": 0.0, "name": "Aggub"}, "PH023106002": {"Water_Prop": 39.655172, "Food_Prop": 14.285714000000002, "Shelter_Prop": 1.37931, "Health_Prop": 35.395875, "Education_Prop": 3.5483870000000004, "Work_Prop": 53.539381999999996, "Peace_Prop": 0.344828, "Participation_Prop": "", "SocialProtection_Prop": 98.294798, "Environment_Prop": 17.355339, "shelter_electricity": 1.724137931, "health_center_attendance": 35.39587492, "work_farms": 2.360515021, "work_unskilled": 46.56652361, "health_programs": 36.55172414, "sp_philhealth": 36.55172414, "water_toilet": 15.17241379, "shelter_makeshift_nhts": 6.034482758999999, "food_malnourished": "", "health_child_death": "", "health_maternal_death": "", "he_flood": 1e-06, "he_volcano": 0.0, "he_landslide": 0.0, "he_earthquake": 0.0, "name": "Anao"}, "PH023106003": {"Water_Prop": 21.008403, "Food_Prop": 33.333333, "Shelter_Prop": 0.42016800000000004, "Health_Prop": 11.433172, "Education_Prop": 6.20155, "Work_Prop": 44.43128, "Peace_Prop": 3.781513, "Participation_Prop": 89.437229, "SocialProtection_Prop": 99.047619, "Environment_Prop": 1.156491, "shelter_electricity": 5.462184874, "health_center_attendance": 11.4331723, "work_farms": 4.904051173, "work_unskilled": 68.01705757, "health_programs": 43.69747899, "sp_philhealth": 43.69747899, "water_toilet": 11.34453782, "shelter_makeshift_nhts": 1.470588235, "food_malnourished": "", "health_child_death": "", "health_maternal_death": "", "he_flood": 1e-06, "he_volcano": 0.0, "he_landslide": 0.000792, "he_earthquake": 0.0, "name": "Angancasilian"}, "PH023106004": {"Water_Prop": 52.870813, "Food_Prop": 87.719298, "Shelter_Prop": 0.956938, "Health_Prop": 9.939759, "Education_Prop": 5.263158, "Work_Prop": 43.348186, "Peace_Prop": 4.784689, "Participation_Prop": 95.191863, "SocialProtection_Prop": 98.196949, "Environment_Prop": 18.816461, "shelter_electricity": 4.3062200960000006, "health_center_attendance": 9.939759036, "work_farms": 5.617977528, "work_unskilled": 67.64044944, "health_programs": 45.93301435, "sp_philhealth": 45.93301435, "water_toilet": 27.03349282, "shelter_makeshift_nhts": 0.47846890000000003, "food_malnourished": "", "health_child_death": "", "health_maternal_death": "", "he_flood": 1e-06, "he_volcano": 0.0, "he_landslide": 0.000792, "he_earthquake": 0.0, "name": "Balasig"}, "PH023106005": {"Water_Prop": 69.548872, "Food_Prop": 98.113208, "Shelter_Prop": 1.12782, "Health_Prop": 12.462908, "Education_Prop": 5.860806, "Work_Prop": 43.454936, "Peace_Prop": 4.887218, "Participation_Prop": 96.546961, "SocialProtection_Prop": 98.618785, "Environment_Prop": 18.481115, "shelter_electricity": 1.127819549, "health_center_attendance": 12.46290801, "work_farms": 5.313092978999999, "work_unskilled": 60.72106262, "health_programs": 38.72180451, "sp_philhealth": 38.72180451, "water_toilet": 14.28571429, "shelter_makeshift_nhts": 0.187969925, "food_malnourished": "", "health_child_death": "", "health_maternal_death": "", "he_flood": 0.0, "he_volcano": 0.0, "he_landslide": 0.000792, "he_earthquake": 0.0, "name": "Cansan"}, "PH023106006": {"Water_Prop": 49.575071, "Food_Prop": 85.29411800000001, "Shelter_Prop": 0.28328600000000004, "Health_Prop": 61.6, "Education_Prop": 4.347826, "Work_Prop": 54.608455000000006, "Peace_Prop": 0.0, "Participation_Prop": 95.7663, "SocialProtection_Prop": 98.645216, "Environment_Prop": 8.73286, "shelter_electricity": 2.266288952, "health_center_attendance": 61.6, "work_farms": 1.221374046, "work_unskilled": 50.38167939, "health_programs": 43.05949009, "sp_philhealth": 43.05949009, "water_toilet": 11.33144476, "shelter_makeshift_nhts": 0.14164305900000002, "food_malnourished": "", "health_child_death": "", "health_maternal_death": "", "he_flood": 1e-06, "he_volcano": 0.0, "he_landslide": 0.0, "he_earthquake": 0.0, "name": "Casibarag Norte"}, "PH023106007": {"Water_Prop": 77.04918, "Food_Prop": 58.333332999999996, "Shelter_Prop": 1.912568, "Health_Prop": 25.820257, "Education_Prop": 4.147465, "Work_Prop": 55.92515600000001, "Peace_Prop": 0.5464479999999999, "Participation_Prop": 95.941727, "SocialProtection_Prop": 98.300382, "Environment_Prop": 8.177666, "shelter_electricity": 1.3661202190000001, "health_center_attendance": 25.82025678, "work_farms": 0.0, "work_unskilled": 57.2327044, "health_programs": 21.8579235, "sp_philhealth": 21.8579235, "water_toilet": 19.12568306, "shelter_makeshift_nhts": 0.956284153, "food_malnourished": "", "health_child_death": "", "health_maternal_death": "", "he_flood": 2e-06, "he_volcano": 0.0, "he_landslide": 0.0, "he_earthquake": 0.0, "name": "Casibarag Sur"}, "PH023106008": {"Water_Prop": 82.448037, "Food_Prop": 93.877551, "Shelter_Prop": 1.385681, "Health_Prop": 18.655186999999998, "Education_Prop": 5.598456, "Work_Prop": 52.769135, "Peace_Prop": 0.23094699999999999, "Participation_Prop": 93.213909, "SocialProtection_Prop": 98.503688, "Environment_Prop": 18.240134, "shelter_electricity": 3.9260969980000002, "health_center_attendance": 18.65518655, "work_farms": 0.39525691700000004, "work_unskilled": 58.89328063, "health_programs": 28.63741339, "sp_philhealth": 28.63741339, "water_toilet": 19.16859122, "shelter_makeshift_nhts": 2.07852194, "food_malnourished": "", "health_child_death": "", "health_maternal_death": "", "he_flood": 1e-06, "he_volcano": 0.0, "he_landslide": 0.0, "he_earthquake": 0.0, "name": "Catabayungan"}, "PH023106009": {"Water_Prop": 78.743961, "Food_Prop": 71.42857099999999, "Shelter_Prop": 2.898551, "Health_Prop": 8.968177, "Education_Prop": 5.5, "Work_Prop": 44.583333, "Peace_Prop": 3.8647339999999994, "Participation_Prop": 92.36550600000001, "SocialProtection_Prop": 97.468354, "Environment_Prop": 16.51125, "shelter_electricity": 2.415458937, "health_center_attendance": 8.968177435, "work_farms": 1.503759399, "work_unskilled": 65.6641604, "health_programs": 42.51207729, "sp_philhealth": 42.51207729, "water_toilet": 25.60386473, "shelter_makeshift_nhts": 0.7246376809999999, "food_malnourished": "", "health_child_death": "", "health_maternal_death": "", "he_flood": 1e-06, "he_volcano": 0.0, "he_landslide": 0.0, "he_earthquake": 0.0, "name": "Cubag"}, "PH023106010": {"Water_Prop": 84.939759, "Food_Prop": 100.0, "Shelter_Prop": 2.409639, "Health_Prop": 9.196891, "Education_Prop": 3.378378, "Work_Prop": 41.575092, "Peace_Prop": 8.433735, "Participation_Prop": 87.01623000000001, "SocialProtection_Prop": 98.626717, "Environment_Prop": 16.831326999999998, "shelter_electricity": 3.012048193, "health_center_attendance": 9.196891192, "work_farms": 5.956112853, "work_unskilled": 45.76802508, "health_programs": 46.38554217, "sp_philhealth": 46.38554217, "water_toilet": 10.84337349, "shelter_makeshift_nhts": 1.506024096, "food_malnourished": "", "health_child_death": "", "health_maternal_death": "", "he_flood": 1e-06, "he_volcano": 0.0, "he_landslide": 0.000792, "he_earthquake": 0.0, "name": "Garita"}, "PH023106011": {"Water_Prop": 67.826087, "Food_Prop": 0.0, "Shelter_Prop": 0.0, "Health_Prop": 51.791277, "Education_Prop": 6.810036, "Work_Prop": 54.827586, "Peace_Prop": 0.0, "Participation_Prop": 93.586908, "SocialProtection_Prop": 98.54046899999999, "Environment_Prop": 8.236259, "shelter_electricity": 7.391304347999999, "health_center_attendance": 51.79127726, "work_farms": 0.763358779,