{"PH023116001": {"water_access": 0.8510639999999999, "food_tenure": 0.0, "shelter_informal_settlers_nhts": 5.531915000000001, "health_center_attendance": 8.903366, "educ_outofschool_all": 18.556701, "work_unemployment": 40.562914, "po_conflict": 0.0, "participation_assembly_attendance": 84.14893599999999, "sp_sss": 1.7021280000000019, "he_risk": 17.665349, "shelter_electricity": 4.680851064, "health_center_attendance.1": 8.903365907000001, "work_farms": 5.849582173, "work_unskilled": 68.80222841, "health_programs": 35.74468085, "sp_philhealth": 64.25531914999999, "water_toilet": 18.72340426, "shelter_makeshift_nhts": 7.659574468, "food_malnourished": "", "health_child_death": "", "health_maternal_death": "", "he_flood": 1e-06, "he_volcano": 0.0, "he_landslide": 0.0, "he_earthquake": 0.0, "name": "Bustamante"}, "PH023116002": {"water_access": 0.787402, "food_tenure": 40.0, "shelter_informal_settlers_nhts": 0.787402, "health_center_attendance": 8.067227, "educ_outofschool_all": 6.779661, "work_unemployment": 42.403628000000005, "po_conflict": 0.0, "participation_assembly_attendance": 83.638743, "sp_sss": 1.5706810000000075, "he_risk": 0.390662, "shelter_electricity": 1.57480315, "health_center_attendance.1": 8.067226891, "work_farms": 12.99212598, "work_unskilled": 31.102362199999998, "health_programs": 58.26771654, "sp_philhealth": 41.73228346, "water_toilet": 0.0, "shelter_makeshift_nhts": 2.755905512, "food_malnourished": "", "health_child_death": "", "health_maternal_death": "", "he_flood": 0.0, "he_volcano": 0.0, "he_landslide": 0.0, "he_earthquake": 0.0, "name": "Centro 1 (Pob.)"}, "PH023116003": {"water_access": 0.393701, "food_tenure": 54.761905000000006, "shelter_informal_settlers_nhts": 0.0, "health_center_attendance": 45.546559, "educ_outofschool_all": 6.6037740000000005, "work_unemployment": 41.235632, "po_conflict": 1.5748030000000002, "participation_assembly_attendance": 86.043534, "sp_sss": 2.0486560000000082, "he_risk": 0.349964, "shelter_electricity": 3.1496062989999998, "health_center_attendance.1": 45.546558700000006, "work_farms": 2.444987775, "work_unskilled": 58.19070905, "health_programs": 20.47244094, "sp_philhealth": 79.52755906, "water_toilet": 9.448818897999999, "shelter_makeshift_nhts": 0.787401575, "food_malnourished": "", "health_child_death": "", "health_maternal_death": "", "he_flood": 0.0, "he_volcano": 0.0, "he_landslide": 0.0, "he_earthquake": 0.0, "name": "Centro 2 (Pob.)"}, "PH023116004": {"water_access": 0.0, "food_tenure": 0.0, "shelter_informal_settlers_nhts": 0.740741, "health_center_attendance": 10.405644, "educ_outofschool_all": 4.444444, "work_unemployment": 39.318182, "po_conflict": 0.740741, "participation_assembly_attendance": 80.95975200000001, "sp_sss": 1.2383899999999954, "he_risk": 0.553417, "shelter_electricity": 2.222222222, "health_center_attendance.1": 10.40564374, "work_farms": 17.60299625, "work_unskilled": 32.58426966, "health_programs": 57.03703704, "sp_philhealth": 42.96296296, "water_toilet": 1.4814814809999999, "shelter_makeshift_nhts": 1.8518518519999998, "food_malnourished": "", "health_child_death": "", "health_maternal_death": "", "he_flood": 0.0, "he_volcano": 0.0, "he_landslide": 0.0, "he_earthquake": 0.0, "name": "Centro 3 (Pob.)"}, "PH023116005": {"water_access": 0.0, "food_tenure": 13.043478, "shelter_informal_settlers_nhts": 0.653595, "health_center_attendance": 17.678570999999998, "educ_outofschool_all": 31.192660999999998, "work_unemployment": 35.872236, "po_conflict": 0.0, "participation_assembly_attendance": 82.493369, "sp_sss": 1.3262599999999907, "he_risk": 0.393565, "shelter_electricity": 5.22875817, "health_center_attendance.1": 17.67857143, "work_farms": 11.87739464, "work_unskilled": 49.04214559, "health_programs": 58.82352941, "sp_philhealth": 41.17647059, "water_toilet": 12.41830065, "shelter_makeshift_nhts": 5.555555556, "food_malnourished": "", "health_child_death": "", "health_maternal_death": "", "he_flood": 1e-06, "he_volcano": 0.0, "he_landslide": 0.0, "he_earthquake": 0.0, "name": "Concepcion"}, "PH023116006": {"water_access": 0.0, "food_tenure": 19.047619, "shelter_informal_settlers_nhts": 1.5075379999999998, "health_center_attendance": 18.673219, "educ_outofschool_all": 19.745223, "work_unemployment": 42.429285, "po_conflict": 0.0, "participation_assembly_attendance": 86.702606, "sp_sss": 1.617250999999996, "he_risk": 18.198685, "shelter_electricity": 2.5125628140000003, "health_center_attendance.1": 18.67321867, "work_farms": 17.91907514, "work_unskilled": 40.75144509, "health_programs": 53.26633166, "sp_philhealth": 46.73366834, "water_toilet": 4.522613065, "shelter_makeshift_nhts": 1.005025126, "food_malnourished": "", "health_child_death": "", "health_maternal_death": "", "he_flood": 1e-06, "he_volcano": 0.0, "he_landslide": 0.0, "he_earthquake": 0.0, "name": "Dadap"}, "PH023116007": {"water_access": 0.0, "food_tenure": 0.0, "shelter_informal_settlers_nhts": 1.336898, "health_center_attendance": 1.6506189999999998, "educ_outofschool_all": 6.122449, "work_unemployment": 39.577329, "po_conflict": 0.0, "participation_assembly_attendance": 88.874346, "sp_sss": 1.897906000000006, "he_risk": 16.997624, "shelter_electricity": 4.010695187, "health_center_attendance.1": 1.650618982, "work_farms": 10.33386328, "work_unskilled": 54.689984100000004, "health_programs": 47.86096257, "sp_philhealth": 52.13903743, "water_toilet": 8.823529412000001, "shelter_makeshift_nhts": 7.620320856, "food_malnourished": "", "health_child_death": "", "health_maternal_death": "", "he_flood": 1e-06, "he_volcano": 0.0, "he_landslide": 0.0, "he_earthquake": 0.0, "name": "Harana"}, "PH023116008": {"water_access": 0.623053, "food_tenure": 88.235294, "shelter_informal_settlers_nhts": 3.426791, "health_center_attendance": 14.467409, "educ_outofschool_all": 19.747899, "work_unemployment": 38.537118, "po_conflict": 0.311526, "participation_assembly_attendance": 83.085356, "sp_sss": 1.644479000000004, "he_risk": 1.340142, "shelter_electricity": 4.049844237, "health_center_attendance.1": 14.46740859, "work_farms": 10.47957371, "work_unskilled": 54.35168739, "health_programs": 51.71339564, "sp_philhealth": 48.28660436, "water_toilet": 7.165109033999999, "shelter_makeshift_nhts": 0.62305296, "food_malnourished": "", "health_child_death": "", "health_maternal_death": "", "he_flood": 1e-06, "he_volcano": 0.0, "he_landslide": 0.0, "he_earthquake": 0.0, "name": "Lalog 1"}, "PH023116009": {"water_access": 0.5617979999999999, "food_tenure": 10.344828, "shelter_informal_settlers_nhts": 0.5617979999999999, "health_center_attendance": 11.160714, "educ_outofschool_all": 10.169492, "work_unemployment": 32.865731, "po_conflict": 1.1235959999999998, "participation_assembly_attendance": 82.603093, "sp_sss": 1.8041240000000016, "he_risk": 0.698883, "shelter_electricity": 3.370786517, "health_center_attendance.1": 11.16071429, "work_farms": 17.01492537, "work_unskilled": 58.20895522, "health_programs": 60.6741573, "sp_philhealth": 39.3258427, "water_toilet": 9.550561798, "shelter_makeshift_nhts": 0.280898876, "food_malnourished": "", "health_child_death": "", "health_maternal_death": "", "he_flood": 0.0, "he_volcano": 0.0, "he_landslide": 0.0, "he_earthquake": 0.0, "name": "Lalog 2"}, "PH023116010": {"water_access": 2.380952, "food_tenure": 71.42857099999999, "shelter_informal_settlers_nhts": 3.174603, "health_center_attendance": 2.233677, "educ_outofschool_all": 2.040816, "work_unemployment": 40.047393, "po_conflict": 3.174603, "participation_assembly_attendance": 79.696395, "sp_sss": 1.1385199999999998, "he_risk": 0.958275, "shelter_electricity": 5.555555556, "health_center_attendance.1": 2.233676976, "work_farms": 6.719367589, "work_unskilled": 52.96442688, "health_programs": 50.0, "sp_philhealth": 50.0, "water_toilet": 3.968253968, "shelter_makeshift_nhts": 2.3809523809999997, "food_malnourished": "", "health_child_death": "", "health_maternal_death": "", "he_flood": 0.0, "he_volcano": 0.0,