{"PH025706001": {"water_access": 18.562874, "food_tenure": 69.81132099999999, "shelter_informal_settlers_nhts": 0.8982040000000001, "health_center_attendance": 67.967275, "educ_outofschool_all": 10.144928, "work_unemployment": 28.927203000000002, "po_conflict": 1.497006, "participation_assembly_attendance": "", "sp_sss": 0.7142860000000013, "he_risk": 4.012482, "shelter_electricity": 15.56886228, "health_center_attendance.1": 67.96727502, "work_farms": 38.14016173, "work_unskilled": 46.091644200000005, "health_programs": 2.395209581, "sp_philhealth": 97.604790419, "water_toilet": 26.34730539, "shelter_makeshift_nhts": 2.095808383, "food_malnourished": "", "health_child_death": "", "health_maternal_death": "", "he_flood": 0.0, "he_volcano": 0.0, "he_landslide": 0.002903, "he_earthquake": 0.0, "name": "Anak"}, "PH025706002": {"water_access": 9.328358, "food_tenure": 82.8125, "shelter_informal_settlers_nhts": 5.597015, "health_center_attendance": 58.97858299999999, "educ_outofschool_all": 3.100775, "work_unemployment": 30.868545, "po_conflict": 2.61194, "participation_assembly_attendance": "", "sp_sss": 0.8480569999999972, "he_risk": 26.058927, "shelter_electricity": 10.44776119, "health_center_attendance.1": 58.9785832, "work_farms": 18.50594228, "work_unskilled": 31.91850594, "health_programs": 8.582089552000001, "sp_philhealth": 91.417910448, "water_toilet": 7.462686567, "shelter_makeshift_nhts": 4.291044776000001, "food_malnourished": "", "health_child_death": "", "health_maternal_death": "", "he_flood": 0.0, "he_volcano": 0.0, "he_landslide": 0.002903, "he_earthquake": 0.0, "name": "Dipantan"}, "PH025706003": {"water_access": 39.07455, "food_tenure": 17.818182, "shelter_informal_settlers_nhts": 1.028278, "health_center_attendance": 55.268595, "educ_outofschool_all": 8.768267, "work_unemployment": 28.523770000000003, "po_conflict": 6.169666, "participation_assembly_attendance": "", "sp_sss": 2.7123849999999976, "he_risk": 13.648933, "shelter_electricity": 32.64781491, "health_center_attendance.1": 55.26859504, "work_farms": 38.50641774, "work_unskilled": 48.42473746, "health_programs": 9.254498715, "sp_philhealth": 90.745501285, "water_toilet": 42.67352185, "shelter_makeshift_nhts": 15.03856041, "food_malnourished": "", "health_child_death": "", "health_maternal_death": "", "he_flood": 0.0, "he_volcano": 0.0, "he_landslide": 0.003009, "he_earthquake": 0.0, "name": "Dissimungal"}, "PH025706004": {"water_access": 9.333333, "food_tenure": 17.424242, "shelter_informal_settlers_nhts": 0.0, "health_center_attendance": 33.766234000000004, "educ_outofschool_all": 11.0, "work_unemployment": 23.75, "po_conflict": 1.333333, "participation_assembly_attendance": "", "sp_sss": 0.17231499999999755, "he_risk": 18.461388, "shelter_electricity": 70.66666667, "health_center_attendance.1": 33.76623377, "work_farms": 39.89071038, "work_unskilled": 51.36612022, "health_programs": 6.666666667, "sp_philhealth": 93.333333333, "water_toilet": 56.0, "shelter_makeshift_nhts": 3.333333333, "food_malnourished": "", "health_child_death": "", "health_maternal_death": "", "he_flood": 0.0, "he_volcano": 0.0, "he_landslide": 0.002903, "he_earthquake": 0.0, "name": "Guino (Giayan)"}, "PH025706005": {"water_access": 45.783133, "food_tenure": 76.923077, "shelter_informal_settlers_nhts": 0.0, "health_center_attendance": 38.057743, "educ_outofschool_all": 3.488372, "work_unemployment": 24.705882, "po_conflict": 0.0, "participation_assembly_attendance": "", "sp_sss": 0.19120500000001073, "he_risk": 5.5679989999999995, "shelter_electricity": 45.78313253, "health_center_attendance.1": 38.05774278, "work_farms": 44.27083333, "work_unskilled": 46.35416667, "health_programs": 1.2048192770000001, "sp_philhealth": 98.795180723, "water_toilet": 30.12048193, "shelter_makeshift_nhts": 6.626506023999999, "food_malnourished": "", "health_child_death": "", "health_maternal_death": "", "he_flood": 0.0, "he_volcano": 0.0, "he_landslide": 0.011507, "he_earthquake": 0.0, "name": "La Conwap (Guingin)"}, "PH025706006": {"water_access": 16.111110999999998, "food_tenure": 82.824427, "shelter_informal_settlers_nhts": 1.9444439999999998, "health_center_attendance": 41.74284, "educ_outofschool_all": 5.05618, "work_unemployment": 29.572338000000002, "po_conflict": 0.833333, "participation_assembly_attendance": "", "sp_sss": 0.3211989999999929, "he_risk": 4.43577, "shelter_electricity": 39.44444444, "health_center_attendance.1": 41.74283973, "work_farms": 36.04651163, "work_unskilled": 48.0620155, "health_programs": 5.555555556, "sp_philhealth": 94.444444444, "water_toilet": 23.61111111, "shelter_makeshift_nhts": 5.555555556, "food_malnourished": "", "health_child_death": "", "health_maternal_death": "", "he_flood": 0.0, "he_volcano": 0.0, "he_landslide": 0.011507, "he_earthquake": 0.0, "name": "Landingan"}, "PH025706007": {"water_access": 91.666667, "food_tenure": 8.695652, "shelter_informal_settlers_nhts": 2.380952, "health_center_attendance": 59.8234, "educ_outofschool_all": 7.272727000000001, "work_unemployment": 15.107914000000001, "po_conflict": 0.0, "participation_assembly_attendance": "", "sp_sss": 0.376648000000003, "he_risk": 3.7500160000000005, "shelter_electricity": 98.80952381, "health_center_attendance.1": 59.82339956, "work_farms": 37.71186441, "work_unskilled": 52.54237288, "health_programs": 5.952380952, "sp_philhealth": 94.047619048, "water_toilet": 35.71428571, "shelter_makeshift_nhts": 7.142857143, "food_malnourished": "", "health_child_death": "", "health_maternal_death": "", "he_flood": 0.0, "he_volcano": 0.0, "he_landslide": 0.002903, "he_earthquake": 0.07142899999999999, "name": "Mataddi"}, "PH025706008": {"water_access": 45.348836999999996, "food_tenure": 40.0, "shelter_informal_settlers_nhts": 0.0, "health_center_attendance": 39.004149, "educ_outofschool_all": 9.6, "work_unemployment": 25.471698, "po_conflict": 1.162791, "participation_assembly_attendance": "", "sp_sss": 1.1600930000000034, "he_risk": 11.255499, "shelter_electricity": 87.20930233, "health_center_attendance.1": 39.00414938, "work_farms": 39.24050633, "work_unskilled": 54.85232068, "health_programs": 13.95348837, "sp_philhealth": 86.04651163, "water_toilet": 44.18604651, "shelter_makeshift_nhts": 0.0, "food_malnourished": "", "health_child_death": "", "health_maternal_death": "", "he_flood": 0.0, "he_volcano": 0.0, "he_landslide": 0.011665, "he_earthquake": 0.07142899999999999, "name": "Matmad"}, "PH025706009": {"water_access": 10.714286, "food_tenure": 16.568047, "shelter_informal_settlers_nhts": 1.785714, "health_center_attendance": 44.197952, "educ_outofschool_all": 18.791946, "work_unemployment": 22.454307999999997, "po_conflict": 0.0, "participation_assembly_attendance": "", "sp_sss": "", "he_risk": 3.162718, "shelter_electricity": 86.60714286, "health_center_attendance.1": 44.19795222, "work_farms": 38.72053872, "work_unskilled": 57.91245791, "health_programs": 19.64285714, "sp_philhealth": 80.35714286, "water_toilet": 62.5, "shelter_makeshift_nhts": 2.6785714290000002, "food_malnourished": "", "health_child_death": "", "health_maternal_death": "", "he_flood": 0.0, "he_volcano": 0.0, "he_landslide": 0.002903, "he_earthquake": 0.0, "name": "Old Gumiad"}, "PH025706010": {"water_access": 3.241491, "food_tenure": 7.5, "shelter_informal_settlers_nhts": 2.593193, "health_center_attendance": 49.350649, "educ_outofschool_all": 5.109489, "work_unemployment": 31.273509000000004, "po_conflict": 1.944895, "participation_assembly_attendance": "", "sp_sss": 1.006167000000005, "he_risk": 17.205112, "shelter_electricity": 7.617504052, "health_center_attendance.1": 49.35064935, "work_farms": 22.51759187, "work_unskilled": 38.15480844, "health_programs": 6.320907618, "sp_philhealth": 93.679092382, "water_toilet": 8.752025932, "shelter_makeshift_nhts": 5.591572123, "food_malnourished": "", "health_child_death": "", "health_maternal_death": "", "he_flood": 0.0, "he_volcano": 0.0, "he_landslide": 0.002903, "he_earthquake": 0.0,