{"PH034915001": {"water_access": 0.40774699999999997, "food_tenure": "", "shelter_informal_settlers_nhts": 3.5677879999999997, "health_center_attendance": 54.688691000000006, "educ_outofschool_all": 9.769335, "work_unemployment": 47.752809, "po_conflict": 2.24261, "participation_assembly_attendance": 94.627105, "sp_sss": 97.193264, "he_risk": 2.948769, "shelter_electricity": 7.849133537, "health_center_attendance.1": 54.68869123, "work_farms": 15.59139785, "work_unskilled": 52.21774194, "health_programs": 71.76350663, "sp_philhealth": 71.76350663, "water_toilet": 1.5290519880000002, "shelter_makeshift_nhts": 6.422018349, "food_malnourished": "", "health_child_death": "", "health_maternal_death": "", "he_flood": 1e-06, "he_volcano": 0.0, "he_landslide": 0.0, "he_earthquake": 0.0, "name": "A. Bonifacio"}, "PH034915002": {"water_access": 1.19403, "food_tenure": 79.166667, "shelter_informal_settlers_nhts": 2.089552, "health_center_attendance": 52.270978, "educ_outofschool_all": 11.678832, "work_unemployment": 40.137615000000004, "po_conflict": 0.0, "participation_assembly_attendance": 85.355987, "sp_sss": 99.029126, "he_risk": 17.086667000000002, "shelter_electricity": 9.850746269, "health_center_attendance.1": 52.27097768, "work_farms": 5.555555556, "work_unskilled": 70.49808429, "health_programs": 73.43283582, "sp_philhealth": 73.43283582, "water_toilet": 6.865671642000001, "shelter_makeshift_nhts": 4.328358209, "food_malnourished": "", "health_child_death": "", "health_maternal_death": "", "he_flood": 3e-06, "he_volcano": 0.0, "he_landslide": 0.0, "he_earthquake": 0.0, "name": "Caridad Norte"}, "PH034915003": {"water_access": 14.860681, "food_tenure": 76.595745, "shelter_informal_settlers_nhts": 3.4055730000000004, "health_center_attendance": 60.27501899999999, "educ_outofschool_all": 12.648221000000001, "work_unemployment": 45.960699, "po_conflict": 0.928793, "participation_assembly_attendance": 92.178771, "sp_sss": 99.231844, "he_risk": 1.060856, "shelter_electricity": 7.120743034, "health_center_attendance.1": 60.2750191, "work_farms": 15.35353535, "work_unskilled": 55.35353535, "health_programs": 75.54179567, "sp_philhealth": 75.54179567, "water_toilet": 4.334365325, "shelter_makeshift_nhts": 4.334365325, "food_malnourished": "", "health_child_death": "", "health_maternal_death": "", "he_flood": 5e-06, "he_volcano": 0.0, "he_landslide": 0.0, "he_earthquake": 0.0, "name": "Caridad Sur"}, "PH034915004": {"water_access": 0.21834099999999998, "food_tenure": 0.0, "shelter_informal_settlers_nhts": 2.620087, "health_center_attendance": 81.602823, "educ_outofschool_all": 12.039311999999999, "work_unemployment": 43.338109, "po_conflict": 0.655022, "participation_assembly_attendance": 93.698252, "sp_sss": 98.022079, "he_risk": 17.610116, "shelter_electricity": 5.676855895, "health_center_attendance.1": 81.60282258, "work_farms": 9.608091024, "work_unskilled": 52.71807838, "health_programs": 68.55895197, "sp_philhealth": 68.55895197, "water_toilet": 2.183406114, "shelter_makeshift_nhts": 4.257641921, "food_malnourished": "", "health_child_death": "", "health_maternal_death": "", "he_flood": 0.0, "he_volcano": 0.0, "he_landslide": 0.0, "he_earthquake": 0.07142899999999999, "name": "Casile"}, "PH034915005": {"water_access": 0.0, "food_tenure": 70.731707, "shelter_informal_settlers_nhts": 0.0, "health_center_attendance": 77.26723100000001, "educ_outofschool_all": 14.545454999999999, "work_unemployment": 47.569444, "po_conflict": 2.4390240000000003, "participation_assembly_attendance": 78.965129, "sp_sss": 98.875141, "he_risk": 1.7221939999999998, "shelter_electricity": 1.951219512, "health_center_attendance.1": 77.26723096, "work_farms": 19.53642384, "work_unskilled": 60.26490066, "health_programs": 58.04878049, "sp_philhealth": 58.04878049, "water_toilet": 3.414634146, "shelter_makeshift_nhts": 9.268292683, "food_malnourished": "", "health_child_death": "", "health_maternal_death": "", "he_flood": 0.0, "he_volcano": 0.0, "he_landslide": 0.0, "he_earthquake": 0.0, "name": "Florida Blanca"}, "PH034915006": {"water_access": 0.35335700000000003, "food_tenure": 87.5, "shelter_informal_settlers_nhts": 1.766784, "health_center_attendance": 66.297833, "educ_outofschool_all": 8.148147999999999, "work_unemployment": 52.393273, "po_conflict": 0.35335700000000003, "participation_assembly_attendance": 93.159609, "sp_sss": 98.190373, "he_risk": 17.484188, "shelter_electricity": 13.07420495, "health_center_attendance.1": 66.2978331, "work_farms": 8.152173913, "work_unskilled": 55.70652174, "health_programs": 83.03886926, "sp_philhealth": 83.03886926, "water_toilet": 4.06360424, "shelter_makeshift_nhts": 5.565371025, "food_malnourished": "", "health_child_death": "", "health_maternal_death": "", "he_flood": 0.0, "he_volcano": 0.0, "he_landslide": 0.0, "he_earthquake": 0.0, "name": "General Luna"}, "PH034915008": {"water_access": 0.0, "food_tenure": 15.384615, "shelter_informal_settlers_nhts": 0.41322299999999995, "health_center_attendance": 78.678679, "educ_outofschool_all": 13.098237, "work_unemployment": 44.79385, "po_conflict": 0.0, "participation_assembly_attendance": 95.763423, "sp_sss": 98.196309, "he_risk": 17.4958, "shelter_electricity": 2.8925619830000002, "health_center_attendance.1": 78.67867868, "work_farms": 8.227848101000001, "work_unskilled": 42.15189873, "health_programs": 71.28099174, "sp_philhealth": 71.28099174, "water_toilet": 1.2396694209999999, "shelter_makeshift_nhts": 3.202479339, "food_malnourished": "", "health_child_death": "", "health_maternal_death": "", "he_flood": 0.0, "he_volcano": 0.0, "he_landslide": 0.0, "he_earthquake": 0.0, "name": "General Ricarte"}, "PH034915009": {"water_access": 0.408163, "food_tenure": 50.0, "shelter_informal_settlers_nhts": 2.4489799999999997, "health_center_attendance": 30.7109, "educ_outofschool_all": 12.359551, "work_unemployment": 42.781457, "po_conflict": 0.0, "participation_assembly_attendance": 88.173077, "sp_sss": 98.846154, "he_risk": 1.709613, "shelter_electricity": 9.795918367, "health_center_attendance.1": 30.71090047, "work_farms": 9.953703704, "work_unskilled": 67.12962963, "health_programs": 74.69387755, "sp_philhealth": 74.69387755, "water_toilet": 0.0, "shelter_makeshift_nhts": 8.367346938999999, "food_malnourished": "", "health_child_death": "", "health_maternal_death": "", "he_flood": 2e-06, "he_volcano": 0.0, "he_landslide": 0.0, "he_earthquake": 0.0, "name": "Gomez"}, "PH034915010": {"water_access": 0.0, "food_tenure": 6.521739, "shelter_informal_settlers_nhts": 1.328904, "health_center_attendance": 72.477805, "educ_outofschool_all": 13.157895000000002, "work_unemployment": 49.210207000000004, "po_conflict": 0.0, "participation_assembly_attendance": 87.005228, "sp_sss": 98.20761800000001, "he_risk": 17.138471, "shelter_electricity": 3.986710963, "health_center_attendance.1": 72.47780468, "work_farms": 6.6985645929999995, "work_unskilled": 55.26315789, "health_programs": 46.17940199, "sp_philhealth": 46.17940199, "water_toilet": 1.993355482, "shelter_makeshift_nhts": 9.136212625, "food_malnourished": "", "health_child_death": "", "health_maternal_death": "", "he_flood": 0.0, "he_volcano": 0.0, "he_landslide": 0.0, "he_earthquake": 0.0, "name": "Inanama"}, "PH034915011": {"water_access": 0.558659, "food_tenure": 81.818182, "shelter_informal_settlers_nhts": 2.793296, "health_center_attendance": 71.695594, "educ_outofschool_all": 15.789473999999998, "work_unemployment": 45.752896, "po_conflict": 1.675978, "participation_assembly_attendance": 72.463768, "sp_sss": 98.115942, "he_risk": 1.796802, "shelter_electricity": 5.586592179, "health_center_attendance.1": 71.69559413, "work_farms": 11.03202847, "work_unskilled": 53.7366548, "health_programs": 65.36312849, "sp_philhealth": 65.36312849, "water_toilet": 2.7932960889999996, "shelter_makeshift_nhts": 6.703910615, "food_malnourished": "", "health_child_death": "", "health_maternal_death": "", "he_flood": 6e-06, "he_volcano": 0.0, "he_landslide": 0.0,