{"PH036904001": {"water_access": 0.123839, "food_tenure": 66.666667, "shelter_informal_settlers_nhts": 1.114551, "health_center_attendance": 98.320865, "educ_outofschool_all": 23.774955, "work_unemployment": 61.44186, "po_conflict": 0.0, "participation_assembly_attendance": 97.982559, "sp_sss": 97.058441, "he_risk": 11.713605000000001, "shelter_electricity": 3.839009288, "health_center_attendance.1": 98.32086451, "work_farms": 4.221954162, "work_unskilled": 40.59107358, "health_programs": 93.74613003, "sp_philhealth": 93.74613003, "water_toilet": 1.4241486069999998, "shelter_makeshift_nhts": 2.198142415, "food_malnourished": 0.0, "health_child_death": 0.4, "health_maternal_death": 0.0, "he_flood": 0.0, "he_volcano": 0.0, "he_landslide": 0.001056, "he_earthquake": 0.0, "name": "Aranguren"}, "PH036904002": {"water_access": 0.0, "food_tenure": "", "shelter_informal_settlers_nhts": 1.208459, "health_center_attendance": 61.315789, "educ_outofschool_all": 28.320802, "work_unemployment": 54.373024, "po_conflict": 0.906344, "participation_assembly_attendance": 94.131054, "sp_sss": 99.7151, "he_risk": 20.585988, "shelter_electricity": 4.833836858, "health_center_attendance.1": 61.31578947, "work_farms": 19.63048499, "work_unskilled": 65.58891455, "health_programs": 66.46525679999999, "sp_philhealth": 66.46525679999999, "water_toilet": 1.510574018, "shelter_makeshift_nhts": 4.531722053999999, "food_malnourished": 0.0, "health_child_death": 0.0, "health_maternal_death": 0.0, "he_flood": 1e-06, "he_volcano": 0.0, "he_landslide": 0.003325, "he_earthquake": 0.07142899999999999, "name": "Bueno"}, "PH036904003": {"water_access": 0.421941, "food_tenure": "", "shelter_informal_settlers_nhts": 11.533052, "health_center_attendance": 95.056256, "educ_outofschool_all": 10.0, "work_unemployment": 56.265602, "po_conflict": 0.0, "participation_assembly_attendance": 94.933859, "sp_sss": 97.129187, "he_risk": 9.133652, "shelter_electricity": 1.969057665, "health_center_attendance.1": 95.05625639, "work_farms": 4.109589041, "work_unskilled": 27.39726027, "health_programs": 95.21800281, "sp_philhealth": 95.21800281, "water_toilet": 2.53164557, "shelter_makeshift_nhts": 4.430379747, "food_malnourished": 0.0, "health_child_death": 0.0, "health_maternal_death": 0.0, "he_flood": 0.0, "he_volcano": 0.0, "he_landslide": 0.0, "he_earthquake": 0.0, "name": "Cubcub (Pob.)"}, "PH036904004": {"water_access": 0.745712, "food_tenure": 40.0, "shelter_informal_settlers_nhts": 9.8434, "health_center_attendance": 98.14246800000001, "educ_outofschool_all": 19.602063, "work_unemployment": 53.700787, "po_conflict": 1.789709, "participation_assembly_attendance": 97.852029, "sp_sss": 97.5179, "he_risk": 20.170443, "shelter_electricity": 3.8031319910000003, "health_center_attendance.1": 98.14246762, "work_farms": 5.612244897999999, "work_unskilled": 36.84807256, "health_programs": 87.91946309, "sp_philhealth": 87.91946309, "water_toilet": 0.8948545859999999, "shelter_makeshift_nhts": 3.765846383, "food_malnourished": 0.0, "health_child_death": 0.1, "health_maternal_death": 0.0, "he_flood": 0.0, "he_volcano": 0.0, "he_landslide": 0.001056, "he_earthquake": 0.0, "name": "Cutcut 1st"}, "PH036904005": {"water_access": 0.42553199999999997, "food_tenure": 8.333333, "shelter_informal_settlers_nhts": 4.8226949999999995, "health_center_attendance": 96.774194, "educ_outofschool_all": 18.774967, "work_unemployment": 56.353591, "po_conflict": 0.283688, "participation_assembly_attendance": 96.804648, "sp_sss": 97.283951, "he_risk": 30.382647, "shelter_electricity": 9.361702128, "health_center_attendance.1": 96.77419355, "work_farms": 11.73762946, "work_unskilled": 44.41887227, "health_programs": 81.70212766, "sp_philhealth": 81.70212766, "water_toilet": 0.709219858, "shelter_makeshift_nhts": 4.326241135, "food_malnourished": 0.0, "health_child_death": 0.0, "health_maternal_death": 0.0, "he_flood": 0.0, "he_volcano": 0.0, "he_landslide": 0.001056, "he_earthquake": 0.07142899999999999, "name": "Cutcut 2nd"}, "PH036904007": {"water_access": 2.258065, "food_tenure": 40.0, "shelter_informal_settlers_nhts": 0.564516, "health_center_attendance": 92.962164, "educ_outofschool_all": 15.760369, "work_unemployment": 50.562796, "po_conflict": 0.16129000000000002, "participation_assembly_attendance": 98.370853, "sp_sss": 97.970972, "he_risk": 22.315917000000002, "shelter_electricity": 3.225806452, "health_center_attendance.1": 92.96216428, "work_farms": 4.43379269, "work_unskilled": 34.21210306, "health_programs": 79.27419355, "sp_philhealth": 79.27419355, "water_toilet": 0.48387096799999996, "shelter_makeshift_nhts": 2.3387096769999998, "food_malnourished": 0.0, "health_child_death": 0.3, "health_maternal_death": 0.0, "he_flood": 0.0, "he_volcano": 0.0, "he_landslide": 0.0, "he_earthquake": 0.0, "name": "Dolores"}, "PH036904008": {"water_access": 0.15060199999999999, "food_tenure": 100.0, "shelter_informal_settlers_nhts": 0.753012, "health_center_attendance": 88.779661, "educ_outofschool_all": 26.242236, "work_unemployment": 57.939698, "po_conflict": 0.60241, "participation_assembly_attendance": 94.0245, "sp_sss": 98.117717, "he_risk": 19.436615, "shelter_electricity": 3.765060241, "health_center_attendance.1": 88.77966102, "work_farms": 5.973715651, "work_unskilled": 31.1827957, "health_programs": 80.72289157, "sp_philhealth": 80.72289157, "water_toilet": 2.7108433730000003, "shelter_makeshift_nhts": 2.6355421690000003, "food_malnourished": 0.3, "health_child_death": 0.4, "health_maternal_death": 0.0, "he_flood": 0.0, "he_volcano": 0.0, "he_landslide": 0.0, "he_earthquake": 0.0, "name": "Estrada (Calingcuan)"}, "PH036904009": {"water_access": 0.157978, "food_tenure": 62.244898, "shelter_informal_settlers_nhts": 0.315956, "health_center_attendance": 89.67154000000001, "educ_outofschool_all": 9.21659, "work_unemployment": 48.451928, "po_conflict": 0.078989, "participation_assembly_attendance": 98.147283, "sp_sss": 97.898178, "he_risk": 3.246302, "shelter_electricity": 3.238546603, "health_center_attendance.1": 89.67153978, "work_farms": 23.34035827, "work_unskilled": 25.1317176, "health_programs": 56.55608215, "sp_philhealth": 56.55608215, "water_toilet": 0.9478672990000001, "shelter_makeshift_nhts": 2.804107425, "food_malnourished": 0.0, "health_child_death": 0.0, "health_maternal_death": 0.0, "he_flood": 0.0, "he_volcano": 0.0, "he_landslide": 0.0, "he_earthquake": 0.0, "name": "Lawy"}, "PH036904010": {"water_access": 0.0, "food_tenure": 9.090909, "shelter_informal_settlers_nhts": 0.864553, "health_center_attendance": 66.87617900000001, "educ_outofschool_all": 9.210526, "work_unemployment": 51.87747, "po_conflict": 0.0, "participation_assembly_attendance": 93.008949, "sp_sss": 98.042506, "he_risk": 1.4575420000000001, "shelter_electricity": 4.034582133, "health_center_attendance.1": 66.87617850000001, "work_farms": 20.32854209, "work_unskilled": 29.5687885, "health_programs": 59.0778098, "sp_philhealth": 59.0778098, "water_toilet": 2.017291066, "shelter_makeshift_nhts": 2.88184438, "food_malnourished": 0.0, "health_child_death": 0.0, "health_maternal_death": 0.0, "he_flood": 1e-06, "he_volcano": 0.0, "he_landslide": 0.0, "he_earthquake": 0.0, "name": "Manga"}, "PH036904011": {"water_access": 0.19802, "food_tenure": 62.5, "shelter_informal_settlers_nhts": 0.792079, "health_center_attendance": 94.49396999999999, "educ_outofschool_all": 16.483516, "work_unemployment": 52.814815, "po_conflict": 0.39604, "participation_assembly_attendance": 90.30969, "sp_sss": 96.55344699999999, "he_risk": 1.6603599999999998, "shelter_electricity": 1.782178218, "health_center_attendance.1": 94.49396959, "work_farms": 8.320251177000001, "work_unskilled": 32.49607535, "health_programs": 81.38613861, "sp_philhealth": 81.38613861, "water_toilet": 0.792079208, "shelter_makeshift_nhts": 0.693069307, "food_malnourished": 0.0, "health_child_death": 0.0, "health_maternal_death": 0.0, "he_flood": 0.0, "he_volcano": 0.0, "he_landslide": 0.0,