{"PH037703001": {"water_access": 21.714285999999998, "food_tenure": 57.089552000000005, "shelter_informal_settlers_nhts": 3.047619, "health_center_attendance": 33.757962, "educ_outofschool_all": 5.504587, "work_unemployment": 42.329726, "po_conflict": 1.333333, "participation_assembly_attendance": 93.796526, "sp_sss": 98.511166, "he_risk": 30.491566, "shelter_electricity": 25.33333333, "health_center_attendance.1": 33.75796178, "work_farms": 24.94481236, "work_unskilled": 42.38410596, "health_programs": 60.57142857, "sp_philhealth": 60.57142857, "water_toilet": 25.904761899999997, "shelter_makeshift_nhts": 3.142857143, "food_malnourished": "", "health_child_death": "", "health_maternal_death": "", "he_flood": 0.0, "he_volcano": 0.0, "he_landslide": 0.049934, "he_earthquake": 0.14285699999999998, "name": "Diagyan"}, "PH037703002": {"water_access": 19.10828, "food_tenure": 81.15942, "shelter_informal_settlers_nhts": 1.910828, "health_center_attendance": 51.29683, "educ_outofschool_all": 5.4545449999999995, "work_unemployment": 40.879121000000005, "po_conflict": 3.821656, "participation_assembly_attendance": 91.961853, "sp_sss": 99.45504100000001, "he_risk": 30.097146000000002, "shelter_electricity": 54.14012739, "health_center_attendance.1": 51.29682997, "work_farms": 28.99628253, "work_unskilled": 47.95539033, "health_programs": 47.13375796, "sp_philhealth": 47.13375796, "water_toilet": 19.10828025, "shelter_makeshift_nhts": 0.318471338, "food_malnourished": "", "health_child_death": "", "health_maternal_death": "", "he_flood": 0.0, "he_volcano": 0.0, "he_landslide": 0.048614, "he_earthquake": 0.0, "name": "Dicabasan"}, "PH037703003": {"water_access": 19.170984, "food_tenure": 72.566372, "shelter_informal_settlers_nhts": 0.518135, "health_center_attendance": 47.805457000000004, "educ_outofschool_all": 7.777778, "work_unemployment": 41.929825, "po_conflict": 6.735751, "participation_assembly_attendance": 92.896175, "sp_sss": 98.907104, "he_risk": 30.125689, "shelter_electricity": 23.31606218, "health_center_attendance.1": 47.8054567, "work_farms": 24.16918429, "work_unskilled": 43.20241692, "health_programs": 64.24870466, "sp_philhealth": 64.24870466, "water_toilet": 15.54404145, "shelter_makeshift_nhts": 2.07253886, "food_malnourished": "", "health_child_death": "", "health_maternal_death": "", "he_flood": 0.0, "he_volcano": 0.0, "he_landslide": 0.048984, "he_earthquake": 0.07142899999999999, "name": "Dilaguidi"}, "PH037703004": {"water_access": 13.702623999999998, "food_tenure": 76.8, "shelter_informal_settlers_nhts": 4.081633, "health_center_attendance": 41.980198, "educ_outofschool_all": 9.855072, "work_unemployment": 43.656344, "po_conflict": 8.746356, "participation_assembly_attendance": 92.605634, "sp_sss": 98.873239, "he_risk": 27.618305, "shelter_electricity": 28.27988338, "health_center_attendance.1": 41.98019802, "work_farms": 34.21985816, "work_unskilled": 40.95744681, "health_programs": 57.43440233, "sp_philhealth": 57.43440233, "water_toilet": 31.19533528, "shelter_makeshift_nhts": 0.8746355690000001, "food_malnourished": "", "health_child_death": "", "health_maternal_death": "", "he_flood": 0.0, "he_volcano": 0.0, "he_landslide": 0.012088, "he_earthquake": 0.0, "name": "Dimaseset"}, "PH037703005": {"water_access": 3.6036040000000003, "food_tenure": 74.23580799999999, "shelter_informal_settlers_nhts": 10.45045, "health_center_attendance": 44.582665000000006, "educ_outofschool_all": 8.794788, "work_unemployment": 46.430868, "po_conflict": 10.990991000000001, "participation_assembly_attendance": 97.987928, "sp_sss": 99.275654, "he_risk": 22.053736999999998, "shelter_electricity": 50.09009009, "health_center_attendance.1": 44.58266453, "work_farms": 42.37695078, "work_unskilled": 35.53421369, "health_programs": 63.06306306, "sp_philhealth": 63.06306306, "water_toilet": 18.91891892, "shelter_makeshift_nhts": 1.441441441, "food_malnourished": "", "health_child_death": "", "health_maternal_death": "", "he_flood": 0.0, "he_volcano": 0.0, "he_landslide": 0.012299, "he_earthquake": 0.14285699999999998, "name": "Diniog"}, "PH037703006": {"water_access": 39.68254, "food_tenure": 100.0, "shelter_informal_settlers_nhts": 0.793651, "health_center_attendance": 35.823755, "educ_outofschool_all": 14.4, "work_unemployment": 38.053096999999994, "po_conflict": 9.523810000000001, "participation_assembly_attendance": 90.606654, "sp_sss": 99.217221, "he_risk": 18.625194, "shelter_electricity": 22.22222222, "health_center_attendance.1": 35.82375479, "work_farms": 28.0952381, "work_unskilled": 50.47619048, "health_programs": 57.14285714, "sp_philhealth": 57.14285714, "water_toilet": 23.80952381, "shelter_makeshift_nhts": 0.793650794, "food_malnourished": "", "health_child_death": "", "health_maternal_death": "", "he_flood": 0.0, "he_volcano": 0.0, "he_landslide": 0.048298, "he_earthquake": 0.0, "name": "Lawang"}, "PH037703007": {"water_access": 26.345609000000003, "food_tenure": 39.568345, "shelter_informal_settlers_nhts": 5.665722, "health_center_attendance": 60.753425, "educ_outofschool_all": 11.356467, "work_unemployment": 45.435244, "po_conflict": 6.515581, "participation_assembly_attendance": 96.575709, "sp_sss": 98.662386, "he_risk": 29.153602000000003, "shelter_electricity": 19.26345609, "health_center_attendance.1": 60.75342466, "work_farms": 31.322957199999998, "work_unskilled": 47.66536965, "health_programs": 24.92917847, "sp_philhealth": 24.92917847, "water_toilet": 11.04815864, "shelter_makeshift_nhts": 2.69121813, "food_malnourished": "", "health_child_death": "", "health_maternal_death": "", "he_flood": 0.0, "he_volcano": 0.0, "he_landslide": 0.01214, "he_earthquake": 0.0, "name": "Maligaya (Pob.)"}, "PH037703008": {"water_access": 2.216749, "food_tenure": 71.94244599999999, "shelter_informal_settlers_nhts": 2.463054, "health_center_attendance": 41.748697, "educ_outofschool_all": 13.424657999999999, "work_unemployment": 41.567291, "po_conflict": 5.172414, "participation_assembly_attendance": 95.752009, "sp_sss": 98.277842, "he_risk": 30.73132, "shelter_electricity": 23.39901478, "health_center_attendance.1": 41.74869716, "work_farms": 32.21574344, "work_unskilled": 37.60932945, "health_programs": 70.68965517, "sp_philhealth": 70.68965517, "water_toilet": 24.13793103, "shelter_makeshift_nhts": 1.84729064, "food_malnourished": "", "health_child_death": "", "health_maternal_death": "", "he_flood": 0.0, "he_volcano": 0.0, "he_landslide": 0.048509, "he_earthquake": 0.07142899999999999, "name": "Manggitahan"}, "PH037703009": {"water_access": 12.737127000000001, "food_tenure": 11.666667, "shelter_informal_settlers_nhts": 8.130081, "health_center_attendance": 53.16947, "educ_outofschool_all": 4.557641, "work_unemployment": 49.441624, "po_conflict": 40.108401, "participation_assembly_attendance": 96.90385699999999, "sp_sss": 99.34818, "he_risk": 26.811415000000004, "shelter_electricity": 11.65311653, "health_center_attendance.1": 53.1694696, "work_farms": 42.36947791, "work_unskilled": 32.12851406, "health_programs": 27.91327913, "sp_philhealth": 27.91327913, "water_toilet": 11.11111111, "shelter_makeshift_nhts": 3.79403794, "food_malnourished": "", "health_child_death": "", "health_maternal_death": "", "he_flood": 0.0, "he_volcano": 0.0, "he_landslide": 0.000792, "he_earthquake": 0.0, "name": "Masagana (Pob.)"}, "PH037703010": {"water_access": 1.935484, "food_tenure": 33.606557, "shelter_informal_settlers_nhts": 2.580645, "health_center_attendance": 34.74026, "educ_outofschool_all": 10.569106, "work_unemployment": 39.671362, "po_conflict": 8.387097, "participation_assembly_attendance": 91.798107, "sp_sss": 98.895899, "he_risk": 20.909022, "shelter_electricity": 20.0, "health_center_attendance.1": 34.74025974, "work_farms": 28.79377432, "work_unskilled": 44.74708171, "health_programs": 59.35483871, "sp_philhealth": 59.35483871, "water_toilet": 15.48387097, "shelter_makeshift_nhts": 0.322580645, "food_malnourished": "", "health_child_death": "",