{"PH030808001": {"Water_Prop": 14.402173999999999, "Food_Prop": 74.666667, "Shelter_Prop": 7.971014, "Health_Prop": 62.242779000000006, "Education_Prop": 7.820738, "Work_Prop": 51.507246, "Peace_Prop": 4.800725, "Participation_Prop": 98.659068, "SocialProtection_Prop": 98.39088199999999, "Environment_Prop": 23.255806, "shelter_electricity": 14.49275362, "health_center_attendance": 62.24277893, "work_farms": 13.68798565, "work_unskilled": 27.5552899, "health_programs": 64.85507246, "sp_philhealth": 64.85507246, "water_toilet": 3.260869565, "shelter_makeshift_nhts": 1.7210144930000002, "food_malnourished": 2.2, "health_child_death": "", "health_maternal_death": 1.5, "he_flood": 0.0, "he_volcano": 0.0, "he_landslide": 0.003167, "he_earthquake": 0.0}, "PH030808002": {"Water_Prop": 44.074073999999996, "Food_Prop": 100.0, "Shelter_Prop": 0.648148, "Health_Prop": 64.616046, "Education_Prop": 7.066796000000001, "Work_Prop": 49.746365000000004, "Peace_Prop": 0.740741, "Participation_Prop": 98.700482, "SocialProtection_Prop": 98.302243, "Environment_Prop": 16.844837, "shelter_electricity": 12.5, "health_center_attendance": 64.61604646, "work_farms": 20.99596231, "work_unskilled": 22.07267833, "health_programs": 63.88888889, "sp_philhealth": 63.88888889, "water_toilet": 6.666666667, "shelter_makeshift_nhts": 2.546296296, "food_malnourished": 3.0, "health_child_death": "", "health_maternal_death": 1.4, "he_flood": 0.0, "he_volcano": 0.0, "he_landslide": 0.003853, "he_earthquake": 0.0}, "PH030808003": {"Water_Prop": 22.483537, "Food_Prop": 50.0, "Shelter_Prop": 4.515522, "Health_Prop": 77.972313, "Education_Prop": 9.496675999999999, "Work_Prop": 51.453933, "Peace_Prop": 0.470367, "Participation_Prop": 98.920574, "SocialProtection_Prop": 97.50281899999999, "Environment_Prop": 23.414604999999998, "shelter_electricity": 11.75917215, "health_center_attendance": 77.9723127, "work_farms": 21.43757881, "work_unskilled": 24.59016393, "health_programs": 63.12323612, "sp_philhealth": 63.12323612, "water_toilet": 0.47036688600000004, "shelter_makeshift_nhts": 0.5644402629999999, "food_malnourished": 3.0999999, "health_child_death": "", "health_maternal_death": 0.0, "he_flood": 0.0, "he_volcano": 0.0, "he_landslide": 0.011824, "he_earthquake": 0.07142899999999999}, "PH030808004": {"Water_Prop": 1.867995, "Food_Prop": 0.0, "Shelter_Prop": 1.4943959999999998, "Health_Prop": 46.807281, "Education_Prop": 7.7124179999999996, "Work_Prop": 54.63964, "Peace_Prop": 0.0, "Participation_Prop": 99.274179, "SocialProtection_Prop": 97.840682, "Environment_Prop": 23.735198999999998, "shelter_electricity": 9.339975093, "health_center_attendance": 46.80728113, "work_farms": 11.71797418, "work_unskilled": 37.53723932, "health_programs": 54.29638854, "sp_philhealth": 54.29638854, "water_toilet": 0.373599004, "shelter_makeshift_nhts": 1.1207970109999998, "food_malnourished": 2.5, "health_child_death": "", "health_maternal_death": 0.0, "he_flood": 0.0, "he_volcano": 0.0, "he_landslide": 0.000792, "he_earthquake": 0.0}, "PH030808005": {"Water_Prop": 15.777439000000001, "Food_Prop": 94.11764699999999, "Shelter_Prop": 1.753049, "Health_Prop": 70.0135, "Education_Prop": 7.943925, "Work_Prop": 51.013958, "Peace_Prop": 1.2195120000000002, "Participation_Prop": 98.388396, "SocialProtection_Prop": 98.119796, "Environment_Prop": 23.655437, "shelter_electricity": 12.27134146, "health_center_attendance": 70.01349983, "work_farms": 20.96774194, "work_unskilled": 28.65591398, "health_programs": 58.84146341, "sp_philhealth": 58.84146341, "water_toilet": 0.68597561, "shelter_makeshift_nhts": 1.867378049, "food_malnourished": 0.0, "health_child_death": "", "health_maternal_death": 0.0, "he_flood": 0.0, "he_volcano": 0.0, "he_landslide": 0.001056, "he_earthquake": 0.07142899999999999}}