{"PH035421002": {"water_access": 9.975062, "food_tenure": "", "shelter_informal_settlers_nhts": 18.204489000000002, "health_center_attendance": 99.590404, "educ_outofschool_all": 12.601626, "work_unemployment": 55.719921, "po_conflict": 15.461347, "participation_assembly_attendance": 99.27193299999999, "sp_sss": 97.943211, "he_risk": 36.898284999999994, "shelter_electricity": 11.97007481, "health_center_attendance.1": 99.59040374, "work_farms": 1.559020045, "work_unskilled": 59.02004454, "health_programs": 76.80798005, "sp_philhealth": 76.80798005, "water_toilet": 5.735660847999999, "shelter_makeshift_nhts": 17.83042394, "food_malnourished": "", "health_child_death": "", "health_maternal_death": "", "he_flood": 3e-06, "he_volcano": 0.0, "he_landslide": 0.0, "he_earthquake": 0.0, "name": "Moras De La Paz"}, "PH035421004": {"water_access": 3.264095, "food_tenure": "", "shelter_informal_settlers_nhts": 28.783383, "health_center_attendance": 98.793471, "educ_outofschool_all": 2.017291, "work_unemployment": 57.762556999999994, "po_conflict": 13.353116, "participation_assembly_attendance": 99.41141800000001, "sp_sss": 98.234255, "he_risk": 8.386144, "shelter_electricity": 6.824925816, "health_center_attendance.1": 98.79347055, "work_farms": 2.702702703, "work_unskilled": 42.16216216, "health_programs": 79.52522255, "sp_philhealth": 79.52522255, "water_toilet": 0.890207715, "shelter_makeshift_nhts": 13.05637982, "food_malnourished": "", "health_child_death": "", "health_maternal_death": "", "he_flood": 3e-06, "he_volcano": 0.0, "he_landslide": 0.0, "he_earthquake": 0.0, "name": "Poblacion"}, "PH035421005": {"water_access": 2.1929819999999998, "food_tenure": "", "shelter_informal_settlers_nhts": 32.017544, "health_center_attendance": 99.42029000000001, "educ_outofschool_all": 7.38255, "work_unemployment": 59.284496999999995, "po_conflict": 8.771930000000001, "participation_assembly_attendance": 97.694726, "sp_sss": 97.86936800000001, "he_risk": 13.276888, "shelter_electricity": 5.701754386, "health_center_attendance.1": 99.42028986, "work_farms": 24.26778243, "work_unskilled": 41.0041841, "health_programs": 82.45614035, "sp_philhealth": 82.45614035, "water_toilet": 1.315789474, "shelter_makeshift_nhts": 7.456140351, "food_malnourished": "", "health_child_death": "", "health_maternal_death": "", "he_flood": 4e-06, "he_volcano": 0.0, "he_landslide": 0.0, "he_earthquake": 0.0, "name": "San Bartolome"}, "PH035421006": {"water_access": 5.32972, "food_tenure": "", "shelter_informal_settlers_nhts": 22.944896, "health_center_attendance": 94.522968, "educ_outofschool_all": 11.925794999999999, "work_unemployment": 60.614429, "po_conflict": 13.459801, "participation_assembly_attendance": 98.790225, "sp_sss": 97.83046999999999, "he_risk": 27.855238, "shelter_electricity": 15.08581752, "health_center_attendance.1": 94.52296820000001, "work_farms": 0.613496933, "work_unskilled": 56.17879053, "health_programs": 74.88708220000001, "sp_philhealth": 74.88708220000001, "water_toilet": 5.871725383999999, "shelter_makeshift_nhts": 8.626919603, "food_malnourished": "", "health_child_death": "", "health_maternal_death": "", "he_flood": 1e-06, "he_volcano": 0.0, "he_landslide": 0.0, "he_earthquake": 0.0, "name": "San Matias"}, "PH035421007": {"water_access": 1.642336, "food_tenure": "", "shelter_informal_settlers_nhts": 22.080292, "health_center_attendance": 99.12854, "educ_outofschool_all": 6.6334990000000005, "work_unemployment": 57.59943199999999, "po_conflict": 2.7372259999999997, "participation_assembly_attendance": 99.77283100000001, "sp_sss": 98.17355699999999, "he_risk": 14.907269, "shelter_electricity": 4.744525547, "health_center_attendance.1": 99.12854031, "work_farms": 0.502512563, "work_unskilled": 39.1959799, "health_programs": 86.86131387, "sp_philhealth": 86.86131387, "water_toilet": 0.729927007, "shelter_makeshift_nhts": 4.562043796, "food_malnourished": "", "health_child_death": "", "health_maternal_death": "", "he_flood": 1e-06, "he_volcano": 0.0, "he_landslide": 0.0, "he_earthquake": 0.0, "name": "San Vicente"}, "PH035421008": {"water_access": 3.703704, "food_tenure": 100.0, "shelter_informal_settlers_nhts": 17.12963, "health_center_attendance": 99.29411800000001, "educ_outofschool_all": 4.878049, "work_unemployment": 59.742647, "po_conflict": 3.240741, "participation_assembly_attendance": 93.087558, "sp_sss": 98.202765, "he_risk": 11.660847, "shelter_electricity": 10.18518519, "health_center_attendance.1": 99.29411765, "work_farms": 6.392694064, "work_unskilled": 48.40182648, "health_programs": 68.05555556, "sp_philhealth": 68.05555556, "water_toilet": 0.9259259259999999, "shelter_makeshift_nhts": 7.175925926000001, "food_malnourished": "", "health_child_death": "", "health_maternal_death": "", "he_flood": 1.1e-05, "he_volcano": 0.0, "he_landslide": 0.0, "he_earthquake": 0.0, "name": "Santo Rosario (Pau)"}, "PH035421009": {"water_access": 1.762115, "food_tenure": "", "shelter_informal_settlers_nhts": 18.061674, "health_center_attendance": 98.387097, "educ_outofschool_all": 3.133903, "work_unemployment": 58.56, "po_conflict": 3.3039650000000003, "participation_assembly_attendance": 98.537826, "sp_sss": 97.965671, "he_risk": 16.162247, "shelter_electricity": 3.0837004410000004, "health_center_attendance.1": 98.38709677, "work_farms": 1.158301158, "work_unskilled": 27.7992278, "health_programs": 72.46696035, "sp_philhealth": 72.46696035, "water_toilet": 0.440528634, "shelter_makeshift_nhts": 1.4317180619999998, "food_malnourished": "", "health_child_death": "", "health_maternal_death": "", "he_flood": 5e-06, "he_volcano": 0.0, "he_landslide": 0.0, "he_earthquake": 0.0, "name": "Sapa (Santo Ni\u00cc\u00b1o)"}}