{"PH037106001": {"water_access": 35.118592, "food_tenure": 18.367347, "shelter_informal_settlers_nhts": 2.601377, "health_center_attendance": 63.248346999999995, "educ_outofschool_all": 18.423308, "work_unemployment": 51.413228000000004, "po_conflict": 0.306044, "participation_assembly_attendance": 98.74686700000001, "sp_sss": 97.832817, "he_risk": 41.202301, "shelter_electricity": 10.94108646, "health_center_attendance.1": 63.248347499999994, "work_farms": 20.12798138, "work_unskilled": 25.072716699999997, "health_programs": 70.00765111, "sp_philhealth": 70.00765111, "water_toilet": 2.142310635, "shelter_makeshift_nhts": 2.8691660289999996, "food_malnourished": "", "health_child_death": "", "health_maternal_death": "", "he_flood": 0.0, "he_volcano": 0.0, "he_landslide": 0.002903, "he_earthquake": 0.0, "name": "Baloganon"}, "PH037106002": {"water_access": 13.152804999999999, "food_tenure": 28.735632, "shelter_informal_settlers_nhts": 1.3539649999999999, "health_center_attendance": 76.78737199999999, "educ_outofschool_all": 12.780269, "work_unemployment": 54.119223, "po_conflict": 0.967118, "participation_assembly_attendance": 97.40634, "sp_sss": 98.312063, "he_risk": 51.387924, "shelter_electricity": 4.642166344, "health_center_attendance.1": 76.78737233, "work_farms": 25.98540146, "work_unskilled": 27.59124088, "health_programs": 67.11798839, "sp_philhealth": 67.11798839, "water_toilet": 1.934235977, "shelter_makeshift_nhts": 0.9671179879999999, "food_malnourished": "", "health_child_death": "", "health_maternal_death": "", "he_flood": 0.0, "he_volcano": 0.0, "he_landslide": 0.000264, "he_earthquake": 0.0, "name": "Bamban"}, "PH037106003": {"water_access": 1.053864, "food_tenure": 16.666667, "shelter_informal_settlers_nhts": 4.215457, "health_center_attendance": 74.052165, "educ_outofschool_all": 8.074534, "work_unemployment": 52.048857, "po_conflict": 1.405152, "participation_assembly_attendance": 97.079557, "sp_sss": 97.079557, "he_risk": 13.018269, "shelter_electricity": 7.611241217999999, "health_center_attendance.1": 74.05216456, "work_farms": 14.13311422, "work_unskilled": 30.15612161, "health_programs": 79.62529274, "sp_philhealth": 79.62529274, "water_toilet": 1.756440281, "shelter_makeshift_nhts": 1.6978922719999998, "food_malnourished": "", "health_child_death": "", "health_maternal_death": "", "he_flood": 0.0, "he_volcano": 0.0, "he_landslide": 0.000264, "he_earthquake": 0.0, "name": "Bani"}, "PH037106004": {"water_access": 1.168614, "food_tenure": 88.888889, "shelter_informal_settlers_nhts": 2.5041740000000003, "health_center_attendance": 71.562135, "educ_outofschool_all": 4.693141000000001, "work_unemployment": 51.616563, "po_conflict": 12.020033, "participation_assembly_attendance": 98.669543, "sp_sss": 98.381877, "he_risk": 22.078578, "shelter_electricity": 6.176961603, "health_center_attendance.1": 71.56213479, "work_farms": 13.95076202, "work_unskilled": 23.21219226, "health_programs": 62.10350584, "sp_philhealth": 62.10350584, "water_toilet": 2.003338898, "shelter_makeshift_nhts": 2.5041736230000002, "food_malnourished": "", "health_child_death": "", "health_maternal_death": "", "he_flood": 0.0, "he_volcano": 0.0, "he_landslide": 0.000264, "he_earthquake": 0.0, "name": "Collat"}, "PH037106005": {"water_access": 12.338157, "food_tenure": 16.091954, "shelter_informal_settlers_nhts": 0.9139379999999999, "health_center_attendance": 77.160069, "educ_outofschool_all": 6.52819, "work_unemployment": 53.185225, "po_conflict": 1.751714, "participation_assembly_attendance": 95.207516, "sp_sss": 97.740516, "he_risk": 52.693879, "shelter_electricity": 9.215536938, "health_center_attendance.1": 77.16006885, "work_farms": 42.08118925, "work_unskilled": 18.69639794, "health_programs": 67.25057121, "sp_philhealth": 67.25057121, "water_toilet": 0.7616146229999999, "shelter_makeshift_nhts": 1.865955826, "food_malnourished": "", "health_child_death": "", "health_maternal_death": "", "he_flood": 0.0, "he_volcano": 0.0, "he_landslide": 0.00322, "he_earthquake": 0.14285699999999998, "name": "Inhobol"}, "PH037106006": {"water_access": 2.4038459999999997, "food_tenure": 0.0, "shelter_informal_settlers_nhts": 0.9615379999999999, "health_center_attendance": 63.797169999999994, "educ_outofschool_all": 6.010929, "work_unemployment": 52.889667, "po_conflict": 2.884615, "participation_assembly_attendance": 96.13325400000001, "sp_sss": 97.441999, "he_risk": 23.783997, "shelter_electricity": 2.884615385, "health_center_attendance.1": 63.79716981, "work_farms": 8.921933086000001, "work_unskilled": 28.99628253, "health_programs": 46.63461538, "sp_philhealth": 46.63461538, "water_toilet": 0.480769231, "shelter_makeshift_nhts": 2.403846154, "food_malnourished": "", "health_child_death": "", "health_maternal_death": "", "he_flood": 0.0, "he_volcano": 0.0, "he_landslide": 0.000264, "he_earthquake": 0.0, "name": "North Poblacion"}, "PH037106007": {"water_access": 27.960057, "food_tenure": 18.987342, "shelter_informal_settlers_nhts": 1.28388, "health_center_attendance": 68.053597, "educ_outofschool_all": 8.430233, "work_unemployment": 50.0, "po_conflict": 0.142653, "participation_assembly_attendance": 98.794034, "sp_sss": 97.937163, "he_risk": 50.324201, "shelter_electricity": 20.68473609, "health_center_attendance.1": 68.05359662, "work_farms": 23.01927195, "work_unskilled": 19.70021413, "health_programs": 73.32382311, "sp_philhealth": 73.32382311, "water_toilet": 0.998573466, "shelter_makeshift_nhts": 1.5691868759999998, "food_malnourished": "", "health_child_death": "", "health_maternal_death": "", "he_flood": 0.0, "he_volcano": 0.0, "he_landslide": 0.000528, "he_earthquake": 0.0, "name": "San Lorenzo"}, "PH037106008": {"water_access": 13.197970000000002, "food_tenure": 80.0, "shelter_informal_settlers_nhts": 2.538071, "health_center_attendance": 66.142228, "educ_outofschool_all": 3.5190620000000004, "work_unemployment": 47.797563000000004, "po_conflict": 0.761421, "participation_assembly_attendance": 95.799458, "sp_sss": 98.825655, "he_risk": 5.900342, "shelter_electricity": 13.45177665, "health_center_attendance.1": 66.14222782, "work_farms": 49.73070018, "work_unskilled": 14.18312388, "health_programs": 64.72081218, "sp_philhealth": 64.72081218, "water_toilet": 0.76142132, "shelter_makeshift_nhts": 2.157360406, "food_malnourished": "", "health_child_death": "", "health_maternal_death": "", "he_flood": 0.0, "he_volcano": 0.0, "he_landslide": 0.0, "he_earthquake": 0.0, "name": "San Salvador"}, "PH037106009": {"water_access": 7.453416000000001, "food_tenure": "", "shelter_informal_settlers_nhts": 2.018634, "health_center_attendance": 70.691676, "educ_outofschool_all": 8.245614, "work_unemployment": 41.159420000000004, "po_conflict": 12.732919, "participation_assembly_attendance": 95.985915, "sp_sss": 98.626761, "he_risk": 23.986126000000002, "shelter_electricity": 7.298136646000001, "health_center_attendance.1": 70.69167644, "work_farms": 20.68965517, "work_unskilled": 15.4679803, "health_programs": 65.21739129999999, "sp_philhealth": 65.21739129999999, "water_toilet": 1.242236025, "shelter_makeshift_nhts": 1.164596273, "food_malnourished": "", "health_child_death": "", "health_maternal_death": "", "he_flood": 0.0, "he_volcano": 0.0, "he_landslide": 0.003167, "he_earthquake": 0.0, "name": "Santa Rita"}, "PH037106010": {"water_access": 18.028845999999998, "food_tenure": 5.555556, "shelter_informal_settlers_nhts": 2.644231, "health_center_attendance": 76.221307, "educ_outofschool_all": 20.648968, "work_unemployment": 47.058824, "po_conflict": 3.365385, "participation_assembly_attendance": 95.195052, "sp_sss": 97.85918199999999, "he_risk": 54.736785, "shelter_electricity": 12.74038462, "health_center_attendance.1": 76.22130665, "work_farms": 21.24183007, "work_unskilled": 18.79084967, "health_programs": 75.96153846, "sp_philhealth": 75.96153846, "water_toilet": 1.9230769230000002, "shelter_makeshift_nhts": 2.163461538, "food_malnourished": "", "health_child_death": "",