{"PH031406001": {"Water_Prop": 0.733945, "Food_Prop": 0.0, "Shelter_Prop": 5.137615, "Health_Prop": 85.42439499999999, "Education_Prop": 7.849462, "Work_Prop": 43.167421000000004, "Peace_Prop": 0.18348599999999998, "Participation_Prop": 97.969409, "SocialProtection_Prop": 95.75421899999999, "Environment_Prop": 12.941632, "shelter_electricity": 3.211009174, "health_center_attendance": 85.42439449999999, "work_farms": 7.324840764, "work_unskilled": 18.15286624, "health_programs": 85.32110092, "sp_philhealth": 85.32110092, "water_toilet": 23.39449541, "shelter_makeshift_nhts": 2.2018348619999997, "food_malnourished": 6.6999998, "health_child_death": "", "health_maternal_death": 0.0, "he_flood": 1e-06, "he_volcano": 0.0, "he_landslide": 0.0, "he_earthquake": 0.0, "name": "Bonga Mayor"}, "PH031406002": {"Water_Prop": 0.48661800000000005, "Food_Prop": 85.714286, "Shelter_Prop": 1.7031630000000002, "Health_Prop": 89.74437900000001, "Education_Prop": 8.429752, "Work_Prop": 41.241496999999995, "Peace_Prop": 0.48661800000000005, "Participation_Prop": 98.91751500000001, "SocialProtection_Prop": 97.207188, "Environment_Prop": 30.031716999999997, "shelter_electricity": 5.474452555, "health_center_attendance": 89.74437943, "work_farms": 7.887120116, "work_unskilled": 20.83936324, "health_programs": 89.5377129, "sp_philhealth": 89.5377129, "water_toilet": 2.676399027, "shelter_makeshift_nhts": 6.02189781, "food_malnourished": 1.2, "health_child_death": "", "health_maternal_death": 3.8, "he_flood": 1e-06, "he_volcano": 0.0, "he_landslide": 0.0, "he_earthquake": 0.0, "name": "Bonga Menor"}, "PH031406003": {"Water_Prop": 0.0, "Food_Prop": 16.666667, "Shelter_Prop": 0.938967, "Health_Prop": 94.371257, "Education_Prop": 6.268657, "Work_Prop": 39.677145, "Peace_Prop": 0.469484, "Participation_Prop": 96.843232, "SocialProtection_Prop": 98.28785400000001, "Environment_Prop": 5.25186, "shelter_electricity": 1.17370892, "health_center_attendance": 94.37125749, "work_farms": 6.61971831, "work_unskilled": 23.94366197, "health_programs": 84.74178404, "sp_philhealth": 84.74178404, "water_toilet": 13.14553991, "shelter_makeshift_nhts": 3.403755869, "food_malnourished": 8.1000004, "health_child_death": "", "health_maternal_death": 0.0, "he_flood": 0.0, "he_volcano": 0.0, "he_landslide": 0.0, "he_earthquake": 0.0, "name": "Buisan"}, "PH031406004": {"Water_Prop": 0.173611, "Food_Prop": 85.483871, "Shelter_Prop": 2.951389, "Health_Prop": 57.860825, "Education_Prop": 9.475806, "Work_Prop": 41.328175, "Peace_Prop": 2.951389, "Participation_Prop": 97.766458, "SocialProtection_Prop": 97.257053, "Environment_Prop": 21.372738000000002, "shelter_electricity": 3.9930555560000003, "health_center_attendance": 57.86082474, "work_farms": 7.692307692000001, "work_unskilled": 34.395604399999996, "health_programs": 66.14583333, "sp_philhealth": 66.14583333, "water_toilet": 13.71527778, "shelter_makeshift_nhts": 13.10763889, "food_malnourished": 0.0, "health_child_death": "", "health_maternal_death": 0.0, "he_flood": 3e-06, "he_volcano": 0.0, "he_landslide": 0.0, "he_earthquake": 0.0, "name": "Camachilihan"}, "PH031406005": {"Water_Prop": 0.475059, "Food_Prop": "", "Shelter_Prop": 0.554236, "Health_Prop": 29.974064000000002, "Education_Prop": 6.464251, "Work_Prop": 39.193303, "Peace_Prop": 0.158353, "Participation_Prop": 99.03877, "SocialProtection_Prop": 97.292534, "Environment_Prop": 14.809835999999999, "shelter_electricity": 2.137767221, "health_center_attendance": 29.97406447, "work_farms": 4.171881518999999, "work_unskilled": 15.51939925, "health_programs": 82.34362629, "sp_philhealth": 82.34362629, "water_toilet": 2.296120348, "shelter_makeshift_nhts": 9.026128266, "food_malnourished": 0.80000001, "health_child_death": "", "health_maternal_death": 0.0, "he_flood": 1e-06, "he_volcano": 0.0, "he_landslide": 0.0, "he_earthquake": 0.0, "name": "Cambaog"}, "PH031406006": {"Water_Prop": 0.34153, "Food_Prop": "", "Shelter_Prop": 0.27322399999999997, "Health_Prop": 53.797977, "Education_Prop": 12.542144, "Work_Prop": 42.143225, "Peace_Prop": 30.737705, "Participation_Prop": 98.92365500000001, "SocialProtection_Prop": 98.585732, "Environment_Prop": 2.7328349999999997, "shelter_electricity": 5.87431694, "health_center_attendance": 53.79797655, "work_farms": 7.880676759, "work_unskilled": 41.71861086, "health_programs": 33.40163934, "sp_philhealth": 33.40163934, "water_toilet": 16.39344262, "shelter_makeshift_nhts": 4.030054645, "food_malnourished": 1.1, "health_child_death": "", "health_maternal_death": 0.0, "he_flood": 0.0, "he_volcano": 0.0, "he_landslide": 0.0, "he_earthquake": 0.0, "name": "Catacte"}, "PH031406007": {"Water_Prop": 0.301508, "Food_Prop": 69.565217, "Shelter_Prop": 0.301508, "Health_Prop": 53.180473, "Education_Prop": 7.228916000000001, "Work_Prop": 43.972652000000004, "Peace_Prop": 2.3115580000000002, "Participation_Prop": 98.206099, "SocialProtection_Prop": 98.006777, "Environment_Prop": 4.821699, "shelter_electricity": 3.6180904519999997, "health_center_attendance": 53.18047337, "work_farms": 6.422607579, "work_unskilled": 34.68208092, "health_programs": 63.01507538, "sp_philhealth": 63.01507538, "water_toilet": 0.603015075, "shelter_makeshift_nhts": 12.86432161, "food_malnourished": 8.5, "health_child_death": "", "health_maternal_death": 1.9, "he_flood": 1e-06, "he_volcano": 0.0, "he_landslide": 0.0, "he_earthquake": 0.0, "name": "Liciada"}, "PH031406008": {"Water_Prop": 0.162999, "Food_Prop": 91.891892, "Shelter_Prop": 0.9779950000000001, "Health_Prop": 76.73107900000001, "Education_Prop": 4.121688, "Work_Prop": 43.713105, "Peace_Prop": 0.0, "Participation_Prop": 98.26025200000001, "SocialProtection_Prop": 96.857802, "Environment_Prop": 21.950341, "shelter_electricity": 4.645476773, "health_center_attendance": 76.73107891, "work_farms": 9.596224436, "work_unskilled": 24.85579444, "health_programs": 81.58109209, "sp_philhealth": 81.58109209, "water_toilet": 1.8744906280000002, "shelter_makeshift_nhts": 3.3007334960000003, "food_malnourished": 0.60000002, "health_child_death": "", "health_maternal_death": 1.6, "he_flood": 1e-06, "he_volcano": 0.0, "he_landslide": 0.0, "he_earthquake": 0.0, "name": "Malamig"}, "PH031406009": {"Water_Prop": 0.785855, "Food_Prop": "", "Shelter_Prop": 1.375246, "Health_Prop": 57.388476000000004, "Education_Prop": 9.111111, "Work_Prop": 40.042224, "Peace_Prop": 0.982318, "Participation_Prop": 98.027967, "SocialProtection_Prop": 98.135532, "Environment_Prop": 2.893357, "shelter_electricity": 7.465618861, "health_center_attendance": 57.38847584, "work_farms": 11.85446009, "work_unskilled": 31.92488263, "health_programs": 60.70726916, "sp_philhealth": 60.70726916, "water_toilet": 17.09233792, "shelter_makeshift_nhts": 19.05697446, "food_malnourished": 4.9000001, "health_child_death": "", "health_maternal_death": 4.3000002, "he_flood": 4e-06, "he_volcano": 0.0, "he_landslide": 0.0, "he_earthquake": 0.0, "name": "Malawak"}, "PH031406010": {"Water_Prop": 0.23771799999999998, "Food_Prop": "", "Shelter_Prop": 3.090333, "Health_Prop": 83.643123, "Education_Prop": 6.939163000000001, "Work_Prop": 45.317393, "Peace_Prop": 2.060222, "Participation_Prop": 99.245072, "SocialProtection_Prop": 96.994268, "Environment_Prop": 24.185589999999998, "shelter_electricity": 3.328050713, "health_center_attendance": 83.64312268, "work_farms": 0.884955752, "work_unskilled": 37.63664758, "health_programs": 75.99049128, "sp_philhealth": 75.99049128, "water_toilet": 14.659270999999999, "shelter_makeshift_nhts": 6.339144216, "food_malnourished": 13.5, "health_child_death": "", "health_maternal_death": 0.0, "he_flood": 1e-06, "he_volcano": 0.0, "he_landslide": 0.0, "he_earthquake": 0.0, "name": "Poblacion"}, "PH031406011": {"Water_Prop": 1.388889, "Food_Prop": 50.0, "Shelter_Prop": 0.8680559999999999, "Health_Prop": 80.378727, "Education_Prop": 11.583012, "Work_Prop": 48.433735, "Peace_Prop": 0.0, "Participation_Prop": 98.284244, "SocialProtection_Prop": 97.297684,