{"PH030807001": {"Water_Prop": 55.659121, "Food_Prop": 13.636364000000002, "Shelter_Prop": 1.331558, "Health_Prop": 86.957763, "Education_Prop": 6.564551, "Work_Prop": 58.641975, "Peace_Prop": 7.190413, "Participation_Prop": 96.33149499999999, "SocialProtection_Prop": 92.70951, "Environment_Prop": 26.444084999999998, "shelter_electricity": 20.50599201, "health_center_attendance": 86.95776256, "work_farms": 12.39954076, "work_unskilled": 51.89437428, "health_programs": 69.24101198, "sp_philhealth": 69.24101198, "water_toilet": 0.532623169, "shelter_makeshift_nhts": 11.9840213, "food_malnourished": 0.80000001, "health_child_death": "", "health_maternal_death": 0.80000001, "he_flood": 0.0, "he_volcano": 0.0, "he_landslide": 0.002639, "he_earthquake": 0.0}, "PH030807002": {"Water_Prop": 9.523810000000001, "Food_Prop": "", "Shelter_Prop": 1.9969279999999998, "Health_Prop": 79.624862, "Education_Prop": 6.972789, "Work_Prop": 59.05218299999999, "Peace_Prop": 1.843318, "Participation_Prop": 96.905637, "SocialProtection_Prop": 95.71078399999999, "Environment_Prop": 4.697412, "shelter_electricity": 6.605222734, "health_center_attendance": 79.62486208, "work_farms": 14.56436931, "work_unskilled": 22.62678804, "health_programs": 73.2718894, "sp_philhealth": 73.2718894, "water_toilet": 1.382488479, "shelter_makeshift_nhts": 3.225806452, "food_malnourished": 1.4, "health_child_death": "", "health_maternal_death": 0.0, "he_flood": 0.0, "he_volcano": 0.0, "he_landslide": 0.011824, "he_earthquake": 0.0}, "PH030807003": {"Water_Prop": 4.938272, "Food_Prop": "", "Shelter_Prop": 2.469136, "Health_Prop": 81.039575, "Education_Prop": 6.329114, "Work_Prop": 59.207921, "Peace_Prop": 3.3950620000000002, "Participation_Prop": 90.707444, "SocialProtection_Prop": 95.27810500000001, "Environment_Prop": 31.418113, "shelter_electricity": 16.66666667, "health_center_attendance": 81.03957472, "work_farms": 32.03883495, "work_unskilled": 37.37864078, "health_programs": 62.03703704, "sp_philhealth": 62.03703704, "water_toilet": 0.308641975, "shelter_makeshift_nhts": 9.104938272, "food_malnourished": 0.2, "health_child_death": "", "health_maternal_death": 0.0, "he_flood": 0.0, "he_volcano": 0.0, "he_landslide": 0.001056, "he_earthquake": 0.0}, "PH030807004": {"Water_Prop": 64.145658, "Food_Prop": 0.0, "Shelter_Prop": 5.602241, "Health_Prop": 69.86755, "Education_Prop": 4.03071, "Work_Prop": 55.62851800000001, "Peace_Prop": 33.333333, "Participation_Prop": 97.16819699999999, "SocialProtection_Prop": 93.542866, "Environment_Prop": 21.665175, "shelter_electricity": 14.28571429, "health_center_attendance": 69.86754967, "work_farms": 27.90697674, "work_unskilled": 38.26638478, "health_programs": 65.82633053, "sp_philhealth": 65.82633053, "water_toilet": 2.8011204480000003, "shelter_makeshift_nhts": 4.201680672, "food_malnourished": 1.0, "health_child_death": "", "health_maternal_death": 0.0, "he_flood": 0.0, "he_volcano": 0.0, "he_landslide": 0.000792, "he_earthquake": 0.0}, "PH030807005": {"Water_Prop": 11.666667, "Food_Prop": "", "Shelter_Prop": 0.0, "Health_Prop": 89.316485, "Education_Prop": 3.191489, "Work_Prop": 57.062675, "Peace_Prop": 0.0, "Participation_Prop": 98.142774, "SocialProtection_Prop": 95.18282099999999, "Environment_Prop": 25.481609, "shelter_electricity": 14.16666667, "health_center_attendance": 89.31648478, "work_farms": 15.68627451, "work_unskilled": 45.75163399, "health_programs": 61.94444444, "sp_philhealth": 61.94444444, "water_toilet": 0.27777777800000003, "shelter_makeshift_nhts": 10.41666667, "food_malnourished": "", "health_child_death": "", "health_maternal_death": "", "he_flood": 0.0, "he_volcano": 0.0, "he_landslide": 0.000792, "he_earthquake": 0.0}, "PH030807006": {"Water_Prop": 17.913043, "Food_Prop": "", "Shelter_Prop": 4.521739, "Health_Prop": 77.431907, "Education_Prop": 7.344633, "Work_Prop": 49.634551, "Peace_Prop": 1.913043, "Participation_Prop": 97.118533, "SocialProtection_Prop": 90.788038, "Environment_Prop": 31.516839, "shelter_electricity": 9.217391304, "health_center_attendance": 77.43190661, "work_farms": 2.7704485489999997, "work_unskilled": 24.40633245, "health_programs": 65.21739129999999, "sp_philhealth": 65.21739129999999, "water_toilet": 1.217391304, "shelter_makeshift_nhts": 4.0, "food_malnourished": 0.60000002, "health_child_death": "", "health_maternal_death": 0.0, "he_flood": 0.0, "he_volcano": 0.0, "he_landslide": 0.000792, "he_earthquake": 0.0}, "PH030807008": {"Water_Prop": 1.6597509999999998, "Food_Prop": "", "Shelter_Prop": 7.46888, "Health_Prop": 75.73715200000001, "Education_Prop": 9.627329, "Work_Prop": 51.748252, "Peace_Prop": 0.8298760000000001, "Participation_Prop": 98.29932, "SocialProtection_Prop": 89.884102, "Environment_Prop": 43.135245, "shelter_electricity": 5.394190871, "health_center_attendance": 75.73715249, "work_farms": 18.55072464, "work_unskilled": 17.97101449, "health_programs": 64.3153527, "sp_philhealth": 64.3153527, "water_toilet": 7.053941909, "shelter_makeshift_nhts": 7.053941909, "food_malnourished": 0.69999999, "health_child_death": "", "health_maternal_death": 0.60000002, "he_flood": 0.0, "he_volcano": 0.0, "he_landslide": 0.000792, "he_earthquake": 0.0}, "PH030807009": {"Water_Prop": 0.0, "Food_Prop": "", "Shelter_Prop": 5.263158, "Health_Prop": 56.81818199999999, "Education_Prop": 20.0, "Work_Prop": 59.701493000000006, "Peace_Prop": 26.315789000000002, "Participation_Prop": 93.73764, "SocialProtection_Prop": 88.85959100000001, "Environment_Prop": 20.349624, "shelter_electricity": 10.52631579, "health_center_attendance": 56.81818182, "work_farms": 0.0, "work_unskilled": 40.74074074, "health_programs": 42.10526316, "sp_philhealth": 42.10526316, "water_toilet": 0.0, "shelter_makeshift_nhts": 13.15789474, "food_malnourished": 0.0, "health_child_death": "", "health_maternal_death": 0.0, "he_flood": 0.0, "he_volcano": 0.0, "he_landslide": 0.000792, "he_earthquake": 0.0}, "PH030807010": {"Water_Prop": 0.8492569999999999, "Food_Prop": "", "Shelter_Prop": 1.6985139999999999, "Health_Prop": 88.110749, "Education_Prop": 7.41688, "Work_Prop": 46.771522999999995, "Peace_Prop": 1.910828, "Participation_Prop": 98.229474, "SocialProtection_Prop": 88.769311, "Environment_Prop": 18.308502999999998, "shelter_electricity": 3.1847133760000004, "health_center_attendance": 88.11074919, "work_farms": 3.732503888, "work_unskilled": 28.30482115, "health_programs": 64.33121019, "sp_philhealth": 64.33121019, "water_toilet": 0.212314225, "shelter_makeshift_nhts": 4.033970276, "food_malnourished": 0.0, "health_child_death": "", "health_maternal_death": 0.0, "he_flood": 0.0, "he_volcano": 0.0, "he_landslide": 0.0, "he_earthquake": 0.0}, "PH030807011": {"Water_Prop": 41.477273, "Food_Prop": "", "Shelter_Prop": 1.136364, "Health_Prop": 72.440945, "Education_Prop": 6.024096, "Work_Prop": 49.770792, "Peace_Prop": 3.787879, "Participation_Prop": 98.955152, "SocialProtection_Prop": 91.464395, "Environment_Prop": 13.910366, "shelter_electricity": 8.143939394, "health_center_attendance": 72.44094488, "work_farms": 24.96740548, "work_unskilled": 22.42503259, "health_programs": 80.30303029999999, "sp_philhealth": 80.30303029999999, "water_toilet": 6.0606060610000005, "shelter_makeshift_nhts": 7.71780303, "food_malnourished": 1.5, "health_child_death": "", "health_maternal_death": 0.0, "he_flood": 0.0, "he_volcano": 0.0, "he_landslide": 0.000792, "he_earthquake": 0.0}, "PH030807013": {"Water_Prop": 32.284542, "Food_Prop": 79.591837, "Shelter_Prop": 9.439124000000001, "Health_Prop": 73.315912, "Education_Prop": 8.565737, "Work_Prop": 55.561358, "Peace_Prop": 2.325581, "Participation_Prop": 99.063975, "SocialProtection_Prop": 92.308318, "Environment_Prop": 3.909899, "shelter_electricity": 9.302325581, "health_center_attendance": 73.31591173, "work_farms": 13.74853114, "work_unskilled": 36.07520564, "health_programs": 64.43228454, "sp_philhealth": 64.43228454, "water_toilet": 7.2503419970000005, "shelter_makeshift_nhts": 7.455540356,