{"PH037110001": {"Water_Prop": 5.0, "Food_Prop": 100.0, "Shelter_Prop": 30.0, "Health_Prop": 76.623377, "Education_Prop": 9.523810000000001, "Work_Prop": 61.538462, "Peace_Prop": 0.0, "Participation_Prop": 96.266878, "SocialProtection_Prop": 98.173153, "Environment_Prop": 21.970751, "shelter_electricity": 5.0, "health_center_attendance": 76.62337662, "work_farms": 5.0, "work_unskilled": 40.0, "health_programs": 25.0, "sp_philhealth": 25.0, "water_toilet": 0.0, "shelter_makeshift_nhts": 2.5, "food_malnourished": "", "health_child_death": "", "health_maternal_death": "", "he_flood": 2e-06, "he_volcano": 0.0, "he_landslide": 0.0, "he_earthquake": 0.0}, "PH037110002": {"Water_Prop": 0.0, "Food_Prop": 34.782609, "Shelter_Prop": 1.639344, "Health_Prop": 88.80597, "Education_Prop": 5.357143, "Work_Prop": 55.555556, "Peace_Prop": 0.0, "Participation_Prop": 97.16157199999999, "SocialProtection_Prop": 97.925764, "Environment_Prop": 38.230442, "shelter_electricity": 9.016393443, "health_center_attendance": 88.80597015, "work_farms": 17.5, "work_unskilled": 33.75, "health_programs": 77.86885246, "sp_philhealth": 77.86885246, "water_toilet": 1.6393442619999998, "shelter_makeshift_nhts": 0.8196721309999999, "food_malnourished": "", "health_child_death": "", "health_maternal_death": "", "he_flood": 1e-06, "he_volcano": 0.0, "he_landslide": 0.0, "he_earthquake": 0.07142899999999999}, "PH037110003": {"Water_Prop": 1.869159, "Food_Prop": 68.292683, "Shelter_Prop": 0.934579, "Health_Prop": 96.14213199999999, "Education_Prop": 23.98524, "Work_Prop": 52.960526, "Peace_Prop": 3.271028, "Participation_Prop": 96.105161, "SocialProtection_Prop": 99.02629, "Environment_Prop": 5.071233, "shelter_electricity": 17.75700935, "health_center_attendance": 96.14213198, "work_farms": 54.54545455, "work_unskilled": 11.18881119, "health_programs": 58.87850467, "sp_philhealth": 58.87850467, "water_toilet": 29.90654206, "shelter_makeshift_nhts": 0.46728972, "food_malnourished": "", "health_child_death": "", "health_maternal_death": "", "he_flood": 1e-06, "he_volcano": 0.0, "he_landslide": 0.048298, "he_earthquake": 0.14285699999999998}, "PH037110004": {"Water_Prop": 0.0, "Food_Prop": 69.230769, "Shelter_Prop": 0.632911, "Health_Prop": 80.45976999999999, "Education_Prop": 2.752294, "Work_Prop": 64.364641, "Peace_Prop": 0.0, "Participation_Prop": 97.54784699999999, "SocialProtection_Prop": 97.607656, "Environment_Prop": 33.284954, "shelter_electricity": 6.329113924, "health_center_attendance": 80.45977011, "work_farms": 2.325581395, "work_unskilled": 24.80620155, "health_programs": 89.24050633, "sp_philhealth": 89.24050633, "water_toilet": 6.329113924, "shelter_makeshift_nhts": 1.582278481, "food_malnourished": "", "health_child_death": "", "health_maternal_death": "", "he_flood": 1e-06, "he_volcano": 0.0, "he_landslide": 0.0, "he_earthquake": 0.0}, "PH037110005": {"Water_Prop": 0.0, "Food_Prop": 20.0, "Shelter_Prop": 0.769231, "Health_Prop": 77.865613, "Education_Prop": 7.751938000000001, "Work_Prop": 53.47432, "Peace_Prop": 0.0, "Participation_Prop": 96.91991800000001, "SocialProtection_Prop": 97.74127299999999, "Environment_Prop": 36.936042, "shelter_electricity": 18.46153846, "health_center_attendance": 77.86561265, "work_farms": 23.37662338, "work_unskilled": 31.81818182, "health_programs": 81.53846154, "sp_philhealth": 81.53846154, "water_toilet": 2.307692308, "shelter_makeshift_nhts": 0.7692307690000001, "food_malnourished": "", "health_child_death": "", "health_maternal_death": "", "he_flood": 2e-06, "he_volcano": 0.0, "he_landslide": 0.0, "he_earthquake": 0.0}, "PH037110006": {"Water_Prop": 5.424062999999999, "Food_Prop": 66.507177, "Shelter_Prop": 1.775148, "Health_Prop": 90.594291, "Education_Prop": 18.683652, "Work_Prop": 52.342374, "Peace_Prop": 7.001972, "Participation_Prop": 99.035917, "SocialProtection_Prop": 98.733459, "Environment_Prop": 41.041205, "shelter_electricity": 22.38658777, "health_center_attendance": 90.59429106, "work_farms": 26.01626016, "work_unskilled": 24.98152254, "health_programs": 68.34319527, "sp_philhealth": 68.34319527, "water_toilet": 21.99211045, "shelter_makeshift_nhts": 1.479289941, "food_malnourished": "", "health_child_death": "", "health_maternal_death": "", "he_flood": 0.0, "he_volcano": 0.0, "he_landslide": 0.003114, "he_earthquake": 0.14285699999999998}, "PH037110007": {"Water_Prop": 0.0, "Food_Prop": 20.0, "Shelter_Prop": 0.0, "Health_Prop": 97.611465, "Education_Prop": 3.8167940000000002, "Work_Prop": 50.0, "Peace_Prop": 1.9867549999999998, "Participation_Prop": 97.79454399999999, "SocialProtection_Prop": 97.736506, "Environment_Prop": 37.104271000000004, "shelter_electricity": 9.271523178999999, "health_center_attendance": 97.61146497, "work_farms": 11.00917431, "work_unskilled": 33.48623853, "health_programs": 47.68211921, "sp_philhealth": 47.68211921, "water_toilet": 8.609271523, "shelter_makeshift_nhts": 1.324503311, "food_malnourished": "", "health_child_death": "", "health_maternal_death": "", "he_flood": 1e-06, "he_volcano": 0.0, "he_landslide": 0.0, "he_earthquake": 0.0}, "PH037110008": {"Water_Prop": 0.416667, "Food_Prop": 33.333333, "Shelter_Prop": 1.25, "Health_Prop": 93.773585, "Education_Prop": 17.621145000000002, "Work_Prop": 52.925532, "Peace_Prop": 1.25, "Participation_Prop": 96.05263199999999, "SocialProtection_Prop": 98.48684200000001, "Environment_Prop": 38.620288, "shelter_electricity": 5.833333333, "health_center_attendance": 93.77358491, "work_farms": 6.4971751410000005, "work_unskilled": 18.36158192, "health_programs": 75.41666667, "sp_philhealth": 75.41666667, "water_toilet": 21.66666667, "shelter_makeshift_nhts": 0.208333333, "food_malnourished": "", "health_child_death": "", "health_maternal_death": "", "he_flood": 1e-06, "he_volcano": 0.0, "he_landslide": 0.0, "he_earthquake": 0.07142899999999999}, "PH037110009": {"Water_Prop": 0.0, "Food_Prop": 0.0, "Shelter_Prop": 5.479451999999999, "Health_Prop": 81.90899, "Education_Prop": 8.677686, "Work_Prop": 55.239787, "Peace_Prop": 0.0, "Participation_Prop": 96.682099, "SocialProtection_Prop": 98.37963, "Environment_Prop": 19.111445, "shelter_electricity": 5.936073059, "health_center_attendance": 81.90899001, "work_farms": 11.50793651, "work_unskilled": 31.34920635, "health_programs": 49.31506849, "sp_philhealth": 49.31506849, "water_toilet": 5.479452055, "shelter_makeshift_nhts": 0.228310502, "food_malnourished": "", "health_child_death": "", "health_maternal_death": "", "he_flood": 2e-06, "he_volcano": 0.0, "he_landslide": 0.0, "he_earthquake": 0.0}, "PH037110011": {"Water_Prop": 0.433526, "Food_Prop": 0.0, "Shelter_Prop": 0.289017, "Health_Prop": 95.977474, "Education_Prop": 6.358382, "Work_Prop": 59.123222999999996, "Peace_Prop": 0.0, "Participation_Prop": 98.421175, "SocialProtection_Prop": 97.81750600000001, "Environment_Prop": 19.99742, "shelter_electricity": 26.44508671, "health_center_attendance": 95.97747385, "work_farms": 22.31884058, "work_unskilled": 28.11594203, "health_programs": 79.47976879, "sp_philhealth": 79.47976879, "water_toilet": 1.300578035, "shelter_makeshift_nhts": 1.1560693640000002, "food_malnourished": "", "health_child_death": "", "health_maternal_death": "", "he_flood": 0.0, "he_volcano": 0.0, "he_landslide": 0.0, "he_earthquake": 0.07142899999999999}, "PH037110012": {"Water_Prop": 5.617978, "Food_Prop": 30.555556, "Shelter_Prop": 0.7490640000000001, "Health_Prop": 96.376102, "Education_Prop": 24.786325, "Work_Prop": 61.596385999999995, "Peace_Prop": 0.7490640000000001, "Participation_Prop": 97.809899, "SocialProtection_Prop": 98.68594, "Environment_Prop": 33.917268, "shelter_electricity": 39.3258427, "health_center_attendance": 96.37610186, "work_farms": 30.58823529, "work_unskilled": 23.1372549, "health_programs": 70.41198502, "sp_philhealth": 70.41198502, "water_toilet": 2.621722846, "shelter_makeshift_nhts": 0.187265918, "food_malnourished": "", "health_child_death": "", "health_maternal_death": "", "he_flood": 1e-06,