{"PH036902001": {"water_access": 8.139535, "food_tenure": 75.0, "shelter_informal_settlers_nhts": 1.744186, "health_center_attendance": 95.007564, "educ_outofschool_all": 11.483871, "work_unemployment": 54.41860500000001, "po_conflict": 0.38759699999999997, "participation_assembly_attendance": 99.392774, "sp_sss": 2.428904000000003, "he_risk": 22.644898, "shelter_electricity": 6.782945736, "health_center_attendance.1": 95.0075643, "work_farms": 2.186588921, "work_unskilled": 51.16618076, "health_programs": 79.06976744, "sp_philhealth": 20.930232559999993, "water_toilet": 2.131782946, "shelter_makeshift_nhts": 2.034883721, "food_malnourished": 0.1, "health_child_death": 0.0, "health_maternal_death": 0.5, "he_flood": 0.0, "he_volcano": 0.0, "he_landslide": 0.00322, "he_earthquake": 0.0, "name": "Anupul"}, "PH036902002": {"water_access": 0.0, "food_tenure": 71.42857099999999, "shelter_informal_settlers_nhts": 0.0, "health_center_attendance": 78.603604, "educ_outofschool_all": 8.064516000000001, "work_unemployment": 52.307691999999996, "po_conflict": 0.558659, "participation_assembly_attendance": 97.003745, "sp_sss": 19.975031, "he_risk": 11.734639999999999, "shelter_electricity": 4.4692737430000005, "health_center_attendance.1": 78.6036036, "work_farms": 3.225806452, "work_unskilled": 38.30645161, "health_programs": 90.5027933, "sp_philhealth": 9.497206700000007, "water_toilet": 30.16759777, "shelter_makeshift_nhts": 0.837988827, "food_malnourished": 0.0, "health_child_death": 0.0, "health_maternal_death": 0.0, "he_flood": 0.0, "he_volcano": 0.0, "he_landslide": 0.0, "he_earthquake": 0.0, "name": "Banaba"}, "PH036902003": {"water_access": 6.557377000000001, "food_tenure": "", "shelter_informal_settlers_nhts": 1.639344, "health_center_attendance": 81.03186600000001, "educ_outofschool_all": 22.099448000000002, "work_unemployment": 62.5, "po_conflict": 0.819672, "participation_assembly_attendance": 85.340314, "sp_sss": 17.277486999999994, "he_risk": 5.9306730000000005, "shelter_electricity": 3.278688525, "health_center_attendance.1": 81.03186646, "work_farms": 0.7246376809999999, "work_unskilled": 31.15942029, "health_programs": 86.8852459, "sp_philhealth": 13.114754099999999, "water_toilet": 29.50819672, "shelter_makeshift_nhts": 2.8688524589999997, "food_malnourished": 0.0, "health_child_death": 0.0, "health_maternal_death": 0.0, "he_flood": 2e-06, "he_volcano": 0.0, "he_landslide": 0.0, "he_earthquake": 0.0, "name": "Bangcu"}, "PH036902004": {"water_access": 0.0, "food_tenure": 0.0, "shelter_informal_settlers_nhts": 4.225352, "health_center_attendance": 72.693727, "educ_outofschool_all": 3.7735849999999997, "work_unemployment": 51.428571000000005, "po_conflict": 0.0, "participation_assembly_attendance": 90.774908, "sp_sss": 5.535055, "he_risk": 5.749038, "shelter_electricity": 12.67605634, "health_center_attendance.1": 72.69372694, "work_farms": 32.94117647, "work_unskilled": 42.35294118, "health_programs": 85.91549296, "sp_philhealth": 14.084507040000005, "water_toilet": 25.35211268, "shelter_makeshift_nhts": 0.0, "food_malnourished": 0.0, "health_child_death": 0.0, "health_maternal_death": 0.0, "he_flood": 2e-06, "he_volcano": 0.0, "he_landslide": 0.0, "he_earthquake": 0.0, "name": "Culubasa"}, "PH036902005": {"water_access": 0.543478, "food_tenure": 75.0, "shelter_informal_settlers_nhts": 1.086957, "health_center_attendance": 83.019976, "educ_outofschool_all": 8.977556, "work_unemployment": 54.91228100000001, "po_conflict": 0.271739, "participation_assembly_attendance": 97.600349, "sp_sss": 4.799301999999997, "he_risk": 11.786895, "shelter_electricity": 3.8043478260000003, "health_center_attendance.1": 83.0199765, "work_farms": 6.809338521, "work_unskilled": 32.87937743, "health_programs": 91.84782609, "sp_philhealth": 8.152173910000002, "water_toilet": 0.8152173909999999, "shelter_makeshift_nhts": 0.135869565, "food_malnourished": 0.0, "health_child_death": 0.0, "health_maternal_death": 0.0, "he_flood": 0.0, "he_volcano": 0.0, "he_landslide": 0.0, "he_earthquake": 0.0, "name": "Dela Cruz"}, "PH036902006": {"water_access": 0.4329, "food_tenure": 0.0, "shelter_informal_settlers_nhts": 0.0, "health_center_attendance": 81.22021, "educ_outofschool_all": 8.154506, "work_unemployment": 51.622003, "po_conflict": 0.4329, "participation_assembly_attendance": 96.475771, "sp_sss": 5.991189000000006, "he_risk": 9.868141, "shelter_electricity": 3.896103896, "health_center_attendance.1": 81.22020972, "work_farms": 6.12244898, "work_unskilled": 27.11370262, "health_programs": 88.74458874, "sp_philhealth": 11.255411260000002, "water_toilet": 0.432900433, "shelter_makeshift_nhts": 1.731601732, "food_malnourished": 0.0, "health_child_death": 0.0, "health_maternal_death": 0.0, "he_flood": 0.0, "he_volcano": 0.0, "he_landslide": 0.0, "he_earthquake": 0.0, "name": "La Paz"}, "PH036902007": {"water_access": 10.545455, "food_tenure": 0.0, "shelter_informal_settlers_nhts": 2.181818, "health_center_attendance": 86.507937, "educ_outofschool_all": 23.231441, "work_unemployment": 56.283478, "po_conflict": 2.666667, "participation_assembly_attendance": 97.693727, "sp_sss": 3.7269370000000066, "he_risk": 23.550243, "shelter_electricity": 4.848484848, "health_center_attendance.1": 86.50793651, "work_farms": 2.827521206, "work_unskilled": 38.54853911, "health_programs": 72.24242424, "sp_philhealth": 27.757575759999995, "water_toilet": 28.72727273, "shelter_makeshift_nhts": 8.606060606, "food_malnourished": 0.0, "health_child_death": 0.0, "health_maternal_death": 0.0, "he_flood": 0.0, "he_volcano": 0.0, "he_landslide": 0.001056, "he_earthquake": 0.0, "name": "Lourdes"}, "PH036902008": {"water_access": 3.4090910000000005, "food_tenure": "", "shelter_informal_settlers_nhts": 0.0, "health_center_attendance": 86.711712, "educ_outofschool_all": 7.894736999999999, "work_unemployment": 56.43939399999999, "po_conflict": 0.0, "participation_assembly_attendance": 8.823528999999999, "sp_sss": 100.0, "he_risk": 5.463796, "shelter_electricity": 26.13636364, "health_center_attendance.1": 86.71171171, "work_farms": 13.04347826, "work_unskilled": 47.82608696, "health_programs": 100.0, "sp_philhealth": 0.0, "water_toilet": 60.22727273, "shelter_makeshift_nhts": 0.0, "food_malnourished": 0.0, "health_child_death": 0.0, "health_maternal_death": 0.0, "he_flood": 1.2e-05, "he_volcano": 0.0, "he_landslide": 0.0, "he_earthquake": 0.0, "name": "Malonzo"}, "PH036902009": {"water_access": 0.0, "food_tenure": 25.0, "shelter_informal_settlers_nhts": 0.0, "health_center_attendance": 91.964889, "educ_outofschool_all": 12.600536, "work_unemployment": 52.587117000000006, "po_conflict": 0.0, "participation_assembly_attendance": 97.961119, "sp_sss": 1.9440489999999926, "he_risk": 5.752021, "shelter_electricity": 1.875, "health_center_attendance.1": 91.96488859, "work_farms": 23.60801782, "work_unskilled": 23.16258352, "health_programs": 85.0, "sp_philhealth": 15.0, "water_toilet": 40.625, "shelter_makeshift_nhts": 0.0, "food_malnourished": 0.0, "health_child_death": 0.0, "health_maternal_death": 0.0, "he_flood": 0.0, "he_volcano": 0.0, "he_landslide": 0.0, "he_earthquake": 0.0, "name": "Virgen de los Remedios (Pacalcal)"}, "PH036902010": {"water_access": 0.913242, "food_tenure": 50.0, "shelter_informal_settlers_nhts": 4.3379, "health_center_attendance": 88.863428, "educ_outofschool_all": 16.557377, "work_unemployment": 52.061439, "po_conflict": 0.22831100000000001, "participation_assembly_attendance": 99.49338900000001, "sp_sss": 1.3323879999999946, "he_risk": 22.358446, "shelter_electricity": 5.936073059, "health_center_attendance.1": 88.86342805, "work_farms": 3.204047218, "work_unskilled": 46.03709949, "health_programs": 74.42922374, "sp_philhealth": 25.570776260000002, "water_toilet": 3.196347032, "shelter_makeshift_nhts": 4.337899543, "food_malnourished": 0.0, "health_child_death": 0.5, "health_maternal_death": 0.0, "he_flood": 0.0, "he_volcano": 0.0, "he_landslide": 0.001056,