{"PH034923002": {"Water_Prop": 0.650054, "Food_Prop": 0.0, "Shelter_Prop": 1.1917659999999999, "Health_Prop": 69.376357, "Education_Prop": 10.690789, "Work_Prop": 44.531934, "Peace_Prop": 1.950163, "Participation_Prop": "", "SocialProtection_Prop": 98.8044, "Environment_Prop": 1.49334, "shelter_electricity": 16.79306609, "health_center_attendance": 69.37635743, "work_farms": 12.69716088, "work_unskilled": 51.81388013, "health_programs": 60.67172264, "sp_philhealth": 60.67172264, "water_toilet": 1.1917659809999999, "shelter_makeshift_nhts": 5.633802817, "food_malnourished": "", "health_child_death": "", "health_maternal_death": "", "he_flood": 0.0, "he_volcano": 0.0, "he_landslide": 0.0, "he_earthquake": 0.0}, "PH034923005": {"Water_Prop": 0.20920500000000003, "Food_Prop": 0.0, "Shelter_Prop": 0.5230130000000001, "Health_Prop": 66.27741400000001, "Education_Prop": 9.352518, "Work_Prop": 46.081633000000004, "Peace_Prop": 0.313808, "Participation_Prop": 93.923723, "SocialProtection_Prop": 99.008834, "Environment_Prop": 19.471354, "shelter_electricity": 8.368200837, "health_center_attendance": 66.27741384, "work_farms": 10.97653293, "work_unskilled": 48.75094625, "health_programs": 50.83682008, "sp_philhealth": 50.83682008, "water_toilet": 1.6736401669999998, "shelter_makeshift_nhts": 1.778242678, "food_malnourished": "", "health_child_death": "", "health_maternal_death": "", "he_flood": 1e-06, "he_volcano": 0.0, "he_landslide": 0.0, "he_earthquake": 0.0}, "PH034923006": {"Water_Prop": 0.111982, "Food_Prop": 84.615385, "Shelter_Prop": 1.007839, "Health_Prop": 77.298686, "Education_Prop": 10.090361, "Work_Prop": 49.269481, "Peace_Prop": 0.335946, "Participation_Prop": 96.66020300000001, "SocialProtection_Prop": 98.44861, "Environment_Prop": 1.539735, "shelter_electricity": 5.935050392000001, "health_center_attendance": 77.29868646, "work_farms": 10.4, "work_unskilled": 52.16, "health_programs": 85.66629339, "sp_philhealth": 85.66629339, "water_toilet": 72.00447928, "shelter_makeshift_nhts": 2.575587906, "food_malnourished": "", "health_child_death": "", "health_maternal_death": "", "he_flood": 0.0, "he_volcano": 0.0, "he_landslide": 0.0, "he_earthquake": 0.0}, "PH034923007": {"Water_Prop": 0.446429, "Food_Prop": 100.0, "Shelter_Prop": 4.464286, "Health_Prop": 60.382831, "Education_Prop": 4.9253730000000004, "Work_Prop": 42.573438, "Peace_Prop": 0.0, "Participation_Prop": "", "SocialProtection_Prop": 98.46895400000001, "Environment_Prop": 34.317130999999996, "shelter_electricity": 6.473214286, "health_center_attendance": 60.38283063, "work_farms": 5.979827089, "work_unskilled": 39.33717579, "health_programs": 50.11160714, "sp_philhealth": 50.11160714, "water_toilet": 1.227678571, "shelter_makeshift_nhts": 3.180803571, "food_malnourished": "", "health_child_death": "", "health_maternal_death": "", "he_flood": 0.0, "he_volcano": 0.0, "he_landslide": 0.001056, "he_earthquake": 0.0}, "PH034923008": {"Water_Prop": 0.20408199999999999, "Food_Prop": 9.523810000000001, "Shelter_Prop": 0.816327, "Health_Prop": 61.009401000000004, "Education_Prop": 3.8265309999999997, "Work_Prop": 46.346555, "Peace_Prop": 0.20408199999999999, "Participation_Prop": "", "SocialProtection_Prop": 97.184232, "Environment_Prop": 0.604017, "shelter_electricity": 3.673469388, "health_center_attendance": 61.00940129, "work_farms": 10.89494163, "work_unskilled": 53.04798962, "health_programs": 49.38775510000001, "sp_philhealth": 49.38775510000001, "water_toilet": 10.20408163, "shelter_makeshift_nhts": 0.918367347, "food_malnourished": "", "health_child_death": "", "health_maternal_death": "", "he_flood": 0.0, "he_volcano": 0.0, "he_landslide": 0.001056, "he_earthquake": 0.0}, "PH034923009": {"Water_Prop": 1.477833, "Food_Prop": 3.571429, "Shelter_Prop": 0.49261099999999997, "Health_Prop": 65.765766, "Education_Prop": 7.446809, "Work_Prop": 46.915584, "Peace_Prop": 0.0, "Participation_Prop": 91.848907, "SocialProtection_Prop": 98.80715699999999, "Environment_Prop": 16.204411999999998, "shelter_electricity": 8.866995074, "health_center_attendance": 65.76576577, "work_farms": 8.256880734, "work_unskilled": 55.65749235, "health_programs": 41.37931034, "sp_philhealth": 41.37931034, "water_toilet": 2.955665025, "shelter_makeshift_nhts": 0.738916256, "food_malnourished": "", "health_child_death": "", "health_maternal_death": "", "he_flood": 1e-06, "he_volcano": 0.0, "he_landslide": 0.001056, "he_earthquake": 0.0}, "PH034923010": {"Water_Prop": 0.0, "Food_Prop": 36.842105, "Shelter_Prop": 4.375, "Health_Prop": 65.57377, "Education_Prop": 8.333333, "Work_Prop": 45.132743, "Peace_Prop": 0.625, "Participation_Prop": "", "SocialProtection_Prop": 98.969072, "Environment_Prop": 0.588435, "shelter_electricity": 16.875, "health_center_attendance": 65.57377049, "work_farms": 6.85483871, "work_unskilled": 74.19354839, "health_programs": 37.5, "sp_philhealth": 37.5, "water_toilet": 8.75, "shelter_makeshift_nhts": 0.625, "food_malnourished": "", "health_child_death": "", "health_maternal_death": "", "he_flood": 1e-06, "he_volcano": 0.0, "he_landslide": 0.001056, "he_earthquake": 0.0}, "PH034923011": {"Water_Prop": 1.09589, "Food_Prop": 0.0, "Shelter_Prop": 2.465753, "Health_Prop": 63.681592, "Education_Prop": 12.459016, "Work_Prop": 46.438613000000004, "Peace_Prop": 0.136986, "Participation_Prop": "", "SocialProtection_Prop": 98.457088, "Environment_Prop": 37.316721, "shelter_electricity": 7.397260274, "health_center_attendance": 63.68159204, "work_farms": 14.87314086, "work_unskilled": 42.16972878, "health_programs": 63.28767123, "sp_philhealth": 63.28767123, "water_toilet": 5.205479452, "shelter_makeshift_nhts": 2.2602739730000003, "food_malnourished": "", "health_child_death": "", "health_maternal_death": "", "he_flood": 0.0, "he_volcano": 0.0, "he_landslide": 0.0, "he_earthquake": 0.0}, "PH034923012": {"Water_Prop": 0.0, "Food_Prop": 0.0, "Shelter_Prop": 0.9523809999999999, "Health_Prop": 69.035533, "Education_Prop": 14.159292, "Work_Prop": 49.093108, "Peace_Prop": 0.31745999999999996, "Participation_Prop": 83.409091, "SocialProtection_Prop": 98.181818, "Environment_Prop": 35.984656, "shelter_electricity": 11.42857143, "health_center_attendance": 69.03553299, "work_farms": 8.788598575, "work_unskilled": 56.29453682, "health_programs": 62.85714286, "sp_philhealth": 62.85714286, "water_toilet": 2.222222222, "shelter_makeshift_nhts": 1.428571429, "food_malnourished": "", "health_child_death": "", "health_maternal_death": "", "he_flood": 0.0, "he_volcano": 0.0, "he_landslide": 0.0, "he_earthquake": 0.0}, "PH034923013": {"Water_Prop": 0.272975, "Food_Prop": 74.489796, "Shelter_Prop": 1.3648770000000001, "Health_Prop": 75.31264499999999, "Education_Prop": 8.680947, "Work_Prop": 45.466846999999994, "Peace_Prop": 0.09099199999999999, "Participation_Prop": 95.980676, "SocialProtection_Prop": 98.743961, "Environment_Prop": 2.0834759999999997, "shelter_electricity": 6.733393995, "health_center_attendance": 75.31264474, "work_farms": 11.22828784, "work_unskilled": 66.74937965, "health_programs": 84.62238399, "sp_philhealth": 84.62238399, "water_toilet": 66.0600546, "shelter_makeshift_nhts": 1.319381256, "food_malnourished": "", "health_child_death": "", "health_maternal_death": "", "he_flood": 0.0, "he_volcano": 0.0, "he_landslide": 0.0, "he_earthquake": 0.0}, "PH034923016": {"Water_Prop": 14.40678, "Food_Prop": "", "Shelter_Prop": 2.8813560000000003, "Health_Prop": 70.253446, "Education_Prop": 9.110169, "Work_Prop": 39.374185, "Peace_Prop": 2.20339, "Participation_Prop": 93.236496, "SocialProtection_Prop": 98.72900600000001, "Environment_Prop": 3.470743, "shelter_electricity": 10.84745763, "health_center_attendance": 70.25344598, "work_farms": 5.483870968, "work_unskilled": 76.02150538, "health_programs": 51.86440678, "sp_philhealth": 51.86440678, "water_toilet": 10.677966099999999, "shelter_makeshift_nhts": 0.084745763, "food_malnourished": "", "health_child_death": "", "health_maternal_death": "", "he_flood": 0.0,