{"PH031408001": {"Water_Prop": 11.111111, "Food_Prop": 0.0, "Shelter_Prop": 4.273504, "Health_Prop": 49.404762, "Education_Prop": 48.598131, "Work_Prop": 47.560976000000004, "Peace_Prop": 8.547009, "Participation_Prop": 92.85714300000001, "SocialProtection_Prop": 96.36054399999999, "Environment_Prop": 25.079066, "shelter_electricity": 5.128205128, "health_center_attendance": 49.404761900000004, "work_farms": 5.813953487999999, "work_unskilled": 19.18604651, "health_programs": 86.32478632, "sp_philhealth": 86.32478632, "water_toilet": 37.60683761, "shelter_makeshift_nhts": 12.82051282, "food_malnourished": 0.69999999, "health_child_death": "", "health_maternal_death": 6.3000002, "he_flood": 0.0, "he_volcano": 0.0, "he_landslide": 0.0, "he_earthquake": 0.0}, "PH031408002": {"Water_Prop": 10.062892999999999, "Food_Prop": 0.0, "Shelter_Prop": 0.0, "Health_Prop": 42.207792, "Education_Prop": 50.625, "Work_Prop": 49.90099, "Peace_Prop": 11.949686, "Participation_Prop": 94.5, "SocialProtection_Prop": 95.666667, "Environment_Prop": 10.225246, "shelter_electricity": 10.06289308, "health_center_attendance": 42.20779221, "work_farms": 15.41501976, "work_unskilled": 11.46245059, "health_programs": 80.50314465, "sp_philhealth": 80.50314465, "water_toilet": 35.8490566, "shelter_makeshift_nhts": 4.4025157230000005, "food_malnourished": 1.9, "health_child_death": "", "health_maternal_death": 0.0, "he_flood": 0.0, "he_volcano": 0.0, "he_landslide": 0.0, "he_earthquake": 0.0}, "PH031408003": {"Water_Prop": 0.307692, "Food_Prop": 84.210526, "Shelter_Prop": 4.0, "Health_Prop": 88.53410699999999, "Education_Prop": 66.07142900000001, "Work_Prop": 49.178532000000004, "Peace_Prop": 3.692308, "Participation_Prop": 95.50461999999999, "SocialProtection_Prop": 96.712864, "Environment_Prop": 33.074784, "shelter_electricity": 9.538461538, "health_center_attendance": 88.5341074, "work_farms": 5.8189655170000005, "work_unskilled": 41.81034483, "health_programs": 88.61538462, "sp_philhealth": 88.61538462, "water_toilet": 9.846153846, "shelter_makeshift_nhts": 15.23076923, "food_malnourished": 1.4, "health_child_death": "", "health_maternal_death": 0.0, "he_flood": 0.0, "he_volcano": 0.0, "he_landslide": 0.0, "he_earthquake": 0.0}, "PH031408004": {"Water_Prop": 1.1441649999999999, "Food_Prop": 50.0, "Shelter_Prop": 1.372998, "Health_Prop": 90.95485500000001, "Education_Prop": 48.407202000000005, "Work_Prop": 47.526275, "Peace_Prop": 24.256293, "Participation_Prop": 90.205264, "SocialProtection_Prop": 96.843987, "Environment_Prop": 15.868125, "shelter_electricity": 10.29748284, "health_center_attendance": 90.95485547, "work_farms": 2.7357107960000002, "work_unskilled": 39.52125061, "health_programs": 71.39588101, "sp_philhealth": 71.39588101, "water_toilet": 18.23035851, "shelter_makeshift_nhts": 7.055682685, "food_malnourished": 1.7, "health_child_death": "", "health_maternal_death": 4.3000002, "he_flood": 0.0, "he_volcano": 0.0, "he_landslide": 0.0, "he_earthquake": 0.0}, "PH031408005": {"Water_Prop": 1.333333, "Food_Prop": "", "Shelter_Prop": 1.333333, "Health_Prop": 94.87179499999999, "Education_Prop": 8.333333, "Work_Prop": 49.5, "Peace_Prop": 25.333333, "Participation_Prop": 95.091623, "SocialProtection_Prop": 96.073298, "Environment_Prop": 15.801169, "shelter_electricity": 10.66666667, "health_center_attendance": 94.87179487, "work_farms": 7.920792079, "work_unskilled": 32.67326733, "health_programs": 73.33333333, "sp_philhealth": 73.33333333, "water_toilet": 28.0, "shelter_makeshift_nhts": 8.0, "food_malnourished": 0.0, "health_child_death": "", "health_maternal_death": 0.0, "he_flood": 1e-06, "he_volcano": 0.0, "he_landslide": 0.0, "he_earthquake": 0.0}, "PH031408006": {"Water_Prop": 16.260163000000002, "Food_Prop": 0.0, "Shelter_Prop": 3.2520330000000004, "Health_Prop": 92.537313, "Education_Prop": 5.504587, "Work_Prop": 44.318182, "Peace_Prop": 26.829268, "Participation_Prop": 95.364723, "SocialProtection_Prop": 95.535496, "Environment_Prop": 32.334415, "shelter_electricity": 14.63414634, "health_center_attendance": 92.53731343, "work_farms": 5.102040816000001, "work_unskilled": 38.7755102, "health_programs": 78.04878049, "sp_philhealth": 78.04878049, "water_toilet": 60.16260163, "shelter_makeshift_nhts": 4.06504065, "food_malnourished": 2.4000001, "health_child_death": "", "health_maternal_death": 0.0, "he_flood": 1e-06, "he_volcano": 0.0, "he_landslide": 0.0, "he_earthquake": 0.0}, "PH031408007": {"Water_Prop": 0.502513, "Food_Prop": 100.0, "Shelter_Prop": 0.502513, "Health_Prop": 87.258687, "Education_Prop": 13.924051, "Work_Prop": 48.653846, "Peace_Prop": 0.502513, "Participation_Prop": 98.37586999999999, "SocialProtection_Prop": 97.138438, "Environment_Prop": 10.946997999999999, "shelter_electricity": 11.05527638, "health_center_attendance": 87.25868726, "work_farms": 6.741573034, "work_unskilled": 43.82022472, "health_programs": 94.97487437, "sp_philhealth": 94.97487437, "water_toilet": 6.030150754, "shelter_makeshift_nhts": 9.547738693, "food_malnourished": 1.8, "health_child_death": "", "health_maternal_death": 0.0, "he_flood": 0.0, "he_volcano": 0.0, "he_landslide": 0.0, "he_earthquake": 0.0}, "PH031408008": {"Water_Prop": 0.0, "Food_Prop": 87.5, "Shelter_Prop": 0.0, "Health_Prop": 84.722222, "Education_Prop": 36.363636, "Work_Prop": 50.0, "Peace_Prop": 2.380952, "Participation_Prop": 88.877062, "SocialProtection_Prop": 97.28579, "Environment_Prop": 28.366676000000002, "shelter_electricity": 7.142857143, "health_center_attendance": 84.72222222, "work_farms": 17.64705882, "work_unskilled": 35.29411765, "health_programs": 100.0, "sp_philhealth": 100.0, "water_toilet": 21.42857143, "shelter_makeshift_nhts": 11.9047619, "food_malnourished": 2.7, "health_child_death": "", "health_maternal_death": 0.0, "he_flood": 0.0, "he_volcano": 0.0, "he_landslide": 0.0, "he_earthquake": 0.0}, "PH031408009": {"Water_Prop": 0.0, "Food_Prop": 100.0, "Shelter_Prop": 3.9215690000000003, "Health_Prop": 98.130841, "Education_Prop": 45.098039, "Work_Prop": 46.09375, "Peace_Prop": 3.9215690000000003, "Participation_Prop": 98.894892, "SocialProtection_Prop": 97.077603, "Environment_Prop": 33.762346, "shelter_electricity": 15.68627451, "health_center_attendance": 98.13084112, "work_farms": 4.347826087, "work_unskilled": 27.53623188, "health_programs": 98.03921569, "sp_philhealth": 98.03921569, "water_toilet": 54.90196078, "shelter_makeshift_nhts": 4.901960784, "food_malnourished": 1.3, "health_child_death": "", "health_maternal_death": 4.5, "he_flood": 0.0, "he_volcano": 0.0, "he_landslide": 0.0, "he_earthquake": 0.0}, "PH031408010": {"Water_Prop": 2.3560209999999997, "Food_Prop": 0.0, "Shelter_Prop": 1.8324610000000001, "Health_Prop": 93.466086, "Education_Prop": 47.413793, "Work_Prop": 45.912548, "Peace_Prop": 1.04712, "Participation_Prop": 98.151531, "SocialProtection_Prop": 95.908526, "Environment_Prop": 32.789544, "shelter_electricity": 10.20942408, "health_center_attendance": 93.46608587, "work_farms": 2.636203866, "work_unskilled": 31.81019332, "health_programs": 88.74345550000001, "sp_philhealth": 88.74345550000001, "water_toilet": 21.72774869, "shelter_makeshift_nhts": 4.057591623, "food_malnourished": 1.2, "health_child_death": "", "health_maternal_death": 0.0, "he_flood": 0.0, "he_volcano": 0.0, "he_landslide": 0.0, "he_earthquake": 0.0}, "PH031408011": {"Water_Prop": 0.0, "Food_Prop": "", "Shelter_Prop": 0.0, "Health_Prop": 85.26315799999999, "Education_Prop": 18.518519, "Work_Prop": 40.306121999999995, "Peace_Prop": 0.0, "Participation_Prop": 98.39220999999999, "SocialProtection_Prop": 95.40308, "Environment_Prop": 30.527875, "shelter_electricity": 5.633802817, "health_center_attendance": 85.26315789, "work_farms": 5.128205128, "work_unskilled": 27.35042735, "health_programs": 84.50704225, "sp_philhealth": 84.50704225, "water_toilet": 38.02816901, "shelter_makeshift_nhts": 10.56338028, "food_malnourished": 1.1, "health_child_death": "", "health_maternal_death": 1.1,