{"PH031405001": {"Water_Prop": 0.87146, "Food_Prop": 38.888889, "Shelter_Prop": 1.7429189999999999, "Health_Prop": 82.424242, "Education_Prop": 4.746835, "Work_Prop": 47.049044, "Peace_Prop": 2.178649, "Participation_Prop": 98.676034, "SocialProtection_Prop": 96.757633, "Environment_Prop": 29.679009000000004, "shelter_electricity": 6.318082789, "health_center_attendance": 82.42424242, "work_farms": 3.296703297, "work_unskilled": 31.08320251, "health_programs": 76.03485839, "sp_philhealth": 76.03485839, "water_toilet": 3.2679738560000002, "shelter_makeshift_nhts": 3.5947712419999998, "food_malnourished": 0.30000001, "health_child_death": "", "health_maternal_death": 0.0, "he_flood": 1e-06, "he_volcano": 0.0, "he_landslide": 0.0, "he_earthquake": 0.0}, "PH031405002": {"Water_Prop": 0.7741939999999999, "Food_Prop": 68.0, "Shelter_Prop": 3.870968, "Health_Prop": 48.98938, "Education_Prop": 11.492281, "Work_Prop": 46.714976, "Peace_Prop": 1.2903229999999999, "Participation_Prop": 98.06374699999999, "SocialProtection_Prop": 97.28924599999999, "Environment_Prop": 13.229996, "shelter_electricity": 3.225806452, "health_center_attendance": 48.98937992, "work_farms": 7.25294651, "work_unskilled": 19.58295558, "health_programs": 79.09677419, "sp_philhealth": 79.09677419, "water_toilet": 0.9032258059999999, "shelter_makeshift_nhts": 1.741935484, "food_malnourished": 0.0, "health_child_death": "", "health_maternal_death": 0.0, "he_flood": 1e-06, "he_volcano": 0.0, "he_landslide": 0.0, "he_earthquake": 0.0}, "PH031405003": {"Water_Prop": 0.185185, "Food_Prop": 84.615385, "Shelter_Prop": 0.407407, "Health_Prop": 90.960509, "Education_Prop": 10.408506, "Work_Prop": 47.066886, "Peace_Prop": 0.592593, "Participation_Prop": 99.59570699999999, "SocialProtection_Prop": 97.052338, "Environment_Prop": 29.097677, "shelter_electricity": 4.925925926000001, "health_center_attendance": 90.96050904, "work_farms": 7.04298291, "work_unskilled": 22.60486794, "health_programs": 69.81481481, "sp_philhealth": 69.81481481, "water_toilet": 8.37037037, "shelter_makeshift_nhts": 1.4814814809999999, "food_malnourished": 0.0, "health_child_death": "", "health_maternal_death": 0.0, "he_flood": 0.0, "he_volcano": 0.0, "he_landslide": 0.0, "he_earthquake": 0.0}, "PH031405004": {"Water_Prop": 0.239923, "Food_Prop": 60.869565, "Shelter_Prop": 0.527831, "Health_Prop": 78.292439, "Education_Prop": 10.054348, "Work_Prop": 49.35853, "Peace_Prop": 4.462572, "Participation_Prop": 98.969603, "SocialProtection_Prop": 96.47089100000001, "Environment_Prop": 11.034655, "shelter_electricity": 3.1669865639999997, "health_center_attendance": 78.29243866, "work_farms": 4.210886683, "work_unskilled": 22.21841835, "health_programs": 83.06142035, "sp_philhealth": 83.06142035, "water_toilet": 0.38387715899999997, "shelter_makeshift_nhts": 2.423224568, "food_malnourished": 1.2, "health_child_death": "", "health_maternal_death": 0.0, "he_flood": 0.0, "he_volcano": 0.0, "he_landslide": 0.0, "he_earthquake": 0.0}, "PH031405005": {"Water_Prop": 0.17452, "Food_Prop": 90.0, "Shelter_Prop": 1.570681, "Health_Prop": 94.12050500000001, "Education_Prop": 15.926893, "Work_Prop": 45.783926, "Peace_Prop": 0.17452, "Participation_Prop": 96.74855500000001, "SocialProtection_Prop": 96.893064, "Environment_Prop": 23.381521, "shelter_electricity": 1.570680628, "health_center_attendance": 94.12050535, "work_farms": 2.794653706, "work_unskilled": 14.70230863, "health_programs": 49.04013962, "sp_philhealth": 49.04013962, "water_toilet": 0.523560209, "shelter_makeshift_nhts": 0.34904014, "food_malnourished": 0.30000001, "health_child_death": "", "health_maternal_death": 0.0, "he_flood": 1e-06, "he_volcano": 0.0, "he_landslide": 0.0, "he_earthquake": 0.0}, "PH031405006": {"Water_Prop": 2.3766, "Food_Prop": 100.0, "Shelter_Prop": 2.7422299999999997, "Health_Prop": 84.037559, "Education_Prop": 10.070258, "Work_Prop": 51.683168, "Peace_Prop": 10.786106, "Participation_Prop": 98.110038, "SocialProtection_Prop": 97.85804300000001, "Environment_Prop": 29.466071999999997, "shelter_electricity": 2.376599634, "health_center_attendance": 84.03755869, "work_farms": 5.7377049179999995, "work_unskilled": 34.42622951, "health_programs": 81.35283364, "sp_philhealth": 81.35283364, "water_toilet": 2.010968921, "shelter_makeshift_nhts": 2.376599634, "food_malnourished": 6.0999999, "health_child_death": "", "health_maternal_death": 0.0, "he_flood": 2e-06, "he_volcano": 0.0, "he_landslide": 0.0, "he_earthquake": 0.0}, "PH031405007": {"Water_Prop": 1.71278, "Food_Prop": 70.0, "Shelter_Prop": 0.26350500000000004, "Health_Prop": 82.961672, "Education_Prop": 12.920354, "Work_Prop": 47.164324, "Peace_Prop": 0.395257, "Participation_Prop": 96.877768, "SocialProtection_Prop": 97.320638, "Environment_Prop": 27.929665000000004, "shelter_electricity": 3.03030303, "health_center_attendance": 82.96167247, "work_farms": 7.064220183, "work_unskilled": 23.21100917, "health_programs": 88.2740448, "sp_philhealth": 88.2740448, "water_toilet": 0.658761528, "shelter_makeshift_nhts": 1.515151515, "food_malnourished": 0.80000001, "health_child_death": "", "health_maternal_death": 0.0, "he_flood": 1e-06, "he_volcano": 0.0, "he_landslide": 0.0, "he_earthquake": 0.0}, "PH031405009": {"Water_Prop": 2.398524, "Food_Prop": 50.0, "Shelter_Prop": 1.107011, "Health_Prop": 84.751037, "Education_Prop": 11.341632, "Work_Prop": 48.199853000000004, "Peace_Prop": 0.8302579999999999, "Participation_Prop": 98.942229, "SocialProtection_Prop": 97.249797, "Environment_Prop": 11.59574, "shelter_electricity": 5.627306272999999, "health_center_attendance": 84.75103734, "work_farms": 7.659574468, "work_unskilled": 20.70921986, "health_programs": 83.2103321, "sp_philhealth": 83.2103321, "water_toilet": 19.46494465, "shelter_makeshift_nhts": 1.7527675280000001, "food_malnourished": 0.30000001, "health_child_death": "", "health_maternal_death": 0.0, "he_flood": 1e-06, "he_volcano": 0.0, "he_landslide": 0.0, "he_earthquake": 0.0}, "PH031405010": {"Water_Prop": 0.606061, "Food_Prop": 0.0, "Shelter_Prop": 2.727273, "Health_Prop": 88.941849, "Education_Prop": 11.675127, "Work_Prop": 42.213642, "Peace_Prop": 0.606061, "Participation_Prop": 98.5172, "SocialProtection_Prop": 92.763938, "Environment_Prop": 22.599194, "shelter_electricity": 5.757575758, "health_center_attendance": 88.94184938, "work_farms": 3.7861915369999997, "work_unskilled": 30.73496659, "health_programs": 88.18181818, "sp_philhealth": 88.18181818, "water_toilet": 13.33333333, "shelter_makeshift_nhts": 1.363636364, "food_malnourished": 1.2, "health_child_death": "", "health_maternal_death": 3.7, "he_flood": 1e-06, "he_volcano": 0.0, "he_landslide": 0.0, "he_earthquake": 0.0}, "PH031405012": {"Water_Prop": 0.0, "Food_Prop": 100.0, "Shelter_Prop": 2.111024, "Health_Prop": 62.957570999999994, "Education_Prop": 18.686297, "Work_Prop": 43.872832, "Peace_Prop": 5.863956, "Participation_Prop": 98.793935, "SocialProtection_Prop": 97.363887, "Environment_Prop": 30.965341, "shelter_electricity": 6.25488663, "health_center_attendance": 62.95757072, "work_farms": 13.64572606, "work_unskilled": 22.24510814, "health_programs": 82.01720094, "sp_philhealth": 82.01720094, "water_toilet": 1.7982799059999999, "shelter_makeshift_nhts": 3.5965598119999997, "food_malnourished": 0.69999999, "health_child_death": "", "health_maternal_death": 3.0999999, "he_flood": 1e-06, "he_volcano": 0.0, "he_landslide": 0.0, "he_earthquake": 0.0}, "PH031405013": {"Water_Prop": 0.064851, "Food_Prop": 0.0, "Shelter_Prop": 1.1024639999999999, "Health_Prop": 78.90117, "Education_Prop": 9.771127, "Work_Prop": 46.579588, "Peace_Prop": 3.04799, "Participation_Prop": 99.19970500000001, "SocialProtection_Prop": 96.92194, "Environment_Prop": 31.541722999999998, "shelter_electricity": 1.426718547, "health_center_attendance": 78.90117035, "work_farms": 2.1964359719999997, "work_unskilled": 24.78242851, "health_programs": 73.86511025, "sp_philhealth": 73.86511025, "water_toilet": 0.453955901,