{"PH031424001": {"water_access": 34.701493, "food_tenure": 7.692308000000001, "shelter_informal_settlers_nhts": 1.1194030000000001, "health_center_attendance": 65.02164499999999, "educ_outofschool_all": 12.068966, "work_unemployment": 45.477387, "po_conflict": 13.059700999999999, "participation_assembly_attendance": 96.253968, "sp_sss": 1.4603170000000034, "he_risk": 1.449227, "shelter_electricity": 17.91044776, "health_center_attendance.1": 65.02164502, "work_farms": 48.84792627, "work_unskilled": 18.20276498, "health_programs": 45.52238806, "sp_philhealth": 54.47761194, "water_toilet": 6.71641791, "shelter_makeshift_nhts": 12.31343284, "food_malnourished": 0.69999999, "health_child_death": "", "health_maternal_death": 0.0, "he_flood": 0.0, "he_volcano": 0.0, "he_landslide": 0.001584, "he_earthquake": 0.0, "name": "Bayabas"}, "PH031424002": {"water_access": 82.575758, "food_tenure": 25.0, "shelter_informal_settlers_nhts": 6.060606, "health_center_attendance": 54.270463, "educ_outofschool_all": 11.764706, "work_unemployment": 44.881890000000006, "po_conflict": 9.090909, "participation_assembly_attendance": 96.332378, "sp_sss": 0.2865329999999915, "he_risk": 18.099848, "shelter_electricity": 35.60606061, "health_center_attendance.1": 54.27046263, "work_farms": 52.38095238, "work_unskilled": 18.095238100000003, "health_programs": 40.90909091, "sp_philhealth": 59.09090909, "water_toilet": 3.787878788, "shelter_makeshift_nhts": 3.4090909089999997, "food_malnourished": 11.8, "health_child_death": "", "health_maternal_death": 0.0, "he_flood": 0.0, "he_volcano": 0.0, "he_landslide": 0.015783000000000002, "he_earthquake": 0.0, "name": "Kabayunan"}, "PH031424003": {"water_access": 86.94362, "food_tenure": 4.7619050000000005, "shelter_informal_settlers_nhts": 0.890208, "health_center_attendance": 67.062937, "educ_outofschool_all": 15.384615, "work_unemployment": 47.483589, "po_conflict": 7.121662, "participation_assembly_attendance": 93.95973199999999, "sp_sss": 1.4381589999999989, "he_risk": 10.422344, "shelter_electricity": 26.40949555, "health_center_attendance.1": 67.06293706, "work_farms": 27.70833333, "work_unskilled": 33.75, "health_programs": 35.60830861, "sp_philhealth": 64.39169139, "water_toilet": 6.528189911, "shelter_makeshift_nhts": 8.902077151, "food_malnourished": 0.0, "health_child_death": "", "health_maternal_death": 0.0, "he_flood": 0.0, "he_volcano": 0.0, "he_landslide": 0.017999, "he_earthquake": 0.0, "name": "Camachin"}, "PH031424004": {"water_access": 15.555556, "food_tenure": 0.0, "shelter_informal_settlers_nhts": 1.25, "health_center_attendance": 42.735313, "educ_outofschool_all": 8.284884, "work_unemployment": 46.214356, "po_conflict": 9.583333, "participation_assembly_attendance": 97.359578, "sp_sss": 0.9361499999999978, "he_risk": 2.121416, "shelter_electricity": 10.0, "health_center_attendance.1": 42.7353127, "work_farms": 25.77696527, "work_unskilled": 29.06764168, "health_programs": 36.94444444, "sp_philhealth": 63.05555556, "water_toilet": 2.222222222, "shelter_makeshift_nhts": 6.597222222, "food_malnourished": 1.2, "health_child_death": "", "health_maternal_death": 4.1999998, "he_flood": 0.0, "he_volcano": 0.0, "he_landslide": 0.001584, "he_earthquake": 0.0, "name": "Camachile"}, "PH031424005": {"water_access": 54.848967, "food_tenure": 95.238095, "shelter_informal_settlers_nhts": 5.08744, "health_center_attendance": 46.916221, "educ_outofschool_all": 20.217095999999998, "work_unemployment": 46.541261999999996, "po_conflict": 1.7488080000000001, "participation_assembly_attendance": 97.78549699999999, "sp_sss": 0.5210589999999939, "he_risk": 9.1896, "shelter_electricity": 40.85850556, "health_center_attendance.1": 46.91622103, "work_farms": 59.8183882, "work_unskilled": 15.09648127, "health_programs": 32.90937997, "sp_philhealth": 67.09062003, "water_toilet": 3.6565977739999997, "shelter_makeshift_nhts": 6.041335452999999, "food_malnourished": 4.9000001, "health_child_death": "", "health_maternal_death": 0.0, "he_flood": 0.0, "he_volcano": 0.0, "he_landslide": 0.0077069999999999994, "he_earthquake": 0.0, "name": "Kalawakan"}, "PH031424006": {"water_access": 20.203735, "food_tenure": 19.444444, "shelter_informal_settlers_nhts": 9.337861, "health_center_attendance": 35.789474, "educ_outofschool_all": 5.6644879999999995, "work_unemployment": 46.605505, "po_conflict": 7.470289, "participation_assembly_attendance": 95.802728, "sp_sss": 2.098635999999999, "he_risk": 1.2633020000000001, "shelter_electricity": 10.01697793, "health_center_attendance.1": 35.78947368, "work_farms": 25.08591065, "work_unskilled": 18.32760596, "health_programs": 40.06791171, "sp_philhealth": 59.93208829, "water_toilet": 0.509337861, "shelter_makeshift_nhts": 1.4431239390000001, "food_malnourished": 1.6, "health_child_death": "", "health_maternal_death": 0.0, "he_flood": 0.0, "he_volcano": 0.0, "he_landslide": 0.001584, "he_earthquake": 0.0, "name": "Pulong Sampalok"}, "PH031424007": {"water_access": 41.955836, "food_tenure": 59.259259, "shelter_informal_settlers_nhts": 15.772870999999999, "health_center_attendance": 44.748521000000004, "educ_outofschool_all": 8.908046, "work_unemployment": 45.283019, "po_conflict": 5.047319, "participation_assembly_attendance": 94.100802, "sp_sss": 1.1454750000000047, "he_risk": 5.89698, "shelter_electricity": 20.82018927, "health_center_attendance.1": 44.74852071, "work_farms": 43.31896552, "work_unskilled": 26.93965517, "health_programs": 39.74763407, "sp_philhealth": 60.25236593, "water_toilet": 0.94637224, "shelter_makeshift_nhts": 3.154574132, "food_malnourished": 0.5, "health_child_death": "", "health_maternal_death": 0.0, "he_flood": 0.0, "he_volcano": 0.0, "he_landslide": 0.008551000000000001, "he_earthquake": 0.0, "name": "Talbak"}, "PH031424008": {"water_access": 95.42961600000001, "food_tenure": "", "shelter_informal_settlers_nhts": 10.054845, "health_center_attendance": 34.555827, "educ_outofschool_all": 4.084967, "work_unemployment": 50.032959999999996, "po_conflict": 2.559415, "participation_assembly_attendance": 97.251908, "sp_sss": 0.877863000000005, "he_risk": 24.508487, "shelter_electricity": 19.01279708, "health_center_attendance.1": 34.55582722, "work_farms": 35.48812665, "work_unskilled": 30.60686016, "health_programs": 43.87568556, "sp_philhealth": 56.12431444, "water_toilet": 0.182815356, "shelter_makeshift_nhts": 7.861060329, "food_malnourished": 4.6999998, "health_child_death": "", "health_maternal_death": 5.5999999, "he_flood": 0.0, "he_volcano": 0.0, "he_landslide": 0.053946, "he_earthquake": 0.0, "name": "Sapang Bulak"}}