{"PH036912001": {"water_access": 0.0, "food_tenure": 58.666667000000004, "shelter_informal_settlers_nhts": 0.260756, "health_center_attendance": 58.714380000000006, "educ_outofschool_all": 16.363636, "work_unemployment": 48.254252, "po_conflict": 1.173403, "participation_assembly_attendance": 98.02148100000001, "sp_sss": 1.950254000000001, "he_risk": 10.390698, "shelter_electricity": 3.7809647980000003, "health_center_attendance.1": 58.71438038, "work_farms": 8.477508651, "work_unskilled": 36.93771626, "health_programs": 48.63102999, "sp_philhealth": 51.36897001, "water_toilet": 1.564537158, "shelter_makeshift_nhts": 2.020860495, "food_malnourished": 0.0, "health_child_death": 0.0, "health_maternal_death": 0.0, "he_flood": 2e-06, "he_volcano": 0.0, "he_landslide": 0.0, "he_earthquake": 0.0, "name": "Coral-Iloco"}, "PH036912002": {"water_access": 0.0, "food_tenure": 91.056911, "shelter_informal_settlers_nhts": 1.988636, "health_center_attendance": 52.748312, "educ_outofschool_all": 32.21374, "work_unemployment": 52.242990999999996, "po_conflict": 1.420455, "participation_assembly_attendance": 96.422675, "sp_sss": 2.1188769999999977, "he_risk": 12.451051, "shelter_electricity": 4.971590909, "health_center_attendance.1": 52.74831244, "work_farms": 8.414872798, "work_unskilled": 36.49706458, "health_programs": 45.45454545, "sp_philhealth": 54.54545455, "water_toilet": 4.6875, "shelter_makeshift_nhts": 3.196022727, "food_malnourished": 2.0, "health_child_death": 0.0, "health_maternal_death": 0.0, "he_flood": 1e-06, "he_volcano": 0.0, "he_landslide": 0.0, "he_earthquake": 0.0, "name": "Guiteb"}, "PH036912003": {"water_access": 1.278269, "food_tenure": 16.521739, "shelter_informal_settlers_nhts": 1.278269, "health_center_attendance": 67.509677, "educ_outofschool_all": 47.520661, "work_unemployment": 46.159420000000004, "po_conflict": 0.0, "participation_assembly_attendance": 99.29932099999999, "sp_sss": 1.6422160000000048, "he_risk": 10.427162, "shelter_electricity": 5.40806293, "health_center_attendance.1": 67.50967742, "work_farms": 8.613728129, "work_unskilled": 40.17496635, "health_programs": 48.67256637, "sp_philhealth": 51.32743363, "water_toilet": 4.818092429, "shelter_makeshift_nhts": 1.3765978369999998, "food_malnourished": 0.7, "health_child_death": 0.0, "health_maternal_death": 0.0, "he_flood": 2e-06, "he_volcano": 0.0, "he_landslide": 0.0, "he_earthquake": 0.0, "name": "Pance"}, "PH036912004": {"water_access": 0.0, "food_tenure": 8.695652, "shelter_informal_settlers_nhts": 1.020408, "health_center_attendance": 90.929705, "educ_outofschool_all": 6.153846, "work_unemployment": 59.107806999999994, "po_conflict": 2.040816, "participation_assembly_attendance": 96.644295, "sp_sss": 2.7404920000000033, "he_risk": 10.0134, "shelter_electricity": 9.183673469, "health_center_attendance.1": 90.92970522, "work_farms": 11.81818182, "work_unskilled": 21.81818182, "health_programs": 50.0, "sp_philhealth": 50.0, "water_toilet": 16.32653061, "shelter_makeshift_nhts": 1.020408163, "food_malnourished": 0.0, "health_child_death": 0.0, "health_maternal_death": 0.0, "he_flood": 2e-06, "he_volcano": 0.0, "he_landslide": 0.0, "he_earthquake": 0.0, "name": "Poblacion Center"}, "PH036912005": {"water_access": 0.0, "food_tenure": 81.818182, "shelter_informal_settlers_nhts": 0.0, "health_center_attendance": 73.333333, "educ_outofschool_all": 11.242604, "work_unemployment": 54.878049, "po_conflict": 0.0, "participation_assembly_attendance": 98.002663, "sp_sss": 1.9307589999999948, "he_risk": 10.103000999999999, "shelter_electricity": 5.0, "health_center_attendance.1": 73.33333333, "work_farms": 9.72972973, "work_unskilled": 47.02702703, "health_programs": 66.875, "sp_philhealth": 33.125, "water_toilet": 18.75, "shelter_makeshift_nhts": 0.625, "food_malnourished": 0.0, "health_child_death": 0.0, "health_maternal_death": 0.0, "he_flood": 4e-06, "he_volcano": 0.0, "he_landslide": 0.0, "he_earthquake": 0.0, "name": "Poblacion North"}, "PH036912006": {"water_access": 0.31948899999999997, "food_tenure": 0.0, "shelter_informal_settlers_nhts": 0.958466, "health_center_attendance": 45.337896, "educ_outofschool_all": 38.396623999999996, "work_unemployment": 47.432763, "po_conflict": 0.31948899999999997, "participation_assembly_attendance": 96.993737, "sp_sss": 1.753653, "he_risk": 9.683987, "shelter_electricity": 5.431309904, "health_center_attendance.1": 45.33789564, "work_farms": 5.813953487999999, "work_unskilled": 44.41860465, "health_programs": 47.92332268, "sp_philhealth": 52.07667732, "water_toilet": 0.9584664540000001, "shelter_makeshift_nhts": 2.236421725, "food_malnourished": 0.0, "health_child_death": 0.0, "health_maternal_death": 0.0, "he_flood": 0.0, "he_volcano": 0.0, "he_landslide": 0.0, "he_earthquake": 0.0, "name": "Poblacion South"}, "PH036912007": {"water_access": 0.0, "food_tenure": "", "shelter_informal_settlers_nhts": 0.0, "health_center_attendance": 54.626335, "educ_outofschool_all": 24.786325, "work_unemployment": 48.87218, "po_conflict": 0.0, "participation_assembly_attendance": 87.012987, "sp_sss": 3.7105750000000057, "he_risk": 3.6389690000000003, "shelter_electricity": 8.333333332999999, "health_center_attendance.1": 54.62633452, "work_farms": 12.74509804, "work_unskilled": 43.62745098, "health_programs": 28.03030303, "sp_philhealth": 71.96969697, "water_toilet": 1.515151515, "shelter_makeshift_nhts": 0.378787879, "food_malnourished": 1.4, "health_child_death": 0.0, "health_maternal_death": 0.0, "he_flood": 2e-06, "he_volcano": 0.0, "he_landslide": 0.0, "he_earthquake": 0.0, "name": "San Juan"}, "PH036912008": {"water_access": 0.0, "food_tenure": 83.870968, "shelter_informal_settlers_nhts": 1.346801, "health_center_attendance": 74.484536, "educ_outofschool_all": 28.444444, "work_unemployment": 50.468384, "po_conflict": 0.0, "participation_assembly_attendance": 86.744186, "sp_sss": 1.7829459999999955, "he_risk": 10.719564, "shelter_electricity": 6.734006733999999, "health_center_attendance.1": 74.48453608, "work_farms": 4.964539007, "work_unskilled": 38.29787234, "health_programs": 68.35016835, "sp_philhealth": 31.649831649999996, "water_toilet": 1.01010101, "shelter_makeshift_nhts": 1.346801347, "food_malnourished": 0.0, "health_child_death": 1.0, "health_maternal_death": 0.0, "he_flood": 1e-06, "he_volcano": 0.0, "he_landslide": 0.0, "he_earthquake": 0.0, "name": "San Raymundo"}, "PH036912009": {"water_access": 0.0, "food_tenure": 5.128205, "shelter_informal_settlers_nhts": 1.455301, "health_center_attendance": 60.125589, "educ_outofschool_all": 30.886076, "work_unemployment": 47.42345, "po_conflict": 1.663202, "participation_assembly_attendance": 96.041965, "sp_sss": 1.7167380000000065, "he_risk": 0.999776, "shelter_electricity": 6.029106028999999, "health_center_attendance.1": 60.1255887, "work_farms": 8.948863636, "work_unskilled": 47.01704545, "health_programs": 41.78794179, "sp_philhealth": 58.21205821, "water_toilet": 3.1185031189999997, "shelter_makeshift_nhts": 3.43035343, "food_malnourished": 2.2, "health_child_death": 0.0, "health_maternal_death": 0.0, "he_flood": 1e-06, "he_volcano": 0.0, "he_landslide": 0.0, "he_earthquake": 0.0, "name": "Toledo"}}