{"PH031418001": {"Water_Prop": 0.0, "Food_Prop": 90.909091, "Shelter_Prop": 0.0, "Health_Prop": 84.317719, "Education_Prop": 3.238866, "Work_Prop": 53.63489499999999, "Peace_Prop": 0.0, "Participation_Prop": 95.772947, "SocialProtection_Prop": 97.282609, "Environment_Prop": 4.28493, "shelter_electricity": 7.079646017999999, "health_center_attendance": 84.31771894, "work_farms": 7.3170731710000005, "work_unskilled": 27.17770035, "health_programs": 75.66371681, "sp_philhealth": 75.66371681, "water_toilet": 0.442477876, "shelter_makeshift_nhts": 2.212389381, "food_malnourished": 3.0999999, "health_child_death": "", "health_maternal_death": 0.0, "he_flood": 1e-06, "he_volcano": 0.0, "he_landslide": 0.0, "he_earthquake": 0.0, "name": "Balatong A"}, "PH031418002": {"Water_Prop": 0.37807199999999996, "Food_Prop": "", "Shelter_Prop": 1.8903590000000001, "Health_Prop": 97.681607, "Education_Prop": 5.352798, "Work_Prop": 54.070661, "Peace_Prop": 1.5122870000000002, "Participation_Prop": 98.645354, "SocialProtection_Prop": 97.507451, "Environment_Prop": 3.692105, "shelter_electricity": 4.7258979210000005, "health_center_attendance": 97.68160742, "work_farms": 15.71906355, "work_unskilled": 24.08026756, "health_programs": 52.17391304, "sp_philhealth": 52.17391304, "water_toilet": 9.262759924, "shelter_makeshift_nhts": 0.09451795800000001, "food_malnourished": 0.5, "health_child_death": "", "health_maternal_death": 0.0, "he_flood": 1e-06, "he_volcano": 0.0, "he_landslide": 0.0, "he_earthquake": 0.0, "name": "Balatong B"}, "PH031418003": {"Water_Prop": 0.58309, "Food_Prop": 61.538462, "Shelter_Prop": 1.457726, "Health_Prop": 83.767535, "Education_Prop": 11.944444, "Work_Prop": 49.894515000000006, "Peace_Prop": 0.58309, "Participation_Prop": 97.413311, "SocialProtection_Prop": 96.965884, "Environment_Prop": 20.190647, "shelter_electricity": 13.41107872, "health_center_attendance": 83.76753507, "work_farms": 8.210526316000001, "work_unskilled": 42.73684211, "health_programs": 78.71720117, "sp_philhealth": 78.71720117, "water_toilet": 0.29154519, "shelter_makeshift_nhts": 5.976676385, "food_malnourished": 3.0, "health_child_death": "", "health_maternal_death": 2.4000001, "he_flood": 0.0, "he_volcano": 0.0, "he_landslide": 0.0, "he_earthquake": 0.0, "name": "Cutcot"}, "PH031418005": {"Water_Prop": 2.4045259999999997, "Food_Prop": "", "Shelter_Prop": 0.848656, "Health_Prop": 36.877666999999995, "Education_Prop": 6.4569540000000005, "Work_Prop": 50.910064, "Peace_Prop": 22.91372, "Participation_Prop": 97.942933, "SocialProtection_Prop": 97.262774, "Environment_Prop": 23.09083, "shelter_electricity": 6.364922207, "health_center_attendance": 36.87766714, "work_farms": 2.508178844, "work_unskilled": 40.02181025, "health_programs": 52.61669024, "sp_philhealth": 52.61669024, "water_toilet": 1.131541726, "shelter_makeshift_nhts": 12.02263083, "food_malnourished": 1.8, "health_child_death": "", "health_maternal_death": 0.0, "he_flood": 5e-06, "he_volcano": 0.0, "he_landslide": 0.0, "he_earthquake": 0.0, "name": "Dampol I"}, "PH031418006": {"Water_Prop": 0.9933770000000001, "Food_Prop": 33.333333, "Shelter_Prop": 1.9867549999999998, "Health_Prop": 63.19505699999999, "Education_Prop": 5.882353, "Work_Prop": 51.626016, "Peace_Prop": 20.529801000000003, "Participation_Prop": 96.284024, "SocialProtection_Prop": 96.023669, "Environment_Prop": 22.584807, "shelter_electricity": 5.629139072999999, "health_center_attendance": 63.19505737, "work_farms": 1.680672269, "work_unskilled": 45.93837535, "health_programs": 52.64900662, "sp_philhealth": 52.64900662, "water_toilet": 0.993377483, "shelter_makeshift_nhts": 6.456953642, "food_malnourished": 0.0, "health_child_death": "", "health_maternal_death": 0.0, "he_flood": 1.3000000000000001e-05, "he_volcano": 0.0, "he_landslide": 0.0, "he_earthquake": 0.0, "name": "Dampol II-A"}, "PH031418007": {"Water_Prop": 0.219298, "Food_Prop": 18.75, "Shelter_Prop": 0.438596, "Health_Prop": 54.332953, "Education_Prop": 2.4390240000000003, "Work_Prop": 49.474606, "Peace_Prop": 35.307018, "Participation_Prop": 98.725032, "SocialProtection_Prop": 95.750106, "Environment_Prop": 18.255734, "shelter_electricity": 7.675438596, "health_center_attendance": 54.33295325, "work_farms": 3.119584055, "work_unskilled": 39.16811092, "health_programs": 49.78070175, "sp_philhealth": 49.78070175, "water_toilet": 2.412280702, "shelter_makeshift_nhts": 5.372807018, "food_malnourished": 1.8, "health_child_death": "", "health_maternal_death": 0.0, "he_flood": 7e-06, "he_volcano": 0.0, "he_landslide": 0.0, "he_earthquake": 0.0, "name": "Dampol II-B"}, "PH031418008": {"Water_Prop": 1.9230770000000001, "Food_Prop": 9.677419, "Shelter_Prop": 0.591716, "Health_Prop": 55.078391, "Education_Prop": 7.436709, "Work_Prop": 50.631632, "Peace_Prop": 48.076923, "Participation_Prop": 98.726439, "SocialProtection_Prop": 96.612328, "Environment_Prop": 6.330462000000001, "shelter_electricity": 10.65088757, "health_center_attendance": 55.07839127, "work_farms": 19.14022518, "work_unskilled": 34.0839304, "health_programs": 40.23668639, "sp_philhealth": 40.23668639, "water_toilet": 0.73964497, "shelter_makeshift_nhts": 13.38757396, "food_malnourished": 0.60000002, "health_child_death": "", "health_maternal_death": 6.3000002, "he_flood": 9e-06, "he_volcano": 0.0, "he_landslide": 0.0, "he_earthquake": 0.0, "name": "Dulong Malabon"}, "PH031418009": {"Water_Prop": 3.962704, "Food_Prop": 12.195122, "Shelter_Prop": 2.7972029999999997, "Health_Prop": 66.521502, "Education_Prop": 17.490953, "Work_Prop": 53.214890000000004, "Peace_Prop": 12.937063, "Participation_Prop": 98.332711, "SocialProtection_Prop": 97.41197, "Environment_Prop": 3.8695559999999998, "shelter_electricity": 8.391608392, "health_center_attendance": 66.52150245, "work_farms": 23.77938517, "work_unskilled": 20.61482821, "health_programs": 61.53846154, "sp_philhealth": 61.53846154, "water_toilet": 16.200466199999997, "shelter_makeshift_nhts": 2.331002331, "food_malnourished": 3.7, "health_child_death": "", "health_maternal_death": 3.5999999, "he_flood": 1e-06, "he_volcano": 0.0, "he_landslide": 0.0, "he_earthquake": 0.0, "name": "Inaon"}, "PH031418010": {"Water_Prop": 1.395349, "Food_Prop": 22.222222, "Shelter_Prop": 0.697674, "Health_Prop": 91.840863, "Education_Prop": 9.810127, "Work_Prop": 56.054688, "Peace_Prop": 0.232558, "Participation_Prop": 95.02395899999999, "SocialProtection_Prop": 97.124954, "Environment_Prop": 39.849582, "shelter_electricity": 7.674418605, "health_center_attendance": 91.84086312, "work_farms": 0.444444444, "work_unskilled": 60.44444444, "health_programs": 62.09302326, "sp_philhealth": 62.09302326, "water_toilet": 0.23255814, "shelter_makeshift_nhts": 9.069767442, "food_malnourished": 1.4, "health_child_death": "", "health_maternal_death": 1.8, "he_flood": 0.0, "he_volcano": 0.0, "he_landslide": 0.0, "he_earthquake": 0.0, "name": "Longos"}, "PH031418011": {"Water_Prop": 2.097902, "Food_Prop": 34.615384999999996, "Shelter_Prop": 2.7972029999999997, "Health_Prop": 97.783251, "Education_Prop": 3.960396, "Work_Prop": 55.01955699999999, "Peace_Prop": 4.195804, "Participation_Prop": 98.77240400000001, "SocialProtection_Prop": 96.660938, "Environment_Prop": 23.000979, "shelter_electricity": 6.993006993, "health_center_attendance": 97.78325123, "work_farms": 3.47826087, "work_unskilled": 33.04347826, "health_programs": 53.84615385, "sp_philhealth": 53.84615385, "water_toilet": 13.63636364, "shelter_makeshift_nhts": 1.223776224, "food_malnourished": 0.80000001, "health_child_death": "", "health_maternal_death": 1.8, "he_flood": 0.0, "he_volcano": 0.0, "he_landslide": 0.0, "he_earthquake": 0.0, "name": "Lumbac"}, "PH031418018": {"Water_Prop": 0.712589, "Food_Prop": 0.0, "Shelter_Prop": 0.950119, "Health_Prop": 92.56528399999999, "Education_Prop": 16.755319, "Work_Prop": 60.141509, "Peace_Prop": 0.11876500000000001, "Participation_Prop": 98.058994, "SocialProtection_Prop": 96.668195, "Environment_Prop": 16.754901,