{"PH037107001": {"Water_Prop": 7.142857000000001, "Food_Prop": "", "Shelter_Prop": 3.571429, "Health_Prop": 48.251748, "Education_Prop": 11.538461999999999, "Work_Prop": 53.125, "Peace_Prop": 14.285714000000002, "Participation_Prop": 98.693759, "SocialProtection_Prop": 94.920174, "Environment_Prop": 51.357008, "shelter_electricity": 14.28571429, "health_center_attendance": 48.25174825, "work_farms": 0.0, "work_unskilled": 57.77777778, "health_programs": 85.71428571, "sp_philhealth": 85.71428571, "water_toilet": 3.571428571, "shelter_makeshift_nhts": 5.3571428569999995, "food_malnourished": 0.0, "health_child_death": 0.0, "health_maternal_death": 0.0, "he_flood": 3e-06, "he_volcano": 0.0, "he_landslide": 0.0, "he_earthquake": 0.0}, "PH037107002": {"Water_Prop": 6.134969, "Food_Prop": 0.0, "Shelter_Prop": 2.4539880000000003, "Health_Prop": 66.00790500000001, "Education_Prop": 4.878049, "Work_Prop": 53.974895, "Peace_Prop": 15.337423000000001, "Participation_Prop": 98.584148, "SocialProtection_Prop": 97.241279, "Environment_Prop": 47.605916, "shelter_electricity": 9.81595092, "health_center_attendance": 66.00790514, "work_farms": 3.6363636360000005, "work_unskilled": 42.72727273, "health_programs": 69.93865031, "sp_philhealth": 69.93865031, "water_toilet": 28.83435583, "shelter_makeshift_nhts": 7.9754601229999995, "food_malnourished": 0.0, "health_child_death": 0.5, "health_maternal_death": 0.0, "he_flood": 1e-06, "he_volcano": 0.0, "he_landslide": 0.0, "he_earthquake": 0.0}, "PH037107003": {"Water_Prop": 50.19084, "Food_Prop": 21.153845999999998, "Shelter_Prop": 0.954198, "Health_Prop": 72.578562, "Education_Prop": 11.032028, "Work_Prop": 66.845999, "Peace_Prop": 15.458015, "Participation_Prop": 97.931748, "SocialProtection_Prop": 97.00620500000001, "Environment_Prop": 40.568356, "shelter_electricity": 24.23664122, "health_center_attendance": 72.5785622, "work_farms": 3.448275862, "work_unskilled": 30.22312373, "health_programs": 81.10687023, "sp_philhealth": 81.10687023, "water_toilet": 22.90076336, "shelter_makeshift_nhts": 13.74045802, "food_malnourished": 0.2, "health_child_death": 0.2, "health_maternal_death": 0.0, "he_flood": 0.0, "he_volcano": 0.0, "he_landslide": 0.003167, "he_earthquake": 0.0}, "PH037107005": {"Water_Prop": 10.989011, "Food_Prop": 0.0, "Shelter_Prop": 0.7326010000000001, "Health_Prop": 76.524823, "Education_Prop": 9.470752000000001, "Work_Prop": 55.647059, "Peace_Prop": 1.465201, "Participation_Prop": 98.199825, "SocialProtection_Prop": 96.621031, "Environment_Prop": 57.756116000000006, "shelter_electricity": 9.523809523999999, "health_center_attendance": 76.5248227, "work_farms": 0.26525198899999997, "work_unskilled": 45.62334218, "health_programs": 77.65567766, "sp_philhealth": 77.65567766, "water_toilet": 25.64102564, "shelter_makeshift_nhts": 4.395604396, "food_malnourished": 0.2, "health_child_death": 0.2, "health_maternal_death": 0.5, "he_flood": 0.0, "he_volcano": 0.0, "he_landslide": 0.001056, "he_earthquake": 0.0}, "PH037107006": {"Water_Prop": 3.8461540000000003, "Food_Prop": "", "Shelter_Prop": 0.0, "Health_Prop": 69.795918, "Education_Prop": 13.333332999999998, "Work_Prop": 62.111801, "Peace_Prop": 17.307692000000003, "Participation_Prop": 98.530206, "SocialProtection_Prop": 95.904031, "Environment_Prop": 48.249067, "shelter_electricity": 11.53846154, "health_center_attendance": 69.79591837, "work_farms": 0.0, "work_unskilled": 26.229508199999998, "health_programs": 80.76923077, "sp_philhealth": 80.76923077, "water_toilet": 28.84615385, "shelter_makeshift_nhts": 0.961538462, "food_malnourished": 0.1, "health_child_death": 0.0, "health_maternal_death": 0.0, "he_flood": 1e-06, "he_volcano": 0.0, "he_landslide": 0.001056, "he_earthquake": 0.0}, "PH037107008": {"Water_Prop": 83.709869, "Food_Prop": 66.666667, "Shelter_Prop": 2.734839, "Health_Prop": 95.872518, "Education_Prop": 7.497466999999999, "Work_Prop": 67.369346, "Peace_Prop": 1.783591, "Participation_Prop": 98.98830500000001, "SocialProtection_Prop": 96.821411, "Environment_Prop": 4.835964, "shelter_electricity": 23.90011891, "health_center_attendance": 95.87251829, "work_farms": 2.69179004, "work_unskilled": 30.41722746, "health_programs": 82.52080856, "sp_philhealth": 82.52080856, "water_toilet": 4.280618312, "shelter_makeshift_nhts": 7.491082045, "food_malnourished": 0.2, "health_child_death": 0.1, "health_maternal_death": 0.0, "he_flood": 0.0, "he_volcano": 0.0, "he_landslide": 0.00322, "he_earthquake": 0.0}, "PH037107011": {"Water_Prop": 32.989691, "Food_Prop": 0.0, "Shelter_Prop": 6.921944, "Health_Prop": 90.248165, "Education_Prop": 7.6051779999999995, "Work_Prop": 66.354626, "Peace_Prop": 13.991163, "Participation_Prop": 99.071325, "SocialProtection_Prop": 97.107407, "Environment_Prop": 59.591733, "shelter_electricity": 21.06038292, "health_center_attendance": 90.24816498, "work_farms": 9.328968903, "work_unskilled": 25.53191489, "health_programs": 87.48159057, "sp_philhealth": 87.48159057, "water_toilet": 2.06185567, "shelter_makeshift_nhts": 12.15022091, "food_malnourished": 0.40000001, "health_child_death": 0.40000001, "health_maternal_death": 0.0, "he_flood": 0.0, "he_volcano": 0.0, "he_landslide": 0.001056, "he_earthquake": 0.07142899999999999}, "PH037107012": {"Water_Prop": 7.109005000000001, "Food_Prop": 0.0, "Shelter_Prop": 1.421801, "Health_Prop": 74.903475, "Education_Prop": 22.779923, "Work_Prop": 59.878418999999994, "Peace_Prop": 10.900474, "Participation_Prop": 98.929445, "SocialProtection_Prop": 97.09420899999999, "Environment_Prop": 42.803745, "shelter_electricity": 14.21800948, "health_center_attendance": 74.9034749, "work_farms": 1.515151515, "work_unskilled": 29.16666667, "health_programs": 73.93364929, "sp_philhealth": 73.93364929, "water_toilet": 30.805687199999998, "shelter_makeshift_nhts": 3.08056872, "food_malnourished": 0.2, "health_child_death": 0.2, "health_maternal_death": 0.0, "he_flood": 1e-06, "he_volcano": 0.0, "he_landslide": 0.0, "he_earthquake": 0.0}, "PH037107013": {"Water_Prop": 28.638498, "Food_Prop": 40.0, "Shelter_Prop": 0.0, "Health_Prop": 97.468354, "Education_Prop": 10.798122, "Work_Prop": 70.419847, "Peace_Prop": 7.981221000000001, "Participation_Prop": 99.152702, "SocialProtection_Prop": 96.328375, "Environment_Prop": 42.726981, "shelter_electricity": 18.30985915, "health_center_attendance": 97.46835443, "work_farms": 0.0, "work_unskilled": 12.25806452, "health_programs": 91.54929577, "sp_philhealth": 91.54929577, "water_toilet": 2.34741784, "shelter_makeshift_nhts": 3.990610329, "food_malnourished": 0.30000001, "health_child_death": 0.0, "health_maternal_death": 0.0, "he_flood": 0.0, "he_volcano": 0.0, "he_landslide": 0.001056, "he_earthquake": 0.0}, "PH037107014": {"Water_Prop": 35.360679, "Food_Prop": 33.333333, "Shelter_Prop": 0.942951, "Health_Prop": 86.764105, "Education_Prop": 17.544554, "Work_Prop": 58.240081, "Peace_Prop": 17.208864000000002, "Participation_Prop": 98.480912, "SocialProtection_Prop": 97.337086, "Environment_Prop": 20.415039, "shelter_electricity": 22.91371994, "health_center_attendance": 86.76410466, "work_farms": 4.141291108, "work_unskilled": 42.95574503, "health_programs": 65.81801037, "sp_philhealth": 65.81801037, "water_toilet": 1.6973125880000002, "shelter_makeshift_nhts": 15.86515794, "food_malnourished": 1.3, "health_child_death": 0.2, "health_maternal_death": 0.0, "he_flood": 0.0, "he_volcano": 0.0, "he_landslide": 0.003167, "he_earthquake": 0.0}, "PH037107015": {"Water_Prop": 32.098765, "Food_Prop": "", "Shelter_Prop": 0.0, "Health_Prop": 60.841423999999996, "Education_Prop": 27.272727000000003, "Work_Prop": 65.416667, "Peace_Prop": 25.925926, "Participation_Prop": 95.71805, "SocialProtection_Prop": 96.903821, "Environment_Prop": 36.480756, "shelter_electricity": 25.92592593, "health_center_attendance": 60.84142395, "work_farms": 1.2048192770000001, "work_unskilled": 18.07228916, "health_programs": 70.37037037, "sp_philhealth": 70.37037037, "water_toilet": 43.20987654,