{"PH034927002": {"Water_Prop": 0.0, "Food_Prop": 0.0, "Shelter_Prop": 2.517986, "Health_Prop": 87.09956700000001, "Education_Prop": 4.615385, "Work_Prop": 50.064516, "Peace_Prop": 0.359712, "Participation_Prop": 98.23621999999999, "SocialProtection_Prop": 98.04724399999999, "Environment_Prop": 10.452982, "shelter_electricity": 3.597122302, "health_center_attendance": 87.0995671, "work_farms": 6.45994832, "work_unskilled": 41.60206718, "health_programs": 51.43884892, "sp_philhealth": 51.43884892, "water_toilet": 0.35971223, "shelter_makeshift_nhts": 5.755395683, "food_malnourished": "", "health_child_death": "", "health_maternal_death": "", "he_flood": 2e-06, "he_volcano": 0.0, "he_landslide": 0.0, "he_earthquake": 0.0, "name": "Bonifacio District (Pob.)"}, "PH034927003": {"Water_Prop": 0.0, "Food_Prop": "", "Shelter_Prop": 0.373134, "Health_Prop": 84.44639699999999, "Education_Prop": 12.272727, "Work_Prop": 55.259823, "Peace_Prop": 1.492537, "Participation_Prop": 97.730087, "SocialProtection_Prop": 97.977714, "Environment_Prop": 13.172335, "shelter_electricity": 3.731343284, "health_center_attendance": 84.44639719, "work_farms": 2.549575071, "work_unskilled": 49.00849858, "health_programs": 47.3880597, "sp_philhealth": 47.3880597, "water_toilet": 0.37313432799999996, "shelter_makeshift_nhts": 6.902985075, "food_malnourished": "", "health_child_death": "", "health_maternal_death": "", "he_flood": 3e-06, "he_volcano": 0.0, "he_landslide": 0.0, "he_earthquake": 0.0, "name": "Burgos District (Pob.)"}, "PH034927004": {"Water_Prop": 0.238379, "Food_Prop": 0.0, "Shelter_Prop": 2.145411, "Health_Prop": 84.796817, "Education_Prop": 12.208505, "Work_Prop": 47.976391, "Peace_Prop": 0.476758, "Participation_Prop": 99.016262, "SocialProtection_Prop": 98.032524, "Environment_Prop": 29.906810999999998, "shelter_electricity": 6.4362336110000005, "health_center_attendance": 84.79681728, "work_farms": 2.431118314, "work_unskilled": 41.73419773, "health_programs": 57.80691299, "sp_philhealth": 57.80691299, "water_toilet": 4.410011919, "shelter_makeshift_nhts": 12.634088199999999, "food_malnourished": "", "health_child_death": "", "health_maternal_death": "", "he_flood": 2e-06, "he_volcano": 0.0, "he_landslide": 0.0, "he_earthquake": 0.0, "name": "Castellano"}, "PH034927005": {"Water_Prop": 0.290698, "Food_Prop": "", "Shelter_Prop": 5.813953, "Health_Prop": 71.693908, "Education_Prop": 16.363636, "Work_Prop": 46.948357, "Peace_Prop": 6.3953489999999995, "Participation_Prop": 95.762712, "SocialProtection_Prop": 97.392438, "Environment_Prop": 30.017018, "shelter_electricity": 18.89534884, "health_center_attendance": 71.69390788, "work_farms": 0.6637168139999999, "work_unskilled": 54.20353982, "health_programs": 65.40697674, "sp_philhealth": 65.40697674, "water_toilet": 8.430232558, "shelter_makeshift_nhts": 34.59302326, "food_malnourished": "", "health_child_death": "", "health_maternal_death": "", "he_flood": 5e-06, "he_volcano": 0.0, "he_landslide": 0.0, "he_earthquake": 0.0, "name": "Diversion"}, "PH034927006": {"Water_Prop": 0.0, "Food_Prop": 0.0, "Shelter_Prop": 1.4138819999999999, "Health_Prop": 89.357683, "Education_Prop": 8.484005999999999, "Work_Prop": 54.241282, "Peace_Prop": 0.514139, "Participation_Prop": 99.22786500000001, "SocialProtection_Prop": 98.524365, "Environment_Prop": 1.6271309999999999, "shelter_electricity": 3.084832905, "health_center_attendance": 89.35768262, "work_farms": 4.222451081, "work_unskilled": 71.67868177, "health_programs": 46.14395887, "sp_philhealth": 46.14395887, "water_toilet": 0.128534704, "shelter_makeshift_nhts": 8.804627249, "food_malnourished": "", "health_child_death": "", "health_maternal_death": "", "he_flood": 2e-06, "he_volcano": 0.0, "he_landslide": 0.0, "he_earthquake": 0.0, "name": "Magpapalayoc"}, "PH034927007": {"Water_Prop": 0.164204, "Food_Prop": 0.0, "Shelter_Prop": 0.328407, "Health_Prop": 93.408736, "Education_Prop": 5.015674, "Work_Prop": 56.046654000000004, "Peace_Prop": 0.656814, "Participation_Prop": 99.410416, "SocialProtection_Prop": 97.565236, "Environment_Prop": 11.463004, "shelter_electricity": 4.105090312, "health_center_attendance": 93.40873635, "work_farms": 0.837988827, "work_unskilled": 58.24022346, "health_programs": 43.02134647, "sp_philhealth": 43.02134647, "water_toilet": 0.328407225, "shelter_makeshift_nhts": 19.45812808, "food_malnourished": "", "health_child_death": "", "health_maternal_death": "", "he_flood": 0.0, "he_volcano": 0.0, "he_landslide": 0.0, "he_earthquake": 0.0, "name": "Mallorca"}, "PH034927008": {"Water_Prop": 1.4784950000000001, "Food_Prop": 0.0, "Shelter_Prop": 2.2849459999999997, "Health_Prop": 55.468484, "Education_Prop": 6.605223, "Work_Prop": 51.478084, "Peace_Prop": 3.7634410000000003, "Participation_Prop": 99.409231, "SocialProtection_Prop": 97.735385, "Environment_Prop": 28.50822, "shelter_electricity": 7.1236559139999995, "health_center_attendance": 55.46848382, "work_farms": 4.201680672, "work_unskilled": 53.25630252, "health_programs": 49.7311828, "sp_philhealth": 49.7311828, "water_toilet": 39.78494624, "shelter_makeshift_nhts": 12.83602151, "food_malnourished": "", "health_child_death": "", "health_maternal_death": "", "he_flood": 1e-06, "he_volcano": 0.0, "he_landslide": 0.0, "he_earthquake": 0.0, "name": "Mambangnan"}, "PH034927009": {"Water_Prop": 0.547445, "Food_Prop": "", "Shelter_Prop": 0.547445, "Health_Prop": 80.400839, "Education_Prop": 11.49033, "Work_Prop": 46.85222, "Peace_Prop": 0.821168, "Participation_Prop": 98.949502, "SocialProtection_Prop": 98.617766, "Environment_Prop": 28.558177, "shelter_electricity": 3.3759124089999997, "health_center_attendance": 80.40083897, "work_farms": 4.551122195, "work_unskilled": 43.64089776, "health_programs": 53.55839416, "sp_philhealth": 53.55839416, "water_toilet": 1.8248175180000001, "shelter_makeshift_nhts": 14.59854015, "food_malnourished": "", "health_child_death": "", "health_maternal_death": "", "he_flood": 1e-06, "he_volcano": 0.0, "he_landslide": 0.0, "he_earthquake": 0.07142899999999999, "name": "Nieves"}, "PH034927010": {"Water_Prop": 0.949367, "Food_Prop": 0.0, "Shelter_Prop": 0.949367, "Health_Prop": 81.648523, "Education_Prop": 4.609929, "Work_Prop": 53.485714, "Peace_Prop": 0.316456, "Participation_Prop": 97.482014, "SocialProtection_Prop": 97.167266, "Environment_Prop": 11.619399000000001, "shelter_electricity": 4.746835443, "health_center_attendance": 81.64852255, "work_farms": 1.965601966, "work_unskilled": 45.94594595, "health_programs": 38.92405063, "sp_philhealth": 38.92405063, "water_toilet": 0.0, "shelter_makeshift_nhts": 11.23417722, "food_malnourished": "", "health_child_death": "", "health_maternal_death": "", "he_flood": 3e-06, "he_volcano": 0.0, "he_landslide": 0.0, "he_earthquake": 0.0, "name": "San Bartolome (Pob.)"}, "PH034927011": {"Water_Prop": 0.42735, "Food_Prop": 0.0, "Shelter_Prop": 1.282051, "Health_Prop": 88.626609, "Education_Prop": 6.8062830000000005, "Work_Prop": 54.4, "Peace_Prop": 0.0, "Participation_Prop": 98.105437, "SocialProtection_Prop": 97.52883, "Environment_Prop": 12.483342, "shelter_electricity": 0.854700855, "health_center_attendance": 88.62660944, "work_farms": 3.157894737, "work_unskilled": 44.56140351, "health_programs": 38.03418803, "sp_philhealth": 38.03418803, "water_toilet": 0.42735042700000003, "shelter_makeshift_nhts": 7.905982906, "food_malnourished": "", "health_child_death": "", "health_maternal_death": "", "he_flood": 3e-06, "he_volcano": 0.0, "he_landslide": 0.0, "he_earthquake": 0.0, "name": "Rizal District (Pob.)"}, "PH034927012": {"Water_Prop": 0.188324, "Food_Prop": 9.523810000000001, "Shelter_Prop": 1.506591, "Health_Prop": 78.79642700000001, "Education_Prop": 15.6956, "Work_Prop": 49.681315000000005, "Peace_Prop": 0.188324, "Participation_Prop": 99.072052, "SocialProtection_Prop": 97.416303, "Environment_Prop": 20.332897, "shelter_electricity": 2.071563089, "health_center_attendance": 78.79642689, "work_farms": 5.733333332999999,