{"PH036917001": {"Water_Prop": 0.49937600000000004, "Food_Prop": 0.0, "Shelter_Prop": 4.11985, "Health_Prop": 65.74125500000001, "Education_Prop": 23.433243, "Work_Prop": 48.34199, "Peace_Prop": 0.12484400000000001, "Participation_Prop": 98.042574, "SocialProtection_Prop": 97.602153, "Environment_Prop": 12.012039, "shelter_electricity": 6.866416978999999, "health_center_attendance": 65.74125486, "work_farms": 34.95746326, "work_unskilled": 18.0974478, "health_programs": 54.68164794, "sp_philhealth": 54.68164794, "water_toilet": 3.495630462, "shelter_makeshift_nhts": 1.997503121, "food_malnourished": 0.4, "health_child_death": 0.0, "health_maternal_death": 0.0, "he_flood": 0.0, "he_volcano": 0.0, "he_landslide": 0.0, "he_earthquake": 0.0, "name": "Baculong"}, "PH036917002": {"Water_Prop": 0.0, "Food_Prop": 15.384615, "Shelter_Prop": 1.026958, "Health_Prop": 88.487188, "Education_Prop": 23.255814, "Work_Prop": 47.509766, "Peace_Prop": 0.0, "Participation_Prop": 99.078907, "SocialProtection_Prop": 98.526251, "Environment_Prop": 9.80964, "shelter_electricity": 5.391527599, "health_center_attendance": 88.48718849, "work_farms": 23.53488372, "work_unskilled": 41.11627907, "health_programs": 85.62259307, "sp_philhealth": 85.62259307, "water_toilet": 1.797175867, "shelter_makeshift_nhts": 1.155327343, "food_malnourished": 0.3, "health_child_death": 0.0, "health_maternal_death": 0.0, "he_flood": 1e-06, "he_volcano": 0.0, "he_landslide": 0.0, "he_earthquake": 0.0, "name": "Balayang"}, "PH036917003": {"Water_Prop": 0.0, "Food_Prop": 49.635036, "Shelter_Prop": 0.227273, "Health_Prop": 61.279826, "Education_Prop": 17.344173, "Work_Prop": 49.848255, "Peace_Prop": 2.727273, "Participation_Prop": 92.584964, "SocialProtection_Prop": 98.249228, "Environment_Prop": 8.775827, "shelter_electricity": 5.909090909, "health_center_attendance": 61.27982646, "work_farms": 11.49773071, "work_unskilled": 46.29349471, "health_programs": 52.27272727, "sp_philhealth": 52.27272727, "water_toilet": 9.318181818, "shelter_makeshift_nhts": 1.477272727, "food_malnourished": 0.0, "health_child_death": 0.7, "health_maternal_death": 0.0, "he_flood": 5e-06, "he_volcano": 0.0, "he_landslide": 0.0, "he_earthquake": 0.0, "name": "Balbaloto"}, "PH036917004": {"Water_Prop": 0.0, "Food_Prop": 37.362637, "Shelter_Prop": 0.6382979999999999, "Health_Prop": 72.10109, "Education_Prop": 20.608898999999997, "Work_Prop": 46.480938, "Peace_Prop": 0.6382979999999999, "Participation_Prop": 94.944568, "SocialProtection_Prop": 98.492239, "Environment_Prop": 8.983663, "shelter_electricity": 5.9574468089999995, "health_center_attendance": 72.10109019, "work_farms": 12.32876712, "work_unskilled": 47.80821918, "health_programs": 53.40425532, "sp_philhealth": 53.40425532, "water_toilet": 6.170212766000001, "shelter_makeshift_nhts": 1.276595745, "food_malnourished": 0.0, "health_child_death": 0.0, "health_maternal_death": 0.0, "he_flood": 4e-06, "he_volcano": 0.0, "he_landslide": 0.0, "he_earthquake": 0.0, "name": "Bangar"}, "PH036917005": {"Water_Prop": 1.162791, "Food_Prop": 78.172589, "Shelter_Prop": 0.38759699999999997, "Health_Prop": 65.358451, "Education_Prop": 22.551929, "Work_Prop": 44.809942, "Peace_Prop": 0.0, "Participation_Prop": 97.64386, "SocialProtection_Prop": 98.55006800000001, "Environment_Prop": 0.869117, "shelter_electricity": 5.03875969, "health_center_attendance": 65.35845107, "work_farms": 20.39735099, "work_unskilled": 46.75496689, "health_programs": 61.82170543, "sp_philhealth": 61.82170543, "water_toilet": 6.976744186, "shelter_makeshift_nhts": 5.03875969, "food_malnourished": 0.9, "health_child_death": 1.6, "health_maternal_death": 0.0, "he_flood": 2e-06, "he_volcano": 0.0, "he_landslide": 0.0, "he_earthquake": 0.0, "name": "Bantog"}, "PH036917006": {"Water_Prop": 3.061224, "Food_Prop": 31.034483, "Shelter_Prop": 0.680272, "Health_Prop": 74.908759, "Education_Prop": 19.473684, "Work_Prop": 45.16129, "Peace_Prop": 0.0, "Participation_Prop": 96.014493, "SocialProtection_Prop": 98.26087, "Environment_Prop": 0.9884219999999999, "shelter_electricity": 3.4013605439999997, "health_center_attendance": 74.90875912, "work_farms": 16.23529412, "work_unskilled": 46.11764706, "health_programs": 59.86394558, "sp_philhealth": 59.86394558, "water_toilet": 3.06122449, "shelter_makeshift_nhts": 3.4013605439999997, "food_malnourished": 0.0, "health_child_death": 0.0, "health_maternal_death": 0.0, "he_flood": 1e-06, "he_volcano": 0.0, "he_landslide": 0.0, "he_earthquake": 0.0, "name": "Batangbatang"}, "PH036917007": {"Water_Prop": 0.0, "Food_Prop": 79.310345, "Shelter_Prop": 2.516779, "Health_Prop": 41.81666, "Education_Prop": 21.315193, "Work_Prop": 46.194072999999996, "Peace_Prop": 0.0, "Participation_Prop": 96.787479, "SocialProtection_Prop": 97.034596, "Environment_Prop": 9.082208, "shelter_electricity": 5.536912752, "health_center_attendance": 41.81665969, "work_farms": 10.25917927, "work_unskilled": 24.83801296, "health_programs": 65.43624161, "sp_philhealth": 65.43624161, "water_toilet": 0.67114094, "shelter_makeshift_nhts": 1.929530201, "food_malnourished": 0.0, "health_child_death": 0.0, "health_maternal_death": 0.0, "he_flood": 0.0, "he_volcano": 0.0, "he_landslide": 0.0, "he_earthquake": 0.0, "name": "Bulo"}, "PH036917008": {"Water_Prop": 0.297619, "Food_Prop": 67.647059, "Shelter_Prop": 0.892857, "Health_Prop": 91.747212, "Education_Prop": 18.954248, "Work_Prop": 49.781659000000005, "Peace_Prop": 0.297619, "Participation_Prop": 91.486184, "SocialProtection_Prop": 98.356983, "Environment_Prop": 1.26874, "shelter_electricity": 7.142857143, "health_center_attendance": 91.74721190000001, "work_farms": 14.13043478, "work_unskilled": 46.95652174, "health_programs": 86.90476190000001, "sp_philhealth": 86.90476190000001, "water_toilet": 3.273809524, "shelter_makeshift_nhts": 1.488095238, "food_malnourished": 0.0, "health_child_death": 0.0, "health_maternal_death": 0.0, "he_flood": 1e-06, "he_volcano": 0.0, "he_landslide": 0.0, "he_earthquake": 0.0, "name": "Cabuluan"}, "PH036917009": {"Water_Prop": 0.798403, "Food_Prop": 78.94736800000001, "Shelter_Prop": 0.199601, "Health_Prop": 81.06348299999999, "Education_Prop": 33.224756, "Work_Prop": 54.273192, "Peace_Prop": 0.0, "Participation_Prop": 96.402878, "SocialProtection_Prop": 97.968684, "Environment_Prop": 1.8395130000000002, "shelter_electricity": 2.195608782, "health_center_attendance": 81.06348345, "work_farms": 18.21086262, "work_unskilled": 39.13738019, "health_programs": 58.08383234, "sp_philhealth": 58.08383234, "water_toilet": 0.0, "shelter_makeshift_nhts": 1.796407186, "food_malnourished": 0.0, "health_child_death": 0.6, "health_maternal_death": 0.0, "he_flood": 1e-06, "he_volcano": 0.0, "he_landslide": 0.0, "he_earthquake": 0.07142899999999999, "name": "Calibungan"}, "PH036917010": {"Water_Prop": 0.0, "Food_Prop": 74.19354799999999, "Shelter_Prop": 0.18622, "Health_Prop": 77.918906, "Education_Prop": 19.113573000000002, "Work_Prop": 44.063143, "Peace_Prop": 0.18622, "Participation_Prop": 89.270977, "SocialProtection_Prop": 98.12012800000001, "Environment_Prop": 0.961562, "shelter_electricity": 4.4692737430000005, "health_center_attendance": 77.91890572, "work_farms": 16.68711656, "work_unskilled": 44.66257669, "health_programs": 50.83798883, "sp_philhealth": 50.83798883, "water_toilet": 0.7448789570000001, "shelter_makeshift_nhts": 2.51396648, "food_malnourished": 0.4, "health_child_death": 0.4, "health_maternal_death": 0.0, "he_flood": 2e-06, "he_volcano": 0.0, "he_landslide": 0.0, "he_earthquake": 0.0, "name": "Canarem"}, "PH036917011": {"Water_Prop": 0.0, "Food_Prop": 95.041322, "Shelter_Prop": 0.445434, "Health_Prop": 92.706553, "Education_Prop": 24.079320000000003, "Work_Prop": 46.437346000000005, "Peace_Prop": 0.0, "Participation_Prop": 93.846977, "SocialProtection_Prop": 98.448368, "Environment_Prop": 10.30873, "shelter_electricity": 4.899777283, "health_center_attendance": 92.70655271, "work_farms": 20.18348624,