{"PH034904001": {"Water_Prop": 1.388889, "Food_Prop": 100.0, "Shelter_Prop": 1.388889, "Health_Prop": 53.74677, "Education_Prop": 5.102041000000001, "Work_Prop": 56.626506000000006, "Peace_Prop": 18.055556, "Participation_Prop": 92.969871, "SocialProtection_Prop": 98.56528, "Environment_Prop": 16.713823, "shelter_electricity": 13.88888889, "health_center_attendance": 53.74677003, "work_farms": 11.11111111, "work_unskilled": 36.11111111, "health_programs": 54.16666667, "sp_philhealth": 54.16666667, "water_toilet": 11.11111111, "shelter_makeshift_nhts": 6.944444444, "food_malnourished": "", "health_child_death": "", "health_maternal_death": "", "he_flood": 4e-06, "he_volcano": 0.0, "he_landslide": 0.0, "he_earthquake": 0.0}, "PH034904002": {"Water_Prop": 0.632911, "Food_Prop": 0.0, "Shelter_Prop": 1.265823, "Health_Prop": 63.794302, "Education_Prop": 9.063444, "Work_Prop": 56.073753, "Peace_Prop": 4.746835, "Participation_Prop": 95.632334, "SocialProtection_Prop": 99.08735300000001, "Environment_Prop": 2.082568, "shelter_electricity": 15.18987342, "health_center_attendance": 63.794301600000004, "work_farms": 39.50617284, "work_unskilled": 31.35802469, "health_programs": 58.544303799999994, "sp_philhealth": 58.544303799999994, "water_toilet": 10.75949367, "shelter_makeshift_nhts": 18.67088608, "food_malnourished": "", "health_child_death": "", "health_maternal_death": "", "he_flood": 3e-06, "he_volcano": 0.0, "he_landslide": 0.0, "he_earthquake": 0.0}, "PH034904003": {"Water_Prop": 0.185874, "Food_Prop": 10.526316, "Shelter_Prop": 1.6728619999999998, "Health_Prop": 56.85260400000001, "Education_Prop": 8.235294, "Work_Prop": 53.867870999999994, "Peace_Prop": 6.877323, "Participation_Prop": 94.436275, "SocialProtection_Prop": 97.79411800000001, "Environment_Prop": 0.385667, "shelter_electricity": 11.52416357, "health_center_attendance": 56.85260436, "work_farms": 12.48470012, "work_unskilled": 45.65483476, "health_programs": 50.0, "sp_philhealth": 50.0, "water_toilet": 10.59479554, "shelter_makeshift_nhts": 11.43122677, "food_malnourished": "", "health_child_death": "", "health_maternal_death": "", "he_flood": 1e-06, "he_volcano": 0.0, "he_landslide": 0.0, "he_earthquake": 0.0}, "PH034904004": {"Water_Prop": 2.2346369999999998, "Food_Prop": 0.0, "Shelter_Prop": 0.837989, "Health_Prop": 57.757213, "Education_Prop": 5.152225, "Work_Prop": 58.75943, "Peace_Prop": 10.055866, "Participation_Prop": 96.68259, "SocialProtection_Prop": 97.903397, "Environment_Prop": 19.554246, "shelter_electricity": 11.17318436, "health_center_attendance": 57.75721285, "work_farms": 13.41463415, "work_unskilled": 37.39837398, "health_programs": 56.70391061, "sp_philhealth": 56.70391061, "water_toilet": 11.45251397, "shelter_makeshift_nhts": 5.30726257, "food_malnourished": "", "health_child_death": "", "health_maternal_death": "", "he_flood": 2e-06, "he_volcano": 0.0, "he_landslide": 0.0, "he_earthquake": 0.0}, "PH034904005": {"Water_Prop": 0.24479800000000002, "Food_Prop": 7.692308000000001, "Shelter_Prop": 0.734394, "Health_Prop": 73.751274, "Education_Prop": 4.49294, "Work_Prop": 55.09004, "Peace_Prop": 0.734394, "Participation_Prop": 93.872008, "SocialProtection_Prop": 97.94601899999999, "Environment_Prop": 0.936406, "shelter_electricity": 8.200734394, "health_center_attendance": 73.75127421, "work_farms": 16.44844517, "work_unskilled": 39.19803601, "health_programs": 64.62668299, "sp_philhealth": 64.62668299, "water_toilet": 10.52631579, "shelter_makeshift_nhts": 5.813953487999999, "food_malnourished": "", "health_child_death": "", "health_maternal_death": "", "he_flood": 1e-06, "he_volcano": 0.0, "he_landslide": 0.0, "he_earthquake": 0.0}, "PH034904006": {"Water_Prop": 0.0, "Food_Prop": 0.0, "Shelter_Prop": 5.760369, "Health_Prop": 59.517426, "Education_Prop": 4.731183000000001, "Work_Prop": 54.775828000000004, "Peace_Prop": 1.612903, "Participation_Prop": 97.30146500000001, "SocialProtection_Prop": 97.72551999999999, "Environment_Prop": 4.652515, "shelter_electricity": 14.28571429, "health_center_attendance": 59.51742627, "work_farms": 11.63793103, "work_unskilled": 31.609195399999997, "health_programs": 51.15207373, "sp_philhealth": 51.15207373, "water_toilet": 0.0, "shelter_makeshift_nhts": 15.55299539, "food_malnourished": "", "health_child_death": "", "health_maternal_death": "", "he_flood": 2e-06, "he_volcano": 0.0, "he_landslide": 0.0, "he_earthquake": 0.0}, "PH034904008": {"Water_Prop": 0.0, "Food_Prop": 52.941176, "Shelter_Prop": 22.302158, "Health_Prop": 84.202454, "Education_Prop": 5.555556, "Work_Prop": 49.574467999999996, "Peace_Prop": 0.719424, "Participation_Prop": 89.337176, "SocialProtection_Prop": 97.982709, "Environment_Prop": 17.129475, "shelter_electricity": 5.755395683, "health_center_attendance": 84.20245399, "work_farms": 4.219409283, "work_unskilled": 18.98734177, "health_programs": 43.88489209, "sp_philhealth": 43.88489209, "water_toilet": 0.71942446, "shelter_makeshift_nhts": 7.913669065, "food_malnourished": "", "health_child_death": "", "health_maternal_death": "", "he_flood": 6e-06, "he_volcano": 0.0, "he_landslide": 0.0, "he_earthquake": 0.0}, "PH034904009": {"Water_Prop": 0.0, "Food_Prop": "", "Shelter_Prop": 1.515152, "Health_Prop": 90.788127, "Education_Prop": 9.659091, "Work_Prop": 49.78355, "Peace_Prop": 1.010101, "Participation_Prop": 91.425723, "SocialProtection_Prop": 97.407777, "Environment_Prop": 8.263056, "shelter_electricity": 3.535353535, "health_center_attendance": 90.78812692, "work_farms": 1.1494252870000001, "work_unskilled": 17.52873563, "health_programs": 57.07070707, "sp_philhealth": 57.07070707, "water_toilet": 1.01010101, "shelter_makeshift_nhts": 1.515151515, "food_malnourished": "", "health_child_death": "", "health_maternal_death": "", "he_flood": 4e-06, "he_volcano": 0.0, "he_landslide": 0.0, "he_earthquake": 0.0}, "PH034904010": {"Water_Prop": 0.361664, "Food_Prop": 0.0, "Shelter_Prop": 1.446655, "Health_Prop": 61.894273, "Education_Prop": 3.924915, "Work_Prop": 53.143471, "Peace_Prop": 3.6166370000000003, "Participation_Prop": 96.879875, "SocialProtection_Prop": 97.763911, "Environment_Prop": 4.89012, "shelter_electricity": 7.233273056, "health_center_attendance": 61.89427313, "work_farms": 18.80733945, "work_unskilled": 25.114678899999998, "health_programs": 42.85714286, "sp_philhealth": 42.85714286, "water_toilet": 0.0, "shelter_makeshift_nhts": 7.504520796, "food_malnourished": "", "health_child_death": "", "health_maternal_death": "", "he_flood": 1e-06, "he_volcano": 0.0, "he_landslide": 0.0, "he_earthquake": 0.0}, "PH034904012": {"Water_Prop": 0.0, "Food_Prop": 100.0, "Shelter_Prop": 0.772201, "Health_Prop": 74.830508, "Education_Prop": 21.138211, "Work_Prop": 59.290954000000006, "Peace_Prop": 0.3861, "Participation_Prop": 96.674157, "SocialProtection_Prop": 98.292135, "Environment_Prop": 4.478382, "shelter_electricity": 8.494208494, "health_center_attendance": 74.83050847, "work_farms": 17.71771772, "work_unskilled": 21.92192192, "health_programs": 60.61776062, "sp_philhealth": 60.61776062, "water_toilet": 3.474903475, "shelter_makeshift_nhts": 10.42471042, "food_malnourished": "", "health_child_death": "", "health_maternal_death": "", "he_flood": 2e-06, "he_volcano": 0.0, "he_landslide": 0.0, "he_earthquake": 0.0}, "PH034904013": {"Water_Prop": 2.5, "Food_Prop": 16.216216, "Shelter_Prop": 4.5, "Health_Prop": 77.46913599999999, "Education_Prop": 28.443114, "Work_Prop": 55.944056, "Peace_Prop": 0.25, "Participation_Prop": 95.27451500000001, "SocialProtection_Prop": 97.951379, "Environment_Prop": 17.646963, "shelter_electricity": 18.5, "health_center_attendance": 77.4691358, "work_farms": 29.96031746, "work_unskilled": 22.61904762, "health_programs": 61.75, "sp_philhealth": 61.75, "water_toilet": 7.5, "shelter_makeshift_nhts": 15.125, "food_malnourished": "", "health_child_death": "", "health_maternal_death": "", "he_flood": 1e-06, "he_volcano": 0.0, "he_landslide": 0.0, "he_earthquake": 0.0},