{"PH030806001": {"Water_Prop": 7.471764, "Food_Prop": "", "Shelter_Prop": 0.8688100000000001, "Health_Prop": 15.163186999999999, "Education_Prop": 8.181818, "Work_Prop": 54.037826, "Peace_Prop": 2.953953, "Participation_Prop": 97.242805, "SocialProtection_Prop": 94.278821, "Environment_Prop": 34.825969, "shelter_electricity": 5.994787142000001, "health_center_attendance": 15.1631867, "work_farms": 5.747877204, "work_unskilled": 27.56368387, "health_programs": 64.20503910000001, "sp_philhealth": 64.20503910000001, "water_toilet": 1.4769765419999998, "shelter_makeshift_nhts": 1.172893136, "food_malnourished": 0.40000001, "health_child_death": "", "health_maternal_death": 6.6999998, "he_flood": 2e-06, "he_volcano": 0.0, "he_landslide": 0.001056, "he_earthquake": 0.0}, "PH030806002": {"Water_Prop": 2.167183, "Food_Prop": "", "Shelter_Prop": 0.0, "Health_Prop": 23.137535999999997, "Education_Prop": 9.230769, "Work_Prop": 55.413385999999996, "Peace_Prop": 6.19195, "Participation_Prop": 96.26943, "SocialProtection_Prop": 89.067358, "Environment_Prop": 17.374578, "shelter_electricity": 1.547987616, "health_center_attendance": 23.13753582, "work_farms": 7.284768212, "work_unskilled": 15.89403974, "health_programs": 70.89783282, "sp_philhealth": 70.89783282, "water_toilet": 0.0, "shelter_makeshift_nhts": 0.0, "food_malnourished": 0.0, "health_child_death": "", "health_maternal_death": 0.0, "he_flood": 6e-06, "he_volcano": 0.0, "he_landslide": 0.001056, "he_earthquake": 0.0}, "PH030806003": {"Water_Prop": 2.9761900000000003, "Food_Prop": 0.0, "Shelter_Prop": 0.47618999999999995, "Health_Prop": 16.260823000000002, "Education_Prop": 6.377205, "Work_Prop": 55.73311999999999, "Peace_Prop": 8.214286, "Participation_Prop": 97.6973, "SocialProtection_Prop": "", "Environment_Prop": 44.25585, "shelter_electricity": 4.404761905, "health_center_attendance": 16.26082251, "work_farms": 8.483754513, "work_unskilled": 19.76534296, "health_programs": 61.66666667, "sp_philhealth": 61.66666667, "water_toilet": 0.23809523800000001, "shelter_makeshift_nhts": 1.30952381, "food_malnourished": 0.80000001, "health_child_death": "", "health_maternal_death": 0.0, "he_flood": 2e-06, "he_volcano": 0.0, "he_landslide": 0.001056, "he_earthquake": 0.0}, "PH030806004": {"Water_Prop": 5.815972, "Food_Prop": 0.0, "Shelter_Prop": 12.847222, "Health_Prop": 40.986193, "Education_Prop": 15.036976000000001, "Work_Prop": 58.834528000000006, "Peace_Prop": 10.15625, "Participation_Prop": 99.223964, "SocialProtection_Prop": 95.959439, "Environment_Prop": 25.97224, "shelter_electricity": 8.506944444, "health_center_attendance": 40.98619329, "work_farms": 17.865253600000003, "work_unskilled": 29.37168812, "health_programs": 70.3125, "sp_philhealth": 70.3125, "water_toilet": 1.4756944440000002, "shelter_makeshift_nhts": 5.989583333, "food_malnourished": 0.2, "health_child_death": "", "health_maternal_death": 0.89999998, "he_flood": 0.0, "he_volcano": 0.0, "he_landslide": 0.00132, "he_earthquake": 0.0}, "PH030806006": {"Water_Prop": 9.090909, "Food_Prop": "", "Shelter_Prop": 1.704545, "Health_Prop": 73.475177, "Education_Prop": 12.686567, "Work_Prop": 52.100840000000005, "Peace_Prop": 6.818182000000001, "Participation_Prop": 99.096292, "SocialProtection_Prop": 96.790277, "Environment_Prop": 17.280797, "shelter_electricity": 3.4090909089999997, "health_center_attendance": 73.47517731, "work_farms": 14.9122807, "work_unskilled": 25.43859649, "health_programs": 67.61363636, "sp_philhealth": 67.61363636, "water_toilet": 10.22727273, "shelter_makeshift_nhts": 4.2613636360000005, "food_malnourished": 2.4000001, "health_child_death": "", "health_maternal_death": 0.0, "he_flood": 3e-06, "he_volcano": 0.0, "he_landslide": 0.001056, "he_earthquake": 0.0}, "PH030806007": {"Water_Prop": 0.0, "Food_Prop": "", "Shelter_Prop": 0.0, "Health_Prop": 43.333333, "Education_Prop": 11.111111, "Work_Prop": 66.666667, "Peace_Prop": 0.0, "Participation_Prop": 96.291013, "SocialProtection_Prop": 96.57632, "Environment_Prop": 14.826147, "shelter_electricity": 6.451612902999999, "health_center_attendance": 43.33333333, "work_farms": 0.0, "work_unskilled": 16.66666667, "health_programs": 61.29032258, "sp_philhealth": 61.29032258, "water_toilet": 0.0, "shelter_makeshift_nhts": 3.225806452, "food_malnourished": 0.0, "health_child_death": "", "health_maternal_death": 0.0, "he_flood": 1.4999999999999999e-05, "he_volcano": 0.0, "he_landslide": 0.001056, "he_earthquake": 0.0}, "PH030806008": {"Water_Prop": 5.882353, "Food_Prop": "", "Shelter_Prop": 5.882353, "Health_Prop": 78.20196999999999, "Education_Prop": 14.537445000000002, "Work_Prop": 58.672377000000004, "Peace_Prop": 0.534759, "Participation_Prop": 99.320739, "SocialProtection_Prop": 96.391424, "Environment_Prop": 32.439023, "shelter_electricity": 2.139037433, "health_center_attendance": 78.20197044, "work_farms": 5.18134715, "work_unskilled": 34.19689119, "health_programs": 81.81818182, "sp_philhealth": 81.81818182, "water_toilet": 1.069518717, "shelter_makeshift_nhts": 3.475935829, "food_malnourished": 0.89999998, "health_child_death": "", "health_maternal_death": 0.0, "he_flood": 2e-06, "he_volcano": 0.0, "he_landslide": 0.001056, "he_earthquake": 0.0}, "PH030806009": {"Water_Prop": 14.663461999999999, "Food_Prop": "", "Shelter_Prop": 5.528846, "Health_Prop": 66.91344000000001, "Education_Prop": 11.797753, "Work_Prop": 59.102902, "Peace_Prop": 7.932691999999999, "Participation_Prop": 98.068752, "SocialProtection_Prop": 96.311317, "Environment_Prop": 24.930805, "shelter_electricity": 9.615384615, "health_center_attendance": 66.91343964, "work_farms": 3.655913978, "work_unskilled": 36.12903226, "health_programs": 70.19230769, "sp_philhealth": 70.19230769, "water_toilet": 1.9230769230000002, "shelter_makeshift_nhts": 4.447115385, "food_malnourished": 0.30000001, "health_child_death": "", "health_maternal_death": 0.0, "he_flood": 2e-06, "he_volcano": 0.0, "he_landslide": 0.001056, "he_earthquake": 0.0}, "PH030806012": {"Water_Prop": 1.162791, "Food_Prop": "", "Shelter_Prop": 1.162791, "Health_Prop": 26.980197999999998, "Education_Prop": 8.064516000000001, "Work_Prop": 53.97351, "Peace_Prop": 6.976744, "Participation_Prop": 94.64285699999999, "SocialProtection_Prop": 95.89285699999999, "Environment_Prop": 13.619332, "shelter_electricity": 0.0, "health_center_attendance": 26.98019802, "work_farms": 1.438848921, "work_unskilled": 15.82733813, "health_programs": 51.1627907, "sp_philhealth": 51.1627907, "water_toilet": 1.162790698, "shelter_makeshift_nhts": 0.0, "food_malnourished": 4.5, "health_child_death": "", "health_maternal_death": 0.0, "he_flood": 1.9e-05, "he_volcano": 0.0, "he_landslide": 0.001056, "he_earthquake": 0.0}, "PH030806013": {"Water_Prop": 11.796453, "Food_Prop": 57.692308, "Shelter_Prop": 2.3901310000000002, "Health_Prop": 12.858095, "Education_Prop": 5.250965, "Work_Prop": 53.821096999999995, "Peace_Prop": 4.086353, "Participation_Prop": 99.22533299999999, "SocialProtection_Prop": 97.105192, "Environment_Prop": 22.134657999999998, "shelter_electricity": 9.020817271, "health_center_attendance": 12.8580946, "work_farms": 7.650569722999999, "work_unskilled": 28.05208899, "health_programs": 75.79028527, "sp_philhealth": 75.79028527, "water_toilet": 2.390131072, "shelter_makeshift_nhts": 0.578257517, "food_malnourished": 1.4, "health_child_death": "", "health_maternal_death": 0.0, "he_flood": 1e-06, "he_volcano": 0.0, "he_landslide": 0.011982, "he_earthquake": 0.0}, "PH030806014": {"Water_Prop": 2.550091, "Food_Prop": 100.0, "Shelter_Prop": 0.910747, "Health_Prop": 22.503107999999997, "Education_Prop": 7.45098, "Work_Prop": 52.833753, "Peace_Prop": 10.382514, "Participation_Prop": 98.220339, "SocialProtection_Prop": 96.966102, "Environment_Prop": 30.930816999999998, "shelter_electricity": 9.836065574, "health_center_attendance": 22.50310816, "work_farms": 15.48731642, "work_unskilled": 27.10280374, "health_programs": 64.84517304, "sp_philhealth": 64.84517304,