{"PH037107001": {"water_access": 7.142857000000001, "food_tenure": "", "shelter_informal_settlers_nhts": 3.571429, "health_center_attendance": 48.251748, "educ_outofschool_all": 11.538461999999999, "work_unemployment": 53.125, "po_conflict": 14.285714000000002, "participation_assembly_attendance": 98.693759, "sp_sss": 94.920174, "he_risk": 51.357008, "shelter_electricity": 14.28571429, "health_center_attendance.1": 48.25174825, "work_farms": 0.0, "work_unskilled": 57.77777778, "health_programs": 85.71428571, "sp_philhealth": 85.71428571, "water_toilet": 3.571428571, "shelter_makeshift_nhts": 5.3571428569999995, "food_malnourished": 0.0, "health_child_death": 0.0, "health_maternal_death": 0.0, "he_flood": 3e-06, "he_volcano": 0.0, "he_landslide": 0.0, "he_earthquake": 0.0, "name": "Asinan"}, "PH037107002": {"water_access": 6.134969, "food_tenure": 0.0, "shelter_informal_settlers_nhts": 2.4539880000000003, "health_center_attendance": 66.00790500000001, "educ_outofschool_all": 4.878049, "work_unemployment": 53.974895, "po_conflict": 15.337423000000001, "participation_assembly_attendance": 98.584148, "sp_sss": 97.241279, "he_risk": 47.605916, "shelter_electricity": 9.81595092, "health_center_attendance.1": 66.00790514, "work_farms": 3.6363636360000005, "work_unskilled": 42.72727273, "health_programs": 69.93865031, "sp_philhealth": 69.93865031, "water_toilet": 28.83435583, "shelter_makeshift_nhts": 7.9754601229999995, "food_malnourished": 0.0, "health_child_death": 0.5, "health_maternal_death": 0.0, "he_flood": 1e-06, "he_volcano": 0.0, "he_landslide": 0.0, "he_earthquake": 0.0, "name": "Banicain"}, "PH037107003": {"water_access": 50.19084, "food_tenure": 21.153845999999998, "shelter_informal_settlers_nhts": 0.954198, "health_center_attendance": 72.578562, "educ_outofschool_all": 11.032028, "work_unemployment": 66.845999, "po_conflict": 15.458015, "participation_assembly_attendance": 97.931748, "sp_sss": 97.00620500000001, "he_risk": 40.568356, "shelter_electricity": 24.23664122, "health_center_attendance.1": 72.5785622, "work_farms": 3.448275862, "work_unskilled": 30.22312373, "health_programs": 81.10687023, "sp_philhealth": 81.10687023, "water_toilet": 22.90076336, "shelter_makeshift_nhts": 13.74045802, "food_malnourished": 0.2, "health_child_death": 0.2, "health_maternal_death": 0.0, "he_flood": 0.0, "he_volcano": 0.0, "he_landslide": 0.003167, "he_earthquake": 0.0, "name": "Barreto"}, "PH037107005": {"water_access": 10.989011, "food_tenure": 0.0, "shelter_informal_settlers_nhts": 0.7326010000000001, "health_center_attendance": 76.524823, "educ_outofschool_all": 9.470752000000001, "work_unemployment": 55.647059, "po_conflict": 1.465201, "participation_assembly_attendance": 98.199825, "sp_sss": 96.621031, "he_risk": 57.756116000000006, "shelter_electricity": 9.523809523999999, "health_center_attendance.1": 76.5248227, "work_farms": 0.26525198899999997, "work_unskilled": 45.62334218, "health_programs": 77.65567766, "sp_philhealth": 77.65567766, "water_toilet": 25.64102564, "shelter_makeshift_nhts": 4.395604396, "food_malnourished": 0.2, "health_child_death": 0.2, "health_maternal_death": 0.5, "he_flood": 0.0, "he_volcano": 0.0, "he_landslide": 0.001056, "he_earthquake": 0.0, "name": "East Bajac-bajac"}, "PH037107006": {"water_access": 3.8461540000000003, "food_tenure": "", "shelter_informal_settlers_nhts": 0.0, "health_center_attendance": 69.795918, "educ_outofschool_all": 13.333332999999998, "work_unemployment": 62.111801, "po_conflict": 17.307692000000003, "participation_assembly_attendance": 98.530206, "sp_sss": 95.904031, "he_risk": 48.249067, "shelter_electricity": 11.53846154, "health_center_attendance.1": 69.79591837, "work_farms": 0.0, "work_unskilled": 26.229508199999998, "health_programs": 80.76923077, "sp_philhealth": 80.76923077, "water_toilet": 28.84615385, "shelter_makeshift_nhts": 0.961538462, "food_malnourished": 0.1, "health_child_death": 0.0, "health_maternal_death": 0.0, "he_flood": 1e-06, "he_volcano": 0.0, "he_landslide": 0.001056, "he_earthquake": 0.0, "name": "East Tapinac"}, "PH037107008": {"water_access": 83.709869, "food_tenure": 66.666667, "shelter_informal_settlers_nhts": 2.734839, "health_center_attendance": 95.872518, "educ_outofschool_all": 7.497466999999999, "work_unemployment": 67.369346, "po_conflict": 1.783591, "participation_assembly_attendance": 98.98830500000001, "sp_sss": 96.821411, "he_risk": 4.835964, "shelter_electricity": 23.90011891, "health_center_attendance.1": 95.87251829, "work_farms": 2.69179004, "work_unskilled": 30.41722746, "health_programs": 82.52080856, "sp_philhealth": 82.52080856, "water_toilet": 4.280618312, "shelter_makeshift_nhts": 7.491082045, "food_malnourished": 0.2, "health_child_death": 0.1, "health_maternal_death": 0.0, "he_flood": 0.0, "he_volcano": 0.0, "he_landslide": 0.00322, "he_earthquake": 0.0, "name": "Gordon Heights"}, "PH037107011": {"water_access": 32.989691, "food_tenure": 0.0, "shelter_informal_settlers_nhts": 6.921944, "health_center_attendance": 90.248165, "educ_outofschool_all": 7.6051779999999995, "work_unemployment": 66.354626, "po_conflict": 13.991163, "participation_assembly_attendance": 99.071325, "sp_sss": 97.107407, "he_risk": 59.591733, "shelter_electricity": 21.06038292, "health_center_attendance.1": 90.24816498, "work_farms": 9.328968903, "work_unskilled": 25.53191489, "health_programs": 87.48159057, "sp_philhealth": 87.48159057, "water_toilet": 2.06185567, "shelter_makeshift_nhts": 12.15022091, "food_malnourished": 0.40000001, "health_child_death": 0.40000001, "health_maternal_death": 0.0, "he_flood": 0.0, "he_volcano": 0.0, "he_landslide": 0.001056, "he_earthquake": 0.07142899999999999, "name": "Kalaklan"}, "PH037107012": {"water_access": 7.109005000000001, "food_tenure": 0.0, "shelter_informal_settlers_nhts": 1.421801, "health_center_attendance": 74.903475, "educ_outofschool_all": 22.779923, "work_unemployment": 59.878418999999994, "po_conflict": 10.900474, "participation_assembly_attendance": 98.929445, "sp_sss": 97.09420899999999, "he_risk": 42.803745, "shelter_electricity": 14.21800948, "health_center_attendance.1": 74.9034749, "work_farms": 1.515151515, "work_unskilled": 29.16666667, "health_programs": 73.93364929, "sp_philhealth": 73.93364929, "water_toilet": 30.805687199999998, "shelter_makeshift_nhts": 3.08056872, "food_malnourished": 0.2, "health_child_death": 0.2, "health_maternal_death": 0.0, "he_flood": 1e-06, "he_volcano": 0.0, "he_landslide": 0.0, "he_earthquake": 0.0, "name": "New Kalalake"}, "PH037107013": {"water_access": 28.638498, "food_tenure": 40.0, "shelter_informal_settlers_nhts": 0.0, "health_center_attendance": 97.468354, "educ_outofschool_all": 10.798122, "work_unemployment": 70.419847, "po_conflict": 7.981221000000001, "participation_assembly_attendance": 99.152702, "sp_sss": 96.328375, "he_risk": 42.726981, "shelter_electricity": 18.30985915, "health_center_attendance.1": 97.46835443, "work_farms": 0.0, "work_unskilled": 12.25806452, "health_programs": 91.54929577, "sp_philhealth": 91.54929577, "water_toilet": 2.34741784, "shelter_makeshift_nhts": 3.990610329, "food_malnourished": 0.30000001, "health_child_death": 0.0, "health_maternal_death": 0.0, "he_flood": 0.0, "he_volcano": 0.0, "he_landslide": 0.001056, "he_earthquake": 0.0, "name": "Mabayuan"}, "PH037107014": {"water_access": 35.360679, "food_tenure": 33.333333, "shelter_informal_settlers_nhts": 0.942951, "health_center_attendance": 86.764105, "educ_outofschool_all": 17.544554, "work_unemployment": 58.240081, "po_conflict": 17.208864000000002, "participation_assembly_attendance": 98.480912, "sp_sss": 97.337086, "he_risk": 20.415039, "shelter_electricity": 22.91371994, "health_center_attendance.1": 86.76410466, "work_farms": 4.141291108, "work_unskilled": 42.95574503, "health_programs": 65.81801037, "sp_philhealth": 65.81801037, "water_toilet": 1.6973125880000002, "shelter_makeshift_nhts": 15.86515794, "food_malnourished": 1.3, "health_child_death": 0.2,