{"PH031401001": {"water_access": 21.100917000000003, "food_tenure": 25.0, "shelter_informal_settlers_nhts": 2.752294, "health_center_attendance": 63.414634, "educ_outofschool_all": 12.627986, "work_unemployment": 49.543147, "po_conflict": 0.30580999999999997, "participation_assembly_attendance": 97.663551, "sp_sss": 98.411215, "he_risk": 0.8196209999999999, "shelter_electricity": 7.645259939, "health_center_attendance.1": 63.41463415, "work_farms": 14.48692153, "work_unskilled": 32.99798793, "health_programs": 52.29357798, "sp_philhealth": 52.29357798, "water_toilet": 0.917431193, "shelter_makeshift_nhts": 4.587155963, "food_malnourished": 1.1, "health_child_death": "", "health_maternal_death": 6.3000002, "he_flood": 1e-06, "he_volcano": 0.0, "he_landslide": 0.001584, "he_earthquake": 0.0, "name": "Banaban"}, "PH031401002": {"water_access": 15.254237, "food_tenure": 0.0, "shelter_informal_settlers_nhts": 1.6949150000000002, "health_center_attendance": 58.844765, "educ_outofschool_all": 11.016949, "work_unemployment": 50.0, "po_conflict": 0.847458, "participation_assembly_attendance": 94.152047, "sp_sss": 98.94736800000001, "he_risk": 0.97598, "shelter_electricity": 9.322033897999999, "health_center_attendance.1": 58.84476534, "work_farms": 13.25966851, "work_unskilled": 35.35911602, "health_programs": 48.30508475, "sp_philhealth": 48.30508475, "water_toilet": 1.694915254, "shelter_makeshift_nhts": 4.6610169489999995, "food_malnourished": 0.0, "health_child_death": "", "health_maternal_death": 0.0, "he_flood": 2e-06, "he_volcano": 0.0, "he_landslide": 0.0, "he_earthquake": 0.0, "name": "Baybay"}, "PH031401003": {"water_access": 5.471125, "food_tenure": 38.461538, "shelter_informal_settlers_nhts": 1.519757, "health_center_attendance": 53.306878000000005, "educ_outofschool_all": 13.029827000000001, "work_unemployment": 47.205882, "po_conflict": 0.151976, "participation_assembly_attendance": 97.684292, "sp_sss": 98.49479000000001, "he_risk": 5.361093, "shelter_electricity": 6.23100304, "health_center_attendance.1": 53.30687831, "work_farms": 10.86350975, "work_unskilled": 32.31197772, "health_programs": 62.46200608, "sp_philhealth": 62.46200608, "water_toilet": 0.303951368, "shelter_makeshift_nhts": 3.039513678, "food_malnourished": 9.5, "health_child_death": "", "health_maternal_death": 2.0, "he_flood": 0.0, "he_volcano": 0.0, "he_landslide": 0.001584, "he_earthquake": 0.0, "name": "Binagbag"}, "PH031401005": {"water_access": 0.718133, "food_tenure": 0.0, "shelter_informal_settlers_nhts": 1.256732, "health_center_attendance": 94.585859, "educ_outofschool_all": 4.565217, "work_unemployment": 43.478260999999996, "po_conflict": 0.359066, "participation_assembly_attendance": 96.92662299999999, "sp_sss": 98.424894, "he_risk": 9.764466, "shelter_electricity": 3.231597846, "health_center_attendance.1": 94.58585859, "work_farms": 17.06114398, "work_unskilled": 24.35897436, "health_programs": 65.52962298, "sp_philhealth": 65.52962298, "water_toilet": 1.7953321359999999, "shelter_makeshift_nhts": 4.2190305210000005, "food_malnourished": 0.40000001, "health_child_death": "", "health_maternal_death": 0.0, "he_flood": 7e-06, "he_volcano": 0.0, "he_landslide": 0.0, "he_earthquake": 0.0, "name": "Donacion"}, "PH031401006": {"water_access": 11.003627999999999, "food_tenure": 33.783784000000004, "shelter_informal_settlers_nhts": 4.836759, "health_center_attendance": 87.996841, "educ_outofschool_all": 18.946188, "work_unemployment": 46.415699, "po_conflict": 0.725514, "participation_assembly_attendance": 99.03537, "sp_sss": 98.67095400000001, "he_risk": 11.944445, "shelter_electricity": 8.827085852, "health_center_attendance.1": 87.99684127, "work_farms": 13.37817638, "work_unskilled": 26.83109118, "health_programs": 61.06408706, "sp_philhealth": 61.06408706, "water_toilet": 1.9347037480000002, "shelter_makeshift_nhts": 13.42200726, "food_malnourished": 2.5999999, "health_child_death": "", "health_maternal_death": 0.0, "he_flood": 2e-06, "he_volcano": 0.0, "he_landslide": 0.001056, "he_earthquake": 0.0, "name": "Encanto"}, "PH031401007": {"water_access": 45.192308000000004, "food_tenure": 0.0, "shelter_informal_settlers_nhts": 1.9230770000000001, "health_center_attendance": 63.495575, "educ_outofschool_all": 8.717949, "work_unemployment": 48.701299, "po_conflict": 0.48076899999999995, "participation_assembly_attendance": 91.02040799999999, "sp_sss": 99.346939, "he_risk": 2.618062, "shelter_electricity": 12.5, "health_center_attendance.1": 63.49557522, "work_farms": 24.05063291, "work_unskilled": 27.53164557, "health_programs": 45.67307692, "sp_philhealth": 45.67307692, "water_toilet": 4.326923077, "shelter_makeshift_nhts": 8.653846154, "food_malnourished": 1.4, "health_child_death": "", "health_maternal_death": 0.0, "he_flood": 1e-06, "he_volcano": 0.0, "he_landslide": 0.001584, "he_earthquake": 0.0, "name": "Laog"}, "PH031401008": {"water_access": 4.040404, "food_tenure": 72.093023, "shelter_informal_settlers_nhts": 0.8838379999999999, "health_center_attendance": 84.13252, "educ_outofschool_all": 6.404658, "work_unemployment": 47.470177, "po_conflict": 0.757576, "participation_assembly_attendance": 97.697974, "sp_sss": 98.043278, "he_risk": 10.699499000000001, "shelter_electricity": 5.050505051, "health_center_attendance.1": 84.13251962, "work_farms": 11.11981206, "work_unskilled": 21.22161316, "health_programs": 67.17171717, "sp_philhealth": 67.17171717, "water_toilet": 0.252525253, "shelter_makeshift_nhts": 4.356060606000001, "food_malnourished": 1.6, "health_child_death": "", "health_maternal_death": 0.0, "he_flood": 2e-06, "he_volcano": 0.0, "he_landslide": 0.0, "he_earthquake": 0.0, "name": "Marungko"}, "PH031401009": {"water_access": 0.558036, "food_tenure": 44.117647, "shelter_informal_settlers_nhts": 0.558036, "health_center_attendance": 89.499752, "educ_outofschool_all": 8.018868, "work_unemployment": 44.012945, "po_conflict": 0.111607, "participation_assembly_attendance": 98.914695, "sp_sss": 97.916214, "he_risk": 10.804437, "shelter_electricity": 3.794642857, "health_center_attendance.1": 89.49975235, "work_farms": 9.055876686, "work_unskilled": 26.33269107, "health_programs": 74.21875, "sp_philhealth": 74.21875, "water_toilet": 1.116071429, "shelter_makeshift_nhts": 6.082589286, "food_malnourished": 0.0, "health_child_death": "", "health_maternal_death": 0.0, "he_flood": 2e-06, "he_volcano": 0.0, "he_landslide": 0.0, "he_earthquake": 0.0, "name": "Niugan"}, "PH031401010": {"water_access": 0.909091, "food_tenure": 50.0, "shelter_informal_settlers_nhts": 1.515152, "health_center_attendance": 85.327635, "educ_outofschool_all": 11.262799000000001, "work_unemployment": 37.250787, "po_conflict": 0.0, "participation_assembly_attendance": 93.08915, "sp_sss": 99.101589, "he_risk": 1.5420639999999999, "shelter_electricity": 6.666666667, "health_center_attendance.1": 85.32763533, "work_farms": 16.72240803, "work_unskilled": 26.75585284, "health_programs": 67.27272727, "sp_philhealth": 67.27272727, "water_toilet": 1.515151515, "shelter_makeshift_nhts": 12.72727273, "food_malnourished": 0.0, "health_child_death": "", "health_maternal_death": 0.0, "he_flood": 7e-06, "he_volcano": 0.0, "he_landslide": 0.0, "he_earthquake": 0.0, "name": "Paltok"}, "PH031401013": {"water_access": 13.927226999999998, "food_tenure": 29.72973, "shelter_informal_settlers_nhts": 5.520703, "health_center_attendance": 88.922402, "educ_outofschool_all": 13.122722, "work_unemployment": 50.768592, "po_conflict": 0.125471, "participation_assembly_attendance": 97.975709, "sp_sss": 98.562753, "he_risk": 3.8709569999999998, "shelter_electricity": 8.155583437999999, "health_center_attendance.1": 88.92240197, "work_farms": 7.594936709, "work_unskilled": 36.96202532, "health_programs": 70.38895859, "sp_philhealth": 70.38895859, "water_toilet": 2.132998745, "shelter_makeshift_nhts": 12.48431619, "food_malnourished": 6.4000001, "health_child_death": "", "health_maternal_death": 7.099999900000001,