{"PH035418001": {"water_access": 0.177305, "food_tenure": 0.0, "shelter_informal_settlers_nhts": 7.2695039999999995, "health_center_attendance": 91.877364, "educ_outofschool_all": 12.190476, "work_unemployment": 52.721389, "po_conflict": 0.265957, "participation_assembly_attendance": 99.303531, "sp_sss": 1.2309689999999875, "he_risk": 3.329764, "shelter_electricity": 6.294326241, "health_center_attendance.1": 91.87736413, "work_farms": 17.61045426, "work_unskilled": 24.08214063, "health_programs": 68.26241135, "sp_philhealth": 31.737588650000006, "water_toilet": 7.8900709220000005, "shelter_makeshift_nhts": 1.285460993, "food_malnourished": "", "health_child_death": "", "health_maternal_death": "", "he_flood": 2e-06, "he_volcano": 0.0, "he_landslide": 0.0, "he_earthquake": 0.0, "name": "Concepcion"}, "PH035418002": {"water_access": 0.771208, "food_tenure": 26.666666999999997, "shelter_informal_settlers_nhts": 1.285347, "health_center_attendance": 96.08970699999999, "educ_outofschool_all": 21.875, "work_unemployment": 55.17799399999999, "po_conflict": 0.0, "participation_assembly_attendance": 98.275862, "sp_sss": 1.9000699999999995, "he_risk": 8.208132, "shelter_electricity": 4.370179949, "health_center_attendance.1": 96.08970673, "work_farms": 5.59566787, "work_unskilled": 24.00722022, "health_programs": 71.97943445, "sp_philhealth": 28.02056555, "water_toilet": 5.655526992, "shelter_makeshift_nhts": 1.799485861, "food_malnourished": "", "health_child_death": "", "health_maternal_death": "", "he_flood": 8e-06, "he_volcano": 0.0, "he_landslide": 0.0, "he_earthquake": 0.0, "name": "De La Paz"}, "PH035418003": {"water_access": 0.0, "food_tenure": "", "shelter_informal_settlers_nhts": 15.555556, "health_center_attendance": 98.426023, "educ_outofschool_all": 5.494505, "work_unemployment": 59.848485, "po_conflict": 0.0, "participation_assembly_attendance": 98.82904, "sp_sss": 1.920375000000007, "he_risk": 4.300199, "shelter_electricity": 18.66666667, "health_center_attendance.1": 98.42602309, "work_farms": 0.377358491, "work_unskilled": 43.01886792, "health_programs": 65.33333333, "sp_philhealth": 34.66666667, "water_toilet": 17.33333333, "shelter_makeshift_nhts": 5.777777778, "food_malnourished": "", "health_child_death": "", "health_maternal_death": "", "he_flood": 1e-05, "he_volcano": 0.0, "he_landslide": 0.0, "he_earthquake": 0.0, "name": "San Juan (Pob.)"}, "PH035418004": {"water_access": 0.473934, "food_tenure": "", "shelter_informal_settlers_nhts": 5.21327, "health_center_attendance": 94.703872, "educ_outofschool_all": 24.783862, "work_unemployment": 55.655004000000005, "po_conflict": 0.236967, "participation_assembly_attendance": 98.112317, "sp_sss": 1.651723000000004, "he_risk": 39.759403000000006, "shelter_electricity": 13.98104265, "health_center_attendance.1": 94.70387244, "work_farms": 0.733944954, "work_unskilled": 41.46788991, "health_programs": 66.3507109, "sp_philhealth": 33.649289100000004, "water_toilet": 14.69194313, "shelter_makeshift_nhts": 8.17535545, "food_malnourished": "", "health_child_death": "", "health_maternal_death": "", "he_flood": 8e-06, "he_volcano": 0.0, "he_landslide": 0.0, "he_earthquake": 0.0, "name": "San Agustin"}, "PH035418005": {"water_access": 0.0, "food_tenure": 22.222222, "shelter_informal_settlers_nhts": 1.3657059999999999, "health_center_attendance": 97.51938, "educ_outofschool_all": 11.940299000000001, "work_unemployment": 55.033556999999995, "po_conflict": 1.3657059999999999, "participation_assembly_attendance": 98.89387099999999, "sp_sss": 2.7503739999999937, "he_risk": 18.909370000000003, "shelter_electricity": 6.069802731, "health_center_attendance.1": 97.51937985, "work_farms": 1.4925373130000001, "work_unskilled": 38.43283582, "health_programs": 65.70561457, "sp_philhealth": 34.294385430000005, "water_toilet": 10.92564492, "shelter_makeshift_nhts": 1.669195751, "food_malnourished": "", "health_child_death": "", "health_maternal_death": "", "he_flood": 6e-06, "he_volcano": 0.0, "he_landslide": 0.0, "he_earthquake": 0.0, "name": "San Isidro"}, "PH035418006": {"water_access": 1.4285709999999998, "food_tenure": "", "shelter_informal_settlers_nhts": 13.928571, "health_center_attendance": 92.247423, "educ_outofschool_all": 7.678883, "work_unemployment": 62.253342, "po_conflict": 3.214286, "participation_assembly_attendance": 99.438393, "sp_sss": 2.0251870000000025, "he_risk": 3.243377, "shelter_electricity": 12.5, "health_center_attendance.1": 92.24742268, "work_farms": 2.5295109609999997, "work_unskilled": 41.48397976, "health_programs": 76.07142857, "sp_philhealth": 23.928571430000005, "water_toilet": 22.67857143, "shelter_makeshift_nhts": 4.285714286, "food_malnourished": "", "health_child_death": "", "health_maternal_death": "", "he_flood": 4e-06, "he_volcano": 0.0, "he_landslide": 0.0, "he_earthquake": 0.0, "name": "San Jose"}, "PH035418007": {"water_access": 2.994652, "food_tenure": 0.0, "shelter_informal_settlers_nhts": 4.278075, "health_center_attendance": 92.329256, "educ_outofschool_all": 16.969697, "work_unemployment": 56.24309399999999, "po_conflict": 0.320856, "participation_assembly_attendance": 98.87759399999999, "sp_sss": 2.414231000000001, "he_risk": 3.170604, "shelter_electricity": 7.379679144, "health_center_attendance.1": 92.32925586, "work_farms": 9.848484848, "work_unskilled": 23.65319865, "health_programs": 60.96256684, "sp_philhealth": 39.03743316, "water_toilet": 11.87165775, "shelter_makeshift_nhts": 1.176470588, "food_malnourished": "", "health_child_death": "", "health_maternal_death": "", "he_flood": 3e-06, "he_volcano": 0.0, "he_landslide": 0.0, "he_earthquake": 0.0, "name": "San Miguel"}, "PH035418008": {"water_access": 0.860215, "food_tenure": 77.108434, "shelter_informal_settlers_nhts": 3.010753, "health_center_attendance": 91.350531, "educ_outofschool_all": 19.181586, "work_unemployment": 54.585153000000005, "po_conflict": 0.215054, "participation_assembly_attendance": 98.634502, "sp_sss": 1.502048000000002, "he_risk": 2.286843, "shelter_electricity": 9.677419355, "health_center_attendance.1": 91.35053111, "work_farms": 21.95512821, "work_unskilled": 19.07051282, "health_programs": 64.94623656, "sp_philhealth": 35.05376344, "water_toilet": 2.150537634, "shelter_makeshift_nhts": 0.322580645, "food_malnourished": "", "health_child_death": "", "health_maternal_death": "", "he_flood": 7e-06, "he_volcano": 0.0, "he_landslide": 0.0, "he_earthquake": 0.0, "name": "San Nicolas"}, "PH035418009": {"water_access": 0.203252, "food_tenure": 50.0, "shelter_informal_settlers_nhts": 1.422764, "health_center_attendance": 98.635478, "educ_outofschool_all": 10.706638, "work_unemployment": 55.483405000000005, "po_conflict": 0.0, "participation_assembly_attendance": 97.070707, "sp_sss": 1.464646000000002, "he_risk": 14.977069, "shelter_electricity": 5.691056911, "health_center_attendance.1": 98.63547758, "work_farms": 2.7552674230000003, "work_unskilled": 32.90113452, "health_programs": 71.34146341, "sp_philhealth": 28.658536589999997, "water_toilet": 7.113821138, "shelter_makeshift_nhts": 1.4227642280000001, "food_malnourished": "", "health_child_death": "", "health_maternal_death": "", "he_flood": 1.2e-05, "he_volcano": 0.0, "he_landslide": 0.0, "he_earthquake": 0.0, "name": "San Pablo Libutad"}, "PH035418010": {"water_access": 1.0060360000000002, "food_tenure": 60.0, "shelter_informal_settlers_nhts": 0.804829, "health_center_attendance": 98.69158900000001, "educ_outofschool_all": 17.894737, "work_unemployment": 51.29683, "po_conflict": 0.0, "participation_assembly_attendance": 98.51909599999999, "sp_sss": 2.2798130000000043, "he_risk": 14.552048999999998, "shelter_electricity": 4.426559356, "health_center_attendance.1": 98.69158879, "work_farms": 3.25443787, "work_unskilled": 41.71597633, "health_programs": 76.86116700000001, "sp_philhealth": 23.13883299999999, "water_toilet": 5.4325955729999995, "shelter_makeshift_nhts": 1.0060362170000001, "food_malnourished": "",