{"PH034913001": {"Water_Prop": 0.0, "Food_Prop": 50.0, "Shelter_Prop": 2.5586349999999998, "Health_Prop": 86.687966, "Education_Prop": 9.329446, "Work_Prop": 46.052632, "Peace_Prop": 0.0, "Participation_Prop": 96.243094, "SocialProtection_Prop": 98.71086600000001, "Environment_Prop": 9.391445, "shelter_electricity": 4.47761194, "health_center_attendance": 86.68796592, "work_farms": 13.14363144, "work_unskilled": 32.65582656, "health_programs": 86.56716418, "sp_philhealth": 86.56716418, "water_toilet": 1.066098081, "shelter_makeshift_nhts": 0.852878465, "food_malnourished": "", "health_child_death": "", "health_maternal_death": "", "he_flood": 1e-06, "he_volcano": 0.0, "he_landslide": 0.0, "he_earthquake": 0.0}, "PH034913002": {"Water_Prop": 0.6993010000000001, "Food_Prop": 14.285714000000002, "Shelter_Prop": 2.097902, "Health_Prop": 92.467043, "Education_Prop": 5.434783, "Work_Prop": 49.350649, "Peace_Prop": 0.0, "Participation_Prop": 94.88189, "SocialProtection_Prop": 97.24409399999999, "Environment_Prop": 9.210704, "shelter_electricity": 1.3986013990000001, "health_center_attendance": 92.46704331, "work_farms": 12.82051282, "work_unskilled": 28.20512821, "health_programs": 79.72027972, "sp_philhealth": 79.72027972, "water_toilet": 0.0, "shelter_makeshift_nhts": 1.048951049, "food_malnourished": "", "health_child_death": "", "health_maternal_death": "", "he_flood": 2e-06, "he_volcano": 0.0, "he_landslide": 0.0, "he_earthquake": 0.0}, "PH034913003": {"Water_Prop": 0.0, "Food_Prop": 73.134328, "Shelter_Prop": 1.9230770000000001, "Health_Prop": 90.568475, "Education_Prop": 4.411765, "Work_Prop": 47.017544, "Peace_Prop": 0.0, "Participation_Prop": 94.28163, "SocialProtection_Prop": 97.641172, "Environment_Prop": 9.063528999999999, "shelter_electricity": 1.9230769230000002, "health_center_attendance": 90.56847545, "work_farms": 17.8807947, "work_unskilled": 34.76821192, "health_programs": 66.82692308, "sp_philhealth": 66.82692308, "water_toilet": 0.480769231, "shelter_makeshift_nhts": 0.480769231, "food_malnourished": "", "health_child_death": "", "health_maternal_death": "", "he_flood": 2e-06, "he_volcano": 0.0, "he_landslide": 0.0, "he_earthquake": 0.0}, "PH034913004": {"Water_Prop": 0.477707, "Food_Prop": 6.944444, "Shelter_Prop": 1.11465, "Health_Prop": 62.177329, "Education_Prop": 7.992895, "Work_Prop": 52.006508000000004, "Peace_Prop": 2.229299, "Participation_Prop": 97.51146, "SocialProtection_Prop": 98.526523, "Environment_Prop": 1.316871, "shelter_electricity": 6.210191083, "health_center_attendance": 62.17732884, "work_farms": 14.80225989, "work_unskilled": 43.72881356, "health_programs": 62.89808917, "sp_philhealth": 62.89808917, "water_toilet": 0.159235669, "shelter_makeshift_nhts": 3.025477707, "food_malnourished": "", "health_child_death": "", "health_maternal_death": "", "he_flood": 1e-06, "he_volcano": 0.0, "he_landslide": 0.0, "he_earthquake": 0.0}, "PH034913005": {"Water_Prop": 1.37931, "Food_Prop": 6.976744, "Shelter_Prop": 4.137931, "Health_Prop": 78.95652199999999, "Education_Prop": 11.71875, "Work_Prop": 51.898734000000005, "Peace_Prop": 0.689655, "Participation_Prop": 92.150171, "SocialProtection_Prop": 98.464164, "Environment_Prop": 0.29233899999999996, "shelter_electricity": 9.655172413999999, "health_center_attendance": 78.95652174, "work_farms": 35.78947368, "work_unskilled": 44.73684211, "health_programs": 53.10344828, "sp_philhealth": 53.10344828, "water_toilet": 5.517241379, "shelter_makeshift_nhts": 2.068965517, "food_malnourished": "", "health_child_death": "", "health_maternal_death": "", "he_flood": 8e-06, "he_volcano": 0.0, "he_landslide": 0.0, "he_earthquake": 0.0}, "PH034913006": {"Water_Prop": 0.369004, "Food_Prop": 100.0, "Shelter_Prop": 0.738007, "Health_Prop": 63.388215, "Education_Prop": 8.818342, "Work_Prop": 49.96573, "Peace_Prop": 9.04059, "Participation_Prop": 97.895589, "SocialProtection_Prop": 99.028733, "Environment_Prop": 8.711175, "shelter_electricity": 14.20664207, "health_center_attendance": 63.388214899999994, "work_farms": 10.82191781, "work_unskilled": 61.64383562, "health_programs": 54.42804428, "sp_philhealth": 54.42804428, "water_toilet": 5.166051661, "shelter_makeshift_nhts": 0.8302583029999999, "food_malnourished": "", "health_child_death": "", "health_maternal_death": "", "he_flood": 0.0, "he_volcano": 0.0, "he_landslide": 0.001056, "he_earthquake": 0.0}, "PH034913009": {"Water_Prop": 32.432432, "Food_Prop": 100.0, "Shelter_Prop": 1.621622, "Health_Prop": 77.59434, "Education_Prop": 16.489362, "Work_Prop": 54.856115, "Peace_Prop": 0.5405409999999999, "Participation_Prop": 95.449242, "SocialProtection_Prop": 99.766628, "Environment_Prop": 18.826461, "shelter_electricity": 28.64864865, "health_center_attendance": 77.59433962, "work_farms": 42.62948207, "work_unskilled": 36.25498008, "health_programs": 55.67567568, "sp_philhealth": 55.67567568, "water_toilet": 6.486486486, "shelter_makeshift_nhts": 0.810810811, "food_malnourished": "", "health_child_death": "", "health_maternal_death": "", "he_flood": 0.0, "he_volcano": 0.0, "he_landslide": 0.001056, "he_earthquake": 0.0}, "PH034913011": {"Water_Prop": 0.0, "Food_Prop": 12.698413, "Shelter_Prop": 0.0, "Health_Prop": 64.596273, "Education_Prop": 7.692308000000001, "Work_Prop": 44.915254, "Peace_Prop": 11.111111, "Participation_Prop": 89.285714, "SocialProtection_Prop": 98.095238, "Environment_Prop": 17.587746, "shelter_electricity": 11.11111111, "health_center_attendance": 64.59627329, "work_farms": 18.46153846, "work_unskilled": 61.53846154, "health_programs": 47.22222222, "sp_philhealth": 47.22222222, "water_toilet": 44.44444444, "shelter_makeshift_nhts": 0.0, "food_malnourished": "", "health_child_death": "", "health_maternal_death": "", "he_flood": 1.1e-05, "he_volcano": 0.0, "he_landslide": 0.001056, "he_earthquake": 0.0}, "PH034913013": {"Water_Prop": 0.4914, "Food_Prop": 7.894736999999999, "Shelter_Prop": 0.4914, "Health_Prop": 87.962419, "Education_Prop": 10.795455, "Work_Prop": 42.247744, "Peace_Prop": 0.2457, "Participation_Prop": 96.317728, "SocialProtection_Prop": 98.316675, "Environment_Prop": 1.267729, "shelter_electricity": 4.668304668, "health_center_attendance": 87.96241926, "work_farms": 23.57954545, "work_unskilled": 46.44886364, "health_programs": 77.14987715, "sp_philhealth": 77.14987715, "water_toilet": 6.3882063879999995, "shelter_makeshift_nhts": 0.368550369, "food_malnourished": "", "health_child_death": "", "health_maternal_death": "", "he_flood": 1e-06, "he_volcano": 0.0, "he_landslide": 0.001056, "he_earthquake": 0.0}, "PH034913016": {"Water_Prop": 6.440678, "Food_Prop": 27.272727000000003, "Shelter_Prop": 0.508475, "Health_Prop": 83.129681, "Education_Prop": 15.917603, "Work_Prop": 41.631674, "Peace_Prop": 0.169492, "Participation_Prop": 96.947874, "SocialProtection_Prop": 98.868313, "Environment_Prop": 9.126249000000001, "shelter_electricity": 6.610169492000001, "health_center_attendance": 83.12968073, "work_farms": 14.69681398, "work_unskilled": 42.95991778, "health_programs": 76.61016949, "sp_philhealth": 76.61016949, "water_toilet": 3.220338983, "shelter_makeshift_nhts": 0.33898305100000004, "food_malnourished": "", "health_child_death": "", "health_maternal_death": "", "he_flood": 0.0, "he_volcano": 0.0, "he_landslide": 0.001056, "he_earthquake": 0.0}, "PH034913017": {"Water_Prop": 1.6923080000000001, "Food_Prop": 92.85714300000001, "Shelter_Prop": 0.769231, "Health_Prop": 61.909758999999994, "Education_Prop": 15.916398999999998, "Work_Prop": 41.459627000000005, "Peace_Prop": 3.692308, "Participation_Prop": 97.870249, "SocialProtection_Prop": 99.017038, "Environment_Prop": 17.639131, "shelter_electricity": 5.538461538, "health_center_attendance": 61.90975866, "work_farms": 13.79310345, "work_unskilled": 58.26702034, "health_programs": 61.84615385, "sp_philhealth": 61.84615385, "water_toilet": 14.46153846, "shelter_makeshift_nhts": 0.692307692, "food_malnourished": "", "health_child_death": "",