{"PH045637001": {"Water_Prop": 54.21686700000001, "Food_Prop": 73.333333, "Shelter_Prop": 0.0, "Health_Prop": 17.027027, "Education_Prop": 1.041667, "Work_Prop": 45.564516, "Peace_Prop": 36.144578, "Participation_Prop": 57.803468, "SocialProtection_Prop": 98.265896, "Environment_Prop": 8.705926, "shelter_electricity": 16.86746988, "health_center_attendance": 17.02702703, "work_farms": 29.62962963, "work_unskilled": 41.48148148, "health_programs": 12.04819277, "sp_philhealth": 12.04819277, "water_toilet": 0.0, "shelter_makeshift_nhts": 1.2048192770000001, "food_malnourished": "", "health_child_death": "", "health_maternal_death": "", "he_flood": 0.0, "he_volcano": 0.0, "he_landslide": 0.000792, "he_earthquake": 0.0, "name": "Apad"}, "PH045637002": {"Water_Prop": 21.666667, "Food_Prop": 21.538462, "Shelter_Prop": 0.0, "Health_Prop": 16.491228, "Education_Prop": 4.054054, "Work_Prop": 41.340782, "Peace_Prop": 36.666667, "Participation_Prop": 62.305296, "SocialProtection_Prop": 99.376947, "Environment_Prop": 0.019066999999999997, "shelter_electricity": 26.66666667, "health_center_attendance": 16.49122807, "work_farms": 19.04761905, "work_unskilled": 52.38095238, "health_programs": 8.333333332999999, "sp_philhealth": 8.333333332999999, "water_toilet": 1.6666666669999999, "shelter_makeshift_nhts": 0.0, "food_malnourished": "", "health_child_death": "", "health_maternal_death": "", "he_flood": 3e-06, "he_volcano": 0.0, "he_landslide": 0.000792, "he_earthquake": 0.0, "name": "Argosino"}, "PH045637003": {"Water_Prop": 7.2916669999999995, "Food_Prop": 73.770492, "Shelter_Prop": 0.0, "Health_Prop": 11.228814, "Education_Prop": 2.358491, "Work_Prop": 45.257903000000006, "Peace_Prop": 27.604166999999997, "Participation_Prop": 62.630480000000006, "SocialProtection_Prop": 99.06054300000001, "Environment_Prop": 8.094632, "shelter_electricity": 14.0625, "health_center_attendance": 11.22881356, "work_farms": 30.69908815, "work_unskilled": 39.20972644, "health_programs": 8.333333332999999, "sp_philhealth": 8.333333332999999, "water_toilet": 0.520833333, "shelter_makeshift_nhts": 0.520833333, "food_malnourished": "", "health_child_death": "", "health_maternal_death": "", "he_flood": 0.0, "he_volcano": 0.0, "he_landslide": 0.000792, "he_earthquake": 0.0, "name": "Cagbalogo"}, "PH045637004": {"Water_Prop": 18.181818, "Food_Prop": 0.0, "Shelter_Prop": 0.0, "Health_Prop": 12.634822999999999, "Education_Prop": 2.702703, "Work_Prop": 45.647059000000006, "Peace_Prop": 31.468531, "Participation_Prop": 67.114094, "SocialProtection_Prop": 99.328859, "Environment_Prop": 8.399772, "shelter_electricity": 20.27972028, "health_center_attendance": 12.6348228, "work_farms": 19.48051948, "work_unskilled": 44.58874459, "health_programs": 16.78321678, "sp_philhealth": 16.78321678, "water_toilet": 0.699300699, "shelter_makeshift_nhts": 0.0, "food_malnourished": "", "health_child_death": "", "health_maternal_death": "", "he_flood": 1e-06, "he_volcano": 0.0, "he_landslide": 0.000792, "he_earthquake": 0.0, "name": "Caridad"}, "PH045637005": {"Water_Prop": 13.978495, "Food_Prop": 100.0, "Shelter_Prop": 1.075269, "Health_Prop": 10.796915, "Education_Prop": 1.25, "Work_Prop": 48.0, "Peace_Prop": 36.55914, "Participation_Prop": 67.272727, "SocialProtection_Prop": 99.090909, "Environment_Prop": 8.399505, "shelter_electricity": 7.52688172, "health_center_attendance": 10.79691517, "work_farms": 27.97202797, "work_unskilled": 32.86713287, "health_programs": 6.451612902999999, "sp_philhealth": 6.451612902999999, "water_toilet": 0.0, "shelter_makeshift_nhts": 0.537634409, "food_malnourished": "", "health_child_death": "", "health_maternal_death": "", "he_flood": 2e-06, "he_volcano": 0.0, "he_landslide": 0.000792, "he_earthquake": 0.0, "name": "Cometa"}, "PH045637006": {"Water_Prop": 18.421053, "Food_Prop": 26.315789000000002, "Shelter_Prop": 0.0, "Health_Prop": 18.950437, "Education_Prop": 2.564103, "Work_Prop": 48.660714, "Peace_Prop": 32.894737, "Participation_Prop": 74.074074, "SocialProtection_Prop": 99.259259, "Environment_Prop": 0.014166999999999999, "shelter_electricity": 15.78947368, "health_center_attendance": 18.95043732, "work_farms": 44.34782609, "work_unskilled": 33.91304348, "health_programs": 13.15789474, "sp_philhealth": 13.15789474, "water_toilet": 1.315789474, "shelter_makeshift_nhts": 0.0, "food_malnourished": "", "health_child_death": "", "health_maternal_death": "", "he_flood": 0.0, "he_volcano": 0.0, "he_landslide": 0.000792, "he_earthquake": 0.0, "name": "Del Pilar"}, "PH045637007": {"Water_Prop": 62.962963, "Food_Prop": 79.104478, "Shelter_Prop": 0.617284, "Health_Prop": 13.399154000000001, "Education_Prop": 1.3157889999999999, "Work_Prop": 53.92156899999999, "Peace_Prop": 38.888889, "Participation_Prop": 64.516129, "SocialProtection_Prop": 99.483871, "Environment_Prop": 8.708884, "shelter_electricity": 12.34567901, "health_center_attendance": 13.39915374, "work_farms": 36.17021277, "work_unskilled": 29.78723404, "health_programs": 11.11111111, "sp_philhealth": 11.11111111, "water_toilet": 0.617283951, "shelter_makeshift_nhts": 0.0, "food_malnourished": "", "health_child_death": "", "health_maternal_death": "", "he_flood": 0.0, "he_volcano": 0.0, "he_landslide": 0.000792, "he_earthquake": 0.0, "name": "Guinhawa"}, "PH045637008": {"Water_Prop": 6.741573, "Food_Prop": 100.0, "Shelter_Prop": 0.0, "Health_Prop": 10.4, "Education_Prop": 4.081633, "Work_Prop": 44.84127, "Peace_Prop": 43.820225, "Participation_Prop": 55.865922, "SocialProtection_Prop": 99.16201099999999, "Environment_Prop": 0.302517, "shelter_electricity": 17.97752809, "health_center_attendance": 10.4, "work_farms": 32.37410072, "work_unskilled": 31.65467626, "health_programs": 7.865168539, "sp_philhealth": 7.865168539, "water_toilet": 3.370786517, "shelter_makeshift_nhts": 1.123595506, "food_malnourished": "", "health_child_death": "", "health_maternal_death": "", "he_flood": 2e-06, "he_volcano": 0.0, "he_landslide": 0.000792, "he_earthquake": 0.0, "name": "Gumubat"}, "PH045637009": {"Water_Prop": 16.666667, "Food_Prop": 17.241379000000002, "Shelter_Prop": 0.0, "Health_Prop": 12.037037, "Education_Prop": 0.793651, "Work_Prop": 48.924731, "Peace_Prop": 37.121212, "Participation_Prop": 61.068702, "SocialProtection_Prop": 98.473282, "Environment_Prop": 8.708791999999999, "shelter_electricity": 13.63636364, "health_center_attendance": 12.03703704, "work_farms": 30.0, "work_unskilled": 40.52631579, "health_programs": 12.87878788, "sp_philhealth": 12.87878788, "water_toilet": 0.0, "shelter_makeshift_nhts": 0.378787879, "food_malnourished": "", "health_child_death": "", "health_maternal_death": "", "he_flood": 1e-06, "he_volcano": 0.0, "he_landslide": 0.000792, "he_earthquake": 0.0, "name": "Magsino"}, "PH045637010": {"Water_Prop": 34.459459, "Food_Prop": 20.3125, "Shelter_Prop": 1.351351, "Health_Prop": 19.70684, "Education_Prop": 1.503759, "Work_Prop": 46.987952, "Peace_Prop": 34.459459, "Participation_Prop": 68.11989100000001, "SocialProtection_Prop": 99.046322, "Environment_Prop": 8.700858, "shelter_electricity": 8.783783784, "health_center_attendance": 19.70684039, "work_farms": 26.36363636, "work_unskilled": 43.63636364, "health_programs": 9.459459459, "sp_philhealth": 9.459459459, "water_toilet": 0.6756756759999999, "shelter_makeshift_nhts": 1.013513514, "food_malnourished": "", "health_child_death": "", "health_maternal_death": "", "he_flood": 0.0, "he_volcano": 0.0, "he_landslide": 0.000792, "he_earthquake": 0.0, "name": "Mascari\u00cc\u00b1a"}, "PH045637011": {"Water_Prop": 10.227273, "Food_Prop": 14.754098, "Shelter_Prop": 1.136364, "Health_Prop": 23.324397, "Education_Prop": 2.702703, "Work_Prop": 47.490347, "Peace_Prop": 37.5, "Participation_Prop": 53.619303, "SocialProtection_Prop": "", "Environment_Prop": 8.700633, "shelter_electricity": 7.954545455, "health_center_attendance": 23.32439678, "work_farms": 27.94117647, "work_unskilled": 36.02941176, "health_programs": 15.90909091, "sp_philhealth": 15.90909091,