{"PH041020001": {"water_access": 0.362976, "food_tenure": 33.333333, "shelter_informal_settlers_nhts": 0.181488, "health_center_attendance": 85.096497, "educ_outofschool_all": 3.91791, "work_unemployment": 43.059061, "po_conflict": 17.241379000000002, "participation_assembly_attendance": 96.688742, "sp_sss": 96.628537, "he_risk": 23.679829, "shelter_electricity": 1.4519056259999998, "health_center_attendance.1": 85.0964975, "work_farms": 4.3439716310000005, "work_unskilled": 15.514184400000001, "health_programs": 12.52268603, "sp_philhealth": 12.52268603, "water_toilet": 0.36297640700000006, "shelter_makeshift_nhts": 0.998185118, "food_malnourished": 2.610966, "health_child_death": "", "health_maternal_death": 0.0, "he_flood": 0.0, "he_volcano": 0.0, "he_landslide": 0.0, "he_earthquake": 0.0, "name": "Banaba"}, "PH041020002": {"water_access": 0.22831100000000001, "food_tenure": 80.0, "shelter_informal_settlers_nhts": 1.141553, "health_center_attendance": 52.264493, "educ_outofschool_all": 5.4158610000000005, "work_unemployment": 39.724138, "po_conflict": 14.155251000000002, "participation_assembly_attendance": 96.885813, "sp_sss": 97.058824, "he_risk": 2.1313020000000003, "shelter_electricity": 1.598173516, "health_center_attendance.1": 52.26449275, "work_farms": 8.466819222, "work_unskilled": 35.35469108, "health_programs": 28.53881279, "sp_philhealth": 28.53881279, "water_toilet": 0.9132420090000001, "shelter_makeshift_nhts": 1.02739726, "food_malnourished": 4.1666665, "health_child_death": "", "health_maternal_death": 0.0, "he_flood": 0.0, "he_volcano": 0.0, "he_landslide": 0.0, "he_earthquake": 0.0, "name": "Banaybanay"}, "PH041020014": {"water_access": 1.518027, "food_tenure": 16.666667, "shelter_informal_settlers_nhts": 1.13852, "health_center_attendance": 50.328565999999995, "educ_outofschool_all": 4.210526, "work_unemployment": 45.220378000000004, "po_conflict": 15.559772, "participation_assembly_attendance": 94.421544, "sp_sss": 97.251992, "he_risk": 18.295192, "shelter_electricity": 2.84629981, "health_center_attendance.1": 50.32856591, "work_farms": 3.657262278, "work_unskilled": 32.49738767, "health_programs": 35.10436433, "sp_philhealth": 35.10436433, "water_toilet": 1.1385199240000001, "shelter_makeshift_nhts": 1.707779886, "food_malnourished": 0.0, "health_child_death": "", "health_maternal_death": 0.0, "he_flood": 0.0, "he_volcano": 0.0, "he_landslide": 0.0, "he_earthquake": 0.0, "name": "Bawi"}, "PH041020015": {"water_access": 0.27248, "food_tenure": "", "shelter_informal_settlers_nhts": 0.544959, "health_center_attendance": 57.73624100000001, "educ_outofschool_all": 3.917526, "work_unemployment": 44.543974, "po_conflict": 27.792915999999998, "participation_assembly_attendance": 97.811159, "sp_sss": 97.038627, "he_risk": 0.475314, "shelter_electricity": 3.814713896, "health_center_attendance.1": 57.73624091, "work_farms": 8.516886931, "work_unskilled": 39.79441997, "health_programs": 32.42506812, "sp_philhealth": 32.42506812, "water_toilet": 2.452316076, "shelter_makeshift_nhts": 0.8174386920000001, "food_malnourished": 0.0, "health_child_death": "", "health_maternal_death": 0.0, "he_flood": 0.0, "he_volcano": 0.0, "he_landslide": 0.0, "he_earthquake": 0.0, "name": "Bukal"}, "PH041020016": {"water_access": 4.366812, "food_tenure": 13.043478, "shelter_informal_settlers_nhts": 1.310044, "health_center_attendance": 52.690167, "educ_outofschool_all": 3.3057849999999998, "work_unemployment": 45.541838, "po_conflict": 31.877729, "participation_assembly_attendance": 90.843104, "sp_sss": 97.87828, "he_risk": 17.093203, "shelter_electricity": 2.183406114, "health_center_attendance.1": 52.69016698, "work_farms": 6.549118387999999, "work_unskilled": 35.26448363, "health_programs": 27.94759825, "sp_philhealth": 27.94759825, "water_toilet": 2.183406114, "shelter_makeshift_nhts": 0.655021834, "food_malnourished": 0.0, "health_child_death": "", "health_maternal_death": 0.0, "he_flood": 0.0, "he_volcano": 0.0, "he_landslide": 0.0, "he_earthquake": 0.0, "name": "Castillo"}, "PH041020017": {"water_access": 0.746269, "food_tenure": 83.82352900000001, "shelter_informal_settlers_nhts": 0.746269, "health_center_attendance": 74.342836, "educ_outofschool_all": 5.9485529999999995, "work_unemployment": 43.526012, "po_conflict": 19.589551999999998, "participation_assembly_attendance": 97.17833, "sp_sss": 97.291196, "he_risk": 27.035207, "shelter_electricity": 3.1716417910000003, "health_center_attendance.1": 74.34283599, "work_farms": 8.802456499, "work_unskilled": 30.80859775, "health_programs": 24.81343284, "sp_philhealth": 24.81343284, "water_toilet": 0.746268657, "shelter_makeshift_nhts": 2.985074627, "food_malnourished": 2.4498887000000003, "health_child_death": "", "health_maternal_death": 3.1746032000000004, "he_flood": 0.0, "he_volcano": 0.0, "he_landslide": 0.0, "he_earthquake": 0.0, "name": "Cawongan"}, "PH041020018": {"water_access": 0.5882350000000001, "food_tenure": "", "shelter_informal_settlers_nhts": 1.1764709999999998, "health_center_attendance": 63.216958, "educ_outofschool_all": 3.428571, "work_unemployment": 44.846293, "po_conflict": 4.117647, "participation_assembly_attendance": 93.367347, "sp_sss": 97.193878, "he_risk": 1.758931, "shelter_electricity": 1.764705882, "health_center_attendance.1": 63.21695761, "work_farms": 10.81967213, "work_unskilled": 25.24590164, "health_programs": 49.41176471, "sp_philhealth": 49.41176471, "water_toilet": 0.0, "shelter_makeshift_nhts": 0.294117647, "food_malnourished": 0.0, "health_child_death": "", "health_maternal_death": 0.0, "he_flood": 0.0, "he_volcano": 0.0, "he_landslide": 0.0, "he_earthquake": 0.0, "name": "Manggas"}, "PH041020019": {"water_access": 10.625, "food_tenure": 0.0, "shelter_informal_settlers_nhts": 0.625, "health_center_attendance": 63.39285699999999, "educ_outofschool_all": 10.160428, "work_unemployment": 50.290135, "po_conflict": 20.625, "participation_assembly_attendance": 86.352357, "sp_sss": 98.63523599999999, "he_risk": 0.662756, "shelter_electricity": 0.625, "health_center_attendance.1": 63.39285714, "work_farms": 18.677042800000002, "work_unskilled": 29.18287938, "health_programs": 37.5, "sp_philhealth": 37.5, "water_toilet": 2.5, "shelter_makeshift_nhts": 0.9375, "food_malnourished": 5.7142859, "health_child_death": "", "health_maternal_death": 0.0, "he_flood": 0.0, "he_volcano": 0.0, "he_landslide": 0.0, "he_earthquake": 0.0, "name": "Maugat East"}, "PH041020020": {"water_access": 0.6134970000000001, "food_tenure": 16.666667, "shelter_informal_settlers_nhts": 1.2269940000000001, "health_center_attendance": 49.646226, "educ_outofschool_all": 3.5989720000000003, "work_unemployment": 46.949602, "po_conflict": 39.263804, "participation_assembly_attendance": 94.657601, "sp_sss": 97.66877099999999, "he_risk": 0.662621, "shelter_electricity": 2.7607361960000003, "health_center_attendance.1": 49.64622642, "work_farms": 16.83333333, "work_unskilled": 38.5, "health_programs": 31.28834356, "sp_philhealth": 31.28834356, "water_toilet": 5.521472393, "shelter_makeshift_nhts": 2.300613497, "food_malnourished": 1.7467248, "health_child_death": "", "health_maternal_death": 0.0, "he_flood": 0.0, "he_volcano": 0.0, "he_landslide": 0.0, "he_earthquake": 0.0, "name": "Maugat West"}, "PH041020021": {"water_access": 0.572519, "food_tenure": "", "shelter_informal_settlers_nhts": 0.954198, "health_center_attendance": 63.547377000000004, "educ_outofschool_all": 3.642987, "work_unemployment": 41.883303999999995, "po_conflict": 8.206107000000001, "participation_assembly_attendance": 98.283262, "sp_sss": 97.188841, "he_risk": 18.670059, "shelter_electricity": 3.435114504, "health_center_attendance.1": 63.54737666, "work_farms": 8.946322067999999, "work_unskilled": 21.66998012, "health_programs": 53.6259542, "sp_philhealth": 53.6259542, "water_toilet": 0.572519084, "shelter_makeshift_nhts": 0.763358779, "food_malnourished": 0.97465885, "health_child_death": "", "health_maternal_death": 0.0,