{"PH043427001": {"Water_Prop": 2.666667, "Food_Prop": 0.0, "Shelter_Prop": 2.222222, "Health_Prop": 52.889324, "Education_Prop": 2.941176, "Work_Prop": 35.074627, "Peace_Prop": 0.0, "Participation_Prop": 93.333333, "SocialProtection_Prop": 97.719298, "Environment_Prop": 1.0296889999999999, "shelter_electricity": 7.1111111110000005, "health_center_attendance": 52.88932419, "work_farms": 22.29885057, "work_unskilled": 24.36781609, "health_programs": 40.88888889, "sp_philhealth": 40.88888889, "water_toilet": 2.222222222, "shelter_makeshift_nhts": 1.333333333, "food_malnourished": "", "health_child_death": "", "health_maternal_death": "", "he_flood": 0.0, "he_volcano": 0.0, "he_landslide": 0.001584, "he_earthquake": 0.0}, "PH043427002": {"Water_Prop": 5.4862839999999995, "Food_Prop": "", "Shelter_Prop": 3.491272, "Health_Prop": 46.978770000000004, "Education_Prop": 3.394256, "Work_Prop": 42.75646, "Peace_Prop": 2.244389, "Participation_Prop": 96.627245, "SocialProtection_Prop": 97.897503, "Environment_Prop": 12.40933, "shelter_electricity": 4.987531172, "health_center_attendance": 46.97876973, "work_farms": 7.1135430920000005, "work_unskilled": 24.21340629, "health_programs": 43.39152120000001, "sp_philhealth": 43.39152120000001, "water_toilet": 0.0, "shelter_makeshift_nhts": 0.623441397, "food_malnourished": "", "health_child_death": "", "health_maternal_death": "", "he_flood": 0.0, "he_volcano": 0.0, "he_landslide": 0.001584, "he_earthquake": 0.0}, "PH043427003": {"Water_Prop": 38.196286, "Food_Prop": 12.5, "Shelter_Prop": 4.509284, "Health_Prop": 36.042403, "Education_Prop": 4.024768, "Work_Prop": 39.896373, "Peace_Prop": 0.0, "Participation_Prop": 95.699541, "SocialProtection_Prop": 98.165138, "Environment_Prop": 0.681573, "shelter_electricity": 7.957559682, "health_center_attendance": 36.04240283, "work_farms": 23.70689655, "work_unskilled": 23.85057471, "health_programs": 30.23872679, "sp_philhealth": 30.23872679, "water_toilet": 0.530503979, "shelter_makeshift_nhts": 0.928381963, "food_malnourished": "", "health_child_death": "", "health_maternal_death": "", "he_flood": 0.0, "he_volcano": 0.0, "he_landslide": 0.018738, "he_earthquake": 0.0}, "PH043427004": {"Water_Prop": 34.583333, "Food_Prop": 72.28915699999999, "Shelter_Prop": 3.333333, "Health_Prop": 64.306499, "Education_Prop": 5.0, "Work_Prop": 41.666667, "Peace_Prop": 1.666667, "Participation_Prop": 91.849255, "SocialProtection_Prop": 99.211218, "Environment_Prop": 0.6886180000000001, "shelter_electricity": 8.75, "health_center_attendance": 64.30649855, "work_farms": 37.24489796, "work_unskilled": 28.31632653, "health_programs": 45.41666667, "sp_philhealth": 45.41666667, "water_toilet": 3.333333333, "shelter_makeshift_nhts": 2.5, "food_malnourished": "", "health_child_death": "", "health_maternal_death": "", "he_flood": 0.0, "he_volcano": 0.0, "he_landslide": 0.001584, "he_earthquake": 0.0}, "PH043427005": {"Water_Prop": 28.571429, "Food_Prop": 30.769231, "Shelter_Prop": 4.571429, "Health_Prop": 30.792498, "Education_Prop": 4.123711, "Work_Prop": 44.954128000000004, "Peace_Prop": 0.28571399999999997, "Participation_Prop": 92.05155699999999, "SocialProtection_Prop": 97.744361, "Environment_Prop": 10.122596000000001, "shelter_electricity": 7.714285714, "health_center_attendance": 30.79249849, "work_farms": 8.666666667000001, "work_unskilled": 29.33333333, "health_programs": 38.85714286, "sp_philhealth": 38.85714286, "water_toilet": 1.142857143, "shelter_makeshift_nhts": 2.5714285709999998, "food_malnourished": "", "health_child_death": "", "health_maternal_death": "", "he_flood": 0.0, "he_volcano": 0.0, "he_landslide": 0.001584, "he_earthquake": 0.0}, "PH043427006": {"Water_Prop": 73.825503, "Food_Prop": 3.225806, "Shelter_Prop": 0.671141, "Health_Prop": 51.323176000000004, "Education_Prop": 3.284672, "Work_Prop": 44.0, "Peace_Prop": 1.0067110000000001, "Participation_Prop": 95.045732, "SocialProtection_Prop": 98.018293, "Environment_Prop": 0.688393, "shelter_electricity": 10.06711409, "health_center_attendance": 51.32317562, "work_farms": 32.14285714, "work_unskilled": 28.57142857, "health_programs": 41.94630872, "sp_philhealth": 41.94630872, "water_toilet": 3.0201342280000003, "shelter_makeshift_nhts": 4.026845638, "food_malnourished": "", "health_child_death": "", "health_maternal_death": "", "he_flood": 0.0, "he_volcano": 0.0, "he_landslide": 0.001584, "he_earthquake": 0.0}, "PH043427007": {"Water_Prop": 39.552239, "Food_Prop": 27.39726, "Shelter_Prop": 0.746269, "Health_Prop": 56.0, "Education_Prop": 3.0726259999999996, "Work_Prop": 43.19788, "Peace_Prop": 4.726368, "Participation_Prop": 96.527452, "SocialProtection_Prop": 98.357579, "Environment_Prop": 0.7267399999999999, "shelter_electricity": 14.17910448, "health_center_attendance": 56.0, "work_farms": 30.94867807, "work_unskilled": 29.23794712, "health_programs": 45.77114428, "sp_philhealth": 45.77114428, "water_toilet": 1.4925373130000001, "shelter_makeshift_nhts": 6.343283582000001, "food_malnourished": "", "health_child_death": "", "health_maternal_death": "", "he_flood": 0.0, "he_volcano": 0.0, "he_landslide": 0.003431, "he_earthquake": 0.0}, "PH043427008": {"Water_Prop": 22.505308, "Food_Prop": 4.83871, "Shelter_Prop": 0.42462799999999995, "Health_Prop": 55.987627, "Education_Prop": 3.6217300000000003, "Work_Prop": 44.054581, "Peace_Prop": 0.42462799999999995, "Participation_Prop": 96.86274499999999, "SocialProtection_Prop": 98.588235, "Environment_Prop": 1.541503, "shelter_electricity": 11.67728238, "health_center_attendance": 55.98762704, "work_farms": 23.80952381, "work_unskilled": 26.13240418, "health_programs": 32.27176221, "sp_philhealth": 32.27176221, "water_toilet": 2.547770701, "shelter_makeshift_nhts": 0.212314225, "food_malnourished": "", "health_child_death": "", "health_maternal_death": "", "he_flood": 0.0, "he_volcano": 0.0, "he_landslide": 0.016996999999999998, "he_earthquake": 0.0}, "PH043427009": {"Water_Prop": 95.04950500000001, "Food_Prop": 18.75, "Shelter_Prop": 0.49505, "Health_Prop": 63.285024, "Education_Prop": 5.91133, "Work_Prop": 42.322835, "Peace_Prop": 0.990099, "Participation_Prop": 94.247363, "SocialProtection_Prop": 98.75359499999999, "Environment_Prop": 10.012219, "shelter_electricity": 27.22772277, "health_center_attendance": 63.28502415, "work_farms": 29.69283276, "work_unskilled": 41.97952218, "health_programs": 41.08910891, "sp_philhealth": 41.08910891, "water_toilet": 3.465346535, "shelter_makeshift_nhts": 3.2178217819999997, "food_malnourished": "", "health_child_death": "", "health_maternal_death": "", "he_flood": 0.0, "he_volcano": 0.0, "he_landslide": 0.01763, "he_earthquake": 0.0}, "PH043427010": {"Water_Prop": 21.428570999999998, "Food_Prop": 14.285714000000002, "Shelter_Prop": 3.174603, "Health_Prop": 49.23339, "Education_Prop": 2.7586209999999998, "Work_Prop": 51.219512, "Peace_Prop": 0.0, "Participation_Prop": 92.511521, "SocialProtection_Prop": 97.35023000000001, "Environment_Prop": 0.407947, "shelter_electricity": 6.349206349, "health_center_attendance": 49.23339012, "work_farms": 25.0, "work_unskilled": 42.77777778, "health_programs": 30.15873016, "sp_philhealth": 30.15873016, "water_toilet": 0.793650794, "shelter_makeshift_nhts": 9.523809523999999, "food_malnourished": "", "health_child_death": "", "health_maternal_death": "", "he_flood": 0.0, "he_volcano": 0.0, "he_landslide": 0.001584, "he_earthquake": 0.0}, "PH043427011": {"Water_Prop": 66.666667, "Food_Prop": 53.333332999999996, "Shelter_Prop": 0.9523809999999999, "Health_Prop": 47.884187, "Education_Prop": 6.315789, "Work_Prop": 50.0, "Peace_Prop": 0.0, "Participation_Prop": 85.82230600000001, "SocialProtection_Prop": 98.86578399999999, "Environment_Prop": 10.069403, "shelter_electricity": 10.47619048, "health_center_attendance": 47.88418708, "work_farms": 32.43243243, "work_unskilled": 36.48648649, "health_programs": 37.14285714, "sp_philhealth": 37.14285714, "water_toilet": 0.0, "shelter_makeshift_nhts": 6.19047619,