{"PH041009001": {"Water_Prop": 32.967033, "Food_Prop": 55.555556, "Shelter_Prop": 0.0, "Health_Prop": 84.490399, "Education_Prop": 10.958903999999999, "Work_Prop": 59.447982999999994, "Peace_Prop": 0.549451, "Participation_Prop": "", "SocialProtection_Prop": 97.40566, "Environment_Prop": 2.307987, "shelter_electricity": 4.945054945, "health_center_attendance": 84.49039882, "work_farms": 5.235602094, "work_unskilled": 24.60732984, "health_programs": 69.23076923, "sp_philhealth": 69.23076923, "water_toilet": 1.098901099, "shelter_makeshift_nhts": 1.6483516480000002, "food_malnourished": 0.0, "health_child_death": "", "health_maternal_death": 0.0, "he_flood": 0.0, "he_volcano": 0.0, "he_landslide": 0.047506, "he_earthquake": 0.0}, "PH041009002": {"Water_Prop": 2.1929819999999998, "Food_Prop": 29.032258000000002, "Shelter_Prop": 1.0964909999999999, "Health_Prop": 88.42760799999999, "Education_Prop": 9.859155, "Work_Prop": 59.77528100000001, "Peace_Prop": 0.219298, "Participation_Prop": "", "SocialProtection_Prop": 98.03149599999999, "Environment_Prop": 0.975714, "shelter_electricity": 4.6052631580000005, "health_center_attendance": 88.42760768, "work_farms": 6.331471136, "work_unskilled": 17.50465549, "health_programs": 72.14912281, "sp_philhealth": 72.14912281, "water_toilet": 1.973684211, "shelter_makeshift_nhts": 2.083333333, "food_malnourished": 0.44444445, "health_child_death": "", "health_maternal_death": 0.0, "he_flood": 0.0, "he_volcano": 0.0, "he_landslide": 0.001584, "he_earthquake": 0.0}, "PH041009003": {"Water_Prop": 60.465116, "Food_Prop": 87.5, "Shelter_Prop": 2.325581, "Health_Prop": 66.233766, "Education_Prop": 20.547945000000002, "Work_Prop": 64.622642, "Peace_Prop": 4.6511629999999995, "Participation_Prop": "", "SocialProtection_Prop": 98.159509, "Environment_Prop": 1.252156, "shelter_electricity": 9.302325581, "health_center_attendance": 66.23376623, "work_farms": 37.33333333, "work_unskilled": 8.0, "health_programs": 47.674418599999996, "sp_philhealth": 47.674418599999996, "water_toilet": 4.651162791, "shelter_makeshift_nhts": 2.9069767439999996, "food_malnourished": 5.1724138, "health_child_death": "", "health_maternal_death": 11.111111, "he_flood": 0.0, "he_volcano": 0.0, "he_landslide": 0.047506, "he_earthquake": 0.0}, "PH041009005": {"Water_Prop": 2.2346369999999998, "Food_Prop": 33.333333, "Shelter_Prop": 1.675978, "Health_Prop": 83.783784, "Education_Prop": 13.380282000000001, "Work_Prop": 63.348416, "Peace_Prop": 0.558659, "Participation_Prop": "", "SocialProtection_Prop": 97.701149, "Environment_Prop": 0.81043, "shelter_electricity": 7.2625698320000005, "health_center_attendance": 83.78378378, "work_farms": 10.49382716, "work_unskilled": 26.54320988, "health_programs": 50.27932961, "sp_philhealth": 50.27932961, "water_toilet": 2.7932960889999996, "shelter_makeshift_nhts": 3.351955307, "food_malnourished": 12.345678999999999, "health_child_death": "", "health_maternal_death": 0.0, "he_flood": 0.0, "he_volcano": 0.0, "he_landslide": 0.001584, "he_earthquake": 0.0}, "PH041009006": {"Water_Prop": 2.366864, "Food_Prop": 45.454545, "Shelter_Prop": 0.0, "Health_Prop": 96.416382, "Education_Prop": 1.709402, "Work_Prop": 55.690073, "Peace_Prop": 0.0, "Participation_Prop": "", "SocialProtection_Prop": 96.795953, "Environment_Prop": 0.8209270000000001, "shelter_electricity": 8.284023669, "health_center_attendance": 96.41638225, "work_farms": 12.56830601, "work_unskilled": 25.68306011, "health_programs": 55.62130178, "sp_philhealth": 55.62130178, "water_toilet": 0.0, "shelter_makeshift_nhts": 4.7337278110000005, "food_malnourished": 0.0, "health_child_death": "", "health_maternal_death": 0.0, "he_flood": 0.0, "he_volcano": 0.0, "he_landslide": 0.001584, "he_earthquake": 0.0}, "PH041009007": {"Water_Prop": 14.250614, "Food_Prop": 6.25, "Shelter_Prop": 0.4914, "Health_Prop": 88.23014, "Education_Prop": 11.901082, "Work_Prop": 57.079288, "Peace_Prop": 0.12285, "Participation_Prop": "", "SocialProtection_Prop": 97.444857, "Environment_Prop": 9.435767, "shelter_electricity": 4.9140049139999995, "health_center_attendance": 88.23014019, "work_farms": 3.01602262, "work_unskilled": 23.18567389, "health_programs": 66.58476658, "sp_philhealth": 66.58476658, "water_toilet": 1.351351351, "shelter_makeshift_nhts": 1.658476658, "food_malnourished": 0.0, "health_child_death": "", "health_maternal_death": 0.0, "he_flood": 0.0, "he_volcano": 0.0, "he_landslide": 0.000792, "he_earthquake": 0.0}, "PH041009008": {"Water_Prop": 18.461538, "Food_Prop": "", "Shelter_Prop": 0.512821, "Health_Prop": 84.730914, "Education_Prop": 25.581395, "Work_Prop": 68.57142900000001, "Peace_Prop": 13.846154, "Participation_Prop": "", "SocialProtection_Prop": 98.870056, "Environment_Prop": 2.489179, "shelter_electricity": 6.153846154, "health_center_attendance": 84.73091364, "work_farms": 27.27272727, "work_unskilled": 24.43181818, "health_programs": 46.66666667, "sp_philhealth": 46.66666667, "water_toilet": 0.512820513, "shelter_makeshift_nhts": 3.58974359, "food_malnourished": 4.6728973, "health_child_death": "", "health_maternal_death": 0.0, "he_flood": 0.0, "he_volcano": 0.0, "he_landslide": 0.048298, "he_earthquake": 0.0}, "PH041009009": {"Water_Prop": 1.376147, "Food_Prop": 100.0, "Shelter_Prop": 0.6880729999999999, "Health_Prop": 99.88109399999999, "Education_Prop": 25.574713, "Work_Prop": 58.053402, "Peace_Prop": 0.0, "Participation_Prop": "", "SocialProtection_Prop": 97.380353, "Environment_Prop": 0.662118, "shelter_electricity": 7.798165138, "health_center_attendance": 99.88109394, "work_farms": 3.696098563, "work_unskilled": 26.89938398, "health_programs": 75.91743119, "sp_philhealth": 75.91743119, "water_toilet": 1.834862385, "shelter_makeshift_nhts": 2.293577982, "food_malnourished": 0.42372882, "health_child_death": "", "health_maternal_death": 0.0, "he_flood": 0.0, "he_volcano": 0.0, "he_landslide": 0.001584, "he_earthquake": 0.0}, "PH041009010": {"Water_Prop": 1.532033, "Food_Prop": 8.333333, "Shelter_Prop": 0.97493, "Health_Prop": 92.499085, "Education_Prop": 18.027210999999998, "Work_Prop": 58.810811, "Peace_Prop": 0.557103, "Participation_Prop": "", "SocialProtection_Prop": 97.367634, "Environment_Prop": 10.179672, "shelter_electricity": 6.963788301, "health_center_attendance": 92.49908525, "work_farms": 3.280839895, "work_unskilled": 24.80314961, "health_programs": 70.89136490000001, "sp_philhealth": 70.89136490000001, "water_toilet": 0.69637883, "shelter_makeshift_nhts": 3.3426183839999997, "food_malnourished": 1.7492712, "health_child_death": "", "health_maternal_death": 0.0, "he_flood": 0.0, "he_volcano": 0.0, "he_landslide": 0.001584, "he_earthquake": 0.0}, "PH041009011": {"Water_Prop": 3.931204, "Food_Prop": 100.0, "Shelter_Prop": 1.228501, "Health_Prop": 90.178023, "Education_Prop": 17.231638, "Work_Prop": 53.748870999999994, "Peace_Prop": 0.0, "Participation_Prop": "", "SocialProtection_Prop": 97.496318, "Environment_Prop": 10.34262, "shelter_electricity": 4.176904177, "health_center_attendance": 90.17802333, "work_farms": 6.640625, "work_unskilled": 23.6328125, "health_programs": 75.67567568, "sp_philhealth": 75.67567568, "water_toilet": 2.948402948, "shelter_makeshift_nhts": 1.5970515969999999, "food_malnourished": 2.7777777, "health_child_death": "", "health_maternal_death": 0.0, "he_flood": 0.0, "he_volcano": 0.0, "he_landslide": 0.001584, "he_earthquake": 0.0}, "PH041009012": {"Water_Prop": 9.836066, "Food_Prop": 50.0, "Shelter_Prop": 1.873536, "Health_Prop": 76.496534, "Education_Prop": 8.933717999999999, "Work_Prop": 62.696214000000005, "Peace_Prop": 0.234192, "Participation_Prop": "", "SocialProtection_Prop": 97.775531, "Environment_Prop": 6.358521, "shelter_electricity": 12.88056206, "health_center_attendance": 76.49653434, "work_farms": 1.98019802, "work_unskilled": 23.01980198, "health_programs": 71.66276347, "sp_philhealth": 71.66276347, "water_toilet": 1.170960187, "shelter_makeshift_nhts": 5.503512881, "food_malnourished": 5.7522125,