{"PH045810001": {"water_access": 5.325444, "food_tenure": 78.57142900000001, "shelter_informal_settlers_nhts": 2.884615, "health_center_attendance": 89.0652, "educ_outofschool_all": 5.466667, "work_unemployment": 51.300834, "po_conflict": 2.514793, "participation_assembly_attendance": 99.594631, "sp_sss": 97.82001600000001, "he_risk": 28.412367, "shelter_electricity": 15.82840237, "health_center_attendance.1": 89.06520031, "work_farms": 8.921161826, "work_unskilled": 35.52904564, "health_programs": 70.19230769, "sp_philhealth": 70.19230769, "water_toilet": 1.99704142, "shelter_makeshift_nhts": 11.61242604, "food_malnourished": "", "health_child_death": "", "health_maternal_death": "", "he_flood": 0.0, "he_volcano": 0.0, "he_landslide": 0.002639, "he_earthquake": 0.0, "name": "Bagumbayan (Pob.)"}, "PH045810003": {"water_access": 49.660441, "food_tenure": 92.307692, "shelter_informal_settlers_nhts": 3.5653650000000003, "health_center_attendance": 92.588576, "educ_outofschool_all": 10.566616, "work_unemployment": 53.419913, "po_conflict": 0.8488959999999999, "participation_assembly_attendance": 98.88751500000001, "sp_sss": 97.46600699999999, "he_risk": 26.514103000000002, "shelter_electricity": 19.94906621, "health_center_attendance.1": 92.58857556, "work_farms": 21.37546468, "work_unskilled": 29.80173482, "health_programs": 69.10016978, "sp_philhealth": 69.10016978, "water_toilet": 2.122241087, "shelter_makeshift_nhts": 12.64855688, "food_malnourished": "", "health_child_death": "", "health_maternal_death": "", "he_flood": 0.0, "he_volcano": 0.0, "he_landslide": 0.002639, "he_earthquake": 0.0, "name": "Halayhayin"}, "PH045810004": {"water_access": 6.6057619999999995, "food_tenure": 11.111111, "shelter_informal_settlers_nhts": 2.740689, "health_center_attendance": 90.19403, "educ_outofschool_all": 7.142857000000001, "work_unemployment": 50.357824, "po_conflict": 2.037948, "participation_assembly_attendance": 99.498294, "sp_sss": 97.621915, "he_risk": 28.79444, "shelter_electricity": 24.80674631, "health_center_attendance.1": 90.19402985, "work_farms": 8.889956752, "work_unskilled": 38.97164825, "health_programs": 72.03092059, "sp_philhealth": 72.03092059, "water_toilet": 1.4054813769999999, "shelter_makeshift_nhts": 14.54673226, "food_malnourished": "", "health_child_death": "", "health_maternal_death": "", "he_flood": 0.0, "he_volcano": 0.0, "he_landslide": 0.016996999999999998, "he_earthquake": 0.0, "name": "Hulo (Pob.)"}, "PH045810005": {"water_access": 6.382979, "food_tenure": "", "shelter_informal_settlers_nhts": 0.70922, "health_center_attendance": 90.877797, "educ_outofschool_all": 3.703704, "work_unemployment": 55.025126, "po_conflict": 0.0, "participation_assembly_attendance": 93.447905, "sp_sss": 97.422127, "he_risk": 26.939619, "shelter_electricity": 3.5460992910000004, "health_center_attendance.1": 90.8777969, "work_farms": 4.4692737430000005, "work_unskilled": 28.49162011, "health_programs": 68.08510638, "sp_philhealth": 68.08510638, "water_toilet": 0.709219858, "shelter_makeshift_nhts": 12.76595745, "food_malnourished": "", "health_child_death": "", "health_maternal_death": "", "he_flood": 1e-06, "he_volcano": 0.0, "he_landslide": 0.0, "he_earthquake": 0.0, "name": "Imatong (Pob.)"}, "PH045810006": {"water_access": 36.288998, "food_tenure": 100.0, "shelter_informal_settlers_nhts": 1.477833, "health_center_attendance": 89.30184100000001, "educ_outofschool_all": 4.444444, "work_unemployment": 54.166667000000004, "po_conflict": 1.477833, "participation_assembly_attendance": 98.54155899999999, "sp_sss": 97.973671, "he_risk": 13.161694, "shelter_electricity": 18.55500821, "health_center_attendance.1": 89.30184092, "work_farms": 9.928229665, "work_unskilled": 39.23444976, "health_programs": 64.03940887, "sp_philhealth": 64.03940887, "water_toilet": 1.477832512, "shelter_makeshift_nhts": 9.60591133, "food_malnourished": "", "health_child_death": "", "health_maternal_death": "", "he_flood": 0.0, "he_volcano": 0.0, "he_landslide": 0.011085, "he_earthquake": 0.0, "name": "Malaya"}, "PH045810007": {"water_access": 26.33452, "food_tenure": 26.086957, "shelter_informal_settlers_nhts": 2.135231, "health_center_attendance": 85.534351, "educ_outofschool_all": 5.834683999999999, "work_unemployment": 52.419354999999996, "po_conflict": 4.626335, "participation_assembly_attendance": 98.481166, "sp_sss": 97.853382, "he_risk": 11.176758, "shelter_electricity": 10.85409253, "health_center_attendance.1": 85.53435115, "work_farms": 15.90612777, "work_unskilled": 34.81095176, "health_programs": 67.61565836, "sp_philhealth": 67.61565836, "water_toilet": 0.889679715, "shelter_makeshift_nhts": 4.359430605, "food_malnourished": "", "health_child_death": "", "health_maternal_death": "", "he_flood": 0.0, "he_volcano": 0.0, "he_landslide": 0.011085, "he_earthquake": 0.0, "name": "Niogan"}, "PH045810008": {"water_access": 19.392685, "food_tenure": 66.666667, "shelter_informal_settlers_nhts": 4.4168389999999995, "health_center_attendance": 89.780405, "educ_outofschool_all": 6.371681, "work_unemployment": 52.217421, "po_conflict": 3.795721, "participation_assembly_attendance": 99.55769000000001, "sp_sss": 97.965373, "he_risk": 11.605988, "shelter_electricity": 12.35334714, "health_center_attendance.1": 89.78040541, "work_farms": 12.75583056, "work_unskilled": 45.83531652, "health_programs": 69.0821256, "sp_philhealth": 69.0821256, "water_toilet": 1.6563147, "shelter_makeshift_nhts": 6.901311249, "food_malnourished": "", "health_child_death": "", "health_maternal_death": "", "he_flood": 0.0, "he_volcano": 0.0, "he_landslide": 0.011085, "he_earthquake": 0.0, "name": "Quisao"}, "PH045810009": {"water_access": 0.32414899999999996, "food_tenure": 0.0, "shelter_informal_settlers_nhts": 2.431118, "health_center_attendance": 89.57788599999999, "educ_outofschool_all": 4.0, "work_unemployment": 49.6963, "po_conflict": 2.431118, "participation_assembly_attendance": 97.794928, "sp_sss": 97.662624, "he_risk": 7.908993, "shelter_electricity": 11.18314425, "health_center_attendance.1": 89.57788569, "work_farms": 8.232711306, "work_unskilled": 29.08891328, "health_programs": 57.86061588, "sp_philhealth": 57.86061588, "water_toilet": 0.162074554, "shelter_makeshift_nhts": 7.131280389, "food_malnourished": "", "health_child_death": "", "health_maternal_death": "", "he_flood": 0.0, "he_volcano": 0.0, "he_landslide": 0.000792, "he_earthquake": 0.0, "name": "Wawa (Pob.)"}, "PH045810010": {"water_access": 10.550459, "food_tenure": 83.333333, "shelter_informal_settlers_nhts": 5.963303, "health_center_attendance": 90.612245, "educ_outofschool_all": 2.727273, "work_unemployment": 53.726707999999995, "po_conflict": 0.0, "participation_assembly_attendance": 96.124031, "sp_sss": 97.674419, "he_risk": 7.302352000000001, "shelter_electricity": 5.963302752000001, "health_center_attendance.1": 90.61224490000001, "work_farms": 11.40939597, "work_unskilled": 26.51006711, "health_programs": 60.09174312, "sp_philhealth": 60.09174312, "water_toilet": 0.0, "shelter_makeshift_nhts": 19.72477064, "food_malnourished": "", "health_child_death": "", "health_maternal_death": "", "he_flood": 1e-06, "he_volcano": 0.0, "he_landslide": 0.0, "he_earthquake": 0.0, "name": "Takungan (Pob.)"}}