{"PH041025001": {"Water_Prop": 0.787402, "Food_Prop": 80.0, "Shelter_Prop": 5.511811, "Health_Prop": 37.318255, "Education_Prop": 2.515723, "Work_Prop": 57.647059, "Peace_Prop": 3.1496060000000003, "Participation_Prop": "", "SocialProtection_Prop": 98.364008, "Environment_Prop": 1.409988, "shelter_electricity": 1.57480315, "health_center_attendance": 37.31825525, "work_farms": 29.44444444, "work_unskilled": 17.77777778, "health_programs": 27.55905512, "sp_philhealth": 27.55905512, "water_toilet": 0.0, "shelter_makeshift_nhts": 7.874015748, "food_malnourished": 9.6153851, "health_child_death": "", "health_maternal_death": 0.0, "he_flood": 1e-06, "he_volcano": 0.0, "he_landslide": 0.000528, "he_earthquake": 0.0, "name": "Abelo"}, "PH041025002": {"Water_Prop": 2.649007, "Food_Prop": 96.296296, "Shelter_Prop": 1.9867549999999998, "Health_Prop": 66.092715, "Education_Prop": 0.534759, "Work_Prop": 57.668712, "Peace_Prop": 4.635762000000001, "Participation_Prop": "", "SocialProtection_Prop": 98.024149, "Environment_Prop": 2.358018, "shelter_electricity": 3.973509934, "health_center_attendance": 66.09271523, "work_farms": 19.80676329, "work_unskilled": 29.46859903, "health_programs": 27.81456954, "sp_philhealth": 27.81456954, "water_toilet": 0.0, "shelter_makeshift_nhts": 4.304635762, "food_malnourished": 0.58823532, "health_child_death": "", "health_maternal_death": 0.0, "he_flood": 0.0, "he_volcano": 0.0, "he_landslide": 0.000528, "he_earthquake": 0.0, "name": "Balete"}, "PH041025003": {"Water_Prop": 0.0, "Food_Prop": 71.42857099999999, "Shelter_Prop": 3.125, "Health_Prop": 54.365079, "Education_Prop": 5.882353, "Work_Prop": 65.76087, "Peace_Prop": 0.0, "Participation_Prop": 95.087336, "SocialProtection_Prop": 98.03493399999999, "Environment_Prop": 0.6099, "shelter_electricity": 1.5625, "health_center_attendance": 54.36507937, "work_farms": 15.87301587, "work_unskilled": 46.03174603, "health_programs": 62.5, "sp_philhealth": 62.5, "water_toilet": 0.0, "shelter_makeshift_nhts": 8.59375, "food_malnourished": 2.7777777, "health_child_death": "", "health_maternal_death": 0.0, "he_flood": 1e-06, "he_volcano": 0.0, "he_landslide": 0.000528, "he_earthquake": 0.0, "name": "Baluk-baluk"}, "PH041025004": {"Water_Prop": 0.289017, "Food_Prop": 69.354839, "Shelter_Prop": 2.0231209999999997, "Health_Prop": 56.224189, "Education_Prop": 3.8251370000000002, "Work_Prop": 62.370242000000005, "Peace_Prop": 2.3121389999999997, "Participation_Prop": 95.99697900000001, "SocialProtection_Prop": 98.300604, "Environment_Prop": 1.2940049999999998, "shelter_electricity": 4.335260116000001, "health_center_attendance": 56.22418879, "work_farms": 14.71264368, "work_unskilled": 29.42528736, "health_programs": 40.1734104, "sp_philhealth": 40.1734104, "water_toilet": 2.3121387280000003, "shelter_makeshift_nhts": 17.6300578, "food_malnourished": 1.0204082, "health_child_death": "", "health_maternal_death": 0.0, "he_flood": 0.0, "he_volcano": 0.0, "he_landslide": 0.000528, "he_earthquake": 0.0, "name": "Bancoro"}, "PH041025005": {"Water_Prop": 0.58309, "Food_Prop": 85.714286, "Shelter_Prop": 1.166181, "Health_Prop": 56.899696, "Education_Prop": 5.555556, "Work_Prop": 57.439133999999996, "Peace_Prop": 0.8746360000000001, "Participation_Prop": 96.71314699999999, "SocialProtection_Prop": 97.659363, "Environment_Prop": 0.9421930000000001, "shelter_electricity": 4.956268222, "health_center_attendance": 56.89969605, "work_farms": 18.855932199999998, "work_unskilled": 30.93220339, "health_programs": 45.77259475, "sp_philhealth": 45.77259475, "water_toilet": 0.0, "shelter_makeshift_nhts": 10.93294461, "food_malnourished": 0.0, "health_child_death": "", "health_maternal_death": 0.0, "he_flood": 0.0, "he_volcano": 0.0, "he_landslide": 0.000528, "he_earthquake": 0.0, "name": "Bangin"}, "PH041025006": {"Water_Prop": 0.833333, "Food_Prop": 12.0, "Shelter_Prop": 1.666667, "Health_Prop": 61.3694, "Education_Prop": 3.422053, "Work_Prop": 61.290323, "Peace_Prop": 1.25, "Participation_Prop": "", "SocialProtection_Prop": 97.546347, "Environment_Prop": 0.864399, "shelter_electricity": 4.583333333, "health_center_attendance": 61.36939983, "work_farms": 12.33333333, "work_unskilled": 19.0, "health_programs": 41.66666667, "sp_philhealth": 41.66666667, "water_toilet": 1.25, "shelter_makeshift_nhts": 3.958333333, "food_malnourished": 1.1560694, "health_child_death": "", "health_maternal_death": 0.0, "he_flood": 0.0, "he_volcano": 0.0, "he_landslide": 0.000528, "he_earthquake": 0.0, "name": "Calangay"}, "PH041025007": {"Water_Prop": 1.388889, "Food_Prop": "", "Shelter_Prop": 0.0, "Health_Prop": 48.264984000000005, "Education_Prop": 4.615385, "Work_Prop": 59.111111, "Peace_Prop": 0.0, "Participation_Prop": 95.184591, "SocialProtection_Prop": 97.110754, "Environment_Prop": 1.031166, "shelter_electricity": 2.777777778, "health_center_attendance": 48.26498423, "work_farms": 9.782608696, "work_unskilled": 19.56521739, "health_programs": 41.66666667, "sp_philhealth": 41.66666667, "water_toilet": 2.777777778, "shelter_makeshift_nhts": 9.027777777999999, "food_malnourished": 0.0, "health_child_death": "", "health_maternal_death": 0.0, "he_flood": 1e-06, "he_volcano": 0.0, "he_landslide": 0.000528, "he_earthquake": 0.0, "name": "Hipit"}, "PH041025009": {"Water_Prop": 1.709402, "Food_Prop": 85.714286, "Shelter_Prop": 0.0, "Health_Prop": 67.70073000000001, "Education_Prop": 1.3698629999999998, "Work_Prop": 57.428571, "Peace_Prop": 6.837607000000001, "Participation_Prop": "", "SocialProtection_Prop": 98.08274499999999, "Environment_Prop": 1.587488, "shelter_electricity": 1.709401709, "health_center_attendance": 67.70072993, "work_farms": 10.73825503, "work_unskilled": 44.96644295, "health_programs": 43.58974359, "sp_philhealth": 43.58974359, "water_toilet": 0.854700855, "shelter_makeshift_nhts": 8.11965812, "food_malnourished": 0.0, "health_child_death": "", "health_maternal_death": 0.0, "he_flood": 0.0, "he_volcano": 0.0, "he_landslide": 0.000528, "he_earthquake": 0.0, "name": "Maabud North"}, "PH041025010": {"Water_Prop": 0.0, "Food_Prop": 57.14285699999999, "Shelter_Prop": 0.0, "Health_Prop": 35.135135, "Education_Prop": 0.0, "Work_Prop": 67.307692, "Peace_Prop": 1.9230770000000001, "Participation_Prop": 88.218391, "SocialProtection_Prop": 97.413793, "Environment_Prop": 0.652675, "shelter_electricity": 0.0, "health_center_attendance": 35.13513514, "work_farms": 3.921568627, "work_unskilled": 35.29411765, "health_programs": 51.92307692, "sp_philhealth": 51.92307692, "water_toilet": 0.0, "shelter_makeshift_nhts": 12.5, "food_malnourished": 0.0, "health_child_death": "", "health_maternal_death": 0.0, "he_flood": 0.0, "he_volcano": 0.0, "he_landslide": 0.000528, "he_earthquake": 0.0, "name": "Maabud South"}, "PH041025011": {"Water_Prop": 0.0, "Food_Prop": 0.0, "Shelter_Prop": 0.0, "Health_Prop": 33.874239, "Education_Prop": 6.1946900000000005, "Work_Prop": 67.076923, "Peace_Prop": 0.0, "Participation_Prop": "", "SocialProtection_Prop": 98.155738, "Environment_Prop": 1.129614, "shelter_electricity": 2.150537634, "health_center_attendance": 33.87423935, "work_farms": 15.88785047, "work_unskilled": 13.08411215, "health_programs": 38.70967742, "sp_philhealth": 38.70967742, "water_toilet": 0.0, "shelter_makeshift_nhts": 9.677419355, "food_malnourished": 0.0, "health_child_death": "", "health_maternal_death": 0.0, "he_flood": 0.0, "he_volcano": 0.0, "he_landslide": 0.000528, "he_earthquake": 0.0, "name": "Munlawin"}, "PH041025012": {"Water_Prop": 0.0, "Food_Prop": "", "Shelter_Prop": 0.0, "Health_Prop": 56.782334, "Education_Prop": 9.333333, "Work_Prop": 59.793814000000005, "Peace_Prop": 1.515152, "Participation_Prop": 88.340807, "SocialProtection_Prop": 96.860987, "Environment_Prop": 1.808269, "shelter_electricity": 1.515151515, "health_center_attendance": 56.78233438, "work_farms": 12.82051282, "work_unskilled": 26.92307692, "health_programs": 63.63636364, "sp_philhealth": 63.63636364, "water_toilet": 4.545454545,