{"PH041020001": {"Water_Prop": 0.362976, "Food_Prop": 33.333333, "Shelter_Prop": 0.181488, "Health_Prop": 85.096497, "Education_Prop": 3.91791, "Work_Prop": 43.059061, "Peace_Prop": 17.241379000000002, "Participation_Prop": 96.688742, "SocialProtection_Prop": 96.628537, "Environment_Prop": 23.679829, "shelter_electricity": 1.4519056259999998, "health_center_attendance": 85.0964975, "work_farms": 4.3439716310000005, "work_unskilled": 15.514184400000001, "health_programs": 12.52268603, "sp_philhealth": 12.52268603, "water_toilet": 0.36297640700000006, "shelter_makeshift_nhts": 0.998185118, "food_malnourished": 2.610966, "health_child_death": "", "health_maternal_death": 0.0, "he_flood": 0.0, "he_volcano": 0.0, "he_landslide": 0.0, "he_earthquake": 0.0}, "PH041020002": {"Water_Prop": 0.22831100000000001, "Food_Prop": 80.0, "Shelter_Prop": 1.141553, "Health_Prop": 52.264493, "Education_Prop": 5.4158610000000005, "Work_Prop": 39.724138, "Peace_Prop": 14.155251000000002, "Participation_Prop": 96.885813, "SocialProtection_Prop": 97.058824, "Environment_Prop": 2.1313020000000003, "shelter_electricity": 1.598173516, "health_center_attendance": 52.26449275, "work_farms": 8.466819222, "work_unskilled": 35.35469108, "health_programs": 28.53881279, "sp_philhealth": 28.53881279, "water_toilet": 0.9132420090000001, "shelter_makeshift_nhts": 1.02739726, "food_malnourished": 4.1666665, "health_child_death": "", "health_maternal_death": 0.0, "he_flood": 0.0, "he_volcano": 0.0, "he_landslide": 0.0, "he_earthquake": 0.0}, "PH041020014": {"Water_Prop": 1.518027, "Food_Prop": 16.666667, "Shelter_Prop": 1.13852, "Health_Prop": 50.328565999999995, "Education_Prop": 4.210526, "Work_Prop": 45.220378000000004, "Peace_Prop": 15.559772, "Participation_Prop": 94.421544, "SocialProtection_Prop": 97.251992, "Environment_Prop": 18.295192, "shelter_electricity": 2.84629981, "health_center_attendance": 50.32856591, "work_farms": 3.657262278, "work_unskilled": 32.49738767, "health_programs": 35.10436433, "sp_philhealth": 35.10436433, "water_toilet": 1.1385199240000001, "shelter_makeshift_nhts": 1.707779886, "food_malnourished": 0.0, "health_child_death": "", "health_maternal_death": 0.0, "he_flood": 0.0, "he_volcano": 0.0, "he_landslide": 0.0, "he_earthquake": 0.0}, "PH041020015": {"Water_Prop": 0.27248, "Food_Prop": "", "Shelter_Prop": 0.544959, "Health_Prop": 57.73624100000001, "Education_Prop": 3.917526, "Work_Prop": 44.543974, "Peace_Prop": 27.792915999999998, "Participation_Prop": 97.811159, "SocialProtection_Prop": 97.038627, "Environment_Prop": 0.475314, "shelter_electricity": 3.814713896, "health_center_attendance": 57.73624091, "work_farms": 8.516886931, "work_unskilled": 39.79441997, "health_programs": 32.42506812, "sp_philhealth": 32.42506812, "water_toilet": 2.452316076, "shelter_makeshift_nhts": 0.8174386920000001, "food_malnourished": 0.0, "health_child_death": "", "health_maternal_death": 0.0, "he_flood": 0.0, "he_volcano": 0.0, "he_landslide": 0.0, "he_earthquake": 0.0}, "PH041020016": {"Water_Prop": 4.366812, "Food_Prop": 13.043478, "Shelter_Prop": 1.310044, "Health_Prop": 52.690167, "Education_Prop": 3.3057849999999998, "Work_Prop": 45.541838, "Peace_Prop": 31.877729, "Participation_Prop": 90.843104, "SocialProtection_Prop": 97.87828, "Environment_Prop": 17.093203, "shelter_electricity": 2.183406114, "health_center_attendance": 52.69016698, "work_farms": 6.549118387999999, "work_unskilled": 35.26448363, "health_programs": 27.94759825, "sp_philhealth": 27.94759825, "water_toilet": 2.183406114, "shelter_makeshift_nhts": 0.655021834, "food_malnourished": 0.0, "health_child_death": "", "health_maternal_death": 0.0, "he_flood": 0.0, "he_volcano": 0.0, "he_landslide": 0.0, "he_earthquake": 0.0}, "PH041020017": {"Water_Prop": 0.746269, "Food_Prop": 83.82352900000001, "Shelter_Prop": 0.746269, "Health_Prop": 74.342836, "Education_Prop": 5.9485529999999995, "Work_Prop": 43.526012, "Peace_Prop": 19.589551999999998, "Participation_Prop": 97.17833, "SocialProtection_Prop": 97.291196, "Environment_Prop": 27.035207, "shelter_electricity": 3.1716417910000003, "health_center_attendance": 74.34283599, "work_farms": 8.802456499, "work_unskilled": 30.80859775, "health_programs": 24.81343284, "sp_philhealth": 24.81343284, "water_toilet": 0.746268657, "shelter_makeshift_nhts": 2.985074627, "food_malnourished": 2.4498887000000003, "health_child_death": "", "health_maternal_death": 3.1746032000000004, "he_flood": 0.0, "he_volcano": 0.0, "he_landslide": 0.0, "he_earthquake": 0.0}, "PH041020018": {"Water_Prop": 0.5882350000000001, "Food_Prop": "", "Shelter_Prop": 1.1764709999999998, "Health_Prop": 63.216958, "Education_Prop": 3.428571, "Work_Prop": 44.846293, "Peace_Prop": 4.117647, "Participation_Prop": 93.367347, "SocialProtection_Prop": 97.193878, "Environment_Prop": 1.758931, "shelter_electricity": 1.764705882, "health_center_attendance": 63.21695761, "work_farms": 10.81967213, "work_unskilled": 25.24590164, "health_programs": 49.41176471, "sp_philhealth": 49.41176471, "water_toilet": 0.0, "shelter_makeshift_nhts": 0.294117647, "food_malnourished": 0.0, "health_child_death": "", "health_maternal_death": 0.0, "he_flood": 0.0, "he_volcano": 0.0, "he_landslide": 0.0, "he_earthquake": 0.0}, "PH041020019": {"Water_Prop": 10.625, "Food_Prop": 0.0, "Shelter_Prop": 0.625, "Health_Prop": 63.39285699999999, "Education_Prop": 10.160428, "Work_Prop": 50.290135, "Peace_Prop": 20.625, "Participation_Prop": 86.352357, "SocialProtection_Prop": 98.63523599999999, "Environment_Prop": 0.662756, "shelter_electricity": 0.625, "health_center_attendance": 63.39285714, "work_farms": 18.677042800000002, "work_unskilled": 29.18287938, "health_programs": 37.5, "sp_philhealth": 37.5, "water_toilet": 2.5, "shelter_makeshift_nhts": 0.9375, "food_malnourished": 5.7142859, "health_child_death": "", "health_maternal_death": 0.0, "he_flood": 0.0, "he_volcano": 0.0, "he_landslide": 0.0, "he_earthquake": 0.0}, "PH041020020": {"Water_Prop": 0.6134970000000001, "Food_Prop": 16.666667, "Shelter_Prop": 1.2269940000000001, "Health_Prop": 49.646226, "Education_Prop": 3.5989720000000003, "Work_Prop": 46.949602, "Peace_Prop": 39.263804, "Participation_Prop": 94.657601, "SocialProtection_Prop": 97.66877099999999, "Environment_Prop": 0.662621, "shelter_electricity": 2.7607361960000003, "health_center_attendance": 49.64622642, "work_farms": 16.83333333, "work_unskilled": 38.5, "health_programs": 31.28834356, "sp_philhealth": 31.28834356, "water_toilet": 5.521472393, "shelter_makeshift_nhts": 2.300613497, "food_malnourished": 1.7467248, "health_child_death": "", "health_maternal_death": 0.0, "he_flood": 0.0, "he_volcano": 0.0, "he_landslide": 0.0, "he_earthquake": 0.0}, "PH041020021": {"Water_Prop": 0.572519, "Food_Prop": "", "Shelter_Prop": 0.954198, "Health_Prop": 63.547377000000004, "Education_Prop": 3.642987, "Work_Prop": 41.883303999999995, "Peace_Prop": 8.206107000000001, "Participation_Prop": 98.283262, "SocialProtection_Prop": 97.188841, "Environment_Prop": 18.670059, "shelter_electricity": 3.435114504, "health_center_attendance": 63.54737666, "work_farms": 8.946322067999999, "work_unskilled": 21.66998012, "health_programs": 53.6259542, "sp_philhealth": 53.6259542, "water_toilet": 0.572519084, "shelter_makeshift_nhts": 0.763358779, "food_malnourished": 0.97465885, "health_child_death": "", "health_maternal_death": 0.0, "he_flood": 0.0, "he_volcano": 0.0, "he_landslide": 0.0, "he_earthquake": 0.0}, "PH041020022": {"Water_Prop": 0.884956, "Food_Prop": 77.777778, "Shelter_Prop": 0.442478, "Health_Prop": 47.574544, "Education_Prop": 3.3687940000000003, "Work_Prop": 46.531184, "Peace_Prop": 30.309734999999996, "Participation_Prop": 98.502117, "SocialProtection_Prop": 97.753175, "Environment_Prop": 0.857707, "shelter_electricity": 1.991150442, "health_center_attendance": 47.57454384, "work_farms": 13.76146789, "work_unskilled": 38.40104849, "health_programs": 28.53982301, "sp_philhealth": 28.53982301, "water_toilet": 1.10619469,