{"PH045617001": {"Water_Prop": 43.161634, "Food_Prop": 67.708333, "Shelter_Prop": 4.618117, "Health_Prop": 16.30519, "Education_Prop": 4.091653, "Work_Prop": 53.949785999999996, "Peace_Prop": 6.571936, "Participation_Prop": 97.0257, "SocialProtection_Prop": 98.325152, "Environment_Prop": 8.811446, "shelter_electricity": 6.394316162999999, "health_center_attendance": 16.30518978, "work_farms": 35.7712766, "work_unskilled": 29.78723404, "health_programs": 61.98934281, "sp_philhealth": 61.98934281, "water_toilet": 11.36767318, "shelter_makeshift_nhts": 2.841918295, "food_malnourished": "", "health_child_death": "", "health_maternal_death": "", "he_flood": 0.0, "he_volcano": 0.0, "he_landslide": 0.001584, "he_earthquake": 0.0}, "PH045617002": {"Water_Prop": 1.481481, "Food_Prop": 96.42857099999999, "Shelter_Prop": 8.148147999999999, "Health_Prop": 62.834646, "Education_Prop": 3.472222, "Work_Prop": 50.247525, "Peace_Prop": 60.740741, "Participation_Prop": 86.826347, "SocialProtection_Prop": 98.562874, "Environment_Prop": 0.667292, "shelter_electricity": 25.92592593, "health_center_attendance": 62.83464567, "work_farms": 51.24378109, "work_unskilled": 25.87064677, "health_programs": 53.33333333, "sp_philhealth": 53.33333333, "water_toilet": 31.85185185, "shelter_makeshift_nhts": 1.111111111, "food_malnourished": "", "health_child_death": "", "health_maternal_death": "", "he_flood": 0.0, "he_volcano": 0.0, "he_landslide": 0.0, "he_earthquake": 0.0}, "PH045617003": {"Water_Prop": 68.333333, "Food_Prop": 4.1666669999999995, "Shelter_Prop": 2.083333, "Health_Prop": 74.283501, "Education_Prop": 7.432432, "Work_Prop": 54.36320799999999, "Peace_Prop": 3.75, "Participation_Prop": "", "SocialProtection_Prop": 98.372881, "Environment_Prop": 16.788491, "shelter_electricity": 7.083333333, "health_center_attendance": 74.28350116, "work_farms": 29.45736434, "work_unskilled": 35.65891473, "health_programs": 65.41666667, "sp_philhealth": 65.41666667, "water_toilet": 0.41666666700000005, "shelter_makeshift_nhts": 0.833333333, "food_malnourished": "", "health_child_death": "", "health_maternal_death": "", "he_flood": 0.0, "he_volcano": 0.0, "he_landslide": 0.014516, "he_earthquake": 0.0}, "PH045617004": {"Water_Prop": 31.308411, "Food_Prop": 38.709677, "Shelter_Prop": 3.738318, "Health_Prop": 20.810056, "Education_Prop": 5.225225, "Work_Prop": 51.695554, "Peace_Prop": 17.757009, "Participation_Prop": 98.22826500000001, "SocialProtection_Prop": 98.393078, "Environment_Prop": 1.255733, "shelter_electricity": 9.112149533, "health_center_attendance": 20.81005587, "work_farms": 44.92979719, "work_unskilled": 20.59282371, "health_programs": 58.87850467, "sp_philhealth": 58.87850467, "water_toilet": 5.140186916, "shelter_makeshift_nhts": 7.242990654, "food_malnourished": "", "health_child_death": "", "health_maternal_death": "", "he_flood": 0.0, "he_volcano": 0.0, "he_landslide": 0.001584, "he_earthquake": 0.0}, "PH045617005": {"Water_Prop": 30.555556, "Food_Prop": 28.0, "Shelter_Prop": 0.0, "Health_Prop": 26.974952000000002, "Education_Prop": 7.455013, "Work_Prop": 47.027027000000004, "Peace_Prop": 15.432099, "Participation_Prop": 92.307692, "SocialProtection_Prop": 98.920378, "Environment_Prop": 22.6292, "shelter_electricity": 53.39506173, "health_center_attendance": 26.97495183, "work_farms": 70.81632653, "work_unskilled": 15.30612245, "health_programs": 53.08641975, "sp_philhealth": 53.08641975, "water_toilet": 6.172839506, "shelter_makeshift_nhts": 12.96296296, "food_malnourished": "", "health_child_death": "", "health_maternal_death": "", "he_flood": 0.0, "he_volcano": 0.0, "he_landslide": 0.015519, "he_earthquake": 0.0}, "PH045617006": {"Water_Prop": 90.272374, "Food_Prop": 15.204678, "Shelter_Prop": 0.38910500000000003, "Health_Prop": 38.624874, "Education_Prop": 18.894009, "Work_Prop": 40.88586, "Peace_Prop": 3.1128400000000003, "Participation_Prop": "", "SocialProtection_Prop": 99.914237, "Environment_Prop": 20.727403, "shelter_electricity": 99.61089494, "health_center_attendance": 38.62487361, "work_farms": 93.08357349, "work_unskilled": 5.475504322999999, "health_programs": 71.20622568, "sp_philhealth": 71.20622568, "water_toilet": 6.225680934, "shelter_makeshift_nhts": 0.38910505799999995, "food_malnourished": "", "health_child_death": "", "health_maternal_death": "", "he_flood": 0.0, "he_volcano": 0.0, "he_landslide": 0.055688, "he_earthquake": 0.0}, "PH045617007": {"Water_Prop": 83.64779899999999, "Food_Prop": 100.0, "Shelter_Prop": 0.0, "Health_Prop": 7.356947999999999, "Education_Prop": 9.659091, "Work_Prop": 49.662921000000004, "Peace_Prop": 23.899371, "Participation_Prop": 80.60708299999999, "SocialProtection_Prop": 97.13322099999999, "Environment_Prop": 22.718439, "shelter_electricity": 20.75471698, "health_center_attendance": 7.3569482289999995, "work_farms": 62.5, "work_unskilled": 19.19642857, "health_programs": 60.37735849, "sp_philhealth": 60.37735849, "water_toilet": 9.433962264, "shelter_makeshift_nhts": 1.257861635, "food_malnourished": "", "health_child_death": "", "health_maternal_death": "", "he_flood": 0.0, "he_volcano": 0.0, "he_landslide": 0.056215, "he_earthquake": 0.0}, "PH045617008": {"Water_Prop": 13.821138000000001, "Food_Prop": 37.096773999999996, "Shelter_Prop": 3.2520330000000004, "Health_Prop": 37.209302, "Education_Prop": 2.752294, "Work_Prop": 54.353562, "Peace_Prop": 0.813008, "Participation_Prop": 90.987124, "SocialProtection_Prop": 97.639485, "Environment_Prop": 17.774620000000002, "shelter_electricity": 14.63414634, "health_center_attendance": 37.20930233, "work_farms": 30.63583815, "work_unskilled": 41.04046243, "health_programs": 50.40650407, "sp_philhealth": 50.40650407, "water_toilet": 1.62601626, "shelter_makeshift_nhts": 2.845528455, "food_malnourished": "", "health_child_death": "", "health_maternal_death": "", "he_flood": 0.0, "he_volcano": 0.0, "he_landslide": 0.058379999999999994, "he_earthquake": 0.0}, "PH045617009": {"Water_Prop": 47.368421000000005, "Food_Prop": 88.888889, "Shelter_Prop": 0.0, "Health_Prop": 11.863057000000001, "Education_Prop": 5.147059, "Work_Prop": 49.378109, "Peace_Prop": 34.210526, "Participation_Prop": 83.37924699999999, "SocialProtection_Prop": 97.24517900000001, "Environment_Prop": 19.479641, "shelter_electricity": 18.04511278, "health_center_attendance": 11.86305732, "work_farms": 51.5970516, "work_unskilled": 14.98771499, "health_programs": 52.2556391, "sp_philhealth": 52.2556391, "water_toilet": 11.27819549, "shelter_makeshift_nhts": 4.69924812, "food_malnourished": "", "health_child_death": "", "health_maternal_death": "", "he_flood": 0.0, "he_volcano": 0.0, "he_landslide": 0.01346, "he_earthquake": 0.0}, "PH045617010": {"Water_Prop": 51.038576, "Food_Prop": 15.384615, "Shelter_Prop": 0.593472, "Health_Prop": 34.074559, "Education_Prop": 5.029586, "Work_Prop": 53.333332999999996, "Peace_Prop": 15.727003, "Participation_Prop": 92.93114, "SocialProtection_Prop": 98.65935400000001, "Environment_Prop": 19.969534, "shelter_electricity": 35.3115727, "health_center_attendance": 34.07455854, "work_farms": 60.0, "work_unskilled": 17.58241758, "health_programs": 61.12759644, "sp_philhealth": 61.12759644, "water_toilet": 12.46290801, "shelter_makeshift_nhts": 0.59347181, "food_malnourished": "", "health_child_death": "", "health_maternal_death": "", "he_flood": 0.0, "he_volcano": 0.0, "he_landslide": 0.061283000000000004, "he_earthquake": 0.0}, "PH045617011": {"Water_Prop": 4.807691999999999, "Food_Prop": "", "Shelter_Prop": 0.9615379999999999, "Health_Prop": 33.811475, "Education_Prop": 8.737864, "Work_Prop": 47.1875, "Peace_Prop": 31.730769, "Participation_Prop": 89.189189, "SocialProtection_Prop": 98.91891899999999, "Environment_Prop": 0.408172, "shelter_electricity": 11.53846154, "health_center_attendance": 33.81147541, "work_farms": 27.81065089, "work_unskilled": 39.05325444, "health_programs": 47.11538462, "sp_philhealth": 47.11538462, "water_toilet": 0.961538462,