{"PH043407001": {"Water_Prop": 87.692308, "Food_Prop": 7.894736999999999, "Shelter_Prop": 1.538462, "Health_Prop": 3.154574, "Education_Prop": 16.0, "Work_Prop": 49.473684000000006, "Peace_Prop": 0.0, "Participation_Prop": "", "SocialProtection_Prop": 96.072508, "Environment_Prop": 17.363372000000002, "shelter_electricity": 30.76923077, "health_center_attendance": 3.154574132, "work_farms": 35.41666667, "work_unskilled": 28.125, "health_programs": 41.53846154, "sp_philhealth": 41.53846154, "water_toilet": 16.92307692, "shelter_makeshift_nhts": 4.615384615, "food_malnourished": "", "health_child_death": "", "health_maternal_death": "", "he_flood": 0.0, "he_volcano": 0.0, "he_landslide": 0.001584, "he_earthquake": 0.0}, "PH043407002": {"Water_Prop": 71.42857099999999, "Food_Prop": "", "Shelter_Prop": 0.0, "Health_Prop": 77.884615, "Education_Prop": 11.111111, "Work_Prop": 43.243243, "Peace_Prop": 38.095238, "Participation_Prop": 76.72955999999999, "SocialProtection_Prop": 96.226415, "Environment_Prop": 1.358584, "shelter_electricity": 9.523809523999999, "health_center_attendance": 77.88461538, "work_farms": 38.095238099999996, "work_unskilled": 23.80952381, "health_programs": 76.19047619, "sp_philhealth": 76.19047619, "water_toilet": 23.80952381, "shelter_makeshift_nhts": 0.0, "food_malnourished": "", "health_child_death": "", "health_maternal_death": "", "he_flood": 0.0, "he_volcano": 0.0, "he_landslide": 0.007443000000000001, "he_earthquake": 0.0}, "PH043407003": {"Water_Prop": 16.129032000000002, "Food_Prop": 72.727273, "Shelter_Prop": 2.822581, "Health_Prop": 36.336335999999996, "Education_Prop": 2.955665, "Work_Prop": 32.524964000000004, "Peace_Prop": 6.048387, "Participation_Prop": "", "SocialProtection_Prop": 98.054146, "Environment_Prop": 0.30895900000000004, "shelter_electricity": 4.435483871000001, "health_center_attendance": 36.33633634, "work_farms": 20.71881607, "work_unskilled": 23.04439746, "health_programs": 54.83870968, "sp_philhealth": 54.83870968, "water_toilet": 4.435483871000001, "shelter_makeshift_nhts": 0.60483871, "food_malnourished": "", "health_child_death": "", "health_maternal_death": "", "he_flood": 0.0, "he_volcano": 0.0, "he_landslide": 0.001584, "he_earthquake": 0.0}, "PH043407004": {"Water_Prop": 45.871559999999995, "Food_Prop": 50.0, "Shelter_Prop": 0.0, "Health_Prop": 42.468619, "Education_Prop": 4.301075, "Work_Prop": 39.002933, "Peace_Prop": 0.917431, "Participation_Prop": 84.499055, "SocialProtection_Prop": 97.164461, "Environment_Prop": 16.470592, "shelter_electricity": 4.587155963, "health_center_attendance": 42.46861925, "work_farms": 12.5, "work_unskilled": 18.26923077, "health_programs": 17.43119266, "sp_philhealth": 17.43119266, "water_toilet": 2.752293578, "shelter_makeshift_nhts": 0.0, "food_malnourished": "", "health_child_death": "", "health_maternal_death": "", "he_flood": 0.0, "he_volcano": 0.0, "he_landslide": 0.001584, "he_earthquake": 0.0}, "PH043407005": {"Water_Prop": 61.643836, "Food_Prop": 57.894737, "Shelter_Prop": 1.3698629999999998, "Health_Prop": 40.269151, "Education_Prop": 3.76569, "Work_Prop": 31.300161, "Peace_Prop": 1.3698629999999998, "Participation_Prop": 98.106713, "SocialProtection_Prop": 98.795181, "Environment_Prop": 3.141699, "shelter_electricity": 20.0913242, "health_center_attendance": 40.26915114, "work_farms": 38.08411215, "work_unskilled": 16.12149533, "health_programs": 36.98630137, "sp_philhealth": 36.98630137, "water_toilet": 21.00456621, "shelter_makeshift_nhts": 2.7397260269999997, "food_malnourished": "", "health_child_death": "", "health_maternal_death": "", "he_flood": 0.0, "he_volcano": 0.0, "he_landslide": 0.001584, "he_earthquake": 0.0}, "PH043407006": {"Water_Prop": 17.1875, "Food_Prop": "", "Shelter_Prop": 0.3125, "Health_Prop": 16.013289, "Education_Prop": 3.735632, "Work_Prop": 43.214628999999995, "Peace_Prop": 0.625, "Participation_Prop": 96.35385500000001, "SocialProtection_Prop": 98.74476999999999, "Environment_Prop": 16.887446, "shelter_electricity": 6.875, "health_center_attendance": 16.01328904, "work_farms": 17.62711864, "work_unskilled": 21.86440678, "health_programs": 26.25, "sp_philhealth": 26.25, "water_toilet": 4.375, "shelter_makeshift_nhts": 1.71875, "food_malnourished": "", "health_child_death": "", "health_maternal_death": "", "he_flood": 0.0, "he_volcano": 0.0, "he_landslide": 0.001584, "he_earthquake": 0.0}, "PH043407007": {"Water_Prop": 5.7971010000000005, "Food_Prop": "", "Shelter_Prop": 0.966184, "Health_Prop": 7.351350999999999, "Education_Prop": 1.630435, "Work_Prop": 39.013453000000005, "Peace_Prop": 0.966184, "Participation_Prop": 92.221085, "SocialProtection_Prop": 98.874104, "Environment_Prop": 1.256197, "shelter_electricity": 4.830917874, "health_center_attendance": 7.351351351, "work_farms": 22.79411765, "work_unskilled": 19.60784314, "health_programs": 29.46859903, "sp_philhealth": 29.46859903, "water_toilet": 1.93236715, "shelter_makeshift_nhts": 0.48309178700000005, "food_malnourished": "", "health_child_death": "", "health_maternal_death": "", "he_flood": 0.0, "he_volcano": 0.0, "he_landslide": 0.001584, "he_earthquake": 0.0}, "PH043407008": {"Water_Prop": 8.333333, "Food_Prop": 50.0, "Shelter_Prop": 2.777778, "Health_Prop": 25.248661, "Education_Prop": 3.703704, "Work_Prop": 43.986999, "Peace_Prop": 1.388889, "Participation_Prop": 94.620078, "SocialProtection_Prop": 96.339434, "Environment_Prop": 9.617339, "shelter_electricity": 3.125, "health_center_attendance": 25.24866106, "work_farms": 9.477756286, "work_unskilled": 23.01740812, "health_programs": 38.19444444, "sp_philhealth": 38.19444444, "water_toilet": 1.388888889, "shelter_makeshift_nhts": 1.041666667, "food_malnourished": "", "health_child_death": "", "health_maternal_death": "", "he_flood": 0.0, "he_volcano": 0.0, "he_landslide": 0.001584, "he_earthquake": 0.0}, "PH043407009": {"Water_Prop": 34.482759, "Food_Prop": 71.42857099999999, "Shelter_Prop": 0.0, "Health_Prop": 9.677419, "Education_Prop": 10.0, "Work_Prop": 29.411765000000003, "Peace_Prop": 0.0, "Participation_Prop": 58.26087, "SocialProtection_Prop": 81.73913, "Environment_Prop": 0.40521599999999997, "shelter_electricity": 17.24137931, "health_center_attendance": 9.677419355, "work_farms": 33.33333333, "work_unskilled": 8.333333332999999, "health_programs": 27.586206899999997, "sp_philhealth": 27.586206899999997, "water_toilet": 24.13793103, "shelter_makeshift_nhts": 3.448275862, "food_malnourished": "", "health_child_death": "", "health_maternal_death": "", "he_flood": 0.0, "he_volcano": 0.0, "he_landslide": 0.001584, "he_earthquake": 0.0}, "PH043407010": {"Water_Prop": 47.154472, "Food_Prop": 89.830508, "Shelter_Prop": 0.0, "Health_Prop": 11.783961, "Education_Prop": 5.555556, "Work_Prop": 38.539043, "Peace_Prop": 4.065041000000001, "Participation_Prop": 90.846287, "SocialProtection_Prop": 98.100173, "Environment_Prop": 16.897876999999998, "shelter_electricity": 12.19512195, "health_center_attendance": 11.78396072, "work_farms": 20.49180328, "work_unskilled": 22.13114754, "health_programs": 30.89430894, "sp_philhealth": 30.89430894, "water_toilet": 13.82113821, "shelter_makeshift_nhts": 0.0, "food_malnourished": "", "health_child_death": "", "health_maternal_death": "", "he_flood": 0.0, "he_volcano": 0.0, "he_landslide": 0.001584, "he_earthquake": 0.0}, "PH043407011": {"Water_Prop": 5.691057, "Food_Prop": 30.232558, "Shelter_Prop": 0.813008, "Health_Prop": 57.91757, "Education_Prop": 2.150538, "Work_Prop": 25.297619, "Peace_Prop": 0.813008, "Participation_Prop": 90.149893, "SocialProtection_Prop": 97.64454, "Environment_Prop": 0.404277, "shelter_electricity": 14.63414634, "health_center_attendance": 57.9175705, "work_farms": 32.66932271, "work_unskilled": 8.764940239, "health_programs": 49.59349594, "sp_philhealth": 49.59349594, "water_toilet": 19.51219512, "shelter_makeshift_nhts": 1.219512195, "food_malnourished": "", "health_child_death": "", "health_maternal_death": "", "he_flood": 0.0,