{"PH041011001": {"water_access": 7.971014, "food_tenure": 55.555556, "shelter_informal_settlers_nhts": 3.26087, "health_center_attendance": 58.916479, "educ_outofschool_all": 2.8125, "work_unemployment": 47.5, "po_conflict": 17.028986, "participation_assembly_attendance": 89.29481700000001, "sp_sss": 2.3789289999999994, "he_risk": 2.159694, "shelter_electricity": 4.347826087, "health_center_attendance.1": 58.91647856, "work_farms": 22.07792208, "work_unskilled": 27.27272727, "health_programs": 52.53623188, "sp_philhealth": 47.46376812, "water_toilet": 11.23188406, "shelter_makeshift_nhts": 1.992753623, "food_malnourished": 1.6233766, "health_child_death": "", "health_maternal_death": 0.0, "he_flood": 0.0, "he_volcano": 0.0, "he_landslide": 0.001056, "he_earthquake": 0.0, "name": "As-Is"}, "PH041011002": {"water_access": 8.22898, "food_tenure": 25.0, "shelter_informal_settlers_nhts": 0.536673, "health_center_attendance": 88.563622, "educ_outofschool_all": 3.236246, "work_unemployment": 53.98661, "po_conflict": 3.756708, "participation_assembly_attendance": 92.229237, "sp_sss": 2.088391999999999, "he_risk": 11.227007, "shelter_electricity": 8.228980322, "health_center_attendance.1": 88.56362217, "work_farms": 16.26984127, "work_unskilled": 40.87301587, "health_programs": 68.33631485, "sp_philhealth": 31.663685150000006, "water_toilet": 2.5044722719999997, "shelter_makeshift_nhts": 0.089445438, "food_malnourished": 0.0, "health_child_death": "", "health_maternal_death": 0.0, "he_flood": 0.0, "he_volcano": 0.0, "he_landslide": 0.004064, "he_earthquake": 0.0, "name": "Balakilong"}, "PH041011004": {"water_access": 1.020408, "food_tenure": 0.0, "shelter_informal_settlers_nhts": 1.360544, "health_center_attendance": 99.01960799999999, "educ_outofschool_all": 4.113924, "work_unemployment": 53.701528, "po_conflict": 0.0, "participation_assembly_attendance": 97.01195200000001, "sp_sss": 1.593625000000003, "he_risk": 29.40703, "shelter_electricity": 2.3809523809999997, "health_center_attendance.1": 99.01960784, "work_farms": 10.65989848, "work_unskilled": 62.94416244, "health_programs": 67.68707483, "sp_philhealth": 32.31292517, "water_toilet": 5.782312925, "shelter_makeshift_nhts": 0.0, "food_malnourished": 4.1152263, "health_child_death": "", "health_maternal_death": 0.0, "he_flood": 0.0, "he_volcano": 1.0, "he_landslide": 0.0036950000000000004, "he_earthquake": 0.0, "name": "Berinayan"}, "PH041011006": {"water_access": 1.287554, "food_tenure": 38.235294, "shelter_informal_settlers_nhts": 3.004292, "health_center_attendance": 51.140065, "educ_outofschool_all": 12.121212, "work_unemployment": 51.041667, "po_conflict": 9.442060000000001, "participation_assembly_attendance": 96.548323, "sp_sss": 2.1203160000000025, "he_risk": 29.308853000000003, "shelter_electricity": 4.721030043, "health_center_attendance.1": 51.14006515, "work_farms": 21.80851064, "work_unskilled": 40.95744681, "health_programs": 51.50214592, "sp_philhealth": 48.49785408, "water_toilet": 2.575107296, "shelter_makeshift_nhts": 1.716738197, "food_malnourished": 5.4421767999999995, "health_child_death": "", "health_maternal_death": 0.0, "he_flood": 0.0, "he_volcano": 1.0, "he_landslide": 0.000528, "he_earthquake": 0.0, "name": "Bugaan East"}, "PH041011007": {"water_access": 10.992908, "food_tenure": 66.666667, "shelter_informal_settlers_nhts": 2.48227, "health_center_attendance": 55.571227, "educ_outofschool_all": 5.642633, "work_unemployment": 48.425624, "po_conflict": 13.475176999999999, "participation_assembly_attendance": 92.628475, "sp_sss": 2.864363999999995, "he_risk": 28.789533000000002, "shelter_electricity": 7.446808511, "health_center_attendance.1": 55.57122708, "work_farms": 22.73684211, "work_unskilled": 35.57894737, "health_programs": 45.39007092, "sp_philhealth": 54.60992908, "water_toilet": 1.773049645, "shelter_makeshift_nhts": 1.595744681, "food_malnourished": 2.5806451, "health_child_death": "", "health_maternal_death": 0.0, "he_flood": 0.0, "he_volcano": 1.0, "he_landslide": 0.001056, "he_earthquake": 0.0, "name": "Bugaan West"}, "PH041011008": {"water_access": 8.624709, "food_tenure": 0.0, "shelter_informal_settlers_nhts": 0.2331, "health_center_attendance": 42.87703, "educ_outofschool_all": 3.942652, "work_unemployment": 47.174077000000004, "po_conflict": 28.205128000000002, "participation_assembly_attendance": 93.31352199999999, "sp_sss": 1.8573549999999983, "he_risk": 27.036193, "shelter_electricity": 7.226107226, "health_center_attendance.1": 42.87703016, "work_farms": 16.97574893, "work_unskilled": 47.93152639, "health_programs": 54.07925408, "sp_philhealth": 45.92074592, "water_toilet": 1.1655011659999999, "shelter_makeshift_nhts": 1.981351981, "food_malnourished": 2.9345372000000003, "health_child_death": "", "health_maternal_death": 0.0, "he_flood": 0.0, "he_volcano": 1.0, "he_landslide": 0.001056, "he_earthquake": 0.0, "name": "Buso-buso"}, "PH041011010": {"water_access": 82.926829, "food_tenure": 25.974026000000002, "shelter_informal_settlers_nhts": 8.536585, "health_center_attendance": 98.280098, "educ_outofschool_all": 19.827586, "work_unemployment": 54.826255, "po_conflict": 0.0, "participation_assembly_attendance": 89.228723, "sp_sss": 1.8617020000000082, "he_risk": 22.952439000000002, "shelter_electricity": 1.219512195, "health_center_attendance.1": 98.28009828, "work_farms": 26.4957265, "work_unskilled": 47.86324786, "health_programs": 60.97560976, "sp_philhealth": 39.02439024, "water_toilet": 9.756097561, "shelter_makeshift_nhts": 0.0, "food_malnourished": 0.0, "health_child_death": "", "health_maternal_death": 0.0, "he_flood": 0.0, "he_volcano": 0.0, "he_landslide": 0.001056, "he_earthquake": 0.0, "name": "Dayap Itaas"}, "PH041011011": {"water_access": 6.586825999999999, "food_tenure": 0.0, "shelter_informal_settlers_nhts": 0.8982040000000001, "health_center_attendance": 34.892308, "educ_outofschool_all": 5.097087, "work_unemployment": 45.053869, "po_conflict": 34.131737, "participation_assembly_attendance": 96.613256, "sp_sss": 1.7844139999999982, "he_risk": 26.731713, "shelter_electricity": 7.7844311379999995, "health_center_attendance.1": 34.89230769, "work_farms": 21.03386809, "work_unskilled": 40.64171123, "health_programs": 43.71257485, "sp_philhealth": 56.28742515, "water_toilet": 2.9940119760000004, "shelter_makeshift_nhts": 1.4970059880000002, "food_malnourished": 0.24630542, "health_child_death": "", "health_maternal_death": 0.0, "he_flood": 0.0, "he_volcano": 1.0, "he_landslide": 0.001056, "he_earthquake": 0.0, "name": "Gulod"}, "PH041011012": {"water_access": 11.490683, "food_tenure": "", "shelter_informal_settlers_nhts": 0.9316770000000001, "health_center_attendance": 64.673913, "educ_outofschool_all": 7.862408, "work_unemployment": 51.964636999999996, "po_conflict": 18.012422, "participation_assembly_attendance": 95.32114, "sp_sss": 1.5737979999999965, "he_risk": 11.745391, "shelter_electricity": 5.590062112000001, "health_center_attendance.1": 64.67391304, "work_farms": 17.79141104, "work_unskilled": 37.83231084, "health_programs": 55.59006211, "sp_philhealth": 44.40993789, "water_toilet": 6.211180124, "shelter_makeshift_nhts": 1.863354037, "food_malnourished": 1.6339868999999998, "health_child_death": "", "health_maternal_death": 0.0, "he_flood": 0.0, "he_volcano": 0.0, "he_landslide": 0.01573, "he_earthquake": 0.0, "name": "J. Leviste"}, "PH041011013": {"water_access": 9.876543, "food_tenure": 89.285714, "shelter_informal_settlers_nhts": 0.41152299999999997, "health_center_attendance": 46.224832, "educ_outofschool_all": 2.631579, "work_unemployment": 48.29932, "po_conflict": 24.279835000000002, "participation_assembly_attendance": 94.93243199999999, "sp_sss": 1.5540540000000078, "he_risk": 22.153914, "shelter_electricity": 4.526748971, "health_center_attendance.1": 46.22483221, "work_farms": 23.94736842, "work_unskilled": 38.68421053, "health_programs": 40.74074074, "sp_philhealth": 59.25925926, "water_toilet": 9.87654321,