{"PH045810001": {"Water_Prop": 5.325444, "Food_Prop": 78.57142900000001, "Shelter_Prop": 2.884615, "Health_Prop": 89.0652, "Education_Prop": 5.466667, "Work_Prop": 51.300834, "Peace_Prop": 2.514793, "Participation_Prop": 99.594631, "SocialProtection_Prop": 97.82001600000001, "Environment_Prop": 28.412367, "shelter_electricity": 15.82840237, "health_center_attendance": 89.06520031, "work_farms": 8.921161826, "work_unskilled": 35.52904564, "health_programs": 70.19230769, "sp_philhealth": 70.19230769, "water_toilet": 1.99704142, "shelter_makeshift_nhts": 11.61242604, "food_malnourished": "", "health_child_death": "", "health_maternal_death": "", "he_flood": 0.0, "he_volcano": 0.0, "he_landslide": 0.002639, "he_earthquake": 0.0, "name": "Bagumbayan (Pob.)"}, "PH045810003": {"Water_Prop": 49.660441, "Food_Prop": 92.307692, "Shelter_Prop": 3.5653650000000003, "Health_Prop": 92.588576, "Education_Prop": 10.566616, "Work_Prop": 53.419913, "Peace_Prop": 0.8488959999999999, "Participation_Prop": 98.88751500000001, "SocialProtection_Prop": 97.46600699999999, "Environment_Prop": 26.514103000000002, "shelter_electricity": 19.94906621, "health_center_attendance": 92.58857556, "work_farms": 21.37546468, "work_unskilled": 29.80173482, "health_programs": 69.10016978, "sp_philhealth": 69.10016978, "water_toilet": 2.122241087, "shelter_makeshift_nhts": 12.64855688, "food_malnourished": "", "health_child_death": "", "health_maternal_death": "", "he_flood": 0.0, "he_volcano": 0.0, "he_landslide": 0.002639, "he_earthquake": 0.0, "name": "Halayhayin"}, "PH045810004": {"Water_Prop": 6.6057619999999995, "Food_Prop": 11.111111, "Shelter_Prop": 2.740689, "Health_Prop": 90.19403, "Education_Prop": 7.142857000000001, "Work_Prop": 50.357824, "Peace_Prop": 2.037948, "Participation_Prop": 99.498294, "SocialProtection_Prop": 97.621915, "Environment_Prop": 28.79444, "shelter_electricity": 24.80674631, "health_center_attendance": 90.19402985, "work_farms": 8.889956752, "work_unskilled": 38.97164825, "health_programs": 72.03092059, "sp_philhealth": 72.03092059, "water_toilet": 1.4054813769999999, "shelter_makeshift_nhts": 14.54673226, "food_malnourished": "", "health_child_death": "", "health_maternal_death": "", "he_flood": 0.0, "he_volcano": 0.0, "he_landslide": 0.016996999999999998, "he_earthquake": 0.0, "name": "Hulo (Pob.)"}, "PH045810005": {"Water_Prop": 6.382979, "Food_Prop": "", "Shelter_Prop": 0.70922, "Health_Prop": 90.877797, "Education_Prop": 3.703704, "Work_Prop": 55.025126, "Peace_Prop": 0.0, "Participation_Prop": 93.447905, "SocialProtection_Prop": 97.422127, "Environment_Prop": 26.939619, "shelter_electricity": 3.5460992910000004, "health_center_attendance": 90.8777969, "work_farms": 4.4692737430000005, "work_unskilled": 28.49162011, "health_programs": 68.08510638, "sp_philhealth": 68.08510638, "water_toilet": 0.709219858, "shelter_makeshift_nhts": 12.76595745, "food_malnourished": "", "health_child_death": "", "health_maternal_death": "", "he_flood": 1e-06, "he_volcano": 0.0, "he_landslide": 0.0, "he_earthquake": 0.0, "name": "Imatong (Pob.)"}, "PH045810006": {"Water_Prop": 36.288998, "Food_Prop": 100.0, "Shelter_Prop": 1.477833, "Health_Prop": 89.30184100000001, "Education_Prop": 4.444444, "Work_Prop": 54.166667000000004, "Peace_Prop": 1.477833, "Participation_Prop": 98.54155899999999, "SocialProtection_Prop": 97.973671, "Environment_Prop": 13.161694, "shelter_electricity": 18.55500821, "health_center_attendance": 89.30184092, "work_farms": 9.928229665, "work_unskilled": 39.23444976, "health_programs": 64.03940887, "sp_philhealth": 64.03940887, "water_toilet": 1.477832512, "shelter_makeshift_nhts": 9.60591133, "food_malnourished": "", "health_child_death": "", "health_maternal_death": "", "he_flood": 0.0, "he_volcano": 0.0, "he_landslide": 0.011085, "he_earthquake": 0.0, "name": "Malaya"}, "PH045810007": {"Water_Prop": 26.33452, "Food_Prop": 26.086957, "Shelter_Prop": 2.135231, "Health_Prop": 85.534351, "Education_Prop": 5.834683999999999, "Work_Prop": 52.419354999999996, "Peace_Prop": 4.626335, "Participation_Prop": 98.481166, "SocialProtection_Prop": 97.853382, "Environment_Prop": 11.176758, "shelter_electricity": 10.85409253, "health_center_attendance": 85.53435115, "work_farms": 15.90612777, "work_unskilled": 34.81095176, "health_programs": 67.61565836, "sp_philhealth": 67.61565836, "water_toilet": 0.889679715, "shelter_makeshift_nhts": 4.359430605, "food_malnourished": "", "health_child_death": "", "health_maternal_death": "", "he_flood": 0.0, "he_volcano": 0.0, "he_landslide": 0.011085, "he_earthquake": 0.0, "name": "Niogan"}, "PH045810008": {"Water_Prop": 19.392685, "Food_Prop": 66.666667, "Shelter_Prop": 4.4168389999999995, "Health_Prop": 89.780405, "Education_Prop": 6.371681, "Work_Prop": 52.217421, "Peace_Prop": 3.795721, "Participation_Prop": 99.55769000000001, "SocialProtection_Prop": 97.965373, "Environment_Prop": 11.605988, "shelter_electricity": 12.35334714, "health_center_attendance": 89.78040541, "work_farms": 12.75583056, "work_unskilled": 45.83531652, "health_programs": 69.0821256, "sp_philhealth": 69.0821256, "water_toilet": 1.6563147, "shelter_makeshift_nhts": 6.901311249, "food_malnourished": "", "health_child_death": "", "health_maternal_death": "", "he_flood": 0.0, "he_volcano": 0.0, "he_landslide": 0.011085, "he_earthquake": 0.0, "name": "Quisao"}, "PH045810009": {"Water_Prop": 0.32414899999999996, "Food_Prop": 0.0, "Shelter_Prop": 2.431118, "Health_Prop": 89.57788599999999, "Education_Prop": 4.0, "Work_Prop": 49.6963, "Peace_Prop": 2.431118, "Participation_Prop": 97.794928, "SocialProtection_Prop": 97.662624, "Environment_Prop": 7.908993, "shelter_electricity": 11.18314425, "health_center_attendance": 89.57788569, "work_farms": 8.232711306, "work_unskilled": 29.08891328, "health_programs": 57.86061588, "sp_philhealth": 57.86061588, "water_toilet": 0.162074554, "shelter_makeshift_nhts": 7.131280389, "food_malnourished": "", "health_child_death": "", "health_maternal_death": "", "he_flood": 0.0, "he_volcano": 0.0, "he_landslide": 0.000792, "he_earthquake": 0.0, "name": "Wawa (Pob.)"}, "PH045810010": {"Water_Prop": 10.550459, "Food_Prop": 83.333333, "Shelter_Prop": 5.963303, "Health_Prop": 90.612245, "Education_Prop": 2.727273, "Work_Prop": 53.726707999999995, "Peace_Prop": 0.0, "Participation_Prop": 96.124031, "SocialProtection_Prop": 97.674419, "Environment_Prop": 7.302352000000001, "shelter_electricity": 5.963302752000001, "health_center_attendance": 90.61224490000001, "work_farms": 11.40939597, "work_unskilled": 26.51006711, "health_programs": 60.09174312, "sp_philhealth": 60.09174312, "water_toilet": 0.0, "shelter_makeshift_nhts": 19.72477064, "food_malnourished": "", "health_child_death": "", "health_maternal_death": "", "he_flood": 1e-06, "he_volcano": 0.0, "he_landslide": 0.0, "he_earthquake": 0.0, "name": "Takungan (Pob.)"}}