{"PH042111001": {"Water_Prop": 8.75, "Food_Prop": "", "Shelter_Prop": 0.625, "Health_Prop": 85.838608, "Education_Prop": 8.148147999999999, "Work_Prop": 48.279817, "Peace_Prop": 0.0, "Participation_Prop": 96.098563, "SocialProtection_Prop": 91.478439, "Environment_Prop": 39.472534, "shelter_electricity": 3.125, "health_center_attendance": 85.83860759, "work_farms": 3.76940133, "work_unskilled": 29.04656319, "health_programs": 92.5, "sp_philhealth": 92.5, "water_toilet": 2.8125, "shelter_makeshift_nhts": 1.5625, "food_malnourished": "", "health_child_death": "", "health_maternal_death": "", "he_flood": 5e-06, "he_volcano": 0.0, "he_landslide": 0.0, "he_earthquake": 0.0, "name": "Binakayan-Kanluran"}, "PH042111002": {"Water_Prop": 6.719367999999999, "Food_Prop": "", "Shelter_Prop": 0.395257, "Health_Prop": 78.721374, "Education_Prop": 13.106796000000001, "Work_Prop": 46.905089000000004, "Peace_Prop": 0.395257, "Participation_Prop": 97.191262, "SocialProtection_Prop": 94.739189, "Environment_Prop": 46.303746000000004, "shelter_electricity": 3.557312253, "health_center_attendance": 78.72137405, "work_farms": 0.777202073, "work_unskilled": 19.94818653, "health_programs": 89.32806324, "sp_philhealth": 89.32806324, "water_toilet": 1.5810276680000002, "shelter_makeshift_nhts": 2.371541502, "food_malnourished": "", "health_child_death": "", "health_maternal_death": "", "he_flood": 5e-06, "he_volcano": 0.0, "he_landslide": 0.0, "he_earthquake": 0.0, "name": "Gahak"}, "PH042111003": {"Water_Prop": 19.209039999999998, "Food_Prop": "", "Shelter_Prop": 0.564972, "Health_Prop": 78.62165999999999, "Education_Prop": 10.0, "Work_Prop": 50.984252000000005, "Peace_Prop": 0.0, "Participation_Prop": 92.962252, "SocialProtection_Prop": 96.289187, "Environment_Prop": 32.394627, "shelter_electricity": 4.519774011, "health_center_attendance": 78.62165963, "work_farms": 2.4096385540000003, "work_unskilled": 17.67068273, "health_programs": 84.74576271, "sp_philhealth": 84.74576271, "water_toilet": 1.694915254, "shelter_makeshift_nhts": 1.97740113, "food_malnourished": "", "health_child_death": "", "health_maternal_death": "", "he_flood": 8e-06, "he_volcano": 0.0, "he_landslide": 0.0, "he_earthquake": 0.0, "name": "Kaingen"}, "PH042111004": {"Water_Prop": 11.849192, "Food_Prop": "", "Shelter_Prop": 1.077199, "Health_Prop": 74.57212700000001, "Education_Prop": 13.28125, "Work_Prop": 49.279711999999996, "Peace_Prop": 0.0, "Participation_Prop": 97.176606, "SocialProtection_Prop": 96.974935, "Environment_Prop": 51.414719, "shelter_electricity": 5.2064631960000005, "health_center_attendance": 74.57212714, "work_farms": 1.775147929, "work_unskilled": 23.66863905, "health_programs": 77.19928187, "sp_philhealth": 77.19928187, "water_toilet": 5.745062837000001, "shelter_makeshift_nhts": 2.7827648110000003, "food_malnourished": "", "health_child_death": "", "health_maternal_death": "", "he_flood": 3e-06, "he_volcano": 0.0, "he_landslide": 0.0, "he_earthquake": 0.0, "name": "Marulas"}, "PH042111005": {"Water_Prop": 7.3800740000000005, "Food_Prop": 0.0, "Shelter_Prop": 8.856089, "Health_Prop": 92.314488, "Education_Prop": 3.539823, "Work_Prop": 57.334963, "Peace_Prop": 0.0, "Participation_Prop": 98.469238, "SocialProtection_Prop": 95.87871700000001, "Environment_Prop": 34.165619, "shelter_electricity": 3.6900369, "health_center_attendance": 92.31448763, "work_farms": 1.146131805, "work_unskilled": 22.63610315, "health_programs": 84.87084871, "sp_philhealth": 84.87084871, "water_toilet": 0.36900369, "shelter_makeshift_nhts": 1.47601476, "food_malnourished": "", "health_child_death": "", "health_maternal_death": "", "he_flood": 4e-06, "he_volcano": 0.0, "he_landslide": 0.0, "he_earthquake": 0.0, "name": "Panamitan"}, "PH042111006": {"Water_Prop": 30.30303, "Food_Prop": "", "Shelter_Prop": 24.242424, "Health_Prop": 88.91455, "Education_Prop": 4.040404, "Work_Prop": 53.020134, "Peace_Prop": 0.0, "Participation_Prop": 95.166488, "SocialProtection_Prop": 96.670247, "Environment_Prop": 30.749751, "shelter_electricity": 18.18181818, "health_center_attendance": 88.91454965, "work_farms": 4.285714286, "work_unskilled": 23.57142857, "health_programs": 74.74747475, "sp_philhealth": 74.74747475, "water_toilet": 5.050505051, "shelter_makeshift_nhts": 3.03030303, "food_malnourished": "", "health_child_death": "", "health_maternal_death": "", "he_flood": 1.3000000000000001e-05, "he_volcano": 0.0, "he_landslide": 0.0, "he_earthquake": 0.0, "name": "Poblacion"}, "PH042111007": {"Water_Prop": 16.262976000000002, "Food_Prop": 100.0, "Shelter_Prop": 4.844291, "Health_Prop": 89.089541, "Education_Prop": 6.168831, "Work_Prop": 55.542857, "Peace_Prop": 0.346021, "Participation_Prop": 95.625759, "SocialProtection_Prop": 95.625759, "Environment_Prop": 54.079373, "shelter_electricity": 5.53633218, "health_center_attendance": 89.08954101, "work_farms": 0.7712082259999999, "work_unskilled": 22.10796915, "health_programs": 83.0449827, "sp_philhealth": 83.0449827, "water_toilet": 1.730103806, "shelter_makeshift_nhts": 0.692041522, "food_malnourished": "", "health_child_death": "", "health_maternal_death": "", "he_flood": 3e-06, "he_volcano": 0.0, "he_landslide": 0.0, "he_earthquake": 0.0, "name": "Magdalo (Putol)"}, "PH042111008": {"Water_Prop": 13.207547, "Food_Prop": "", "Shelter_Prop": 5.6603769999999995, "Health_Prop": 89.08819100000001, "Education_Prop": 9.868421000000001, "Work_Prop": 53.452116000000004, "Peace_Prop": 0.0, "Participation_Prop": 96.451454, "SocialProtection_Prop": 94.57861, "Environment_Prop": 25.234663, "shelter_electricity": 15.72327044, "health_center_attendance": 89.08819133, "work_farms": 5.263157895, "work_unskilled": 33.01435407, "health_programs": 79.87421384, "sp_philhealth": 79.87421384, "water_toilet": 3.1446540880000002, "shelter_makeshift_nhts": 9.119496855, "food_malnourished": "", "health_child_death": "", "health_maternal_death": "", "he_flood": 6e-06, "he_volcano": 0.0, "he_landslide": 0.0, "he_earthquake": 0.0, "name": "San Sebastian"}, "PH042111009": {"Water_Prop": 6.363636, "Food_Prop": 100.0, "Shelter_Prop": 3.863636, "Health_Prop": 67.155703, "Education_Prop": 8.888889, "Work_Prop": 47.312642, "Peace_Prop": 0.454545, "Participation_Prop": 99.005922, "SocialProtection_Prop": 96.80626099999999, "Environment_Prop": 26.008064, "shelter_electricity": 8.863636364, "health_center_attendance": 67.15570279, "work_farms": 7.040229885, "work_unskilled": 37.06896552, "health_programs": 38.86363636, "sp_philhealth": 38.86363636, "water_toilet": 1.8181818180000002, "shelter_makeshift_nhts": 8.75, "food_malnourished": "", "health_child_death": "", "health_maternal_death": "", "he_flood": 3e-06, "he_volcano": 0.0, "he_landslide": 0.0, "he_earthquake": 0.0, "name": "Santa Isabel"}, "PH042111010": {"Water_Prop": 3.004292, "Food_Prop": 50.0, "Shelter_Prop": 0.643777, "Health_Prop": 78.949951, "Education_Prop": 5.809129, "Work_Prop": 44.259699, "Peace_Prop": 0.0, "Participation_Prop": 98.651146, "SocialProtection_Prop": 95.879527, "Environment_Prop": 54.808122, "shelter_electricity": 7.2961373389999995, "health_center_attendance": 78.94995093, "work_farms": 1.988636364, "work_unskilled": 32.52840909, "health_programs": 63.73390558, "sp_philhealth": 63.73390558, "water_toilet": 0.643776824, "shelter_makeshift_nhts": 23.39055794, "food_malnourished": "", "health_child_death": "", "health_maternal_death": "", "he_flood": 2e-06, "he_volcano": 0.0, "he_landslide": 0.0, "he_earthquake": 0.0, "name": "Tabon I"}, "PH042111011": {"Water_Prop": 2.661597, "Food_Prop": 100.0, "Shelter_Prop": 1.140684, "Health_Prop": 53.263316, "Education_Prop": 5.882353, "Work_Prop": 50.125, "Peace_Prop": 4.5627379999999995, "Participation_Prop": 99.319413, "SocialProtection_Prop": 96.372407, "Environment_Prop": 18.220627, "shelter_electricity": 15.96958175, "health_center_attendance": 53.26331583, "work_farms": 2.506265664, "work_unskilled": 41.35338346, "health_programs": 61.21673004, "sp_philhealth": 61.21673004,