{"PH043423001": {"water_access": 1.039501, "food_tenure": 0.0, "shelter_informal_settlers_nhts": 1.871102, "health_center_attendance": 56.077348, "educ_outofschool_all": 2.898551, "work_unemployment": 50.554468, "po_conflict": 20.37422, "participation_assembly_attendance": 96.185979, "sp_sss": 3.0875410000000016, "he_risk": 9.0654, "shelter_electricity": 4.3659043660000005, "health_center_attendance.1": 56.07734807, "work_farms": 10.42216359, "work_unskilled": 24.670184699999997, "health_programs": 51.97505198, "sp_philhealth": 48.02494802, "water_toilet": 1.03950104, "shelter_makeshift_nhts": 3.3264033260000003, "food_malnourished": "", "health_child_death": "", "health_maternal_death": "", "he_flood": 0.0, "he_volcano": 0.0, "he_landslide": 0.001056, "he_earthquake": 0.0, "name": "Antipolo"}, "PH043423002": {"water_access": 71.42857099999999, "food_tenure": 5.882353, "shelter_informal_settlers_nhts": 7.142857000000001, "health_center_attendance": 47.058824, "educ_outofschool_all": 20.0, "work_unemployment": 58.904109999999996, "po_conflict": 67.85714300000001, "participation_assembly_attendance": 34.931507, "sp_sss": 2.0547949999999986, "he_risk": 0.779721, "shelter_electricity": 10.71428571, "health_center_attendance.1": 47.05882353, "work_farms": 30.0, "work_unskilled": 33.33333333, "health_programs": 32.14285714, "sp_philhealth": 67.85714286000001, "water_toilet": 0.0, "shelter_makeshift_nhts": 10.71428571, "food_malnourished": "", "health_child_death": "", "health_maternal_death": "", "he_flood": 0.0, "he_volcano": 0.0, "he_landslide": 0.001056, "he_earthquake": 0.0, "name": "Entablado"}, "PH043423003": {"water_access": 4.597701, "food_tenure": 10.0, "shelter_informal_settlers_nhts": 3.4482760000000003, "health_center_attendance": 42.702703, "educ_outofschool_all": 4.938272, "work_unemployment": 49.442378999999995, "po_conflict": 57.471264, "participation_assembly_attendance": 59.493671, "sp_sss": 3.544303999999997, "he_risk": 2.58196, "shelter_electricity": 4.597701149, "health_center_attendance.1": 42.7027027, "work_farms": 11.02941176, "work_unskilled": 27.94117647, "health_programs": 26.43678161, "sp_philhealth": 73.56321839, "water_toilet": 0.0, "shelter_makeshift_nhts": 8.045977011, "food_malnourished": "", "health_child_death": "", "health_maternal_death": "", "he_flood": 0.0, "he_volcano": 0.0, "he_landslide": 0.001056, "he_earthquake": 0.0, "name": "Laguan"}, "PH043423004": {"water_access": 3.6734690000000003, "food_tenure": 0.0, "shelter_informal_settlers_nhts": 2.857143, "health_center_attendance": 48.266166999999996, "educ_outofschool_all": 3.4482760000000003, "work_unemployment": 48.728246, "po_conflict": 21.632653, "participation_assembly_attendance": 93.34898299999999, "sp_sss": 2.5039119999999997, "he_risk": 13.694278, "shelter_electricity": 2.857142857, "health_center_attendance.1": 48.26616682, "work_farms": 5.483028721, "work_unskilled": 26.89295039, "health_programs": 40.40816327, "sp_philhealth": 59.59183673, "water_toilet": 0.816326531, "shelter_makeshift_nhts": 3.06122449, "food_malnourished": "", "health_child_death": "", "health_maternal_death": "", "he_flood": 0.0, "he_volcano": 0.0, "he_landslide": 0.001056, "he_earthquake": 0.0, "name": "Paule 1"}, "PH043423005": {"water_access": 3.350515, "food_tenure": 30.0, "shelter_informal_settlers_nhts": 1.2886600000000001, "health_center_attendance": 45.481928, "educ_outofschool_all": 2.173913, "work_unemployment": 52.126771999999995, "po_conflict": 26.804123999999998, "participation_assembly_attendance": 93.811243, "sp_sss": 3.042805999999999, "he_risk": 5.527685, "shelter_electricity": 2.577319588, "health_center_attendance.1": 45.48192771, "work_farms": 4.006968641, "work_unskilled": 27.35191638, "health_programs": 38.65979381, "sp_philhealth": 61.34020619, "water_toilet": 0.773195876, "shelter_makeshift_nhts": 3.350515464, "food_malnourished": "", "health_child_death": "", "health_maternal_death": "", "he_flood": 0.0, "he_volcano": 0.0, "he_landslide": 0.001056, "he_earthquake": 0.0, "name": "Paule 2"}, "PH043423006": {"water_access": 1.973684, "food_tenure": 90.0, "shelter_informal_settlers_nhts": 0.0, "health_center_attendance": 43.069307, "educ_outofschool_all": 0.0, "work_unemployment": 49.780702000000005, "po_conflict": 13.815789, "participation_assembly_attendance": 89.20863299999999, "sp_sss": 2.877697999999995, "he_risk": 19.69248, "shelter_electricity": 1.315789474, "health_center_attendance.1": 43.06930693, "work_farms": 3.9301310039999997, "work_unskilled": 22.70742358, "health_programs": 41.44736842, "sp_philhealth": 58.55263158, "water_toilet": 0.0, "shelter_makeshift_nhts": 2.631578947, "food_malnourished": "", "health_child_death": "", "health_maternal_death": "", "he_flood": 0.0, "he_volcano": 0.0, "he_landslide": 0.001056, "he_earthquake": 0.0, "name": "East Poblacion"}, "PH043423007": {"water_access": 3.797468, "food_tenure": 50.0, "shelter_informal_settlers_nhts": 0.0, "health_center_attendance": 21.005917, "educ_outofschool_all": 3.703704, "work_unemployment": 67.96875, "po_conflict": 37.974684, "participation_assembly_attendance": 92.903226, "sp_sss": 3.5023040000000094, "he_risk": 23.225116, "shelter_electricity": 1.265822785, "health_center_attendance.1": 21.00591716, "work_farms": 1.219512195, "work_unskilled": 36.58536585, "health_programs": 30.37974684, "sp_philhealth": 69.62025316, "water_toilet": 2.53164557, "shelter_makeshift_nhts": 3.797468354, "food_malnourished": "", "health_child_death": "", "health_maternal_death": "", "he_flood": 0.0, "he_volcano": 0.0, "he_landslide": 0.001056, "he_earthquake": 0.0, "name": "West Poblacion"}, "PH043423008": {"water_access": 8.314088, "food_tenure": "", "shelter_informal_settlers_nhts": 2.078522, "health_center_attendance": 49.352841999999995, "educ_outofschool_all": 5.555556, "work_unemployment": 47.25, "po_conflict": 44.572748, "participation_assembly_attendance": 92.721055, "sp_sss": 1.6609669999999994, "he_risk": 9.827403, "shelter_electricity": 9.699769052999999, "health_center_attendance.1": 49.35284187, "work_farms": 7.1090047389999995, "work_unskilled": 38.38862559, "health_programs": 35.56581986, "sp_philhealth": 64.43418014, "water_toilet": 2.540415704, "shelter_makeshift_nhts": 6.23556582, "food_malnourished": "", "health_child_death": "", "health_maternal_death": "", "he_flood": 0.0, "he_volcano": 0.0, "he_landslide": 0.0024809999999999997, "he_earthquake": 0.0, "name": "Pook"}, "PH043423009": {"water_access": 10.526316, "food_tenure": 65.934066, "shelter_informal_settlers_nhts": 1.451906, "health_center_attendance": 69.12309599999999, "educ_outofschool_all": 5.639913, "work_unemployment": 50.465658000000005, "po_conflict": 21.778584, "participation_assembly_attendance": 95.75422900000001, "sp_sss": 2.4853300000000047, "he_risk": 4.856839, "shelter_electricity": 7.985480944, "health_center_attendance.1": 69.12309592, "work_farms": 14.45358402, "work_unskilled": 24.91186839, "health_programs": 41.37931034, "sp_philhealth": 58.62068966, "water_toilet": 1.8148820330000002, "shelter_makeshift_nhts": 3.7205081669999998, "food_malnourished": "", "health_child_death": "", "health_maternal_death": "", "he_flood": 0.0, "he_volcano": 0.0, "he_landslide": 0.085458, "he_earthquake": 0.0, "name": "Tala"}, "PH043423010": {"water_access": 5.035971, "food_tenure": 39.130435, "shelter_informal_settlers_nhts": 1.678657, "health_center_attendance": 48.106061, "educ_outofschool_all": 4.98615, "work_unemployment": 48.654709000000004, "po_conflict": 23.501199, "participation_assembly_attendance": 97.606757, "sp_sss": 2.1116849999999943, "he_risk": 13.770202, "shelter_electricity": 4.79616307, "health_center_attendance.1": 48.10606061, "work_farms": 5.822416303, "work_unskilled": 25.61863173, "health_programs": 44.8441247, "sp_philhealth": 55.1558753, "water_toilet": 2.158273381, "shelter_makeshift_nhts": 4.9160671460000005, "food_malnourished": "", "health_child_death": "", "health_maternal_death": "",