{"PH041001001": {"water_access": 0.0, "food_tenure": 100.0, "shelter_informal_settlers_nhts": 0.787402, "health_center_attendance": 99.540582, "educ_outofschool_all": 3.6144580000000004, "work_unemployment": 59.854015000000004, "po_conflict": 7.086614, "participation_assembly_attendance": "", "sp_sss": 98.550725, "he_risk": 0.9362360000000001, "shelter_electricity": 4.7244094489999995, "health_center_attendance.1": 99.54058193, "work_farms": 14.54545455, "work_unskilled": 26.66666667, "health_programs": 52.75590551, "sp_philhealth": 52.75590551, "water_toilet": 0.0, "shelter_makeshift_nhts": 0.39370078700000005, "food_malnourished": 0.0, "health_child_death": "", "health_maternal_death": 0.0, "he_flood": 1e-06, "he_volcano": 0.0, "he_landslide": 0.000528, "he_earthquake": 0.0, "name": "Adia"}, "PH041001002": {"water_access": 0.0, "food_tenure": "", "shelter_informal_settlers_nhts": 0.684932, "health_center_attendance": 93.75, "educ_outofschool_all": 4.964539, "work_unemployment": 55.955056000000006, "po_conflict": 0.0, "participation_assembly_attendance": "", "sp_sss": 97.300104, "he_risk": 6.1082220000000005, "shelter_electricity": 4.794520548, "health_center_attendance.1": 93.75, "work_farms": 6.12244898, "work_unskilled": 20.40816327, "health_programs": 55.47945205, "sp_philhealth": 55.47945205, "water_toilet": 0.0, "shelter_makeshift_nhts": 2.054794521, "food_malnourished": 6.8376069, "health_child_death": "", "health_maternal_death": 0.0, "he_flood": 1e-06, "he_volcano": 0.0, "he_landslide": 0.000528, "he_earthquake": 0.0, "name": "Bagong Sikat"}, "PH041001004": {"water_access": 0.549451, "food_tenure": 100.0, "shelter_informal_settlers_nhts": 0.0, "health_center_attendance": 99.76985, "educ_outofschool_all": 4.9773760000000005, "work_unemployment": 52.777778000000005, "po_conflict": 2.1978020000000003, "participation_assembly_attendance": "", "sp_sss": 97.88162, "he_risk": 2.3934889999999998, "shelter_electricity": 2.7472527469999997, "health_center_attendance.1": 99.76985040000001, "work_farms": 9.019607843, "work_unskilled": 37.64705882, "health_programs": 59.34065934, "sp_philhealth": 59.34065934, "water_toilet": 0.549450549, "shelter_makeshift_nhts": 0.8241758240000001, "food_malnourished": 0.56818181, "health_child_death": "", "health_maternal_death": 0.0, "he_flood": 0.0, "he_volcano": 0.0, "he_landslide": 0.000528, "he_earthquake": 0.07142899999999999, "name": "Balangon"}, "PH041001005": {"water_access": 9.389671, "food_tenure": 0.0, "shelter_informal_settlers_nhts": 0.469484, "health_center_attendance": 98.68924100000001, "educ_outofschool_all": 6.741573, "work_unemployment": 60.601002, "po_conflict": 11.502347, "participation_assembly_attendance": "", "sp_sss": 97.959184, "he_risk": 26.630723, "shelter_electricity": 10.09389671, "health_center_attendance.1": 98.68924085, "work_farms": 33.68644068, "work_unskilled": 31.56779661, "health_programs": 52.34741784, "sp_philhealth": 52.34741784, "water_toilet": 0.46948356799999996, "shelter_makeshift_nhts": 1.291079812, "food_malnourished": 0.82191783, "health_child_death": "", "health_maternal_death": 0.0, "he_flood": 0.0, "he_volcano": 1.0, "he_landslide": 0.000528, "he_earthquake": 0.0, "name": "Bilibinwang"}, "PH041001006": {"water_access": 1.9512200000000002, "food_tenure": 75.0, "shelter_informal_settlers_nhts": 0.48780500000000004, "health_center_attendance": 99.65156800000001, "educ_outofschool_all": 36.585366, "work_unemployment": 55.363322, "po_conflict": 3.4146339999999995, "participation_assembly_attendance": "", "sp_sss": 98.024149, "he_risk": 11.018589, "shelter_electricity": 7.804878049, "health_center_attendance.1": 99.65156794, "work_farms": 13.95348837, "work_unskilled": 39.92248062, "health_programs": 57.56097561, "sp_philhealth": 57.56097561, "water_toilet": 0.487804878, "shelter_makeshift_nhts": 1.463414634, "food_malnourished": 0.0, "health_child_death": "", "health_maternal_death": 0.0, "he_flood": 0.0, "he_volcano": 0.0, "he_landslide": 0.000528, "he_earthquake": 0.0, "name": "Bangin"}, "PH041001007": {"water_access": 38.489209, "food_tenure": 50.0, "shelter_informal_settlers_nhts": 0.359712, "health_center_attendance": 84.73338199999999, "educ_outofschool_all": 4.304636, "work_unemployment": 54.035874, "po_conflict": 5.395683, "participation_assembly_attendance": "", "sp_sss": 98.15837900000001, "he_risk": 19.135243, "shelter_electricity": 2.877697842, "health_center_attendance.1": 84.73338203, "work_farms": 54.63414634, "work_unskilled": 13.41463415, "health_programs": 41.00719424, "sp_philhealth": 41.00719424, "water_toilet": 12.23021583, "shelter_makeshift_nhts": 13.1294964, "food_malnourished": 7.7669902, "health_child_death": "", "health_maternal_death": 0.0, "he_flood": 0.0, "he_volcano": 1.0, "he_landslide": 0.001056, "he_earthquake": 0.07142899999999999, "name": "Barigon"}, "PH041001008": {"water_access": 5.476673, "food_tenure": "", "shelter_informal_settlers_nhts": 0.20284000000000002, "health_center_attendance": 97.01169300000001, "educ_outofschool_all": 3.428571, "work_unemployment": 54.765013, "po_conflict": 5.679513, "participation_assembly_attendance": "", "sp_sss": 97.843808, "he_risk": 2.862952, "shelter_electricity": 6.085192697999999, "health_center_attendance.1": 97.01169337, "work_farms": 8.658008658, "work_unskilled": 28.42712843, "health_programs": 54.56389452, "sp_philhealth": 54.56389452, "water_toilet": 0.0, "shelter_makeshift_nhts": 2.839756592, "food_malnourished": 2.8634362, "health_child_death": "", "health_maternal_death": 0.0, "he_flood": 0.0, "he_volcano": 0.0, "he_landslide": 0.000528, "he_earthquake": 0.0, "name": "Coral Na Munti"}, "PH041001009": {"water_access": 4.7619050000000005, "food_tenure": 0.0, "shelter_informal_settlers_nhts": 7.142857000000001, "health_center_attendance": 99.528302, "educ_outofschool_all": 5.555556, "work_unemployment": 51.048951, "po_conflict": 0.0, "participation_assembly_attendance": "", "sp_sss": 97.42710100000001, "he_risk": 11.368599, "shelter_electricity": 11.9047619, "health_center_attendance.1": 99.52830189, "work_farms": 7.142857143, "work_unskilled": 25.71428571, "health_programs": 52.38095238, "sp_philhealth": 52.38095238, "water_toilet": 0.0, "shelter_makeshift_nhts": 1.19047619, "food_malnourished": 13.636364000000002, "health_child_death": "", "health_maternal_death": 0.0, "he_flood": 1e-06, "he_volcano": 0.0, "he_landslide": 0.000528, "he_earthquake": 0.0, "name": "Guitna"}, "PH041001010": {"water_access": 5.442177, "food_tenure": "", "shelter_informal_settlers_nhts": 0.0, "health_center_attendance": 99.041534, "educ_outofschool_all": 2.8169009999999997, "work_unemployment": 61.556064, "po_conflict": 0.680272, "participation_assembly_attendance": "", "sp_sss": 97.552743, "he_risk": 0.934685, "shelter_electricity": 6.802721087999999, "health_center_attendance.1": 99.04153355, "work_farms": 5.952380952, "work_unskilled": 36.30952381, "health_programs": 69.38775509999999, "sp_philhealth": 69.38775509999999, "water_toilet": 0.0, "shelter_makeshift_nhts": 0.0, "food_malnourished": 0.0, "health_child_death": "", "health_maternal_death": 0.0, "he_flood": 1e-06, "he_volcano": 0.0, "he_landslide": 0.000528, "he_earthquake": 0.0, "name": "Mabini"}, "PH041001012": {"water_access": 2.6455029999999997, "food_tenure": 8.333333, "shelter_informal_settlers_nhts": 2.116402, "health_center_attendance": 97.689769, "educ_outofschool_all": 4.5454550000000005, "work_unemployment": 60.202360999999996, "po_conflict": 1.587302, "participation_assembly_attendance": "", "sp_sss": 98.561601, "he_risk": 2.576441, "shelter_electricity": 4.232804233, "health_center_attendance.1": 97.68976898, "work_farms": 7.627118643999999, "work_unskilled": 42.79661017, "health_programs": 57.67195767, "sp_philhealth": 57.67195767, "water_toilet": 2.1164021159999997, "shelter_makeshift_nhts": 0.0, "food_malnourished": 4.8780489000000005, "health_child_death": "", "health_maternal_death": 0.0, "he_flood": 0.0, "he_volcano": 0.0,