{"PH045637001": {"water_access": 54.21686700000001, "food_tenure": 73.333333, "shelter_informal_settlers_nhts": 0.0, "health_center_attendance": 17.027027, "educ_outofschool_all": 1.041667, "work_unemployment": 45.564516, "po_conflict": 36.144578, "participation_assembly_attendance": 57.803468, "sp_sss": 98.265896, "he_risk": 8.705926, "shelter_electricity": 16.86746988, "health_center_attendance.1": 17.02702703, "work_farms": 29.62962963, "work_unskilled": 41.48148148, "health_programs": 12.04819277, "sp_philhealth": 12.04819277, "water_toilet": 0.0, "shelter_makeshift_nhts": 1.2048192770000001, "food_malnourished": "", "health_child_death": "", "health_maternal_death": "", "he_flood": 0.0, "he_volcano": 0.0, "he_landslide": 0.000792, "he_earthquake": 0.0, "name": "Apad"}, "PH045637002": {"water_access": 21.666667, "food_tenure": 21.538462, "shelter_informal_settlers_nhts": 0.0, "health_center_attendance": 16.491228, "educ_outofschool_all": 4.054054, "work_unemployment": 41.340782, "po_conflict": 36.666667, "participation_assembly_attendance": 62.305296, "sp_sss": 99.376947, "he_risk": 0.019066999999999997, "shelter_electricity": 26.66666667, "health_center_attendance.1": 16.49122807, "work_farms": 19.04761905, "work_unskilled": 52.38095238, "health_programs": 8.333333332999999, "sp_philhealth": 8.333333332999999, "water_toilet": 1.6666666669999999, "shelter_makeshift_nhts": 0.0, "food_malnourished": "", "health_child_death": "", "health_maternal_death": "", "he_flood": 3e-06, "he_volcano": 0.0, "he_landslide": 0.000792, "he_earthquake": 0.0, "name": "Argosino"}, "PH045637003": {"water_access": 7.2916669999999995, "food_tenure": 73.770492, "shelter_informal_settlers_nhts": 0.0, "health_center_attendance": 11.228814, "educ_outofschool_all": 2.358491, "work_unemployment": 45.257903000000006, "po_conflict": 27.604166999999997, "participation_assembly_attendance": 62.630480000000006, "sp_sss": 99.06054300000001, "he_risk": 8.094632, "shelter_electricity": 14.0625, "health_center_attendance.1": 11.22881356, "work_farms": 30.69908815, "work_unskilled": 39.20972644, "health_programs": 8.333333332999999, "sp_philhealth": 8.333333332999999, "water_toilet": 0.520833333, "shelter_makeshift_nhts": 0.520833333, "food_malnourished": "", "health_child_death": "", "health_maternal_death": "", "he_flood": 0.0, "he_volcano": 0.0, "he_landslide": 0.000792, "he_earthquake": 0.0, "name": "Cagbalogo"}, "PH045637004": {"water_access": 18.181818, "food_tenure": 0.0, "shelter_informal_settlers_nhts": 0.0, "health_center_attendance": 12.634822999999999, "educ_outofschool_all": 2.702703, "work_unemployment": 45.647059000000006, "po_conflict": 31.468531, "participation_assembly_attendance": 67.114094, "sp_sss": 99.328859, "he_risk": 8.399772, "shelter_electricity": 20.27972028, "health_center_attendance.1": 12.6348228, "work_farms": 19.48051948, "work_unskilled": 44.58874459, "health_programs": 16.78321678, "sp_philhealth": 16.78321678, "water_toilet": 0.699300699, "shelter_makeshift_nhts": 0.0, "food_malnourished": "", "health_child_death": "", "health_maternal_death": "", "he_flood": 1e-06, "he_volcano": 0.0, "he_landslide": 0.000792, "he_earthquake": 0.0, "name": "Caridad"}, "PH045637005": {"water_access": 13.978495, "food_tenure": 100.0, "shelter_informal_settlers_nhts": 1.075269, "health_center_attendance": 10.796915, "educ_outofschool_all": 1.25, "work_unemployment": 48.0, "po_conflict": 36.55914, "participation_assembly_attendance": 67.272727, "sp_sss": 99.090909, "he_risk": 8.399505, "shelter_electricity": 7.52688172, "health_center_attendance.1": 10.79691517, "work_farms": 27.97202797, "work_unskilled": 32.86713287, "health_programs": 6.451612902999999, "sp_philhealth": 6.451612902999999, "water_toilet": 0.0, "shelter_makeshift_nhts": 0.537634409, "food_malnourished": "", "health_child_death": "", "health_maternal_death": "", "he_flood": 2e-06, "he_volcano": 0.0, "he_landslide": 0.000792, "he_earthquake": 0.0, "name": "Cometa"}, "PH045637006": {"water_access": 18.421053, "food_tenure": 26.315789000000002, "shelter_informal_settlers_nhts": 0.0, "health_center_attendance": 18.950437, "educ_outofschool_all": 2.564103, "work_unemployment": 48.660714, "po_conflict": 32.894737, "participation_assembly_attendance": 74.074074, "sp_sss": 99.259259, "he_risk": 0.014166999999999999, "shelter_electricity": 15.78947368, "health_center_attendance.1": 18.95043732, "work_farms": 44.34782609, "work_unskilled": 33.91304348, "health_programs": 13.15789474, "sp_philhealth": 13.15789474, "water_toilet": 1.315789474, "shelter_makeshift_nhts": 0.0, "food_malnourished": "", "health_child_death": "", "health_maternal_death": "", "he_flood": 0.0, "he_volcano": 0.0, "he_landslide": 0.000792, "he_earthquake": 0.0, "name": "Del Pilar"}, "PH045637007": {"water_access": 62.962963, "food_tenure": 79.104478, "shelter_informal_settlers_nhts": 0.617284, "health_center_attendance": 13.399154000000001, "educ_outofschool_all": 1.3157889999999999, "work_unemployment": 53.92156899999999, "po_conflict": 38.888889, "participation_assembly_attendance": 64.516129, "sp_sss": 99.483871, "he_risk": 8.708884, "shelter_electricity": 12.34567901, "health_center_attendance.1": 13.39915374, "work_farms": 36.17021277, "work_unskilled": 29.78723404, "health_programs": 11.11111111, "sp_philhealth": 11.11111111, "water_toilet": 0.617283951, "shelter_makeshift_nhts": 0.0, "food_malnourished": "", "health_child_death": "", "health_maternal_death": "", "he_flood": 0.0, "he_volcano": 0.0, "he_landslide": 0.000792, "he_earthquake": 0.0, "name": "Guinhawa"}, "PH045637008": {"water_access": 6.741573, "food_tenure": 100.0, "shelter_informal_settlers_nhts": 0.0, "health_center_attendance": 10.4, "educ_outofschool_all": 4.081633, "work_unemployment": 44.84127, "po_conflict": 43.820225, "participation_assembly_attendance": 55.865922, "sp_sss": 99.16201099999999, "he_risk": 0.302517, "shelter_electricity": 17.97752809, "health_center_attendance.1": 10.4, "work_farms": 32.37410072, "work_unskilled": 31.65467626, "health_programs": 7.865168539, "sp_philhealth": 7.865168539, "water_toilet": 3.370786517, "shelter_makeshift_nhts": 1.123595506, "food_malnourished": "", "health_child_death": "", "health_maternal_death": "", "he_flood": 2e-06, "he_volcano": 0.0, "he_landslide": 0.000792, "he_earthquake": 0.0, "name": "Gumubat"}, "PH045637009": {"water_access": 16.666667, "food_tenure": 17.241379000000002, "shelter_informal_settlers_nhts": 0.0, "health_center_attendance": 12.037037, "educ_outofschool_all": 0.793651, "work_unemployment": 48.924731, "po_conflict": 37.121212, "participation_assembly_attendance": 61.068702, "sp_sss": 98.473282, "he_risk": 8.708791999999999, "shelter_electricity": 13.63636364, "health_center_attendance.1": 12.03703704, "work_farms": 30.0, "work_unskilled": 40.52631579, "health_programs": 12.87878788, "sp_philhealth": 12.87878788, "water_toilet": 0.0, "shelter_makeshift_nhts": 0.378787879, "food_malnourished": "", "health_child_death": "", "health_maternal_death": "", "he_flood": 1e-06, "he_volcano": 0.0, "he_landslide": 0.000792, "he_earthquake": 0.0, "name": "Magsino"}, "PH045637010": {"water_access": 34.459459, "food_tenure": 20.3125, "shelter_informal_settlers_nhts": 1.351351, "health_center_attendance": 19.70684, "educ_outofschool_all": 1.503759, "work_unemployment": 46.987952, "po_conflict": 34.459459, "participation_assembly_attendance": 68.11989100000001, "sp_sss": 99.046322, "he_risk": 8.700858, "shelter_electricity": 8.783783784, "health_center_attendance.1": 19.70684039, "work_farms": 26.36363636, "work_unskilled": 43.63636364, "health_programs": 9.459459459, "sp_philhealth": 9.459459459, "water_toilet": 0.6756756759999999, "shelter_makeshift_nhts": 1.013513514, "food_malnourished": "", "health_child_death": "", "health_maternal_death": "", "he_flood": 0.0, "he_volcano": 0.0, "he_landslide": 0.000792, "he_earthquake": 0.0, "name": "Mascari\u00cc\u00b1a"}, "PH045637011": {"water_access": 10.227273,