{"PH042122002": {"water_access": 1.8867919999999998, "food_tenure": 0.0, "shelter_informal_settlers_nhts": 6.289308, "health_center_attendance": 82.04182, "educ_outofschool_all": 5.217391, "work_unemployment": 52.325581, "po_conflict": 19.811321, "participation_assembly_attendance": 98.793842, "sp_sss": 4.062846999999991, "he_risk": 9.256753999999999, "shelter_electricity": 10.37735849, "health_center_attendance.1": 82.04182042, "work_farms": 2.66075388, "work_unskilled": 41.46341463, "health_programs": 68.55345912, "sp_philhealth": 31.44654088, "water_toilet": 3.1446540880000002, "shelter_makeshift_nhts": 2.51572327, "food_malnourished": "", "health_child_death": "", "health_maternal_death": "", "he_flood": 0.0, "he_volcano": 0.0, "he_landslide": 0.001056, "he_earthquake": 0.0, "name": "Cabezas"}, "PH042122003": {"water_access": 9.200969, "food_tenure": 92.307692, "shelter_informal_settlers_nhts": 2.4213080000000002, "health_center_attendance": 82.549858, "educ_outofschool_all": 7.7054789999999995, "work_unemployment": 54.46390400000001, "po_conflict": 20.823245, "participation_assembly_attendance": 99.456624, "sp_sss": 3.0665280000000052, "he_risk": 20.310407, "shelter_electricity": 13.92251816, "health_center_attendance.1": 82.54985755, "work_farms": 1.9699812380000001, "work_unskilled": 39.77485929, "health_programs": 62.71186441, "sp_philhealth": 37.28813559, "water_toilet": 1.089588378, "shelter_makeshift_nhts": 2.966101695, "food_malnourished": "", "health_child_death": "", "health_maternal_death": "", "he_flood": 0.0, "he_volcano": 0.0, "he_landslide": 0.001056, "he_earthquake": 0.0, "name": "Cabuco"}, "PH042122004": {"water_access": 10.588235000000001, "food_tenure": "", "shelter_informal_settlers_nhts": 4.852941, "health_center_attendance": 91.18654599999999, "educ_outofschool_all": 9.370988, "work_unemployment": 56.144068000000004, "po_conflict": 0.294118, "participation_assembly_attendance": 99.530469, "sp_sss": 4.225782999999993, "he_risk": 22.864860999999998, "shelter_electricity": 9.558823529, "health_center_attendance.1": 91.18654625, "work_farms": 3.985507246, "work_unskilled": 35.26570048, "health_programs": 83.38235294, "sp_philhealth": 16.617647059999996, "water_toilet": 14.55882353, "shelter_makeshift_nhts": 14.33823529, "food_malnourished": "", "health_child_death": "", "health_maternal_death": "", "he_flood": 0.0, "he_volcano": 0.0, "he_landslide": 0.0, "he_earthquake": 0.0, "name": "De Ocampo"}, "PH042122005": {"water_access": 2.479339, "food_tenure": 0.0, "shelter_informal_settlers_nhts": 4.958678, "health_center_attendance": 85.88235300000001, "educ_outofschool_all": 8.176101, "work_unemployment": 58.505155, "po_conflict": 0.0, "participation_assembly_attendance": 95.892351, "sp_sss": 4.390934999999999, "he_risk": 4.415088, "shelter_electricity": 15.70247934, "health_center_attendance.1": 85.88235294, "work_farms": 6.211180124, "work_unskilled": 33.54037267, "health_programs": 76.03305785, "sp_philhealth": 23.966942149999994, "water_toilet": 13.2231405, "shelter_makeshift_nhts": 4.958677686000001, "food_malnourished": "", "health_child_death": "", "health_maternal_death": "", "he_flood": 0.0, "he_volcano": 0.0, "he_landslide": 0.001056, "he_earthquake": 0.0, "name": "Lallana"}, "PH042122006": {"water_access": 10.512483999999999, "food_tenure": 50.0, "shelter_informal_settlers_nhts": 2.759527, "health_center_attendance": 84.60313199999999, "educ_outofschool_all": 6.997972, "work_unemployment": 52.43119300000001, "po_conflict": 11.30092, "participation_assembly_attendance": 98.725415, "sp_sss": 3.263378000000003, "he_risk": 36.413610999999996, "shelter_electricity": 8.541392904, "health_center_attendance.1": 84.60313247, "work_farms": 1.157184185, "work_unskilled": 38.47637416, "health_programs": 82.52299606, "sp_philhealth": 17.477003940000003, "water_toilet": 5.387647832000001, "shelter_makeshift_nhts": 9.526938239, "food_malnourished": "", "health_child_death": "", "health_maternal_death": "", "he_flood": 0.0, "he_volcano": 0.0, "he_landslide": 0.001056, "he_earthquake": 0.0, "name": "San Agustin (Pob.)"}, "PH042122008": {"water_access": 10.755813999999999, "food_tenure": 0.0, "shelter_informal_settlers_nhts": 2.325581, "health_center_attendance": 88.294405, "educ_outofschool_all": 5.86451, "work_unemployment": 57.055503, "po_conflict": 0.145349, "participation_assembly_attendance": 98.279332, "sp_sss": 3.853893999999997, "he_risk": 28.198328000000004, "shelter_electricity": 7.703488372000001, "health_center_attendance.1": 88.29440521, "work_farms": 1.6429353780000002, "work_unskilled": 37.67798467, "health_programs": 60.02906977, "sp_philhealth": 39.97093023, "water_toilet": 24.27325581, "shelter_makeshift_nhts": 4.287790698, "food_malnourished": "", "health_child_death": "", "health_maternal_death": "", "he_flood": 0.0, "he_volcano": 0.0, "he_landslide": 0.001056, "he_earthquake": 0.0, "name": "Osorio"}, "PH042122009": {"water_access": 12.162162, "food_tenure": 50.0, "shelter_informal_settlers_nhts": 1.013514, "health_center_attendance": 91.08108100000001, "educ_outofschool_all": 5.837562999999999, "work_unemployment": 54.41860500000001, "po_conflict": 0.0, "participation_assembly_attendance": 98.815166, "sp_sss": 4.383886000000004, "he_risk": 21.801829, "shelter_electricity": 16.55405405, "health_center_attendance.1": 91.08108108, "work_farms": 3.571428571, "work_unskilled": 34.18367347, "health_programs": 82.43243243, "sp_philhealth": 17.567567569999994, "water_toilet": 28.37837838, "shelter_makeshift_nhts": 5.236486486, "food_malnourished": "", "health_child_death": "", "health_maternal_death": "", "he_flood": 0.0, "he_volcano": 0.0, "he_landslide": 0.001056, "he_earthquake": 0.0, "name": "Conchu (Lagundian)"}, "PH042122010": {"water_access": 1.029083, "food_tenure": 34.375, "shelter_informal_settlers_nhts": 0.134228, "health_center_attendance": 94.18769499999999, "educ_outofschool_all": 6.671581, "work_unemployment": 56.29473, "po_conflict": 2.908277, "participation_assembly_attendance": 99.24670400000001, "sp_sss": 3.7050680000000114, "he_risk": 27.08567, "shelter_electricity": 1.700223714, "health_center_attendance.1": 94.18769492, "work_farms": 1.116486788, "work_unskilled": 37.43952363, "health_programs": 43.84787472, "sp_philhealth": 56.15212528, "water_toilet": 0.939597315, "shelter_makeshift_nhts": 1.2304250559999999, "food_malnourished": "", "health_child_death": "", "health_maternal_death": "", "he_flood": 0.0, "he_volcano": 0.0, "he_landslide": 0.001056, "he_earthquake": 0.0, "name": "Perez (Lucbanan)"}, "PH042122011": {"water_access": 3.8125, "food_tenure": 12.5, "shelter_informal_settlers_nhts": 0.4375, "health_center_attendance": 86.415138, "educ_outofschool_all": 3.919035, "work_unemployment": 52.365742, "po_conflict": 4.0, "participation_assembly_attendance": 98.603817, "sp_sss": 3.349558000000002, "he_risk": 3.97073, "shelter_electricity": 5.625, "health_center_attendance.1": 86.41513842, "work_farms": 0.796311819, "work_unskilled": 38.80972339, "health_programs": 23.5625, "sp_philhealth": 76.4375, "water_toilet": 0.0625, "shelter_makeshift_nhts": 1.0625, "food_malnourished": "", "health_child_death": "", "health_maternal_death": "", "he_flood": 0.0, "he_volcano": 0.0, "he_landslide": 0.001056, "he_earthquake": 0.0, "name": "Aguado (Piscal Mundo)"}, "PH042122012": {"water_access": 9.352518, "food_tenure": 40.0, "shelter_informal_settlers_nhts": 1.079137, "health_center_attendance": 91.15942, "educ_outofschool_all": 6.4066849999999995, "work_unemployment": 54.285714, "po_conflict": 0.359712, "participation_assembly_attendance": 97.767075, "sp_sss": 4.071804, "he_risk": 30.493567, "shelter_electricity": 8.992805755, "health_center_attendance.1": 91.15942029, "work_farms": 0.78125, "work_unskilled": 41.40625, "health_programs": 83.09352518, "sp_philhealth": 16.90647482, "water_toilet": 33.09352518, "shelter_makeshift_nhts": 5.215827338, "food_malnourished": "", "health_child_death": "",