{"PH042114001": {"Water_Prop": 1.449275, "Food_Prop": 100.0, "Shelter_Prop": 0.0, "Health_Prop": 69.277108, "Education_Prop": 6.349206, "Work_Prop": 41.484716, "Peace_Prop": 0.0, "Participation_Prop": 91.09589, "SocialProtection_Prop": 98.013699, "Environment_Prop": 3.221494, "shelter_electricity": 1.4492753619999998, "health_center_attendance": 69.27710843, "work_farms": 5.970149254, "work_unskilled": 19.40298507, "health_programs": 49.27536232, "sp_philhealth": 49.27536232, "water_toilet": 2.898550725, "shelter_makeshift_nhts": 0.7246376809999999, "food_malnourished": "", "health_child_death": "", "health_maternal_death": "", "he_flood": 0.0, "he_volcano": 0.0, "he_landslide": 0.001056, "he_earthquake": 0.0, "name": "Anuling Lejos I (Anuling)"}, "PH042114002": {"Water_Prop": 6.20155, "Food_Prop": 100.0, "Shelter_Prop": 0.0, "Health_Prop": 74.61059200000001, "Education_Prop": 6.10687, "Work_Prop": 47.572815999999996, "Peace_Prop": 0.7751939999999999, "Participation_Prop": 95.922394, "SocialProtection_Prop": 97.007563, "Environment_Prop": 15.716258999999999, "shelter_electricity": 11.62790698, "health_center_attendance": 74.61059190000002, "work_farms": 2.314814815, "work_unskilled": 31.48148148, "health_programs": 70.54263566, "sp_philhealth": 70.54263566, "water_toilet": 1.5503875969999998, "shelter_makeshift_nhts": 0.775193798, "food_malnourished": "", "health_child_death": "", "health_maternal_death": "", "he_flood": 0.0, "he_volcano": 0.0, "he_landslide": 0.001056, "he_earthquake": 0.0, "name": "Asis I"}, "PH042114003": {"Water_Prop": 5.882353, "Food_Prop": "", "Shelter_Prop": 0.0, "Health_Prop": 70.234604, "Education_Prop": 14.035088, "Work_Prop": 47.641509, "Peace_Prop": 9.558824000000001, "Participation_Prop": 93.98454699999999, "SocialProtection_Prop": 97.737307, "Environment_Prop": 19.126799, "shelter_electricity": 11.76470588, "health_center_attendance": 70.23460411, "work_farms": 2.252252252, "work_unskilled": 40.99099099, "health_programs": 76.47058824, "sp_philhealth": 76.47058824, "water_toilet": 0.0, "shelter_makeshift_nhts": 1.1029411759999999, "food_malnourished": "", "health_child_death": "", "health_maternal_death": "", "he_flood": 0.0, "he_volcano": 0.0, "he_landslide": 0.001056, "he_earthquake": 0.0, "name": "Galicia I"}, "PH042114004": {"Water_Prop": 1.265823, "Food_Prop": "", "Shelter_Prop": 0.421941, "Health_Prop": 75.09578499999999, "Education_Prop": 8.296942999999999, "Work_Prop": 47.398031, "Peace_Prop": 1.687764, "Participation_Prop": 94.58097, "SocialProtection_Prop": 97.47952099999999, "Environment_Prop": 2.4494130000000003, "shelter_electricity": 3.375527426, "health_center_attendance": 75.09578544, "work_farms": 13.10160428, "work_unskilled": 24.59893048, "health_programs": 69.19831224, "sp_philhealth": 69.19831224, "water_toilet": 2.53164557, "shelter_makeshift_nhts": 1.265822785, "food_malnourished": "", "health_child_death": "", "health_maternal_death": "", "he_flood": 0.0, "he_volcano": 0.0, "he_landslide": 0.001056, "he_earthquake": 0.0, "name": "Palocpoc I"}, "PH042114005": {"Water_Prop": 1.77305, "Food_Prop": 60.0, "Shelter_Prop": 1.41844, "Health_Prop": 80.409357, "Education_Prop": 5.976096, "Work_Prop": 45.491803000000004, "Peace_Prop": 1.41844, "Participation_Prop": 93.003413, "SocialProtection_Prop": 97.32650699999999, "Environment_Prop": 4.424358, "shelter_electricity": 3.5460992910000004, "health_center_attendance": 80.40935673, "work_farms": 8.082706767000001, "work_unskilled": 19.54887218, "health_programs": 86.17021277, "sp_philhealth": 86.17021277, "water_toilet": 0.354609929, "shelter_makeshift_nhts": 1.063829787, "food_malnourished": "", "health_child_death": "", "health_maternal_death": "", "he_flood": 0.0, "he_volcano": 0.0, "he_landslide": 0.001056, "he_earthquake": 0.0, "name": "Panungyan I"}, "PH042114007": {"Water_Prop": 7.894736999999999, "Food_Prop": 100.0, "Shelter_Prop": 0.0, "Health_Prop": 73.157895, "Education_Prop": 0.0, "Work_Prop": 53.278689, "Peace_Prop": 0.0, "Participation_Prop": 89.985694, "SocialProtection_Prop": 98.1402, "Environment_Prop": 21.195647, "shelter_electricity": 5.263157895, "health_center_attendance": 73.15789474, "work_farms": 1.754385965, "work_unskilled": 14.03508772, "health_programs": 71.05263158, "sp_philhealth": 71.05263158, "water_toilet": 0.0, "shelter_makeshift_nhts": 1.315789474, "food_malnourished": "", "health_child_death": "", "health_maternal_death": "", "he_flood": 0.0, "he_volcano": 0.0, "he_landslide": 0.001056, "he_earthquake": 0.0, "name": "Poblacion I (Barangay I)"}, "PH042114008": {"Water_Prop": 0.0, "Food_Prop": "", "Shelter_Prop": 0.0, "Health_Prop": 91.262136, "Education_Prop": 0.0, "Work_Prop": 59.722221999999995, "Peace_Prop": 0.0, "Participation_Prop": 86.09375, "SocialProtection_Prop": 96.71875, "Environment_Prop": 19.576342, "shelter_electricity": 4.166666667, "health_center_attendance": 91.26213592, "work_farms": 10.34482759, "work_unskilled": 17.24137931, "health_programs": 83.33333333, "sp_philhealth": 83.33333333, "water_toilet": 0.0, "shelter_makeshift_nhts": 0.0, "food_malnourished": "", "health_child_death": "", "health_maternal_death": "", "he_flood": 0.0, "he_volcano": 0.0, "he_landslide": 0.001056, "he_earthquake": 0.0, "name": "Poblacion II (Barangay II)"}, "PH042114009": {"Water_Prop": 10.869565, "Food_Prop": "", "Shelter_Prop": 0.0, "Health_Prop": 69.037657, "Education_Prop": 4.0, "Work_Prop": 47.169810999999996, "Peace_Prop": 2.173913, "Participation_Prop": 92.98986500000001, "SocialProtection_Prop": 97.550676, "Environment_Prop": 4.524055000000001, "shelter_electricity": 0.0, "health_center_attendance": 69.0376569, "work_farms": 5.952380952, "work_unskilled": 19.04761905, "health_programs": 67.39130435, "sp_philhealth": 67.39130435, "water_toilet": 0.0, "shelter_makeshift_nhts": 2.173913043, "food_malnourished": "", "health_child_death": "", "health_maternal_death": "", "he_flood": 0.0, "he_volcano": 0.0, "he_landslide": 0.001056, "he_earthquake": 0.0, "name": "Poblacion III (Barangay III)"}, "PH042114010": {"Water_Prop": 0.0, "Food_Prop": "", "Shelter_Prop": 0.0, "Health_Prop": 96.449704, "Education_Prop": 4.0, "Work_Prop": 46.153846, "Peace_Prop": 0.0, "Participation_Prop": 90.066225, "SocialProtection_Prop": 97.18543000000001, "Environment_Prop": 19.930751, "shelter_electricity": 2.631578947, "health_center_attendance": 96.44970414, "work_farms": 1.428571429, "work_unskilled": 17.14285714, "health_programs": 78.94736842, "sp_philhealth": 78.94736842, "water_toilet": 0.0, "shelter_makeshift_nhts": 0.0, "food_malnourished": "", "health_child_death": "", "health_maternal_death": "", "he_flood": 0.0, "he_volcano": 0.0, "he_landslide": 0.001056, "he_earthquake": 0.0, "name": "Poblacion IV (Barangay IV)"}, "PH042114011": {"Water_Prop": 4.347826, "Food_Prop": "", "Shelter_Prop": 1.449275, "Health_Prop": 87.792208, "Education_Prop": 5.617978, "Work_Prop": 51.320755, "Peace_Prop": 1.449275, "Participation_Prop": 89.395546, "SocialProtection_Prop": 97.879109, "Environment_Prop": 20.136379, "shelter_electricity": 2.898550725, "health_center_attendance": 87.79220779, "work_farms": 3.875968992, "work_unskilled": 29.45736434, "health_programs": 72.46376812, "sp_philhealth": 72.46376812, "water_toilet": 0.0, "shelter_makeshift_nhts": 1.4492753619999998, "food_malnourished": "", "health_child_death": "", "health_maternal_death": "", "he_flood": 0.0, "he_volcano": 0.0, "he_landslide": 0.001056, "he_earthquake": 0.0, "name": "Poblacion V (Barangay V)"}, "PH042114012": {"Water_Prop": 2.857143, "Food_Prop": 100.0, "Shelter_Prop": 0.0, "Health_Prop": 80.532787, "Education_Prop": 1.298701, "Work_Prop": 51.841359999999995, "Peace_Prop": 0.0, "Participation_Prop": 87.740941, "SocialProtection_Prop": 97.841172, "Environment_Prop": 9.210353999999999, "shelter_electricity": 0.9523809520000001, "health_center_attendance": 80.53278689, "work_farms": 4.117647058999999, "work_unskilled": 27.64705882, "health_programs": 75.23809524,