{"PH043419001": {"water_access": 83.82352900000001, "food_tenure": 92.85714300000001, "shelter_informal_settlers_nhts": 1.470588, "health_center_attendance": 70.695971, "educ_outofschool_all": 7.8125, "work_unemployment": 51.461988, "po_conflict": 1.470588, "participation_assembly_attendance": 69.034091, "sp_sss": 99.147727, "he_risk": 0.911307, "shelter_electricity": 8.823529412000001, "health_center_attendance.1": 70.6959707, "work_farms": 38.55421687, "work_unskilled": 24.09638554, "health_programs": 66.17647059, "sp_philhealth": 66.17647059, "water_toilet": 0.0, "shelter_makeshift_nhts": 2.9411764710000003, "food_malnourished": "", "health_child_death": "", "health_maternal_death": "", "he_flood": 0.0, "he_volcano": 0.0, "he_landslide": 0.009026000000000001, "he_earthquake": 0.0, "name": "Anibong"}, "PH043419002": {"water_access": 20.307692000000003, "food_tenure": 0.0, "shelter_informal_settlers_nhts": 1.384615, "health_center_attendance": 90.67097199999999, "educ_outofschool_all": 5.0420169999999995, "work_unemployment": 47.081497999999996, "po_conflict": 5.384615, "participation_assembly_attendance": 98.037154, "sp_sss": 97.756747, "he_risk": 34.969648, "shelter_electricity": 8.769230769, "health_center_attendance.1": 90.67097237, "work_farms": 5.619146722000001, "work_unskilled": 31.73777315, "health_programs": 62.15384615, "sp_philhealth": 62.15384615, "water_toilet": 2.461538462, "shelter_makeshift_nhts": 2.615384615, "food_malnourished": "", "health_child_death": "", "health_maternal_death": "", "he_flood": 0.0, "he_volcano": 0.0, "he_landslide": 0.0, "he_earthquake": 0.0, "name": "Bi\u00cc\u00b1an"}, "PH043419003": {"water_access": 3.75, "food_tenure": 0.0, "shelter_informal_settlers_nhts": 0.9375, "health_center_attendance": 91.655629, "educ_outofschool_all": 11.428571, "work_unemployment": 44.225074, "po_conflict": 2.8125, "participation_assembly_attendance": 97.392359, "sp_sss": 97.271073, "he_risk": 15.940079, "shelter_electricity": 8.4375, "health_center_attendance.1": 91.65562914, "work_farms": 16.28318584, "work_unskilled": 23.89380531, "health_programs": 57.8125, "sp_philhealth": 57.8125, "water_toilet": 2.5, "shelter_makeshift_nhts": 4.0625, "food_malnourished": "", "health_child_death": "", "health_maternal_death": "", "he_flood": 0.0, "he_volcano": 0.0, "he_landslide": 0.0, "he_earthquake": 0.0, "name": "Buboy"}, "PH043419004": {"water_access": 5.1157129999999995, "food_tenure": 30.0, "shelter_informal_settlers_nhts": 0.730816, "health_center_attendance": 95.529801, "educ_outofschool_all": 4.49294, "work_unemployment": 45.692119, "po_conflict": 1.8270400000000002, "participation_assembly_attendance": 98.275862, "sp_sss": 97.27475, "he_risk": 16.661413, "shelter_electricity": 7.795371498, "health_center_attendance.1": 95.52980132, "work_farms": 13.98496241, "work_unskilled": 25.18796992, "health_programs": 63.58099878, "sp_philhealth": 63.58099878, "water_toilet": 0.243605359, "shelter_makeshift_nhts": 3.166869671, "food_malnourished": "", "health_child_death": "", "health_maternal_death": "", "he_flood": 0.0, "he_volcano": 0.0, "he_landslide": 0.0, "he_earthquake": 0.0, "name": "Cabanbanan"}, "PH043419005": {"water_access": 7.537688, "food_tenure": 100.0, "shelter_informal_settlers_nhts": 6.030151, "health_center_attendance": 76.754386, "educ_outofschool_all": 8.510638, "work_unemployment": 41.962775, "po_conflict": 2.512563, "participation_assembly_attendance": 88.30735, "sp_sss": 98.329621, "he_risk": 3.650433, "shelter_electricity": 14.57286432, "health_center_attendance.1": 76.75438596, "work_farms": 27.98833819, "work_unskilled": 30.32069971, "health_programs": 50.75376884, "sp_philhealth": 50.75376884, "water_toilet": 6.532663317000001, "shelter_makeshift_nhts": 9.547738693, "food_malnourished": "", "health_child_death": "", "health_maternal_death": "", "he_flood": 2e-06, "he_volcano": 0.0, "he_landslide": 0.001584, "he_earthquake": 0.0, "name": "Calusiche"}, "PH043419006": {"water_access": 5.384615, "food_tenure": 80.0, "shelter_informal_settlers_nhts": 1.153846, "health_center_attendance": 93.103448, "educ_outofschool_all": 6.072874, "work_unemployment": 44.759207, "po_conflict": 2.307692, "participation_assembly_attendance": 89.934534, "sp_sss": 98.11784, "he_risk": 1.9460689999999998, "shelter_electricity": 11.53846154, "health_center_attendance.1": 93.10344828, "work_farms": 12.56410256, "work_unskilled": 30.51282051, "health_programs": 40.0, "sp_philhealth": 40.0, "water_toilet": 6.153846154, "shelter_makeshift_nhts": 1.153846154, "food_malnourished": "", "health_child_death": "", "health_maternal_death": "", "he_flood": 1e-06, "he_volcano": 0.0, "he_landslide": 0.008551000000000001, "he_earthquake": 0.0, "name": "Dingin"}, "PH043419007": {"water_access": 24.59893, "food_tenure": "", "shelter_informal_settlers_nhts": 3.208556, "health_center_attendance": 57.954544999999996, "educ_outofschool_all": 6.25, "work_unemployment": 47.454175, "po_conflict": 5.882353, "participation_assembly_attendance": 90.064103, "sp_sss": 98.931624, "he_risk": 2.418101, "shelter_electricity": 18.18181818, "health_center_attendance.1": 57.95454545, "work_farms": 17.82945736, "work_unskilled": 29.06976744, "health_programs": 56.14973262, "sp_philhealth": 56.14973262, "water_toilet": 4.278074866, "shelter_makeshift_nhts": 2.4064171119999997, "food_malnourished": "", "health_child_death": "", "health_maternal_death": "", "he_flood": 2e-06, "he_volcano": 0.0, "he_landslide": 0.007443000000000001, "he_earthquake": 0.0, "name": "Lambac"}, "PH043419008": {"water_access": 25.757576, "food_tenure": 50.0, "shelter_informal_settlers_nhts": 3.030303, "health_center_attendance": 94.485294, "educ_outofschool_all": 0.0, "work_unemployment": 43.850266999999995, "po_conflict": 0.0, "participation_assembly_attendance": 62.837838, "sp_sss": 98.986486, "he_risk": 4.855090000000001, "shelter_electricity": 18.18181818, "health_center_attendance.1": 94.48529412, "work_farms": 18.095238100000003, "work_unskilled": 39.04761905, "health_programs": 60.60606061, "sp_philhealth": 60.60606061, "water_toilet": 9.090909091, "shelter_makeshift_nhts": 3.787878788, "food_malnourished": "", "health_child_death": "", "health_maternal_death": "", "he_flood": 0.0, "he_volcano": 0.0, "he_landslide": 0.0, "he_earthquake": 0.0, "name": "Layugan"}, "PH043419009": {"water_access": 7.246377000000001, "food_tenure": "", "shelter_informal_settlers_nhts": 0.724638, "health_center_attendance": 72.872789, "educ_outofschool_all": 5.204461, "work_unemployment": 49.742268, "po_conflict": 3.26087, "participation_assembly_attendance": 97.986891, "sp_sss": 98.080524, "he_risk": 8.291819, "shelter_electricity": 4.347826087, "health_center_attendance.1": 72.87278854, "work_farms": 4.102564103, "work_unskilled": 20.25641026, "health_programs": 79.34782609, "sp_philhealth": 79.34782609, "water_toilet": 2.898550725, "shelter_makeshift_nhts": 1.086956522, "food_malnourished": "", "health_child_death": "", "health_maternal_death": "", "he_flood": 1e-06, "he_volcano": 0.0, "he_landslide": 0.001584, "he_earthquake": 0.0, "name": "Magdapio"}, "PH043419010": {"water_access": 1.2903229999999999, "food_tenure": 0.0, "shelter_informal_settlers_nhts": 0.645161, "health_center_attendance": 83.885891, "educ_outofschool_all": 5.43131, "work_unemployment": 55.466053, "po_conflict": 7.741935000000001, "participation_assembly_attendance": 98.907104, "sp_sss": 97.505346, "he_risk": 27.274997999999997, "shelter_electricity": 4.838709677, "health_center_attendance.1": 83.88589052, "work_farms": 4.909560723999999, "work_unskilled": 18.0878553, "health_programs": 81.61290323, "sp_philhealth": 81.61290323, "water_toilet": 1.2903225809999999, "shelter_makeshift_nhts": 1.451612903, "food_malnourished": "", "health_child_death": "", "health_maternal_death": "", "he_flood": 0.0, "he_volcano": 0.0, "he_landslide": 0.001584, "he_earthquake": 0.0, "name": "Maulawin"}, "PH043419011": {"water_access": 4.118993,