{"PH045814001": {"Water_Prop": 2.806499, "Food_Prop": 100.0, "Shelter_Prop": 22.895126, "Health_Prop": 62.809787, "Education_Prop": 7.089803999999999, "Work_Prop": 53.041486, "Peace_Prop": 0.22156599999999999, "Participation_Prop": 96.77779699999999, "SocialProtection_Prop": 96.270837, "Environment_Prop": 19.260659, "shelter_electricity": 9.601181684, "health_center_attendance": 62.80978689999999, "work_farms": 1.951219512, "work_unskilled": 31.92411924, "health_programs": 38.77400295, "sp_philhealth": 38.77400295, "water_toilet": 0.9601181679999999, "shelter_makeshift_nhts": 4.35745938, "food_malnourished": "", "health_child_death": "", "health_maternal_death": "", "he_flood": 0.0, "he_volcano": 0.0, "he_landslide": 0.001584, "he_earthquake": 0.0}, "PH045814003": {"Water_Prop": 13.485477, "Food_Prop": 42.857143, "Shelter_Prop": 5.549793, "Health_Prop": 72.615385, "Education_Prop": 5.93343, "Work_Prop": 47.770259, "Peace_Prop": 3.786307, "Participation_Prop": 98.770724, "SocialProtection_Prop": 95.89163, "Environment_Prop": 8.314422, "shelter_electricity": 8.921161826, "health_center_attendance": 72.61538462, "work_farms": 4.551495017, "work_unskilled": 26.57807309, "health_programs": 71.52489627, "sp_philhealth": 71.52489627, "water_toilet": 1.244813278, "shelter_makeshift_nhts": 3.086099585, "food_malnourished": "", "health_child_death": "", "health_maternal_death": "", "he_flood": 0.0, "he_volcano": 0.0, "he_landslide": 0.001584, "he_earthquake": 0.0}, "PH045814004": {"Water_Prop": 8.619314, "Food_Prop": 61.538462, "Shelter_Prop": 3.192338, "Health_Prop": 76.21073299999999, "Education_Prop": 6.105733, "Work_Prop": 52.034588, "Peace_Prop": 0.319234, "Participation_Prop": 97.785227, "SocialProtection_Prop": 96.240872, "Environment_Prop": 15.656467000000001, "shelter_electricity": 8.778930567, "health_center_attendance": 76.21073298, "work_farms": 3.658536585, "work_unskilled": 29.42735949, "health_programs": 71.02952913, "sp_philhealth": 71.02952913, "water_toilet": 1.596169194, "shelter_makeshift_nhts": 5.865921788, "food_malnourished": "", "health_child_death": "", "health_maternal_death": "", "he_flood": 0.0, "he_volcano": 0.0, "he_landslide": 0.001584, "he_earthquake": 0.0}, "PH045814005": {"Water_Prop": 19.248826, "Food_Prop": 100.0, "Shelter_Prop": 8.372457, "Health_Prop": 77.89003000000001, "Education_Prop": 6.349206, "Work_Prop": 50.91104, "Peace_Prop": 0.078247, "Participation_Prop": 98.44004699999999, "SocialProtection_Prop": 96.088475, "Environment_Prop": 22.804446, "shelter_electricity": 5.946791862, "health_center_attendance": 77.89002981, "work_farms": 2.729257642, "work_unskilled": 32.31441048, "health_programs": 71.90923318, "sp_philhealth": 71.90923318, "water_toilet": 0.391236307, "shelter_makeshift_nhts": 4.029733959, "food_malnourished": "", "health_child_death": "", "health_maternal_death": "", "he_flood": 0.0, "he_volcano": 0.0, "he_landslide": 0.001584, "he_earthquake": 0.0}, "PH045814006": {"Water_Prop": 9.139785, "Food_Prop": 62.5, "Shelter_Prop": 3.225806, "Health_Prop": 73.34801800000001, "Education_Prop": 4.210526, "Work_Prop": 48.895899, "Peace_Prop": 0.0, "Participation_Prop": 97.61810200000001, "SocialProtection_Prop": 97.419611, "Environment_Prop": 25.720366000000002, "shelter_electricity": 9.677419355, "health_center_attendance": 73.34801762, "work_farms": 4.62962963, "work_unskilled": 26.54320988, "health_programs": 68.8172043, "sp_philhealth": 68.8172043, "water_toilet": 2.6881720430000002, "shelter_makeshift_nhts": 5.64516129, "food_malnourished": "", "health_child_death": "", "health_maternal_death": "", "he_flood": 0.0, "he_volcano": 0.0, "he_landslide": 0.001584, "he_earthquake": 0.0}, "PH045814007": {"Water_Prop": 0.733138, "Food_Prop": 77.777778, "Shelter_Prop": 4.398827, "Health_Prop": 68.990826, "Education_Prop": 6.598985000000001, "Work_Prop": 54.454502000000005, "Peace_Prop": 0.43988299999999997, "Participation_Prop": 97.655803, "SocialProtection_Prop": 94.777968, "Environment_Prop": 18.798903, "shelter_electricity": 4.545454545, "health_center_attendance": 68.99082569, "work_farms": 2.928870293, "work_unskilled": 28.033472800000002, "health_programs": 42.6686217, "sp_philhealth": 42.6686217, "water_toilet": 0.586510264, "shelter_makeshift_nhts": 3.958944282, "food_malnourished": "", "health_child_death": "", "health_maternal_death": "", "he_flood": 0.0, "he_volcano": 0.0, "he_landslide": 0.001584, "he_earthquake": 0.0}, "PH045814008": {"Water_Prop": 11.875, "Food_Prop": 100.0, "Shelter_Prop": 5.625, "Health_Prop": 80.238727, "Education_Prop": 11.898017, "Work_Prop": 48.329854, "Peace_Prop": 0.625, "Participation_Prop": 98.43038, "SocialProtection_Prop": 96.860759, "Environment_Prop": 26.031470000000002, "shelter_electricity": 10.3125, "health_center_attendance": 80.23872679, "work_farms": 2.8282828280000003, "work_unskilled": 22.62626263, "health_programs": 79.6875, "sp_philhealth": 79.6875, "water_toilet": 1.25, "shelter_makeshift_nhts": 0.78125, "food_malnourished": "", "health_child_death": "", "health_maternal_death": "", "he_flood": 0.0, "he_volcano": 0.0, "he_landslide": 0.001584, "he_earthquake": 0.0}, "PH045814009": {"Water_Prop": 3.899721, "Food_Prop": "", "Shelter_Prop": 1.949861, "Health_Prop": 73.199528, "Education_Prop": 7.957560000000001, "Work_Prop": 53.227315000000004, "Peace_Prop": 0.557103, "Participation_Prop": 96.364174, "SocialProtection_Prop": 96.92580500000001, "Environment_Prop": 25.628607000000002, "shelter_electricity": 14.7632312, "health_center_attendance": 73.19952775, "work_farms": 5.0, "work_unskilled": 25.8, "health_programs": 57.66016713, "sp_philhealth": 57.66016713, "water_toilet": 0.557103064, "shelter_makeshift_nhts": 3.6211699160000004, "food_malnourished": "", "health_child_death": "", "health_maternal_death": "", "he_flood": 0.0, "he_volcano": 0.0, "he_landslide": 0.001584, "he_earthquake": 0.0}, "PH045814010": {"Water_Prop": 3.870968, "Food_Prop": "", "Shelter_Prop": 0.0, "Health_Prop": 77.388964, "Education_Prop": 9.42029, "Work_Prop": 54.511278000000004, "Peace_Prop": 0.645161, "Participation_Prop": 96.315789, "SocialProtection_Prop": 96.19883, "Environment_Prop": 17.513351, "shelter_electricity": 12.90322581, "health_center_attendance": 77.38896366, "work_farms": 0.0, "work_unskilled": 29.75206612, "health_programs": 75.48387097, "sp_philhealth": 75.48387097, "water_toilet": 1.2903225809999999, "shelter_makeshift_nhts": 2.258064516, "food_malnourished": "", "health_child_death": "", "health_maternal_death": "", "he_flood": 0.0, "he_volcano": 0.0, "he_landslide": 0.001584, "he_earthquake": 0.0}}