{"PH043414001": {"water_access": 98.165138, "food_tenure": 87.368421, "shelter_informal_settlers_nhts": 16.513761, "health_center_attendance": 56.481481, "educ_outofschool_all": 7.5, "work_unemployment": 41.208791, "po_conflict": 10.091743, "participation_assembly_attendance": 87.61467900000001, "sp_sss": 0.9174310000000077, "he_risk": 17.286134, "shelter_electricity": 8.256880734, "health_center_attendance.1": 56.48148148, "work_farms": 12.14953271, "work_unskilled": 38.31775701, "health_programs": 38.53211009, "sp_philhealth": 61.46788991, "water_toilet": 4.587155963, "shelter_makeshift_nhts": 4.587155963, "food_malnourished": "", "health_child_death": "", "health_maternal_death": "", "he_flood": 0.0, "he_volcano": 0.0, "he_landslide": 0.002639, "he_earthquake": 0.0, "name": "Amuyong"}, "PH043414002": {"water_access": 7.2874490000000005, "food_tenure": 86.30136999999999, "shelter_informal_settlers_nhts": 2.42915, "health_center_attendance": 47.732894, "educ_outofschool_all": 5.681818, "work_unemployment": 42.910447999999995, "po_conflict": 9.716599, "participation_assembly_attendance": "", "sp_sss": 1.7435899999999975, "he_risk": 14.304619, "shelter_electricity": 10.93117409, "health_center_attendance.1": 47.73289365, "work_farms": 14.59694989, "work_unskilled": 33.9869281, "health_programs": 22.67206478, "sp_philhealth": 77.32793522, "water_toilet": 0.809716599, "shelter_makeshift_nhts": 5.465587045, "food_malnourished": "", "health_child_death": "", "health_maternal_death": "", "he_flood": 0.0, "he_volcano": 0.0, "he_landslide": 0.0, "he_earthquake": 0.0, "name": "Lambac (Pob.)"}, "PH043414003": {"water_access": 0.9615379999999999, "food_tenure": 27.586207, "shelter_informal_settlers_nhts": 2.4038459999999997, "health_center_attendance": 54.960317, "educ_outofschool_all": 4.310345, "work_unemployment": 46.257484999999996, "po_conflict": 11.538461999999999, "participation_assembly_attendance": 88.729875, "sp_sss": 0.9839000000000055, "he_risk": 14.414776000000002, "shelter_electricity": 7.692307692000001, "health_center_attendance.1": 54.96031746, "work_farms": 22.00557103, "work_unskilled": 37.04735376, "health_programs": 26.44230769, "sp_philhealth": 73.55769231, "water_toilet": 1.442307692, "shelter_makeshift_nhts": 4.086538462, "food_malnourished": "", "health_child_death": "", "health_maternal_death": "", "he_flood": 0.0, "he_volcano": 0.0, "he_landslide": 0.0, "he_earthquake": 0.0, "name": "Lucong"}, "PH043414004": {"water_access": 2.887538, "food_tenure": 17.021276999999998, "shelter_informal_settlers_nhts": 2.1276599999999997, "health_center_attendance": 50.672495, "educ_outofschool_all": 4.64, "work_unemployment": 41.356784000000005, "po_conflict": 2.279635, "participation_assembly_attendance": 98.533263, "sp_sss": 0.8905189999999976, "he_risk": 11.753203, "shelter_electricity": 7.2948328270000005, "health_center_attendance.1": 50.67249496, "work_farms": 23.30762639, "work_unskilled": 31.36246787, "health_programs": 38.60182371, "sp_philhealth": 61.39817629, "water_toilet": 1.9756838909999999, "shelter_makeshift_nhts": 5.1671732519999996, "food_malnourished": "", "health_child_death": "", "health_maternal_death": "", "he_flood": 0.0, "he_volcano": 0.0, "he_landslide": 0.001584, "he_earthquake": 0.0, "name": "Matalatala"}, "PH043414005": {"water_access": 6.8522479999999995, "food_tenure": 90.0, "shelter_informal_settlers_nhts": 3.4261239999999997, "health_center_attendance": 49.514114, "educ_outofschool_all": 11.673152, "work_unemployment": 41.715543, "po_conflict": 8.56531, "participation_assembly_attendance": "", "sp_sss": 1.0538640000000044, "he_risk": 26.279281, "shelter_electricity": 10.92077088, "health_center_attendance.1": 49.51411384, "work_farms": 22.13836478, "work_unskilled": 31.57232704, "health_programs": 37.90149893, "sp_philhealth": 62.09850107, "water_toilet": 4.068522484, "shelter_makeshift_nhts": 7.815845824, "food_malnourished": "", "health_child_death": "", "health_maternal_death": "", "he_flood": 0.0, "he_volcano": 0.0, "he_landslide": 0.001584, "he_earthquake": 0.0, "name": "Nanguma"}, "PH043414006": {"water_access": 18.27957, "food_tenure": 0.0, "shelter_informal_settlers_nhts": 0.0, "health_center_attendance": 51.515152, "educ_outofschool_all": 2.5, "work_unemployment": 46.153846, "po_conflict": 7.5268820000000005, "participation_assembly_attendance": 87.043796, "sp_sss": 0.7299270000000035, "he_risk": 1.6550939999999998, "shelter_electricity": 8.602150538, "health_center_attendance.1": 51.51515152, "work_farms": 24.844720499999998, "work_unskilled": 36.64596273, "health_programs": 21.50537634, "sp_philhealth": 78.49462366, "water_toilet": 2.150537634, "shelter_makeshift_nhts": 6.989247312000001, "food_malnourished": "", "health_child_death": "", "health_maternal_death": "", "he_flood": 1e-06, "he_volcano": 0.0, "he_landslide": 0.008551000000000001, "he_earthquake": 0.0, "name": "Numero"}, "PH043414007": {"water_access": 18.893387, "food_tenure": 42.857143, "shelter_informal_settlers_nhts": 2.1592439999999997, "health_center_attendance": 63.393129, "educ_outofschool_all": 5.994152, "work_unemployment": 42.567568, "po_conflict": 2.8340080000000003, "participation_assembly_attendance": "", "sp_sss": 1.462206000000009, "he_risk": 16.423157999999997, "shelter_electricity": 6.61268556, "health_center_attendance.1": 63.39312861, "work_farms": 23.21568627, "work_unskilled": 33.64705882, "health_programs": 38.59649123, "sp_philhealth": 61.40350877, "water_toilet": 3.643724696, "shelter_makeshift_nhts": 3.50877193, "food_malnourished": "", "health_child_death": "", "health_maternal_death": "", "he_flood": 0.0, "he_volcano": 0.0, "he_landslide": 0.003431, "he_earthquake": 0.0, "name": "Paagahan"}, "PH043414008": {"water_access": 1.010101, "food_tenure": 64.285714, "shelter_informal_settlers_nhts": 0.0, "health_center_attendance": 48.283262, "educ_outofschool_all": 5.0, "work_unemployment": 45.454545, "po_conflict": 9.090909, "participation_assembly_attendance": "", "sp_sss": 1.9230770000000064, "he_risk": 18.134563, "shelter_electricity": 6.0606060610000005, "health_center_attendance.1": 48.2832618, "work_farms": 11.66666667, "work_unskilled": 31.11111111, "health_programs": 14.14141414, "sp_philhealth": 85.85858586, "water_toilet": 0.0, "shelter_makeshift_nhts": 1.515151515, "food_malnourished": "", "health_child_death": "", "health_maternal_death": "", "he_flood": 0.0, "he_volcano": 0.0, "he_landslide": 0.0, "he_earthquake": 0.0, "name": "Bayanihan (Pob.)"}, "PH043414009": {"water_access": 1.351351, "food_tenure": 66.666667, "shelter_informal_settlers_nhts": 3.153153, "health_center_attendance": 47.729566, "educ_outofschool_all": 8.675799000000001, "work_unemployment": 43.364197999999995, "po_conflict": 10.810811, "participation_assembly_attendance": "", "sp_sss": 1.8458199999999891, "he_risk": 12.773273, "shelter_electricity": 9.459459459, "health_center_attendance.1": 47.72956609, "work_farms": 8.719346049, "work_unskilled": 36.78474114, "health_programs": 21.17117117, "sp_philhealth": 78.82882882999999, "water_toilet": 1.351351351, "shelter_makeshift_nhts": 8.108108108, "food_malnourished": "", "health_child_death": "", "health_maternal_death": "", "he_flood": 0.0, "he_volcano": 0.0, "he_landslide": 0.0, "he_earthquake": 0.0, "name": "Libis ng Nayon (Pob.)"}, "PH043414010": {"water_access": 0.0, "food_tenure": "", "shelter_informal_settlers_nhts": 0.0, "health_center_attendance": 69.44444399999999, "educ_outofschool_all": 0.0, "work_unemployment": 47.619048, "po_conflict": 0.0, "participation_assembly_attendance": 86.352357, "sp_sss": 1.488833999999997, "he_risk": 14.234804, "shelter_electricity": 0.0, "health_center_attendance.1": 69.44444444, "work_farms": 1.515151515, "work_unskilled": 28.78787879, "health_programs": 47.5, "sp_philhealth": 52.5, "water_toilet": 0.0, "shelter_makeshift_nhts": 0.0, "food_malnourished": "", "health_child_death": "", "health_maternal_death": "", "he_flood": 0.0, "he_volcano": 0.0,