{"PH043403001": {"water_access": 7.619047999999999, "food_tenure": "", "shelter_informal_settlers_nhts": 0.9523809999999999, "health_center_attendance": 54.060325, "educ_outofschool_all": 7.446809, "work_unemployment": 41.958042, "po_conflict": 32.380952, "participation_assembly_attendance": 98.26464200000001, "sp_sss": 5.037357999999998, "he_risk": 38.022984, "shelter_electricity": 8.571428571, "health_center_attendance.1": 54.06032483, "work_farms": 0.602409639, "work_unskilled": 45.18072289, "health_programs": 59.04761905, "sp_philhealth": 40.95238095, "water_toilet": 1.904761905, "shelter_makeshift_nhts": 10.95238095, "food_malnourished": "", "health_child_death": "", "health_maternal_death": "", "he_flood": 0.0, "he_volcano": 0.0, "he_landslide": 0.001584, "he_earthquake": 0.0, "name": "Bi\u00cc\u00b1an (Poblacion)"}, "PH043403002": {"water_access": 8.653846000000001, "food_tenure": 100.0, "shelter_informal_settlers_nhts": 9.615385, "health_center_attendance": 69.248292, "educ_outofschool_all": 5.0420169999999995, "work_unemployment": 55.378485999999995, "po_conflict": 0.0, "participation_assembly_attendance": 90.743995, "sp_sss": 3.690685000000002, "he_risk": 28.188191999999997, "shelter_electricity": 28.84615385, "health_center_attendance.1": 69.24829157, "work_farms": 3.571428571, "work_unskilled": 41.51785714, "health_programs": 81.73076923, "sp_philhealth": 18.269230769999993, "water_toilet": 8.653846154, "shelter_makeshift_nhts": 31.73076923, "food_malnourished": "", "health_child_death": "", "health_maternal_death": "", "he_flood": 0.0, "he_volcano": 0.0, "he_landslide": 0.0, "he_earthquake": 0.0, "name": "Bungahan"}, "PH043403003": {"water_access": 3.378747, "food_tenure": 0.0, "shelter_informal_settlers_nhts": 0.5994550000000001, "health_center_attendance": 61.24493199999999, "educ_outofschool_all": 6.005859, "work_unemployment": 46.509322, "po_conflict": 7.084469, "participation_assembly_attendance": 99.865361, "sp_sss": 5.466828000000007, "he_risk": 20.580878, "shelter_electricity": 12.7520436, "health_center_attendance.1": 61.24493203, "work_farms": 1.7797552840000002, "work_unskilled": 32.70300334, "health_programs": 71.55313352, "sp_philhealth": 28.446866479999997, "water_toilet": 1.198910082, "shelter_makeshift_nhts": 6.430517711, "food_malnourished": "", "health_child_death": "", "health_maternal_death": "", "he_flood": 0.0, "he_volcano": 0.0, "he_landslide": 0.0, "he_earthquake": 0.0, "name": "Santo Tomas (Calabuso)"}, "PH043403004": {"water_access": 2.251791, "food_tenure": "", "shelter_informal_settlers_nhts": 43.295803, "health_center_attendance": 63.930220999999996, "educ_outofschool_all": 6.291391, "work_unemployment": 50.18649, "po_conflict": 2.149437, "participation_assembly_attendance": 99.634002, "sp_sss": 5.278622999999996, "he_risk": 44.829605, "shelter_electricity": 9.723643808, "health_center_attendance.1": 63.93022063, "work_farms": 1.580698835, "work_unskilled": 33.69384359, "health_programs": 79.63152508, "sp_philhealth": 20.368474919999997, "water_toilet": 1.8423746159999999, "shelter_makeshift_nhts": 15.76253838, "food_malnourished": "", "health_child_death": "", "health_maternal_death": "", "he_flood": 0.0, "he_volcano": 0.0, "he_landslide": 0.0, "he_earthquake": 0.0, "name": "Canlalay"}, "PH043403005": {"water_access": 0.574713, "food_tenure": "", "shelter_informal_settlers_nhts": 1.7241380000000002, "health_center_attendance": 80.146569, "educ_outofschool_all": 3.4210529999999997, "work_unemployment": 52.345416, "po_conflict": 8.62069, "participation_assembly_attendance": 88.548698, "sp_sss": 2.242043999999993, "he_risk": 18.744204999999997, "shelter_electricity": 7.183908046, "health_center_attendance.1": 80.14656895, "work_farms": 1.342281879, "work_unskilled": 25.05592841, "health_programs": 75.0, "sp_philhealth": 25.0, "water_toilet": 4.310344828, "shelter_makeshift_nhts": 3.879310345, "food_malnourished": "", "health_child_death": "", "health_maternal_death": "", "he_flood": 1e-06, "he_volcano": 0.0, "he_landslide": 0.0, "he_earthquake": 0.0, "name": "Casile"}, "PH043403006": {"water_access": 5.526898, "food_tenure": "", "shelter_informal_settlers_nhts": 2.824859, "health_center_attendance": 82.54727700000001, "educ_outofschool_all": 7.566766, "work_unemployment": 48.021371, "po_conflict": 42.692213, "participation_assembly_attendance": 99.592019, "sp_sss": 2.932364000000007, "he_risk": 13.361768, "shelter_electricity": 6.730533039, "health_center_attendance.1": 82.54727728, "work_farms": 2.055749129, "work_unskilled": 31.271777, "health_programs": 54.23728814, "sp_philhealth": 45.76271186, "water_toilet": 6.705969049, "shelter_makeshift_nhts": 10.41513142, "food_malnourished": "", "health_child_death": "", "health_maternal_death": "", "he_flood": 0.0, "he_volcano": 0.0, "he_landslide": 0.0, "he_earthquake": 0.0, "name": "De La Paz"}, "PH043403007": {"water_access": 1.926782, "food_tenure": "", "shelter_informal_settlers_nhts": 0.0, "health_center_attendance": 59.001259, "educ_outofschool_all": 4.310345, "work_unemployment": 46.544429, "po_conflict": 4.624276999999999, "participation_assembly_attendance": 93.716679, "sp_sss": 7.387662000000006, "he_risk": 23.007220999999998, "shelter_electricity": 6.55105973, "health_center_attendance.1": 59.00125892, "work_farms": 0.527704485, "work_unskilled": 26.78100264, "health_programs": 69.17148362, "sp_philhealth": 30.828516379999996, "water_toilet": 0.19267822699999998, "shelter_makeshift_nhts": 3.66088632, "food_malnourished": "", "health_child_death": "", "health_maternal_death": "", "he_flood": 1e-06, "he_volcano": 0.0, "he_landslide": 0.0, "he_earthquake": 0.0, "name": "Ganado"}, "PH043403008": {"water_access": 7.504078, "food_tenure": 11.111111, "shelter_informal_settlers_nhts": 6.525285, "health_center_attendance": 79.096267, "educ_outofschool_all": 7.281553, "work_unemployment": 56.83094200000001, "po_conflict": 1.305057, "participation_assembly_attendance": 99.696536, "sp_sss": 4.374063000000007, "he_risk": 52.501768000000006, "shelter_electricity": 12.39804241, "health_center_attendance.1": 79.09626719, "work_farms": 2.601156069, "work_unskilled": 32.94797688, "health_programs": 83.52365416, "sp_philhealth": 16.476345839999993, "water_toilet": 1.4681892330000001, "shelter_makeshift_nhts": 23.16476346, "food_malnourished": "", "health_child_death": "", "health_maternal_death": "", "he_flood": 0.0, "he_volcano": 0.0, "he_landslide": 0.001584, "he_earthquake": 0.0, "name": "San Francisco (Halang)"}, "PH043403009": {"water_access": 3.469182, "food_tenure": 0.0, "shelter_informal_settlers_nhts": 1.162007, "health_center_attendance": 88.48968, "educ_outofschool_all": 6.595364999999999, "work_unemployment": 49.849259, "po_conflict": 11.182216, "participation_assembly_attendance": 99.352143, "sp_sss": 4.053731999999997, "he_risk": 18.514395999999998, "shelter_electricity": 4.496463456, "health_center_attendance.1": 88.48967961, "work_farms": 0.8219850329999999, "work_unskilled": 29.76321924, "health_programs": 45.75614685, "sp_philhealth": 54.24385315, "water_toilet": 0.8251936679999999, "shelter_makeshift_nhts": 0.210508589, "food_malnourished": "", "health_child_death": "", "health_maternal_death": "", "he_flood": 0.0, "he_volcano": 0.0, "he_landslide": 0.001584, "he_earthquake": 0.0, "name": "Langkiwa"}, "PH043403011": {"water_access": 6.493506, "food_tenure": "", "shelter_informal_settlers_nhts": 16.883117000000002, "health_center_attendance": 78.10559, "educ_outofschool_all": 13.953488, "work_unemployment": 51.052632, "po_conflict": 2.597403, "participation_assembly_attendance": 99.183673, "sp_sss": 4.773010999999997, "he_risk": 28.132601, "shelter_electricity": 8.441558442, "health_center_attendance.1": 78.10559006, "work_farms": 0.537634409, "work_unskilled": 28.49462366, "health_programs": 86.36363636, "sp_philhealth": 13.636363639999999, "water_toilet": 20.77922078, "shelter_makeshift_nhts": 5.194805195, "food_malnourished": "",