{"PH043423001": {"Water_Prop": 1.039501, "Food_Prop": 0.0, "Shelter_Prop": 1.871102, "Health_Prop": 56.077348, "Education_Prop": 2.898551, "Work_Prop": 50.554468, "Peace_Prop": 20.37422, "Participation_Prop": 96.185979, "SocialProtection_Prop": 96.912459, "Environment_Prop": 9.0654, "shelter_electricity": 4.3659043660000005, "health_center_attendance": 56.07734807, "work_farms": 10.42216359, "work_unskilled": 24.670184699999997, "health_programs": 51.97505198, "sp_philhealth": 51.97505198, "water_toilet": 1.03950104, "shelter_makeshift_nhts": 3.3264033260000003, "food_malnourished": "", "health_child_death": "", "health_maternal_death": "", "he_flood": 0.0, "he_volcano": 0.0, "he_landslide": 0.001056, "he_earthquake": 0.0}, "PH043423002": {"Water_Prop": 71.42857099999999, "Food_Prop": 5.882353, "Shelter_Prop": 7.142857000000001, "Health_Prop": 47.058824, "Education_Prop": 20.0, "Work_Prop": 58.904109999999996, "Peace_Prop": 67.85714300000001, "Participation_Prop": 34.931507, "SocialProtection_Prop": 97.945205, "Environment_Prop": 0.779721, "shelter_electricity": 10.71428571, "health_center_attendance": 47.05882353, "work_farms": 30.0, "work_unskilled": 33.33333333, "health_programs": 32.14285714, "sp_philhealth": 32.14285714, "water_toilet": 0.0, "shelter_makeshift_nhts": 10.71428571, "food_malnourished": "", "health_child_death": "", "health_maternal_death": "", "he_flood": 0.0, "he_volcano": 0.0, "he_landslide": 0.001056, "he_earthquake": 0.0}, "PH043423003": {"Water_Prop": 4.597701, "Food_Prop": 10.0, "Shelter_Prop": 3.4482760000000003, "Health_Prop": 42.702703, "Education_Prop": 4.938272, "Work_Prop": 49.442378999999995, "Peace_Prop": 57.471264, "Participation_Prop": 59.493671, "SocialProtection_Prop": 96.455696, "Environment_Prop": 2.58196, "shelter_electricity": 4.597701149, "health_center_attendance": 42.7027027, "work_farms": 11.02941176, "work_unskilled": 27.94117647, "health_programs": 26.43678161, "sp_philhealth": 26.43678161, "water_toilet": 0.0, "shelter_makeshift_nhts": 8.045977011, "food_malnourished": "", "health_child_death": "", "health_maternal_death": "", "he_flood": 0.0, "he_volcano": 0.0, "he_landslide": 0.001056, "he_earthquake": 0.0}, "PH043423004": {"Water_Prop": 3.6734690000000003, "Food_Prop": 0.0, "Shelter_Prop": 2.857143, "Health_Prop": 48.266166999999996, "Education_Prop": 3.4482760000000003, "Work_Prop": 48.728246, "Peace_Prop": 21.632653, "Participation_Prop": 93.34898299999999, "SocialProtection_Prop": 97.496088, "Environment_Prop": 13.694278, "shelter_electricity": 2.857142857, "health_center_attendance": 48.26616682, "work_farms": 5.483028721, "work_unskilled": 26.89295039, "health_programs": 40.40816327, "sp_philhealth": 40.40816327, "water_toilet": 0.816326531, "shelter_makeshift_nhts": 3.06122449, "food_malnourished": "", "health_child_death": "", "health_maternal_death": "", "he_flood": 0.0, "he_volcano": 0.0, "he_landslide": 0.001056, "he_earthquake": 0.0}, "PH043423005": {"Water_Prop": 3.350515, "Food_Prop": 30.0, "Shelter_Prop": 1.2886600000000001, "Health_Prop": 45.481928, "Education_Prop": 2.173913, "Work_Prop": 52.126771999999995, "Peace_Prop": 26.804123999999998, "Participation_Prop": 93.811243, "SocialProtection_Prop": 96.957194, "Environment_Prop": 5.527685, "shelter_electricity": 2.577319588, "health_center_attendance": 45.48192771, "work_farms": 4.006968641, "work_unskilled": 27.35191638, "health_programs": 38.65979381, "sp_philhealth": 38.65979381, "water_toilet": 0.773195876, "shelter_makeshift_nhts": 3.350515464, "food_malnourished": "", "health_child_death": "", "health_maternal_death": "", "he_flood": 0.0, "he_volcano": 0.0, "he_landslide": 0.001056, "he_earthquake": 0.0}, "PH043423006": {"Water_Prop": 1.973684, "Food_Prop": 90.0, "Shelter_Prop": 0.0, "Health_Prop": 43.069307, "Education_Prop": 0.0, "Work_Prop": 49.780702000000005, "Peace_Prop": 13.815789, "Participation_Prop": 89.20863299999999, "SocialProtection_Prop": 97.122302, "Environment_Prop": 19.69248, "shelter_electricity": 1.315789474, "health_center_attendance": 43.06930693, "work_farms": 3.9301310039999997, "work_unskilled": 22.70742358, "health_programs": 41.44736842, "sp_philhealth": 41.44736842, "water_toilet": 0.0, "shelter_makeshift_nhts": 2.631578947, "food_malnourished": "", "health_child_death": "", "health_maternal_death": "", "he_flood": 0.0, "he_volcano": 0.0, "he_landslide": 0.001056, "he_earthquake": 0.0}, "PH043423007": {"Water_Prop": 3.797468, "Food_Prop": 50.0, "Shelter_Prop": 0.0, "Health_Prop": 21.005917, "Education_Prop": 3.703704, "Work_Prop": 67.96875, "Peace_Prop": 37.974684, "Participation_Prop": 92.903226, "SocialProtection_Prop": 96.49769599999999, "Environment_Prop": 23.225116, "shelter_electricity": 1.265822785, "health_center_attendance": 21.00591716, "work_farms": 1.219512195, "work_unskilled": 36.58536585, "health_programs": 30.37974684, "sp_philhealth": 30.37974684, "water_toilet": 2.53164557, "shelter_makeshift_nhts": 3.797468354, "food_malnourished": "", "health_child_death": "", "health_maternal_death": "", "he_flood": 0.0, "he_volcano": 0.0, "he_landslide": 0.001056, "he_earthquake": 0.0}, "PH043423008": {"Water_Prop": 8.314088, "Food_Prop": "", "Shelter_Prop": 2.078522, "Health_Prop": 49.352841999999995, "Education_Prop": 5.555556, "Work_Prop": 47.25, "Peace_Prop": 44.572748, "Participation_Prop": 92.721055, "SocialProtection_Prop": 98.339033, "Environment_Prop": 9.827403, "shelter_electricity": 9.699769052999999, "health_center_attendance": 49.35284187, "work_farms": 7.1090047389999995, "work_unskilled": 38.38862559, "health_programs": 35.56581986, "sp_philhealth": 35.56581986, "water_toilet": 2.540415704, "shelter_makeshift_nhts": 6.23556582, "food_malnourished": "", "health_child_death": "", "health_maternal_death": "", "he_flood": 0.0, "he_volcano": 0.0, "he_landslide": 0.0024809999999999997, "he_earthquake": 0.0}, "PH043423009": {"Water_Prop": 10.526316, "Food_Prop": 65.934066, "Shelter_Prop": 1.451906, "Health_Prop": 69.12309599999999, "Education_Prop": 5.639913, "Work_Prop": 50.465658000000005, "Peace_Prop": 21.778584, "Participation_Prop": 95.75422900000001, "SocialProtection_Prop": 97.51467, "Environment_Prop": 4.856839, "shelter_electricity": 7.985480944, "health_center_attendance": 69.12309592, "work_farms": 14.45358402, "work_unskilled": 24.91186839, "health_programs": 41.37931034, "sp_philhealth": 41.37931034, "water_toilet": 1.8148820330000002, "shelter_makeshift_nhts": 3.7205081669999998, "food_malnourished": "", "health_child_death": "", "health_maternal_death": "", "he_flood": 0.0, "he_volcano": 0.0, "he_landslide": 0.085458, "he_earthquake": 0.0}, "PH043423010": {"Water_Prop": 5.035971, "Food_Prop": 39.130435, "Shelter_Prop": 1.678657, "Health_Prop": 48.106061, "Education_Prop": 4.98615, "Work_Prop": 48.654709000000004, "Peace_Prop": 23.501199, "Participation_Prop": 97.606757, "SocialProtection_Prop": 97.888315, "Environment_Prop": 13.770202, "shelter_electricity": 4.79616307, "health_center_attendance": 48.10606061, "work_farms": 5.822416303, "work_unskilled": 25.61863173, "health_programs": 44.8441247, "sp_philhealth": 44.8441247, "water_toilet": 2.158273381, "shelter_makeshift_nhts": 4.9160671460000005, "food_malnourished": "", "health_child_death": "", "health_maternal_death": "", "he_flood": 0.0, "he_volcano": 0.0, "he_landslide": 0.001056, "he_earthquake": 0.0}, "PH043423011": {"Water_Prop": 4.032258000000001, "Food_Prop": 10.344828, "Shelter_Prop": 2.419355, "Health_Prop": 66.199873, "Education_Prop": 4.635762000000001, "Work_Prop": 44.743935, "Peace_Prop": 22.311828, "Participation_Prop": 90.885003, "SocialProtection_Prop": 96.396396, "Environment_Prop": 10.227858, "shelter_electricity": 5.107526882, "health_center_attendance": 66.19987269, "work_farms": 9.593495935, "work_unskilled": 25.20325203, "health_programs": 44.08602151, "sp_philhealth": 44.08602151, "water_toilet": 1.075268817, "shelter_makeshift_nhts": 7.258064516, "food_malnourished": "",