{"PH043430001": {"Water_Prop": 0.8896799999999999, "Food_Prop": 50.0, "Shelter_Prop": 0.35587199999999997, "Health_Prop": 28.018397999999998, "Education_Prop": 6.5, "Work_Prop": 47.813411, "Peace_Prop": 16.014235, "Participation_Prop": 97.888976, "SocialProtection_Prop": 97.888976, "Environment_Prop": 28.399804, "shelter_electricity": 6.40569395, "health_center_attendance": 28.01839785, "work_farms": 9.273743017000001, "work_unskilled": 35.86592179, "health_programs": 47.5088968, "sp_philhealth": 47.5088968, "water_toilet": 0.355871886, "shelter_makeshift_nhts": 3.6476868330000003, "food_malnourished": "", "health_child_death": "", "health_maternal_death": "", "he_flood": 0.0, "he_volcano": 0.0, "he_landslide": 0.0, "he_earthquake": 0.0, "name": "Banca-banca"}, "PH043430002": {"Water_Prop": 3.985507, "Food_Prop": 8.62069, "Shelter_Prop": 0.0, "Health_Prop": 21.981424, "Education_Prop": 4.620462, "Work_Prop": 45.299145, "Peace_Prop": 44.927535999999996, "Participation_Prop": 93.437733, "SocialProtection_Prop": 97.76286400000001, "Environment_Prop": 3.344193, "shelter_electricity": 21.01449275, "health_center_attendance": 21.98142415, "work_farms": 24.10714286, "work_unskilled": 33.92857143, "health_programs": 27.17391304, "sp_philhealth": 27.17391304, "water_toilet": 1.811594203, "shelter_makeshift_nhts": 6.52173913, "food_malnourished": "", "health_child_death": "", "health_maternal_death": "", "he_flood": 0.0, "he_volcano": 0.0, "he_landslide": 0.0, "he_earthquake": 0.0, "name": "Daniw"}, "PH043430003": {"Water_Prop": 6.476938, "Food_Prop": 75.42372900000001, "Shelter_Prop": 0.588813, "Health_Prop": 6.367872, "Education_Prop": 6.548857, "Work_Prop": 48.683761, "Peace_Prop": 37.97841, "Participation_Prop": 96.36099, "SocialProtection_Prop": 97.525473, "Environment_Prop": 28.843273999999997, "shelter_electricity": 10.30421982, "health_center_attendance": 6.367872199, "work_farms": 7.594936709, "work_unskilled": 44.23717522, "health_programs": 36.40824338, "sp_philhealth": 36.40824338, "water_toilet": 0.294406281, "shelter_makeshift_nhts": 6.329735034, "food_malnourished": "", "health_child_death": "", "health_maternal_death": "", "he_flood": 0.0, "he_volcano": 0.0, "he_landslide": 0.001584, "he_earthquake": 0.0, "name": "Masapang"}, "PH043430004": {"Water_Prop": 26.436782, "Food_Prop": 75.0, "Shelter_Prop": 0.344828, "Health_Prop": 34.198399, "Education_Prop": 4.052443, "Work_Prop": 52.547771, "Peace_Prop": 13.218391, "Participation_Prop": 98.294899, "SocialProtection_Prop": 97.596087, "Environment_Prop": 11.384911, "shelter_electricity": 10.22988506, "health_center_attendance": 34.19839922, "work_farms": 8.202833706, "work_unskilled": 32.2147651, "health_programs": 62.52873563, "sp_philhealth": 62.52873563, "water_toilet": 0.114942529, "shelter_makeshift_nhts": 4.8850574710000005, "food_malnourished": "", "health_child_death": "", "health_maternal_death": "", "he_flood": 0.0, "he_volcano": 0.0, "he_landslide": 0.0, "he_earthquake": 0.0, "name": "Nanhaya (Pob.)"}, "PH043430005": {"Water_Prop": 25.080385999999997, "Food_Prop": 83.333333, "Shelter_Prop": 1.607717, "Health_Prop": 33.379121000000005, "Education_Prop": 5.485232, "Work_Prop": 52.244508, "Peace_Prop": 13.826367000000001, "Participation_Prop": 97.140865, "SocialProtection_Prop": 97.48954, "Environment_Prop": 1.5548739999999999, "shelter_electricity": 8.038585208999999, "health_center_attendance": 33.37912088, "work_farms": 8.6, "work_unskilled": 37.8, "health_programs": 50.1607717, "sp_philhealth": 50.1607717, "water_toilet": 0.964630225, "shelter_makeshift_nhts": 5.305466238, "food_malnourished": "", "health_child_death": "", "health_maternal_death": "", "he_flood": 0.0, "he_volcano": 0.0, "he_landslide": 0.0, "he_earthquake": 0.0, "name": "Pagalangan"}, "PH043430007": {"Water_Prop": 3.021148, "Food_Prop": 100.0, "Shelter_Prop": 1.359517, "Health_Prop": 76.290631, "Education_Prop": 2.822581, "Work_Prop": 50.439078, "Peace_Prop": 17.371601000000002, "Participation_Prop": 93.791045, "SocialProtection_Prop": 98.447761, "Environment_Prop": 20.212837, "shelter_electricity": 14.04833837, "health_center_attendance": 76.29063098, "work_farms": 30.786268, "work_unskilled": 26.24584718, "health_programs": 52.56797583, "sp_philhealth": 52.56797583, "water_toilet": 1.057401813, "shelter_makeshift_nhts": 4.456193353, "food_malnourished": "", "health_child_death": "", "health_maternal_death": "", "he_flood": 0.0, "he_volcano": 0.0, "he_landslide": 0.0, "he_earthquake": 0.0, "name": "San Benito"}, "PH043430008": {"Water_Prop": 0.0, "Food_Prop": 0.0, "Shelter_Prop": 1.8575849999999998, "Health_Prop": 52.373775, "Education_Prop": 4.90566, "Work_Prop": 48.92168, "Peace_Prop": 6.811146000000001, "Participation_Prop": 91.18497099999999, "SocialProtection_Prop": 97.83237, "Environment_Prop": 2.480818, "shelter_electricity": 8.049535603999999, "health_center_attendance": 52.37377543, "work_farms": 24.88888889, "work_unskilled": 37.55555556, "health_programs": 49.84520124, "sp_philhealth": 49.84520124, "water_toilet": 0.309597523, "shelter_makeshift_nhts": 3.86996904, "food_malnourished": "", "health_child_death": "", "health_maternal_death": "", "he_flood": 0.0, "he_volcano": 0.0, "he_landslide": 0.0, "he_earthquake": 0.0, "name": "San Felix"}, "PH043430009": {"Water_Prop": 13.286713, "Food_Prop": 0.0, "Shelter_Prop": 0.839161, "Health_Prop": 14.429529999999998, "Education_Prop": 6.515581, "Work_Prop": 52.113855, "Peace_Prop": 2.5174830000000004, "Participation_Prop": 96.166191, "SocialProtection_Prop": 97.788873, "Environment_Prop": 12.296951, "shelter_electricity": 11.74825175, "health_center_attendance": 14.4295302, "work_farms": 12.84965035, "work_unskilled": 34.17832168, "health_programs": 65.31468531, "sp_philhealth": 65.31468531, "water_toilet": 0.559440559, "shelter_makeshift_nhts": 5.524475524, "food_malnourished": "", "health_child_death": "", "health_maternal_death": "", "he_flood": 0.0, "he_volcano": 0.0, "he_landslide": 0.0, "he_earthquake": 0.0, "name": "San Francisco"}, "PH043430010": {"Water_Prop": 3.039514, "Food_Prop": 97.368421, "Shelter_Prop": 4.331307, "Health_Prop": 19.403520999999998, "Education_Prop": 4.072398000000001, "Work_Prop": 46.016303, "Peace_Prop": 21.12462, "Participation_Prop": 98.21685699999999, "SocialProtection_Prop": 97.208993, "Environment_Prop": 3.903803, "shelter_electricity": 7.674772036, "health_center_attendance": 19.40352138, "work_farms": 13.49245007, "work_unskilled": 37.45737944, "health_programs": 60.86626139999999, "sp_philhealth": 60.86626139999999, "water_toilet": 0.22796352600000003, "shelter_makeshift_nhts": 2.203647416, "food_malnourished": "", "health_child_death": "", "health_maternal_death": "", "he_flood": 0.0, "he_volcano": 0.0, "he_landslide": 0.0, "he_earthquake": 0.0, "name": "San Roque (Pob.)"}}