{"PH041013002": {"water_access": 24.324324, "food_tenure": 86.538462, "shelter_informal_settlers_nhts": 0.0, "health_center_attendance": 89.822547, "educ_outofschool_all": 7.7306729999999995, "work_unemployment": 48.803828, "po_conflict": 1.351351, "participation_assembly_attendance": 96.984059, "sp_sss": 98.448944, "he_risk": 1.931759, "shelter_electricity": 6.081081081000001, "health_center_attendance.1": 89.82254697, "work_farms": 15.42056075, "work_unskilled": 36.13707165, "health_programs": 67.79279279, "sp_philhealth": 67.79279279, "water_toilet": 0.225225225, "shelter_makeshift_nhts": 0.6756756759999999, "food_malnourished": 14.349775, "health_child_death": "", "health_maternal_death": 0.0, "he_flood": 0.0, "he_volcano": 0.0, "he_landslide": 0.000792, "he_earthquake": 0.07142899999999999, "name": "Bagong Pook"}, "PH041013003": {"water_access": 8.409506, "food_tenure": 64.19753100000001, "shelter_informal_settlers_nhts": 2.7422299999999997, "health_center_attendance": 33.765112, "educ_outofschool_all": 8.364312, "work_unemployment": 51.206784000000006, "po_conflict": 0.365631, "participation_assembly_attendance": "", "sp_sss": 98.461538, "he_risk": 21.723081, "shelter_electricity": 8.226691042, "health_center_attendance.1": 33.76511226, "work_farms": 24.59893048, "work_unskilled": 36.36363636, "health_programs": 46.98354662, "sp_philhealth": 46.98354662, "water_toilet": 0.182815356, "shelter_makeshift_nhts": 1.188299817, "food_malnourished": 10.552764, "health_child_death": "", "health_maternal_death": 0.0, "he_flood": 0.0, "he_volcano": 0.0, "he_landslide": 0.000264, "he_earthquake": 0.28571399999999997, "name": "Balibago"}, "PH041013004": {"water_access": 17.005814, "food_tenure": 87.878788, "shelter_informal_settlers_nhts": 0.726744, "health_center_attendance": 88.714845, "educ_outofschool_all": 11.829653, "work_unemployment": 52.97212, "po_conflict": 3.633721, "participation_assembly_attendance": 93.145336, "sp_sss": 98.741866, "he_risk": 12.784688000000001, "shelter_electricity": 7.703488372000001, "health_center_attendance.1": 88.71484514, "work_farms": 18.56823266, "work_unskilled": 37.24832215, "health_programs": 77.18023256, "sp_philhealth": 77.18023256, "water_toilet": 0.29069767399999996, "shelter_makeshift_nhts": 1.4534883719999998, "food_malnourished": 1.5414258, "health_child_death": "", "health_maternal_death": 0.0, "he_flood": 0.0, "he_volcano": 0.0, "he_landslide": 0.000792, "he_earthquake": 0.0, "name": "Binubusan"}, "PH041013005": {"water_access": 4.793387999999999, "food_tenure": 100.0, "shelter_informal_settlers_nhts": 0.9917360000000001, "health_center_attendance": 62.335285999999996, "educ_outofschool_all": 7.198747999999999, "work_unemployment": 52.832305000000005, "po_conflict": 2.479339, "participation_assembly_attendance": 96.281478, "sp_sss": 98.846787, "he_risk": 10.980053999999999, "shelter_electricity": 6.280991736, "health_center_attendance.1": 62.33528551, "work_farms": 18.90606421, "work_unskilled": 36.8608799, "health_programs": 51.90082645, "sp_philhealth": 51.90082645, "water_toilet": 0.49586776899999996, "shelter_makeshift_nhts": 1.157024793, "food_malnourished": 2.6699028, "health_child_death": "", "health_maternal_death": 0.0, "he_flood": 0.0, "he_volcano": 0.0, "he_landslide": 0.000792, "he_earthquake": 0.0, "name": "Bungahan"}, "PH041013007": {"water_access": 21.495327, "food_tenure": 6.6666669999999995, "shelter_informal_settlers_nhts": 0.934579, "health_center_attendance": 37.234043, "educ_outofschool_all": 7.894736999999999, "work_unemployment": 53.09050799999999, "po_conflict": 0.0, "participation_assembly_attendance": 93.793503, "sp_sss": 98.66589300000001, "he_risk": 1.058024, "shelter_electricity": 6.230529595, "health_center_attendance.1": 37.23404255, "work_farms": 27.76470588, "work_unskilled": 34.82352941, "health_programs": 44.85981308, "sp_philhealth": 44.85981308, "water_toilet": 0.62305296, "shelter_makeshift_nhts": 1.713395639, "food_malnourished": 8.805031800000002, "health_child_death": "", "health_maternal_death": 0.0, "he_flood": 0.0, "he_volcano": 0.0, "he_landslide": 0.000264, "he_earthquake": 0.0, "name": "Cumba"}, "PH041013008": {"water_access": 46.629213, "food_tenure": 26.760563, "shelter_informal_settlers_nhts": 1.1235959999999998, "health_center_attendance": 65.796897, "educ_outofschool_all": 8.510638, "work_unemployment": 47.983453999999995, "po_conflict": 9.550562, "participation_assembly_attendance": 96.274888, "sp_sss": 98.330122, "he_risk": 1.348702, "shelter_electricity": 16.01123596, "health_center_attendance.1": 65.79689704, "work_farms": 24.85089463, "work_unskilled": 31.21272366, "health_programs": 61.23595506, "sp_philhealth": 61.23595506, "water_toilet": 1.966292135, "shelter_makeshift_nhts": 0.561797753, "food_malnourished": 6.0975609, "health_child_death": "", "health_maternal_death": 0.0, "he_flood": 0.0, "he_volcano": 0.0, "he_landslide": 0.000792, "he_earthquake": 0.0, "name": "Humayingan"}, "PH041013009": {"water_access": 22.058823999999998, "food_tenure": 94.495413, "shelter_informal_settlers_nhts": 0.735294, "health_center_attendance": 91.34078199999999, "educ_outofschool_all": 6.856186999999999, "work_unemployment": 50.0, "po_conflict": 0.5882350000000001, "participation_assembly_attendance": 95.78368499999999, "sp_sss": 98.38069, "he_risk": 0.700642, "shelter_electricity": 5.441176471, "health_center_attendance.1": 91.34078212, "work_farms": 26.76923077, "work_unskilled": 35.17948718, "health_programs": 70.29411765, "sp_philhealth": 70.29411765, "water_toilet": 1.323529412, "shelter_makeshift_nhts": 2.573529412, "food_malnourished": 0.43859649, "health_child_death": "", "health_maternal_death": 0.0, "he_flood": 0.0, "he_volcano": 0.0, "he_landslide": 0.000792, "he_earthquake": 0.0, "name": "Kapito"}, "PH041013012": {"water_access": 5.263158, "food_tenure": 2.5, "shelter_informal_settlers_nhts": 0.219298, "health_center_attendance": 28.615863, "educ_outofschool_all": 7.472527, "work_unemployment": 50.733591, "po_conflict": 0.0, "participation_assembly_attendance": 94.759636, "sp_sss": 98.78735400000001, "he_risk": 2.187913, "shelter_electricity": 6.798245614, "health_center_attendance.1": 28.61586314, "work_farms": 31.81818182, "work_unskilled": 30.40752351, "health_programs": 38.59649123, "sp_philhealth": 38.59649123, "water_toilet": 0.219298246, "shelter_makeshift_nhts": 2.74122807, "food_malnourished": 8.7866106, "health_child_death": "", "health_maternal_death": 0.0, "he_flood": 0.0, "he_volcano": 0.0, "he_landslide": 0.000792, "he_earthquake": 0.0, "name": "Lumaniag"}, "PH041013013": {"water_access": 5.191257, "food_tenure": 100.0, "shelter_informal_settlers_nhts": 1.36612, "health_center_attendance": 64.144737, "educ_outofschool_all": 4.950495, "work_unemployment": 51.08055, "po_conflict": 3.8251370000000002, "participation_assembly_attendance": "", "sp_sss": 98.787625, "he_risk": 3.7780690000000003, "shelter_electricity": 6.557377048999999, "health_center_attendance.1": 64.14473684, "work_farms": 21.48594378, "work_unskilled": 37.95180723, "health_programs": 71.31147541, "sp_philhealth": 71.31147541, "water_toilet": 0.0, "shelter_makeshift_nhts": 1.3661202190000001, "food_malnourished": 10.629921000000001, "health_child_death": "", "health_maternal_death": 0.0, "he_flood": 0.0, "he_volcano": 0.0, "he_landslide": 0.000264, "he_earthquake": 0.0, "name": "Luyahan"}, "PH041013014": {"water_access": 2.302632, "food_tenure": 95.0, "shelter_informal_settlers_nhts": 0.328947, "health_center_attendance": 69.94328900000001, "educ_outofschool_all": 3.9399620000000004, "work_unemployment": 46.968839, "po_conflict": 1.8092110000000001, "participation_assembly_attendance": 97.14285699999999, "sp_sss": 98.049887, "he_risk": 10.536017999999999, "shelter_electricity": 9.375, "health_center_attendance.1": 69.94328923, "work_farms": 12.07264957, "work_unskilled": 30.02136752, "health_programs": 66.11842105, "sp_philhealth": 66.11842105, "water_toilet": 1.151315789,