{"PH045642001": {"water_access": 40.792839, "food_tenure": 100.0, "shelter_informal_settlers_nhts": 0.511509, "health_center_attendance": 46.726034999999996, "educ_outofschool_all": 14.410058, "work_unemployment": 55.500893999999995, "po_conflict": 12.915600999999999, "participation_assembly_attendance": 84.647887, "sp_sss": 99.647887, "he_risk": 0.5888979999999999, "shelter_electricity": 45.39641944, "health_center_attendance.1": 46.72603457, "work_farms": 59.69849246, "work_unskilled": 19.69849246, "health_programs": 61.38107417, "sp_philhealth": 61.38107417, "water_toilet": 0.639386189, "shelter_makeshift_nhts": 0.191815857, "food_malnourished": "", "health_child_death": "", "health_maternal_death": "", "he_flood": 0.0, "he_volcano": 0.0, "he_landslide": 0.000792, "he_earthquake": 0.0, "name": "Butanguiad"}, "PH045642003": {"water_access": 54.52381, "food_tenure": 18.367347, "shelter_informal_settlers_nhts": 2.380952, "health_center_attendance": 69.54314699999999, "educ_outofschool_all": 7.57315, "work_unemployment": 45.45082, "po_conflict": 27.142857, "participation_assembly_attendance": 79.058824, "sp_sss": 99.647059, "he_risk": 1.4332209999999999, "shelter_electricity": 43.45238095, "health_center_attendance.1": 69.54314721, "work_farms": 41.47257701, "work_unskilled": 25.46957175, "health_programs": 33.69047619, "sp_philhealth": 33.69047619, "water_toilet": 1.904761905, "shelter_makeshift_nhts": 1.071428571, "food_malnourished": "", "health_child_death": "", "health_maternal_death": "", "he_flood": 0.0, "he_volcano": 0.0, "he_landslide": 0.000792, "he_earthquake": 0.0, "name": "Casay"}, "PH045642004": {"water_access": 24.221922, "food_tenure": 94.186047, "shelter_informal_settlers_nhts": 0.6765899999999999, "health_center_attendance": 48.675035, "educ_outofschool_all": 11.254019, "work_unemployment": 38.486387, "po_conflict": 34.776725, "participation_assembly_attendance": 87.42268, "sp_sss": 99.587629, "he_risk": 13.840285999999999, "shelter_electricity": 33.01759134, "health_center_attendance.1": 48.67503487, "work_farms": 25.43135784, "work_unskilled": 37.43435859, "health_programs": 25.84573748, "sp_philhealth": 25.84573748, "water_toilet": 1.6238159680000002, "shelter_makeshift_nhts": 1.285520974, "food_malnourished": "", "health_child_death": "", "health_maternal_death": "", "he_flood": 0.0, "he_volcano": 0.0, "he_landslide": 0.002639, "he_earthquake": 0.07142899999999999, "name": "Cawayan I"}, "PH045642005": {"water_access": 12.224449, "food_tenure": 88.52459, "shelter_informal_settlers_nhts": 2.204409, "health_center_attendance": 30.160691999999997, "educ_outofschool_all": 13.398693, "work_unemployment": 41.865078999999994, "po_conflict": 2.204409, "participation_assembly_attendance": 71.47435899999999, "sp_sss": 99.31891, "he_risk": 3.747383, "shelter_electricity": 40.88176353, "health_center_attendance.1": 30.16069221, "work_farms": 28.89647327, "work_unskilled": 32.76450512, "health_programs": 57.11422846, "sp_philhealth": 57.11422846, "water_toilet": 1.402805611, "shelter_makeshift_nhts": 0.300601202, "food_malnourished": "", "health_child_death": "", "health_maternal_death": "", "he_flood": 0.0, "he_volcano": 0.0, "he_landslide": 0.000792, "he_earthquake": 0.0, "name": "Cawayan II"}, "PH045642006": {"water_access": 58.48214300000001, "food_tenure": 50.0, "shelter_informal_settlers_nhts": 1.6369049999999998, "health_center_attendance": 62.852941, "educ_outofschool_all": 12.230216, "work_unemployment": 53.901809, "po_conflict": 6.39881, "participation_assembly_attendance": 84.76315799999999, "sp_sss": 99.684211, "he_risk": 1.8380880000000002, "shelter_electricity": 62.79761905, "health_center_attendance.1": 62.85294118, "work_farms": 60.42600897, "work_unskilled": 17.82511211, "health_programs": 45.23809524, "sp_philhealth": 45.23809524, "water_toilet": 1.93452381, "shelter_makeshift_nhts": 1.711309524, "food_malnourished": "", "health_child_death": "", "health_maternal_death": "", "he_flood": 0.0, "he_volcano": 0.0, "he_landslide": 0.008551000000000001, "he_earthquake": 0.0, "name": "Huyon-Uyon"}, "PH045642007": {"water_access": 7.709250999999999, "food_tenure": "", "shelter_informal_settlers_nhts": 1.54185, "health_center_attendance": 27.207294, "educ_outofschool_all": 10.433387, "work_unemployment": 49.545079, "po_conflict": 5.947137000000001, "participation_assembly_attendance": 76.981853, "sp_sss": 99.331423, "he_risk": 10.556144, "shelter_electricity": 39.42731278, "health_center_attendance.1": 27.20729367, "work_farms": 37.86885246, "work_unskilled": 32.45901639, "health_programs": 51.76211454, "sp_philhealth": 51.76211454, "water_toilet": 6.387665198, "shelter_makeshift_nhts": 1.4317180619999998, "food_malnourished": "", "health_child_death": "", "health_maternal_death": "", "he_flood": 0.0, "he_volcano": 0.0, "he_landslide": 0.001584, "he_earthquake": 0.0, "name": "Ibabang Tayuman"}, "PH045642008": {"water_access": 25.941423, "food_tenure": 100.0, "shelter_informal_settlers_nhts": 1.6736400000000002, "health_center_attendance": 55.692851, "educ_outofschool_all": 9.364908999999999, "work_unemployment": 45.436797999999996, "po_conflict": 29.567643, "participation_assembly_attendance": 81.047152, "sp_sss": 99.479486, "he_risk": 10.955698, "shelter_electricity": 44.07252441, "health_center_attendance.1": 55.69285084, "work_farms": 47.31663685, "work_unskilled": 21.55635063, "health_programs": 46.30404463, "sp_philhealth": 46.30404463, "water_toilet": 1.534170153, "shelter_makeshift_nhts": 0.488145049, "food_malnourished": "", "health_child_death": "", "health_maternal_death": "", "he_flood": 0.0, "he_volcano": 0.0, "he_landslide": 0.006862, "he_earthquake": 0.0, "name": "Ilayang Tayuman"}, "PH045642009": {"water_access": 48.303934999999996, "food_tenure": 25.0, "shelter_informal_settlers_nhts": 2.4423340000000002, "health_center_attendance": 35.543692, "educ_outofschool_all": 16.122449, "work_unemployment": 46.282973999999996, "po_conflict": 28.629579, "participation_assembly_attendance": 80.047256, "sp_sss": 99.658703, "he_risk": 4.232537000000001, "shelter_electricity": 56.85210312, "health_center_attendance.1": 35.54369205, "work_farms": 40.53571429, "work_unskilled": 29.82142857, "health_programs": 50.74626866, "sp_philhealth": 50.74626866, "water_toilet": 0.40705563100000003, "shelter_makeshift_nhts": 1.1533242879999999, "food_malnourished": "", "health_child_death": "", "health_maternal_death": "", "he_flood": 0.0, "he_volcano": 0.0, "he_landslide": 0.000792, "he_earthquake": 0.0, "name": "Inabuan"}, "PH045642010": {"water_access": 20.328848999999998, "food_tenure": 50.0, "shelter_informal_settlers_nhts": 0.298954, "health_center_attendance": 50.521921, "educ_outofschool_all": 12.826334, "work_unemployment": 55.996036, "po_conflict": 20.029895, "participation_assembly_attendance": 77.685477, "sp_sss": 99.598969, "he_risk": 3.025974, "shelter_electricity": 41.70403587, "health_center_attendance.1": 50.52192067, "work_farms": 59.68468468, "work_unskilled": 22.52252252, "health_programs": 52.01793722, "sp_philhealth": 52.01793722, "water_toilet": 0.597907324, "shelter_makeshift_nhts": 0.597907324, "food_malnourished": "", "health_child_death": "", "health_maternal_death": "", "he_flood": 0.0, "he_volcano": 0.0, "he_landslide": 0.011876000000000001, "he_earthquake": 0.0, "name": "Nasalaan"}, "PH045642011": {"water_access": 15.817901, "food_tenure": 87.5, "shelter_informal_settlers_nhts": 1.62037, "health_center_attendance": 38.19749, "educ_outofschool_all": 11.575563, "work_unemployment": 48.718619, "po_conflict": 5.941358, "participation_assembly_attendance": 84.629728, "sp_sss": 99.600426, "he_risk": 1.7263650000000001, "shelter_electricity": 50.15432099, "health_center_attendance.1": 38.19748979, "work_farms": 51.60632329999999, "work_unskilled": 21.67261601, "health_programs": 33.33333333, "sp_philhealth": 33.33333333, "water_toilet": 1.0802469140000002, "shelter_makeshift_nhts": 2.314814815, "food_malnourished": "",