{"PH043411001": {"Water_Prop": 1.445087, "Food_Prop": 83.333333, "Shelter_Prop": 3.757225, "Health_Prop": 42.199017, "Education_Prop": 3.9164489999999996, "Work_Prop": 44.149459, "Peace_Prop": 39.595376, "Participation_Prop": 97.201144, "SocialProtection_Prop": 96.815524, "Environment_Prop": 29.353725, "shelter_electricity": 14.16184971, "health_center_attendance": 42.1990172, "work_farms": 3.521126761, "work_unskilled": 38.55633803, "health_programs": 14.16184971, "sp_philhealth": 14.16184971, "water_toilet": 0.867052023, "shelter_makeshift_nhts": 18.49710983, "food_malnourished": "", "health_child_death": "", "health_maternal_death": "", "he_flood": 1e-06, "he_volcano": 0.0, "he_landslide": 0.001584, "he_earthquake": 0.0}, "PH043411002": {"Water_Prop": 90.441176, "Food_Prop": 0.0, "Shelter_Prop": 27.941176000000002, "Health_Prop": 42.625608, "Education_Prop": 1.5625, "Work_Prop": 44.416872999999995, "Peace_Prop": 43.382353, "Participation_Prop": 83.465819, "SocialProtection_Prop": 98.09221, "Environment_Prop": 3.1728680000000002, "shelter_electricity": 50.73529412, "health_center_attendance": 42.62560778, "work_farms": 26.33928571, "work_unskilled": 41.96428571, "health_programs": 1.470588235, "sp_philhealth": 1.470588235, "water_toilet": 8.088235294, "shelter_makeshift_nhts": 19.85294118, "food_malnourished": "", "health_child_death": "", "health_maternal_death": "", "he_flood": 0.0, "he_volcano": 0.0, "he_landslide": 0.007443000000000001, "he_earthquake": 0.0}, "PH043411003": {"Water_Prop": 5.218618, "Food_Prop": 0.0, "Shelter_Prop": 7.193230000000001, "Health_Prop": 51.708633, "Education_Prop": 4.114713, "Work_Prop": 46.470019, "Peace_Prop": 34.273625, "Participation_Prop": 97.703376, "SocialProtection_Prop": 97.108467, "Environment_Prop": 23.833335, "shelter_electricity": 9.873060649, "health_center_attendance": 51.70863309, "work_farms": 2.16802168, "work_unskilled": 37.57904246, "health_programs": 18.47672779, "sp_philhealth": 18.47672779, "water_toilet": 0.42313117100000003, "shelter_makeshift_nhts": 11.21297602, "food_malnourished": "", "health_child_death": "", "health_maternal_death": "", "he_flood": 1e-06, "he_volcano": 0.0, "he_landslide": 0.025389, "he_earthquake": 0.0}, "PH043411004": {"Water_Prop": 17.064846, "Food_Prop": 54.545455000000004, "Shelter_Prop": 3.242321, "Health_Prop": 53.175498, "Education_Prop": 4.230118, "Work_Prop": 44.129554999999996, "Peace_Prop": 57.508531999999995, "Participation_Prop": 98.615646, "SocialProtection_Prop": 96.846023, "Environment_Prop": 32.731848, "shelter_electricity": 16.89419795, "health_center_attendance": 53.17549793, "work_farms": 1.9668737059999999, "work_unskilled": 41.82194617, "health_programs": 8.361774744, "sp_philhealth": 8.361774744, "water_toilet": 0.511945392, "shelter_makeshift_nhts": 24.91467577, "food_malnourished": "", "health_child_death": "", "health_maternal_death": "", "he_flood": 0.0, "he_volcano": 0.0, "he_landslide": 0.006915, "he_earthquake": 0.0}, "PH043411005": {"Water_Prop": 0.0, "Food_Prop": "", "Shelter_Prop": 8.02139, "Health_Prop": 43.615495, "Education_Prop": 4.733728, "Work_Prop": 49.553571000000005, "Peace_Prop": 25.133689999999998, "Participation_Prop": 93.87254899999999, "SocialProtection_Prop": 96.629902, "Environment_Prop": 37.113805, "shelter_electricity": 9.090909091, "health_center_attendance": 43.61549498, "work_farms": 2.212389381, "work_unskilled": 41.59292035, "health_programs": 28.34224599, "sp_philhealth": 28.34224599, "water_toilet": 0.0, "shelter_makeshift_nhts": 16.57754011, "food_malnourished": "", "health_child_death": "", "health_maternal_death": "", "he_flood": 4e-06, "he_volcano": 0.0, "he_landslide": 0.001584, "he_earthquake": 0.0}, "PH043411006": {"Water_Prop": 1.7523360000000001, "Food_Prop": 19.354839000000002, "Shelter_Prop": 2.920561, "Health_Prop": 58.997613, "Education_Prop": 3.8123169999999997, "Work_Prop": 40.356871999999996, "Peace_Prop": 30.957944, "Participation_Prop": 98.61376700000001, "SocialProtection_Prop": 97.466539, "Environment_Prop": 5.845351, "shelter_electricity": 6.074766355, "health_center_attendance": 58.99761337, "work_farms": 12.8580522, "work_unskilled": 39.46530872, "health_programs": 19.74299065, "sp_philhealth": 19.74299065, "water_toilet": 1.285046729, "shelter_makeshift_nhts": 13.37616822, "food_malnourished": "", "health_child_death": "", "health_maternal_death": "", "he_flood": 0.0, "he_volcano": 0.0, "he_landslide": 0.0, "he_earthquake": 0.0}, "PH043411007": {"Water_Prop": 26.515152, "Food_Prop": "", "Shelter_Prop": 14.393939000000001, "Health_Prop": 56.012827, "Education_Prop": 6.9565220000000005, "Work_Prop": 45.554615000000005, "Peace_Prop": 29.79798, "Participation_Prop": 94.038156, "SocialProtection_Prop": 97.058824, "Environment_Prop": 24.400055, "shelter_electricity": 9.848484848, "health_center_attendance": 56.01282737, "work_farms": 6.3763608089999995, "work_unskilled": 39.65785381, "health_programs": 12.87878788, "sp_philhealth": 12.87878788, "water_toilet": 0.252525253, "shelter_makeshift_nhts": 15.404040400000001, "food_malnourished": "", "health_child_death": "", "health_maternal_death": "", "he_flood": 1e-06, "he_volcano": 0.0, "he_landslide": 0.031248, "he_earthquake": 0.0}, "PH043411008": {"Water_Prop": 0.9383379999999999, "Food_Prop": "", "Shelter_Prop": 6.970509, "Health_Prop": 45.553003000000004, "Education_Prop": 7.848837, "Work_Prop": 46.486205, "Peace_Prop": 21.581769, "Participation_Prop": 97.81051, "SocialProtection_Prop": 96.470276, "Environment_Prop": 27.808590000000002, "shelter_electricity": 12.33243968, "health_center_attendance": 45.55300295, "work_farms": 8.852140078, "work_unskilled": 34.24124514, "health_programs": 28.95442359, "sp_philhealth": 28.95442359, "water_toilet": 0.134048257, "shelter_makeshift_nhts": 9.316353887, "food_malnourished": "", "health_child_death": "", "health_maternal_death": "", "he_flood": 1e-06, "he_volcano": 0.0, "he_landslide": 0.001584, "he_earthquake": 0.0}, "PH043411010": {"Water_Prop": 0.557621, "Food_Prop": 25.0, "Shelter_Prop": 3.345725, "Health_Prop": 63.20074, "Education_Prop": 8.087616, "Work_Prop": 44.83945, "Peace_Prop": 13.3829, "Participation_Prop": 98.242634, "SocialProtection_Prop": 96.807451, "Environment_Prop": 9.330465, "shelter_electricity": 9.572490706, "health_center_attendance": 63.20074006, "work_farms": 4.313929314, "work_unskilled": 35.70686071, "health_programs": 29.92565056, "sp_philhealth": 29.92565056, "water_toilet": 0.18587360600000002, "shelter_makeshift_nhts": 7.109665428, "food_malnourished": "", "health_child_death": "", "health_maternal_death": "", "he_flood": 0.0, "he_volcano": 0.0, "he_landslide": 0.0, "he_earthquake": 0.0}, "PH043411011": {"Water_Prop": 2.69179, "Food_Prop": 76.923077, "Shelter_Prop": 11.843876, "Health_Prop": 40.649606, "Education_Prop": 3.556772, "Work_Prop": 44.167963, "Peace_Prop": 31.090175, "Participation_Prop": 96.691663, "SocialProtection_Prop": 96.46007900000001, "Environment_Prop": 9.35902, "shelter_electricity": 11.97846568, "health_center_attendance": 40.649606299999995, "work_farms": 7.7065923860000005, "work_unskilled": 38.44011142, "health_programs": 24.22611036, "sp_philhealth": 24.22611036, "water_toilet": 0.807537012, "shelter_makeshift_nhts": 8.68102288, "food_malnourished": "", "health_child_death": "", "health_maternal_death": "", "he_flood": 0.0, "he_volcano": 0.0, "he_landslide": 0.004328, "he_earthquake": 0.0}, "PH043411012": {"Water_Prop": 2.058824, "Food_Prop": "", "Shelter_Prop": 3.72549, "Health_Prop": 69.437751, "Education_Prop": 4.1952050000000005, "Work_Prop": 42.532779, "Peace_Prop": 17.156863, "Participation_Prop": 98.707247, "SocialProtection_Prop": 96.749649, "Environment_Prop": 33.549192, "shelter_electricity": 9.803921569, "health_center_attendance": 69.437751, "work_farms": 1.3912075680000002, "work_unskilled": 40.23372287, "health_programs": 30.49019608, "sp_philhealth": 30.49019608, "water_toilet": 0.68627451,