{"PH045640001": {"Water_Prop": 13.351498999999999, "Food_Prop": 80.0, "Shelter_Prop": 11.716621, "Health_Prop": 0.992556, "Education_Prop": 24.70024, "Work_Prop": 55.789474, "Peace_Prop": 0.817439, "Participation_Prop": 94.826537, "SocialProtection_Prop": 99.75654300000001, "Environment_Prop": 16.730412, "shelter_electricity": 33.24250681, "health_center_attendance": 0.9925558309999999, "work_farms": 67.85714286, "work_unskilled": 8.571428571, "health_programs": 59.67302452, "sp_philhealth": 59.67302452, "water_toilet": 60.21798365, "shelter_makeshift_nhts": 2.72479564, "food_malnourished": "", "health_child_death": "", "health_maternal_death": "", "he_flood": 0.0, "he_volcano": 0.0, "he_landslide": 0.0, "he_earthquake": 0.0, "name": "Alibihaban"}, "PH045640002": {"Water_Prop": 67.881041, "Food_Prop": 36.255924, "Shelter_Prop": 21.486989, "Health_Prop": 3.1886759999999996, "Education_Prop": 13.538110999999999, "Work_Prop": 37.174721000000005, "Peace_Prop": 26.840149, "Participation_Prop": 98.436132, "SocialProtection_Prop": 99.59965, "Environment_Prop": 11.908466, "shelter_electricity": 58.73605948, "health_center_attendance": 3.18867631, "work_farms": 46.49196957, "work_unskilled": 27.68385461, "health_programs": 35.0929368, "sp_philhealth": 35.0929368, "water_toilet": 54.79553903, "shelter_makeshift_nhts": 4.832713755, "food_malnourished": "", "health_child_death": "", "health_maternal_death": "", "he_flood": 0.0, "he_volcano": 0.0, "he_landslide": 0.008551000000000001, "he_earthquake": 0.0, "name": "Camflora"}, "PH045640003": {"Water_Prop": 49.810845, "Food_Prop": 45.478035999999996, "Shelter_Prop": 9.583859, "Health_Prop": 1.319332, "Education_Prop": 10.805301, "Work_Prop": 48.256881, "Peace_Prop": 5.800757, "Participation_Prop": 96.93028100000001, "SocialProtection_Prop": 99.297607, "Environment_Prop": 1.733496, "shelter_electricity": 42.62295082, "health_center_attendance": 1.319332256, "work_farms": 50.97517731, "work_unskilled": 23.75886525, "health_programs": 37.07440101, "sp_philhealth": 37.07440101, "water_toilet": 55.61160151, "shelter_makeshift_nhts": 2.522068096, "food_malnourished": "", "health_child_death": "", "health_maternal_death": "", "he_flood": 0.0, "he_volcano": 0.0, "he_landslide": 0.001584, "he_earthquake": 0.0, "name": "Mangero"}, "PH045640004": {"Water_Prop": 21.711057, "Food_Prop": 32.530120000000004, "Shelter_Prop": 11.622276, "Health_Prop": 3.214484, "Education_Prop": 19.857651, "Work_Prop": 48.769231, "Peace_Prop": 1.372074, "Participation_Prop": 98.438247, "SocialProtection_Prop": 99.33067700000001, "Environment_Prop": 2.980448, "shelter_electricity": 34.38256659, "health_center_attendance": 3.21448365, "work_farms": 40.96096096, "work_unskilled": 25.04504505, "health_programs": 56.01291364, "sp_philhealth": 56.01291364, "water_toilet": 14.28571429, "shelter_makeshift_nhts": 3.95480226, "food_malnourished": "", "health_child_death": "", "health_maternal_death": "", "he_flood": 0.0, "he_volcano": 0.0, "he_landslide": 0.008551000000000001, "he_earthquake": 0.0, "name": "Pansoy"}, "PH045640005": {"Water_Prop": 42.661691999999995, "Food_Prop": 27.272727000000003, "Shelter_Prop": 4.60199, "Health_Prop": 11.326260000000001, "Education_Prop": 15.444770000000002, "Work_Prop": 45.23916, "Peace_Prop": 0.870647, "Participation_Prop": 97.217235, "SocialProtection_Prop": 99.371634, "Environment_Prop": 29.582677, "shelter_electricity": 52.98507463, "health_center_attendance": 11.32625995, "work_farms": 47.10204082, "work_unskilled": 18.04081633, "health_programs": 35.82089552, "sp_philhealth": 35.82089552, "water_toilet": 12.56218905, "shelter_makeshift_nhts": 1.616915423, "food_malnourished": "", "health_child_death": "", "health_maternal_death": "", "he_flood": 0.0, "he_volcano": 0.0, "he_landslide": 0.001584, "he_earthquake": 0.0, "name": "Tala"}, "PH045640006": {"Water_Prop": 6.20155, "Food_Prop": 12.714777, "Shelter_Prop": 12.112403, "Health_Prop": 28.690096, "Education_Prop": 8.194113, "Work_Prop": 51.303709000000005, "Peace_Prop": 20.251938, "Participation_Prop": 97.563559, "SocialProtection_Prop": 99.50565, "Environment_Prop": 0.331959, "shelter_electricity": 23.35271318, "health_center_attendance": 28.69009585, "work_farms": 47.05882353, "work_unskilled": 25.26395173, "health_programs": 42.73255814, "sp_philhealth": 42.73255814, "water_toilet": 27.22868217, "shelter_makeshift_nhts": 1.21124031, "food_malnourished": "", "health_child_death": "", "health_maternal_death": "", "he_flood": 0.0, "he_volcano": 0.0, "he_landslide": 0.001584, "he_earthquake": 0.0, "name": "Talisay"}, "PH045640007": {"Water_Prop": 22.590360999999998, "Food_Prop": 80.48780500000001, "Shelter_Prop": 19.277108, "Health_Prop": 1.662491, "Education_Prop": 8.157895, "Work_Prop": 49.525976, "Peace_Prop": 9.939759, "Participation_Prop": 96.443692, "SocialProtection_Prop": 98.780694, "Environment_Prop": 14.195922, "shelter_electricity": 21.18473896, "health_center_attendance": 1.66249146, "work_farms": 23.29075883, "work_unskilled": 39.59429001, "health_programs": 51.30522088, "sp_philhealth": 51.30522088, "water_toilet": 16.76706827, "shelter_makeshift_nhts": 7.881526104, "food_malnourished": "", "health_child_death": "", "health_maternal_death": "", "he_flood": 0.0, "he_volcano": 0.0, "he_landslide": 0.008551000000000001, "he_earthquake": 0.0, "name": "Poblacion"}}