{"PH045813001": {"water_access": 28.769337, "food_tenure": 0.0, "shelter_informal_settlers_nhts": 10.644193, "health_center_attendance": 89.636622, "educ_outofschool_all": 8.357222, "work_unemployment": 48.120424, "po_conflict": 1.316093, "participation_assembly_attendance": 99.754561, "sp_sss": 95.315389, "he_risk": 42.685744, "shelter_electricity": 10.75963981, "health_center_attendance.1": 89.63662201, "work_farms": 0.221975583, "work_unskilled": 35.51609323, "health_programs": 78.75779266, "sp_philhealth": 78.75779266, "water_toilet": 0.808127453, "shelter_makeshift_nhts": 11.77557146, "food_malnourished": "", "health_child_death": "", "health_maternal_death": "", "he_flood": 0.0, "he_volcano": 0.0, "he_landslide": 0.0, "he_earthquake": 0.0, "name": "Dolores (Pob.)"}, "PH045813002": {"water_access": 32.823648999999996, "food_tenure": "", "shelter_informal_settlers_nhts": 17.83894, "health_center_attendance": 62.066081000000004, "educ_outofschool_all": 7.299912, "work_unemployment": 53.001364, "po_conflict": 3.4658510000000002, "participation_assembly_attendance": 99.622969, "sp_sss": 96.218377, "he_risk": 43.300536, "shelter_electricity": 13.76146789, "health_center_attendance.1": 62.06608114, "work_farms": 0.43541364299999996, "work_unskilled": 39.91291727, "health_programs": 73.49643221, "sp_philhealth": 73.49643221, "water_toilet": 1.732925586, "shelter_makeshift_nhts": 15.85117227, "food_malnourished": "", "health_child_death": "", "health_maternal_death": "", "he_flood": 0.0, "he_volcano": 0.0, "he_landslide": 0.0, "he_earthquake": 0.0, "name": "Muzon"}, "PH045813003": {"water_access": 32.821342, "food_tenure": "", "shelter_informal_settlers_nhts": 6.224737, "health_center_attendance": 90.81306, "educ_outofschool_all": 7.325500999999999, "work_unemployment": 53.115265, "po_conflict": 1.8593369999999998, "participation_assembly_attendance": 99.61935799999999, "sp_sss": 95.848287, "he_risk": 45.846309000000005, "shelter_electricity": 10.67097817, "health_center_attendance.1": 90.81306018, "work_farms": 0.276854928, "work_unskilled": 43.74307863, "health_programs": 76.07113985, "sp_philhealth": 76.07113985, "water_toilet": 1.7784963619999998, "shelter_makeshift_nhts": 9.417946645, "food_malnourished": "", "health_child_death": "", "health_maternal_death": "", "he_flood": 0.0, "he_volcano": 0.0, "he_landslide": 0.0, "he_earthquake": 0.0, "name": "San Isidro"}, "PH045813004": {"water_access": 24.546157, "food_tenure": 12.5, "shelter_informal_settlers_nhts": 6.39243, "health_center_attendance": 85.955797, "educ_outofschool_all": 8.416928, "work_unemployment": 52.000516999999995, "po_conflict": 2.414059, "participation_assembly_attendance": 99.85485200000001, "sp_sss": 96.063594, "he_risk": 44.853817, "shelter_electricity": 8.903051371, "health_center_attendance.1": 85.95579682, "work_farms": 3.272286561, "work_unskilled": 39.07891193, "health_programs": 71.95828505, "sp_philhealth": 71.95828505, "water_toilet": 1.235998455, "shelter_makeshift_nhts": 8.81614523, "food_malnourished": "", "health_child_death": "", "health_maternal_death": "", "he_flood": 0.0, "he_volcano": 0.0, "he_landslide": 0.0, "he_earthquake": 0.0, "name": "San Juan"}, "PH045813005": {"water_access": 12.894977, "food_tenure": 0.0, "shelter_informal_settlers_nhts": 6.7945210000000005, "health_center_attendance": 92.067206, "educ_outofschool_all": 9.132622999999999, "work_unemployment": 51.499005, "po_conflict": 9.095889999999999, "participation_assembly_attendance": 99.868627, "sp_sss": 97.290433, "he_risk": 26.034438, "shelter_electricity": 7.744292237000001, "health_center_attendance.1": 92.06720626, "work_farms": 0.979483786, "work_unskilled": 40.47650563, "health_programs": 76.2739726, "sp_philhealth": 76.2739726, "water_toilet": 0.566210046, "shelter_makeshift_nhts": 12.69406393, "food_malnourished": "", "health_child_death": "", "health_maternal_death": "", "he_flood": 0.0, "he_volcano": 0.0, "he_landslide": 0.0, "he_earthquake": 0.0, "name": "Santa Ana"}}