{"PH043422001": {"water_access": 0.0, "food_tenure": 9.090909, "shelter_informal_settlers_nhts": 6.756757, "health_center_attendance": 31.859683, "educ_outofschool_all": 6.236559, "work_unemployment": 50.687907, "po_conflict": 8.108108, "participation_assembly_attendance": "", "sp_sss": 98.69301899999999, "he_risk": 3.312995, "shelter_electricity": 4.279279279, "health_center_attendance.1": 31.85968284, "work_farms": 23.4948605, "work_unskilled": 32.15859031, "health_programs": 50.900900899999996, "sp_philhealth": 50.900900899999996, "water_toilet": 6.081081081000001, "shelter_makeshift_nhts": 5.518018017999999, "food_malnourished": "", "health_child_death": "", "health_maternal_death": "", "he_flood": 0.0, "he_volcano": 0.0, "he_landslide": 0.0, "he_earthquake": 0.0, "name": "Aplaya"}, "PH043422002": {"water_access": 1.8656720000000002, "food_tenure": 60.0, "shelter_informal_settlers_nhts": 1.8656720000000002, "health_center_attendance": 31.327801, "educ_outofschool_all": 12.820513, "work_unemployment": 47.377939000000005, "po_conflict": 8.768657000000001, "participation_assembly_attendance": "", "sp_sss": 97.577093, "he_risk": 8.310994, "shelter_electricity": 6.343283582000001, "health_center_attendance.1": 31.32780083, "work_farms": 25.31500573, "work_unskilled": 27.03321879, "health_programs": 45.14925373, "sp_philhealth": 45.14925373, "water_toilet": 3.731343284, "shelter_makeshift_nhts": 2.332089552, "food_malnourished": "", "health_child_death": "", "health_maternal_death": "", "he_flood": 0.0, "he_volcano": 0.0, "he_landslide": 0.0, "he_earthquake": 0.0, "name": "Bagong Pook"}, "PH043422003": {"water_access": 3.539823, "food_tenure": 11.111111, "shelter_informal_settlers_nhts": 0.0, "health_center_attendance": 30.710172999999998, "educ_outofschool_all": 8.035714, "work_unemployment": 42.5, "po_conflict": 17.699115, "participation_assembly_attendance": "", "sp_sss": 98.751734, "he_risk": 1.929286, "shelter_electricity": 11.50442478, "health_center_attendance.1": 30.71017274, "work_farms": 43.47826087, "work_unskilled": 21.19565217, "health_programs": 27.43362832, "sp_philhealth": 27.43362832, "water_toilet": 1.769911504, "shelter_makeshift_nhts": 3.097345133, "food_malnourished": "", "health_child_death": "", "health_maternal_death": "", "he_flood": 1e-06, "he_volcano": 0.0, "he_landslide": 0.0, "he_earthquake": 0.0, "name": "Bukal"}, "PH043422004": {"water_access": 0.0, "food_tenure": 20.0, "shelter_informal_settlers_nhts": 3.589744, "health_center_attendance": 39.842209000000004, "educ_outofschool_all": 24.096386, "work_unemployment": 53.095975, "po_conflict": 13.846154, "participation_assembly_attendance": 94.93212700000001, "sp_sss": 98.235294, "he_risk": 35.508206, "shelter_electricity": 10.25641026, "health_center_attendance.1": 39.84220907, "work_farms": 9.570957096, "work_unskilled": 34.98349835, "health_programs": 46.15384615, "sp_philhealth": 46.15384615, "water_toilet": 0.512820513, "shelter_makeshift_nhts": 9.487179487, "food_malnourished": "", "health_child_death": "", "health_maternal_death": "", "he_flood": 0.0, "he_volcano": 0.0, "he_landslide": 0.0, "he_earthquake": 0.0, "name": "Bulilan Norte (Pob.)"}, "PH043422005": {"water_access": 13.963964, "food_tenure": 100.0, "shelter_informal_settlers_nhts": 2.252252, "health_center_attendance": 49.096099, "educ_outofschool_all": 6.048387, "work_unemployment": 50.217707, "po_conflict": 0.9009010000000001, "participation_assembly_attendance": 98.233533, "sp_sss": 96.64670699999999, "he_risk": 34.229874, "shelter_electricity": 10.36036036, "health_center_attendance.1": 49.09609895, "work_farms": 9.620991254, "work_unskilled": 32.94460641, "health_programs": 59.45945946, "sp_philhealth": 59.45945946, "water_toilet": 5.405405405, "shelter_makeshift_nhts": 8.333333332999999, "food_malnourished": "", "health_child_death": "", "health_maternal_death": "", "he_flood": 0.0, "he_volcano": 0.0, "he_landslide": 0.0, "he_earthquake": 0.0, "name": "Bulilan Sur (Pob.)"}, "PH043422006": {"water_access": 9.493671, "food_tenure": 91.666667, "shelter_informal_settlers_nhts": 3.164557, "health_center_attendance": 38.924051, "educ_outofschool_all": 11.290322999999999, "work_unemployment": 40.694789, "po_conflict": 2.531646, "participation_assembly_attendance": 90.819082, "sp_sss": 98.469847, "he_risk": 3.5292559999999997, "shelter_electricity": 21.51898734, "health_center_attendance.1": 38.92405063, "work_farms": 38.91213389, "work_unskilled": 20.08368201, "health_programs": 42.40506329, "sp_philhealth": 42.40506329, "water_toilet": 1.265822785, "shelter_makeshift_nhts": 5.0632911389999995, "food_malnourished": "", "health_child_death": "", "health_maternal_death": "", "he_flood": 0.0, "he_volcano": 0.0, "he_landslide": 0.0, "he_earthquake": 0.0, "name": "Concepcion"}, "PH043422007": {"water_access": 1.4516129999999998, "food_tenure": "", "shelter_informal_settlers_nhts": 1.129032, "health_center_attendance": 49.137336, "educ_outofschool_all": 6.518283, "work_unemployment": 50.421496000000005, "po_conflict": 3.3870970000000002, "participation_assembly_attendance": 98.939089, "sp_sss": 98.11596899999999, "he_risk": 21.869111, "shelter_electricity": 4.193548387, "health_center_attendance.1": 49.13733609, "work_farms": 11.58342189, "work_unskilled": 33.47502657, "health_programs": 51.12903226, "sp_philhealth": 51.12903226, "water_toilet": 0.322580645, "shelter_makeshift_nhts": 4.112903226, "food_malnourished": "", "health_child_death": "", "health_maternal_death": "", "he_flood": 0.0, "he_volcano": 0.0, "he_landslide": 0.0, "he_earthquake": 0.0, "name": "Labuin"}, "PH043422008": {"water_access": 3.608247, "food_tenure": 50.0, "shelter_informal_settlers_nhts": 1.804124, "health_center_attendance": 39.19214, "educ_outofschool_all": 4.568528, "work_unemployment": 53.284071999999995, "po_conflict": 2.5773200000000003, "participation_assembly_attendance": 96.462468, "sp_sss": 97.29652, "he_risk": 7.814446, "shelter_electricity": 7.216494845, "health_center_attendance.1": 39.19213974, "work_farms": 10.72056239, "work_unskilled": 29.70123023, "health_programs": 47.68041237, "sp_philhealth": 47.68041237, "water_toilet": 2.577319588, "shelter_makeshift_nhts": 5.541237112999999, "food_malnourished": "", "health_child_death": "", "health_maternal_death": "", "he_flood": 0.0, "he_volcano": 0.0, "he_landslide": 0.0, "he_earthquake": 0.0, "name": "Linga"}, "PH043422009": {"water_access": 0.505051, "food_tenure": 43.243243, "shelter_informal_settlers_nhts": 8.333333, "health_center_attendance": 33.493590000000005, "educ_outofschool_all": 17.966903, "work_unemployment": 49.33665, "po_conflict": 9.59596, "participation_assembly_attendance": 98.878738, "sp_sss": 98.297342, "he_risk": 1.9794630000000002, "shelter_electricity": 9.595959596, "health_center_attendance.1": 33.49358974, "work_farms": 13.42062193, "work_unskilled": 33.87888707, "health_programs": 51.26262626, "sp_philhealth": 51.26262626, "water_toilet": 1.262626263, "shelter_makeshift_nhts": 5.050505051, "food_malnourished": "", "health_child_death": "", "health_maternal_death": "", "he_flood": 0.0, "he_volcano": 0.0, "he_landslide": 0.0, "he_earthquake": 0.0, "name": "Masico"}, "PH043422010": {"water_access": 1.1235959999999998, "food_tenure": 44.578313, "shelter_informal_settlers_nhts": 1.872659, "health_center_attendance": 40.97166, "educ_outofschool_all": 8.247423, "work_unemployment": 41.550191, "po_conflict": 2.996255, "participation_assembly_attendance": 95.61325, "sp_sss": 97.22470899999999, "he_risk": 1.5627209999999998, "shelter_electricity": 14.98127341, "health_center_attendance.1": 40.97165992, "work_farms": 25.0, "work_unskilled": 24.34782609, "health_programs": 44.56928839, "sp_philhealth": 44.56928839, "water_toilet": 1.498127341, "shelter_makeshift_nhts": 6.554307116, "food_malnourished": "", "health_child_death": "", "health_maternal_death": "", "he_flood": 0.0, "he_volcano": 0.0, "he_landslide": 0.0, "he_earthquake": 0.0, "name": "Mojon"},