{"PH045807001": {"Water_Prop": 6.376361, "Food_Prop": 0.0, "Shelter_Prop": 0.466563, "Health_Prop": 78.65051899999999, "Education_Prop": 4.537522, "Work_Prop": 42.750374, "Peace_Prop": 8.242613, "Participation_Prop": 97.435159, "SocialProtection_Prop": 98.530259, "Environment_Prop": 9.455349, "shelter_electricity": 4.510108865, "health_center_attendance": 78.65051903, "work_farms": 22.97650131, "work_unskilled": 23.41166232, "health_programs": 66.09642302, "sp_philhealth": 66.09642302, "water_toilet": 0.777604977, "shelter_makeshift_nhts": 2.099533437, "food_malnourished": "", "health_child_death": "", "health_maternal_death": "", "he_flood": 0.0, "he_volcano": 0.0, "he_landslide": 0.002639, "he_earthquake": 0.0}, "PH045807002": {"Water_Prop": 1.681614, "Food_Prop": 100.0, "Shelter_Prop": 1.90583, "Health_Prop": 78.660474, "Education_Prop": 5.292793, "Work_Prop": 45.35013, "Peace_Prop": 11.32287, "Participation_Prop": 94.347826, "SocialProtection_Prop": 98.44720500000001, "Environment_Prop": 10.060618, "shelter_electricity": 6.165919282999999, "health_center_attendance": 78.66047421, "work_farms": 23.52542373, "work_unskilled": 23.18644068, "health_programs": 67.60089686, "sp_philhealth": 67.60089686, "water_toilet": 0.784753363, "shelter_makeshift_nhts": 1.905829596, "food_malnourished": "", "health_child_death": "", "health_maternal_death": "", "he_flood": 0.0, "he_volcano": 0.0, "he_landslide": 0.000792, "he_earthquake": 0.0}, "PH045807004": {"Water_Prop": 15.811966, "Food_Prop": 0.0, "Shelter_Prop": 2.136752, "Health_Prop": 68.02030500000001, "Education_Prop": 2.6717560000000002, "Work_Prop": 46.883117, "Peace_Prop": 14.102564000000001, "Participation_Prop": 97.046797, "SocialProtection_Prop": 97.54656999999999, "Environment_Prop": 18.834131, "shelter_electricity": 9.829059829, "health_center_attendance": 68.02030457, "work_farms": 10.75794621, "work_unskilled": 30.31784841, "health_programs": 50.42735043, "sp_philhealth": 50.42735043, "water_toilet": 1.709401709, "shelter_makeshift_nhts": 3.4188034189999996, "food_malnourished": "", "health_child_death": "", "health_maternal_death": "", "he_flood": 0.0, "he_volcano": 0.0, "he_landslide": 0.002639, "he_earthquake": 0.0}, "PH045807005": {"Water_Prop": 0.297619, "Food_Prop": 5.882353, "Shelter_Prop": 1.190476, "Health_Prop": 68.734015, "Education_Prop": 5.084746, "Work_Prop": 44.011407, "Peace_Prop": 11.904762, "Participation_Prop": 97.605953, "SocialProtection_Prop": 98.673568, "Environment_Prop": 11.760313, "shelter_electricity": 4.464285714, "health_center_attendance": 68.73401535, "work_farms": 13.24278438, "work_unskilled": 24.78777589, "health_programs": 62.5, "sp_philhealth": 62.5, "water_toilet": 2.083333333, "shelter_makeshift_nhts": 2.6785714290000002, "food_malnourished": "", "health_child_death": "", "health_maternal_death": "", "he_flood": 0.0, "he_volcano": 0.0, "he_landslide": 0.002639, "he_earthquake": 0.0}, "PH045807007": {"Water_Prop": 23.11828, "Food_Prop": 50.0, "Shelter_Prop": 0.26881700000000003, "Health_Prop": 77.07558900000001, "Education_Prop": 3.5928139999999997, "Work_Prop": 42.49767, "Peace_Prop": 7.5268820000000005, "Participation_Prop": 94.24460400000001, "SocialProtection_Prop": 98.920863, "Environment_Prop": 9.43016, "shelter_electricity": 3.76344086, "health_center_attendance": 77.07558859999999, "work_farms": 25.60777958, "work_unskilled": 15.88330632, "health_programs": 65.32258065, "sp_philhealth": 65.32258065, "water_toilet": 0.806451613, "shelter_makeshift_nhts": 0.672043011, "food_malnourished": "", "health_child_death": "", "health_maternal_death": "", "he_flood": 0.0, "he_volcano": 0.0, "he_landslide": 0.000792, "he_earthquake": 0.0}, "PH045807008": {"Water_Prop": 1.960784, "Food_Prop": 19.117647, "Shelter_Prop": 1.40056, "Health_Prop": 76.407049, "Education_Prop": 2.827763, "Work_Prop": 42.75, "Peace_Prop": 10.92437, "Participation_Prop": 90.930902, "SocialProtection_Prop": 98.416507, "Environment_Prop": 10.04378, "shelter_electricity": 3.641456583, "health_center_attendance": 76.40704946, "work_farms": 24.74526929, "work_unskilled": 14.99272198, "health_programs": 49.57983193, "sp_philhealth": 49.57983193, "water_toilet": 0.8403361340000001, "shelter_makeshift_nhts": 0.280112045, "food_malnourished": "", "health_child_death": "", "health_maternal_death": "", "he_flood": 0.0, "he_volcano": 0.0, "he_landslide": 0.000792, "he_earthquake": 0.0}, "PH045807009": {"Water_Prop": 0.232558, "Food_Prop": 12.5, "Shelter_Prop": 1.627907, "Health_Prop": 74.937718, "Education_Prop": 4.418605, "Work_Prop": 44.944649, "Peace_Prop": 12.325581, "Participation_Prop": 95.354839, "SocialProtection_Prop": 98.967742, "Environment_Prop": 8.839029, "shelter_electricity": 5.11627907, "health_center_attendance": 74.93771799, "work_farms": 18.36461126, "work_unskilled": 19.03485255, "health_programs": 62.09302326, "sp_philhealth": 62.09302326, "water_toilet": 1.162790698, "shelter_makeshift_nhts": 0.697674419, "food_malnourished": "", "health_child_death": "", "health_maternal_death": "", "he_flood": 0.0, "he_volcano": 0.0, "he_landslide": 0.000792, "he_earthquake": 0.0}, "PH045807010": {"Water_Prop": 0.0, "Food_Prop": 0.0, "Shelter_Prop": 1.0989010000000001, "Health_Prop": 76.36958299999999, "Education_Prop": 5.846774, "Work_Prop": 46.846847, "Peace_Prop": 9.89011, "Participation_Prop": 98.269231, "SocialProtection_Prop": 98.557692, "Environment_Prop": 8.535592, "shelter_electricity": 4.0293040289999995, "health_center_attendance": 76.36958299, "work_farms": 16.27118644, "work_unskilled": 30.50847458, "health_programs": 61.9047619, "sp_philhealth": 61.9047619, "water_toilet": 1.282051282, "shelter_makeshift_nhts": 0.9157509159999999, "food_malnourished": "", "health_child_death": "", "health_maternal_death": "", "he_flood": 0.0, "he_volcano": 0.0, "he_landslide": 0.0, "he_earthquake": 0.0}, "PH045807014": {"Water_Prop": 4.43686, "Food_Prop": 73.14814799999999, "Shelter_Prop": 1.0238909999999999, "Health_Prop": 74.080189, "Education_Prop": 5.9259260000000005, "Work_Prop": 45.411335, "Peace_Prop": 8.532423, "Participation_Prop": 97.17823800000001, "SocialProtection_Prop": 98.90377600000001, "Environment_Prop": 9.485567, "shelter_electricity": 8.077360637, "health_center_attendance": 74.08018868, "work_farms": 12.65907569, "work_unskilled": 31.21232418, "health_programs": 52.44596132, "sp_philhealth": 52.44596132, "water_toilet": 0.5688282139999999, "shelter_makeshift_nhts": 2.673492605, "food_malnourished": "", "health_child_death": "", "health_maternal_death": "", "he_flood": 0.0, "he_volcano": 0.0, "he_landslide": 0.002639, "he_earthquake": 0.0}, "PH045807015": {"Water_Prop": 8.208955, "Food_Prop": 0.0, "Shelter_Prop": 0.746269, "Health_Prop": 76.32674300000001, "Education_Prop": 3.333333, "Work_Prop": 46.047270000000005, "Peace_Prop": 8.457711, "Participation_Prop": 99.094376, "SocialProtection_Prop": 97.735939, "Environment_Prop": 12.129306, "shelter_electricity": 8.457711442999999, "health_center_attendance": 76.32674298, "work_farms": 11.02719033, "work_unskilled": 30.21148036, "health_programs": 56.46766169, "sp_philhealth": 56.46766169, "water_toilet": 1.4925373130000001, "shelter_makeshift_nhts": 3.109452736, "food_malnourished": "", "health_child_death": "", "health_maternal_death": "", "he_flood": 0.0, "he_volcano": 0.0, "he_landslide": 0.002639, "he_earthquake": 0.0}, "PH045807016": {"Water_Prop": 72.151899, "Food_Prop": 16.666667, "Shelter_Prop": 2.531646, "Health_Prop": 75.211268, "Education_Prop": 9.756098, "Work_Prop": 46.460177, "Peace_Prop": 2.531646, "Participation_Prop": 92.12828, "SocialProtection_Prop": 98.250729, "Environment_Prop": 0.690052, "shelter_electricity": 8.860759494, "health_center_attendance": 75.21126761, "work_farms": 45.45454545, "work_unskilled": 23.96694215, "health_programs": 54.43037975, "sp_philhealth": 54.43037975, "water_toilet": 7.594936709, "shelter_makeshift_nhts": 0.632911392, "food_malnourished": "", "health_child_death": "",