{"PH051610001": {"water_access": 82.74647900000001, "food_tenure": 0.0, "shelter_informal_settlers_nhts": 13.028169, "health_center_attendance": 54.150054000000004, "educ_outofschool_all": 3.2738099999999997, "work_unemployment": 51.004464, "po_conflict": 4.401408, "participation_assembly_attendance": 90.772818, "sp_sss": 99.23384399999999, "he_risk": 1.808656, "shelter_electricity": 10.73943662, "health_center_attendance.1": 54.15005437, "work_farms": 33.25740319, "work_unskilled": 33.37129841, "health_programs": 30.98591549, "sp_philhealth": 30.98591549, "water_toilet": 7.218309859, "shelter_makeshift_nhts": 7.306338028, "food_malnourished": 3.5999999, "health_child_death": 1.0, "health_maternal_death": 0.0, "he_flood": 0.0, "he_volcano": 0.0, "he_landslide": 0.0, "he_earthquake": 0.0, "name": "Basiad"}, "PH051610002": {"water_access": 96.919431, "food_tenure": 81.08108100000001, "shelter_informal_settlers_nhts": 0.947867, "health_center_attendance": 6.849315, "educ_outofschool_all": 4.014599, "work_unemployment": 49.519586, "po_conflict": 24.407583, "participation_assembly_attendance": 88.791849, "sp_sss": 99.320718, "he_risk": 17.546718, "shelter_electricity": 7.819905212999999, "health_center_attendance.1": 6.849315067999999, "work_farms": 32.35724744, "work_unskilled": 23.57247438, "health_programs": 34.12322275, "sp_philhealth": 34.12322275, "water_toilet": 2.369668246, "shelter_makeshift_nhts": 1.184834123, "food_malnourished": 14.8, "health_child_death": 0.0, "health_maternal_death": 0.0, "he_flood": 0.0, "he_volcano": 0.0, "he_landslide": 0.003853, "he_earthquake": 0.0, "name": "Bulala"}, "PH051610003": {"water_access": 85.797101, "food_tenure": "", "shelter_informal_settlers_nhts": 0.28985500000000003, "health_center_attendance": 49.277184000000005, "educ_outofschool_all": 6.683805, "work_unemployment": 47.590953999999996, "po_conflict": 38.550725, "participation_assembly_attendance": 86.51960799999999, "sp_sss": 98.713235, "he_risk": 0.9544379999999999, "shelter_electricity": 12.46376812, "health_center_attendance.1": 49.27718416, "work_farms": 43.527204499999996, "work_unskilled": 25.51594747, "health_programs": 18.26086957, "sp_philhealth": 18.26086957, "water_toilet": 9.565217391000001, "shelter_makeshift_nhts": 1.15942029, "food_malnourished": 5.0, "health_child_death": 1.0, "health_maternal_death": 3.7, "he_flood": 0.0, "he_volcano": 0.0, "he_landslide": 0.0, "he_earthquake": 0.0, "name": "Polungguitguit"}, "PH051610004": {"water_access": 38.506876, "food_tenure": 33.333333, "shelter_informal_settlers_nhts": 0.785855, "health_center_attendance": 27.895792, "educ_outofschool_all": 4.293381, "work_unemployment": 50.725514000000004, "po_conflict": 37.917485, "participation_assembly_attendance": 90.223464, "sp_sss": 98.95251400000001, "he_risk": 21.342226, "shelter_electricity": 10.21611002, "health_center_attendance.1": 27.89579158, "work_farms": 25.39877301, "work_unskilled": 30.18404908, "health_programs": 30.0589391, "sp_philhealth": 30.0589391, "water_toilet": 1.571709234, "shelter_makeshift_nhts": 1.37524558, "food_malnourished": 13.1, "health_child_death": 0.0, "health_maternal_death": 0.0, "he_flood": 0.0, "he_volcano": 0.0, "he_landslide": 0.001214, "he_earthquake": 0.0, "name": "Rizal"}, "PH051610005": {"water_access": 85.416667, "food_tenure": 100.0, "shelter_informal_settlers_nhts": 0.0, "health_center_attendance": 51.555556, "educ_outofschool_all": 11.309524, "work_unemployment": 42.682927, "po_conflict": 40.972221999999995, "participation_assembly_attendance": 84.04908, "sp_sss": 99.079755, "he_risk": 0.586203, "shelter_electricity": 20.83333333, "health_center_attendance.1": 51.55555556, "work_farms": 54.89361702, "work_unskilled": 19.14893617, "health_programs": 15.97222222, "sp_philhealth": 15.97222222, "water_toilet": 18.05555556, "shelter_makeshift_nhts": 0.0, "food_malnourished": 19.200001, "health_child_death": 1.0, "health_maternal_death": 0.0, "he_flood": 0.0, "he_volcano": 0.0, "he_landslide": 0.000792, "he_earthquake": 0.0, "name": "Salvacion"}, "PH051610006": {"water_access": 13.104661, "food_tenure": 20.0, "shelter_informal_settlers_nhts": 0.6156550000000001, "health_center_attendance": 55.181024, "educ_outofschool_all": 5.192982, "work_unemployment": 46.917511, "po_conflict": 50.219877000000004, "participation_assembly_attendance": 94.69914, "sp_sss": 98.83596, "he_risk": 0.710958, "shelter_electricity": 6.332453826, "health_center_attendance.1": 55.18102372, "work_farms": 41.330425299999995, "work_unskilled": 25.73609597, "health_programs": 21.54793316, "sp_philhealth": 21.54793316, "water_toilet": 11.96130167, "shelter_makeshift_nhts": 1.4951627090000001, "food_malnourished": 14.0, "health_child_death": 6.0, "health_maternal_death": 0.0, "he_flood": 0.0, "he_volcano": 0.0, "he_landslide": 0.001056, "he_earthquake": 0.0, "name": "San Lorenzo"}, "PH051610007": {"water_access": 53.766234, "food_tenure": 32.954545, "shelter_informal_settlers_nhts": 2.077922, "health_center_attendance": 68.610354, "educ_outofschool_all": 3.8186160000000005, "work_unemployment": 58.731466000000005, "po_conflict": 1.558442, "participation_assembly_attendance": 93.739793, "sp_sss": 98.856832, "he_risk": 17.317315, "shelter_electricity": 13.50649351, "health_center_attendance.1": 68.61035422, "work_farms": 34.73053892, "work_unskilled": 31.93612774, "health_programs": 24.15584416, "sp_philhealth": 24.15584416, "water_toilet": 11.16883117, "shelter_makeshift_nhts": 10.0, "food_malnourished": 0.80000001, "health_child_death": 0.0, "health_maternal_death": 2.4000001, "he_flood": 0.0, "he_volcano": 0.0, "he_landslide": 0.003853, "he_earthquake": 0.0, "name": "San Pedro"}, "PH051610008": {"water_access": 20.152091, "food_tenure": 22.727273, "shelter_informal_settlers_nhts": 0.760456, "health_center_attendance": 60.481928, "educ_outofschool_all": 5.594405999999999, "work_unemployment": 56.212304, "po_conflict": 0.380228, "participation_assembly_attendance": 88.00335600000001, "sp_sss": 98.573826, "he_risk": 17.834612, "shelter_electricity": 18.25095057, "health_center_attendance.1": 60.48192771, "work_farms": 26.44628099, "work_unskilled": 29.47658402, "health_programs": 27.37642586, "sp_philhealth": 27.37642586, "water_toilet": 6.844106463999999, "shelter_makeshift_nhts": 6.463878327000001, "food_malnourished": 12.8, "health_child_death": 1.0, "health_maternal_death": 0.0, "he_flood": 0.0, "he_volcano": 0.0, "he_landslide": 0.001056, "he_earthquake": 0.0, "name": "San Vicente"}, "PH051610009": {"water_access": 18.838421, "food_tenure": 27.586207, "shelter_informal_settlers_nhts": 1.563663, "health_center_attendance": 55.114917000000005, "educ_outofschool_all": 4.2904290000000005, "work_unemployment": 44.532709999999994, "po_conflict": 11.764706, "participation_assembly_attendance": 95.440828, "sp_sss": 98.631171, "he_risk": 22.923235000000002, "shelter_electricity": 5.807892777, "health_center_attendance.1": 55.11491663, "work_farms": 16.13310868, "work_unskilled": 38.24768324, "health_programs": 35.5919583, "sp_philhealth": 35.5919583, "water_toilet": 1.638123604, "shelter_makeshift_nhts": 3.4623976169999997, "food_malnourished": 9.5, "health_child_death": 7.0, "health_maternal_death": 0.5, "he_flood": 0.0, "he_volcano": 0.0, "he_landslide": 0.00132, "he_earthquake": 0.0, "name": "Santa Elena (Pob.)"}, "PH051610010": {"water_access": 91.666667, "food_tenure": "", "shelter_informal_settlers_nhts": 0.0, "health_center_attendance": 4.6448089999999995, "educ_outofschool_all": 6.329114, "work_unemployment": 51.260504, "po_conflict": 57.14285699999999, "participation_assembly_attendance": 70.529801, "sp_sss": 99.668874, "he_risk": 1.468504, "shelter_electricity": 57.14285714, "health_center_attendance.1": 4.6448087430000005, "work_farms": 43.10344828, "work_unskilled": 36.20689655, "health_programs": 29.76190476, "sp_philhealth": 29.76190476, "water_toilet": 3.571428571, "shelter_makeshift_nhts": 1.19047619, "food_malnourished": 16.299999,