{"PH051709001": {"water_access": 5.179283, "food_tenure": 50.0, "shelter_informal_settlers_nhts": 0.796813, "health_center_attendance": 19.109663, "educ_outofschool_all": 5.054151999999999, "work_unemployment": 48.483607, "po_conflict": 44.887118, "participation_assembly_attendance": 93.05555600000001, "sp_sss": 97.491039, "he_risk": 3.9373489999999998, "shelter_electricity": 9.960159362999999, "health_center_attendance.1": 19.10966341, "work_farms": 4.136833731, "work_unskilled": 37.94749403, "health_programs": 28.02124834, "sp_philhealth": 28.02124834, "water_toilet": 2.390438247, "shelter_makeshift_nhts": 3.652058433, "food_malnourished": "", "health_child_death": "", "health_maternal_death": "", "he_flood": 2e-06, "he_volcano": 0.0, "he_landslide": 0.0, "he_earthquake": 0.0, "name": "Dugcal"}, "PH051709002": {"water_access": 4.032258000000001, "food_tenure": 75.55555600000001, "shelter_informal_settlers_nhts": 1.4784950000000001, "health_center_attendance": 10.480821, "educ_outofschool_all": 3.949045, "work_unemployment": 47.70092, "po_conflict": 44.086022, "participation_assembly_attendance": "", "sp_sss": 97.538803, "he_risk": 9.260719, "shelter_electricity": 7.258064516, "health_center_attendance.1": 10.48082118, "work_farms": 4.281345566000001, "work_unskilled": 33.25688073, "health_programs": 20.83333333, "sp_philhealth": 20.83333333, "water_toilet": 3.3602150539999998, "shelter_makeshift_nhts": 5.107526882, "food_malnourished": "", "health_child_death": "", "health_maternal_death": "", "he_flood": 3e-06, "he_volcano": 0.0, "he_landslide": 0.0, "he_earthquake": 0.0, "name": "Marupit"}, "PH051709003": {"water_access": 4.929577, "food_tenure": 25.806452, "shelter_informal_settlers_nhts": 3.521127, "health_center_attendance": 18.717277, "educ_outofschool_all": 3.030303, "work_unemployment": 43.064182, "po_conflict": 55.633803, "participation_assembly_attendance": "", "sp_sss": 98.52349, "he_risk": 8.244819, "shelter_electricity": 9.85915493, "health_center_attendance.1": 18.71727749, "work_farms": 9.090909091, "work_unskilled": 46.18181818, "health_programs": 15.49295775, "sp_philhealth": 15.49295775, "water_toilet": 2.1126760559999997, "shelter_makeshift_nhts": 5.985915492999999, "food_malnourished": "", "health_child_death": "", "health_maternal_death": "", "he_flood": 1.6e-05, "he_volcano": 0.0, "he_landslide": 0.0, "he_earthquake": 0.0, "name": "San Francisco"}, "PH051709005": {"water_access": 0.49261099999999997, "food_tenure": 0.0, "shelter_informal_settlers_nhts": 1.477833, "health_center_attendance": 18.217822, "educ_outofschool_all": 1.734104, "work_unemployment": 46.549391, "po_conflict": 17.241379000000002, "participation_assembly_attendance": 95.41751500000001, "sp_sss": 97.148676, "he_risk": 14.026298, "shelter_electricity": 4.433497537, "health_center_attendance.1": 18.21782178, "work_farms": 5.316455696, "work_unskilled": 17.72151899, "health_programs": 4.926108374, "sp_philhealth": 4.926108374, "water_toilet": 1.477832512, "shelter_makeshift_nhts": 1.97044335, "food_malnourished": "", "health_child_death": "", "health_maternal_death": "", "he_flood": 1.7e-05, "he_volcano": 0.0, "he_landslide": 0.0, "he_earthquake": 0.0, "name": "San Juan-San Ramon (Pob.)"}, "PH051709007": {"water_access": 4.1666669999999995, "food_tenure": 100.0, "shelter_informal_settlers_nhts": 4.1666669999999995, "health_center_attendance": 17.025862, "educ_outofschool_all": 0.0, "work_unemployment": 45.565749, "po_conflict": 27.083333000000003, "participation_assembly_attendance": "", "sp_sss": 98.788927, "he_risk": 11.289548, "shelter_electricity": 1.041666667, "health_center_attendance.1": 17.02586207, "work_farms": 0.561797753, "work_unskilled": 18.53932584, "health_programs": 6.25, "sp_philhealth": 6.25, "water_toilet": 0.0, "shelter_makeshift_nhts": 2.083333333, "food_malnourished": "", "health_child_death": "", "health_maternal_death": "", "he_flood": 1.6e-05, "he_volcano": 0.0, "he_landslide": 0.0, "he_earthquake": 0.0, "name": "San Lucas (Pob.)"}, "PH051709008": {"water_access": 2.654867, "food_tenure": 75.0, "shelter_informal_settlers_nhts": 0.884956, "health_center_attendance": 13.259669, "educ_outofschool_all": 5.741626999999999, "work_unemployment": 47.066666999999995, "po_conflict": 39.823009000000006, "participation_assembly_attendance": "", "sp_sss": 96.902017, "he_risk": 16.067028, "shelter_electricity": 5.752212388999999, "health_center_attendance.1": 13.25966851, "work_farms": 4.0302267, "work_unskilled": 29.21914358, "health_programs": 13.71681416, "sp_philhealth": 13.71681416, "water_toilet": 0.884955752, "shelter_makeshift_nhts": 5.088495575, "food_malnourished": "", "health_child_death": "", "health_maternal_death": "", "he_flood": 1.1e-05, "he_volcano": 0.0, "he_landslide": 0.0, "he_earthquake": 0.0, "name": "San Marcos (Pob.)"}, "PH051709009": {"water_access": 20.599251000000002, "food_tenure": 100.0, "shelter_informal_settlers_nhts": 0.7490640000000001, "health_center_attendance": 5.451937, "educ_outofschool_all": 5.063291, "work_unemployment": 47.887324, "po_conflict": 47.940075, "participation_assembly_attendance": "", "sp_sss": 97.480106, "he_risk": 7.5971910000000005, "shelter_electricity": 9.36329588, "health_center_attendance.1": 5.451936872, "work_farms": 4.158004158, "work_unskilled": 31.80873181, "health_programs": 12.35955056, "sp_philhealth": 12.35955056, "water_toilet": 1.498127341, "shelter_makeshift_nhts": 5.243445693, "food_malnourished": "", "health_child_death": "", "health_maternal_death": "", "he_flood": 6e-06, "he_volcano": 0.0, "he_landslide": 0.0, "he_earthquake": 0.0, "name": "San Mateo (Pob.)"}, "PH051709011": {"water_access": 9.917355, "food_tenure": "", "shelter_informal_settlers_nhts": 1.652893, "health_center_attendance": 13.768116000000001, "educ_outofschool_all": 4.5454550000000005, "work_unemployment": 49.354005, "po_conflict": 51.239669, "participation_assembly_attendance": "", "sp_sss": 97.317437, "he_risk": 11.418236, "shelter_electricity": 6.611570248, "health_center_attendance.1": 13.76811594, "work_farms": 1.020408163, "work_unskilled": 26.53061224, "health_programs": 10.74380165, "sp_philhealth": 10.74380165, "water_toilet": 0.0, "shelter_makeshift_nhts": 6.611570248, "food_malnourished": "", "health_child_death": "", "health_maternal_death": "", "he_flood": 1.8e-05, "he_volcano": 0.0, "he_landslide": 0.0, "he_earthquake": 0.0, "name": "San Jose-San Pablo (Pob.)"}, "PH051709013": {"water_access": 1.5789469999999999, "food_tenure": 80.0, "shelter_informal_settlers_nhts": 0.350877, "health_center_attendance": 27.078384999999997, "educ_outofschool_all": 4.287902, "work_unemployment": 47.259566, "po_conflict": 57.543859999999995, "participation_assembly_attendance": 91.631799, "sp_sss": 97.93584399999999, "he_risk": 18.383857, "shelter_electricity": 8.596491228, "health_center_attendance.1": 27.0783848, "work_farms": 0.588235294, "work_unskilled": 35.68627451, "health_programs": 21.75438596, "sp_philhealth": 21.75438596, "water_toilet": 0.526315789, "shelter_makeshift_nhts": 12.01754386, "food_malnourished": "", "health_child_death": "", "health_maternal_death": "", "he_flood": 6e-06, "he_volcano": 0.0, "he_landslide": 0.0, "he_earthquake": 0.0, "name": "San Roque"}, "PH051709014": {"water_access": 1.8018020000000001, "food_tenure": 33.333333, "shelter_informal_settlers_nhts": 0.0, "health_center_attendance": 2.717391, "educ_outofschool_all": 2.586207, "work_unemployment": 47.570332, "po_conflict": 41.441441, "participation_assembly_attendance": 96.60194200000001, "sp_sss": 96.440129, "he_risk": 11.447619, "shelter_electricity": 5.405405405, "health_center_attendance.1": 2.717391304, "work_farms": 2.43902439, "work_unskilled": 34.63414634, "health_programs": 2.702702703, "sp_philhealth": 2.702702703, "water_toilet": 0.0, "shelter_makeshift_nhts": 0.0, "food_malnourished": "", "health_child_death": "", "health_maternal_death": "", "he_flood": 2.4e-05, "he_volcano": 0.0, "he_landslide": 0.0,