{"PH054114001": {"Water_Prop": 16.393442999999998, "Food_Prop": 94.230769, "Shelter_Prop": 0.327869, "Health_Prop": 87.620773, "Education_Prop": 3.7328089999999996, "Work_Prop": 50.765864, "Peace_Prop": 0.655738, "Participation_Prop": "", "SocialProtection_Prop": 99.371464, "Environment_Prop": 1.8872799999999998, "shelter_electricity": 42.62295082, "health_center_attendance": 87.62077295, "work_farms": 54.0, "work_unskilled": 21.55555556, "health_programs": 50.16393443, "sp_philhealth": 50.16393443, "water_toilet": 37.04918033, "shelter_makeshift_nhts": 1.1475409840000002, "food_malnourished": "", "health_child_death": "", "health_maternal_death": "", "he_flood": 0.0, "he_volcano": 0.0, "he_landslide": 0.011085, "he_earthquake": 0.0, "name": "Cantorna"}, "PH054114002": {"Water_Prop": 49.264706, "Food_Prop": 51.428571000000005, "Shelter_Prop": 2.205882, "Health_Prop": 62.991519, "Education_Prop": 7.122507000000001, "Work_Prop": 48.324742, "Peace_Prop": 28.308823999999998, "Participation_Prop": "", "SocialProtection_Prop": 99.74137900000001, "Environment_Prop": 2.609228, "shelter_electricity": 54.77941176, "health_center_attendance": 62.99151889, "work_farms": 50.12468828, "work_unskilled": 27.93017456, "health_programs": 57.35294118, "sp_philhealth": 57.35294118, "water_toilet": 38.23529412, "shelter_makeshift_nhts": 2.757352941, "food_malnourished": "", "health_child_death": "", "health_maternal_death": "", "he_flood": 0.0, "he_volcano": 0.0, "he_landslide": 0.000792, "he_earthquake": 0.14285699999999998, "name": "Famosa"}, "PH054114003": {"Water_Prop": 79.526227, "Food_Prop": 90.225564, "Shelter_Prop": 1.184433, "Health_Prop": 79.68698, "Education_Prop": 4.0677970000000006, "Work_Prop": 50.084986, "Peace_Prop": 17.935702, "Participation_Prop": "", "SocialProtection_Prop": 99.805933, "Environment_Prop": 2.489315, "shelter_electricity": 49.40778342, "health_center_attendance": 79.68697969, "work_farms": 46.42451759, "work_unskilled": 27.92281498, "health_programs": 51.60744501, "sp_philhealth": 51.60744501, "water_toilet": 40.27072758, "shelter_makeshift_nhts": 1.607445008, "food_malnourished": "", "health_child_death": "", "health_maternal_death": "", "he_flood": 0.0, "he_volcano": 0.0, "he_landslide": 0.011085, "he_earthquake": 0.07142899999999999, "name": "Macarthur"}, "PH054114004": {"Water_Prop": 47.619048, "Food_Prop": 41.044776, "Shelter_Prop": 0.892857, "Health_Prop": 65.747126, "Education_Prop": 4.228330000000001, "Work_Prop": 46.191889, "Peace_Prop": 35.714286, "Participation_Prop": "", "SocialProtection_Prop": 99.714612, "Environment_Prop": 1.035226, "shelter_electricity": 50.0, "health_center_attendance": 65.74712644, "work_farms": 53.49264706, "work_unskilled": 21.50735294, "health_programs": 27.08333333, "sp_philhealth": 27.08333333, "water_toilet": 29.76190476, "shelter_makeshift_nhts": 1.339285714, "food_malnourished": "", "health_child_death": "", "health_maternal_death": "", "he_flood": 0.0, "he_volcano": 0.0, "he_landslide": 0.011085, "he_earthquake": 0.0, "name": "Maglambong"}, "PH054114005": {"Water_Prop": 83.522727, "Food_Prop": "", "Shelter_Prop": 2.272727, "Health_Prop": 49.033683, "Education_Prop": 9.109312, "Work_Prop": 49.152542, "Peace_Prop": 21.022727, "Participation_Prop": "", "SocialProtection_Prop": 99.366359, "Environment_Prop": 0.340192, "shelter_electricity": 32.10227273, "health_center_attendance": 49.03368305, "work_farms": 52.77777778, "work_unskilled": 23.33333333, "health_programs": 33.23863636, "sp_philhealth": 33.23863636, "water_toilet": 10.22727273, "shelter_makeshift_nhts": 1.8465909090000001, "food_malnourished": "", "health_child_death": "", "health_maternal_death": "", "he_flood": 0.0, "he_volcano": 0.0, "he_landslide": 0.002639, "he_earthquake": 0.0, "name": "Morocborocan"}, "PH054114006": {"Water_Prop": 40.816327, "Food_Prop": 100.0, "Shelter_Prop": 1.785714, "Health_Prop": 74.166099, "Education_Prop": 4.536862, "Work_Prop": 52.67239, "Peace_Prop": 12.5, "Participation_Prop": 88.876529, "SocialProtection_Prop": 99.364373, "Environment_Prop": 9.076106, "shelter_electricity": 21.2585034, "health_center_attendance": 74.16609939, "work_farms": 30.83674664, "work_unskilled": 33.93797542, "health_programs": 55.69727891, "sp_philhealth": 55.69727891, "water_toilet": 13.26530612, "shelter_makeshift_nhts": 1.99829932, "food_malnourished": "", "health_child_death": "", "health_maternal_death": "", "he_flood": 0.0, "he_volcano": 0.0, "he_landslide": 0.002639, "he_earthquake": 0.0, "name": "Poblacion"}, "PH054114007": {"Water_Prop": 82.45614, "Food_Prop": 84.375, "Shelter_Prop": 1.754386, "Health_Prop": 80.358632, "Education_Prop": 6.602475999999999, "Work_Prop": 50.730208000000005, "Peace_Prop": 24.780701999999998, "Participation_Prop": "", "SocialProtection_Prop": 99.881282, "Environment_Prop": 2.0257169999999998, "shelter_electricity": 70.39473684, "health_center_attendance": 80.35863219, "work_farms": 70.82683307, "work_unskilled": 20.43681747, "health_programs": 43.85964912, "sp_philhealth": 43.85964912, "water_toilet": 16.44736842, "shelter_makeshift_nhts": 2.083333333, "food_malnourished": "", "health_child_death": "", "health_maternal_death": "", "he_flood": 0.0, "he_volcano": 0.0, "he_landslide": 0.002639, "he_earthquake": 0.0, "name": "Guinhadap"}, "PH054114008": {"Water_Prop": 54.440789, "Food_Prop": 75.375375, "Shelter_Prop": 0.657895, "Health_Prop": 81.010974, "Education_Prop": 4.36457, "Work_Prop": 52.435687, "Peace_Prop": 5.756579, "Participation_Prop": 91.674992, "SocialProtection_Prop": 99.5005, "Environment_Prop": 8.71612, "shelter_electricity": 23.68421053, "health_center_attendance": 81.01097439, "work_farms": 36.47871116, "work_unskilled": 27.61795167, "health_programs": 62.66447368, "sp_philhealth": 62.66447368, "water_toilet": 14.47368421, "shelter_makeshift_nhts": 2.220394737, "food_malnourished": "", "health_child_death": "", "health_maternal_death": "", "he_flood": 0.0, "he_volcano": 0.0, "he_landslide": 0.000792, "he_earthquake": 0.0, "name": "Real"}, "PH054114009": {"Water_Prop": 35.802469, "Food_Prop": 26.923077000000003, "Shelter_Prop": 1.234568, "Health_Prop": 66.430131, "Education_Prop": 6.864989, "Work_Prop": 51.295336999999996, "Peace_Prop": 7.654321, "Participation_Prop": 83.73102, "SocialProtection_Prop": 99.566161, "Environment_Prop": 9.016138, "shelter_electricity": 53.82716049, "health_center_attendance": 66.430131, "work_farms": 50.35460993, "work_unskilled": 23.93617021, "health_programs": 44.44444444, "sp_philhealth": 44.44444444, "water_toilet": 37.77777778, "shelter_makeshift_nhts": 1.234567901, "food_malnourished": "", "health_child_death": "", "health_maternal_death": "", "he_flood": 0.0, "he_volcano": 0.0, "he_landslide": 0.000792, "he_earthquake": 0.0, "name": "Rizal"}, "PH054114010": {"Water_Prop": 43.010753, "Food_Prop": "", "Shelter_Prop": 4.301075, "Health_Prop": 79.43640500000001, "Education_Prop": 5.128205, "Work_Prop": 52.941176, "Peace_Prop": 7.5268820000000005, "Participation_Prop": "", "SocialProtection_Prop": 99.13454, "Environment_Prop": 1.323701, "shelter_electricity": 52.3297491, "health_center_attendance": 79.43640518, "work_farms": 58.69565217, "work_unskilled": 19.02173913, "health_programs": 41.93548387, "sp_philhealth": 41.93548387, "water_toilet": 40.14336918, "shelter_makeshift_nhts": 0.537634409, "food_malnourished": "", "health_child_death": "", "health_maternal_death": "", "he_flood": 0.0, "he_volcano": 0.0, "he_landslide": 0.011085, "he_earthquake": 0.0, "name": "Santo Ni\u00cc\u00b1o"}, "PH054114011": {"Water_Prop": 45.874587, "Food_Prop": 100.0, "Shelter_Prop": 1.980198, "Health_Prop": 68.754035, "Education_Prop": 6.626506, "Work_Prop": 47.816092, "Peace_Prop": 22.442244, "Participation_Prop": "", "SocialProtection_Prop": 99.67213100000001, "Environment_Prop": 2.172293, "shelter_electricity": 52.47524752, "health_center_attendance": 68.75403486, "work_farms": 48.23788546, "work_unskilled": 26.21145374, "health_programs": 47.19471947,