{"PH051726001": {"Water_Prop": 21.582734, "Food_Prop": 80.88235300000001, "Shelter_Prop": 9.592326, "Health_Prop": 29.449249, "Education_Prop": 7.532957000000001, "Work_Prop": 40.247453, "Peace_Prop": 11.990408, "Participation_Prop": "", "SocialProtection_Prop": 99.253383, "Environment_Prop": 10.820373, "shelter_electricity": 20.38369305, "health_center_attendance": 29.44924898, "work_farms": 22.65529842, "work_unskilled": 38.73325213, "health_programs": 16.78657074, "sp_philhealth": 16.78657074, "water_toilet": 11.27098321, "shelter_makeshift_nhts": 3.477218225, "food_malnourished": 0.60000002, "health_child_death": "", "health_maternal_death": 1.5, "he_flood": 0.0, "he_volcano": 0.0, "he_landslide": 0.000792, "he_earthquake": 0.0, "name": "Batang"}, "PH051726002": {"Water_Prop": 1.5075379999999998, "Food_Prop": 32.692308000000004, "Shelter_Prop": 1.005025, "Health_Prop": 69.095477, "Education_Prop": 7.2314050000000005, "Work_Prop": 44.80315, "Peace_Prop": 39.698492, "Participation_Prop": "", "SocialProtection_Prop": 98.540146, "Environment_Prop": 1.548189, "shelter_electricity": 11.05527638, "health_center_attendance": 69.09547739, "work_farms": 33.09557775, "work_unskilled": 34.23680456, "health_programs": 25.6281407, "sp_philhealth": 25.6281407, "water_toilet": 2.763819095, "shelter_makeshift_nhts": 3.266331658, "food_malnourished": 12.7, "health_child_death": "", "health_maternal_death": 2.0999999, "he_flood": 0.0, "he_volcano": 0.0, "he_landslide": 0.0, "he_earthquake": 0.07142899999999999, "name": "Burabod"}, "PH051726003": {"Water_Prop": 7.017544, "Food_Prop": 59.090908999999996, "Shelter_Prop": 0.0, "Health_Prop": 31.538462, "Education_Prop": 1.980198, "Work_Prop": 39.178082, "Peace_Prop": 54.385965, "Participation_Prop": "", "SocialProtection_Prop": 97.085202, "Environment_Prop": 0.6750689999999999, "shelter_electricity": 7.894736842, "health_center_attendance": 31.53846154, "work_farms": 23.87387387, "work_unskilled": 41.44144144, "health_programs": 16.66666667, "sp_philhealth": 16.66666667, "water_toilet": 8.771929825, "shelter_makeshift_nhts": 6.578947368, "food_malnourished": 17.200001, "health_child_death": "", "health_maternal_death": 0.0, "he_flood": 5e-06, "he_volcano": 0.0, "he_landslide": 0.0, "he_earthquake": 0.0, "name": "Cagbibi"}, "PH051726004": {"Water_Prop": 12.903226, "Food_Prop": 86.95652199999999, "Shelter_Prop": 0.0, "Health_Prop": 22.151899, "Education_Prop": 6.6666669999999995, "Work_Prop": 36.458333, "Peace_Prop": 35.483871, "Participation_Prop": "", "SocialProtection_Prop": 98.358209, "Environment_Prop": 0.669482, "shelter_electricity": 22.58064516, "health_center_attendance": 22.15189873, "work_farms": 16.39344262, "work_unskilled": 55.73770492, "health_programs": 41.93548387, "sp_philhealth": 41.93548387, "water_toilet": 0.0, "shelter_makeshift_nhts": 0.0, "food_malnourished": 32.599998, "health_child_death": "", "health_maternal_death": 0.0, "he_flood": 5e-06, "he_volcano": 0.0, "he_landslide": 0.0, "he_earthquake": 0.0, "name": "Cagbunga"}, "PH051726005": {"Water_Prop": 55.462185, "Food_Prop": 85.714286, "Shelter_Prop": 1.6806720000000002, "Health_Prop": 63.803681000000005, "Education_Prop": 10.625, "Work_Prop": 41.545894, "Peace_Prop": 59.663866000000006, "Participation_Prop": "", "SocialProtection_Prop": 99.006623, "Environment_Prop": 0.8674559999999999, "shelter_electricity": 25.21008403, "health_center_attendance": 63.80368098, "work_farms": 35.12396694, "work_unskilled": 35.53719008, "health_programs": 29.41176471, "sp_philhealth": 29.41176471, "water_toilet": 11.76470588, "shelter_makeshift_nhts": 15.96638655, "food_malnourished": 7.599999900000001, "health_child_death": "", "health_maternal_death": 0.0, "he_flood": 0.0, "he_volcano": 0.0, "he_landslide": 0.000792, "he_earthquake": 0.0, "name": "Calawat"}, "PH051726006": {"Water_Prop": 3.0837, "Food_Prop": 54.545455000000004, "Shelter_Prop": 0.6607930000000001, "Health_Prop": 75.47012099999999, "Education_Prop": 7.054674, "Work_Prop": 46.188925, "Peace_Prop": 26.651982, "Participation_Prop": "", "SocialProtection_Prop": 98.023064, "Environment_Prop": 16.93564, "shelter_electricity": 18.06167401, "health_center_attendance": 75.47012119, "work_farms": 20.5811138, "work_unskilled": 33.41404358, "health_programs": 57.7092511, "sp_philhealth": 57.7092511, "water_toilet": 6.607929515, "shelter_makeshift_nhts": 2.753303965, "food_malnourished": "", "health_child_death": "", "health_maternal_death": "", "he_flood": 0.0, "he_volcano": 0.0, "he_landslide": 0.000792, "he_earthquake": 0.0, "name": "Del Rosario"}, "PH051726007": {"Water_Prop": 49.815498, "Food_Prop": 77.173913, "Shelter_Prop": 3.3210330000000003, "Health_Prop": 64.783282, "Education_Prop": 5.2117260000000005, "Work_Prop": 45.790081, "Peace_Prop": 36.900369, "Participation_Prop": "", "SocialProtection_Prop": 98.396501, "Environment_Prop": 0.95673, "shelter_electricity": 12.17712177, "health_center_attendance": 64.78328173, "work_farms": 30.85106383, "work_unskilled": 36.38297872, "health_programs": 12.17712177, "sp_philhealth": 12.17712177, "water_toilet": 7.011070111, "shelter_makeshift_nhts": 3.136531365, "food_malnourished": 12.6, "health_child_death": "", "health_maternal_death": 0.0, "he_flood": 2e-06, "he_volcano": 0.0, "he_landslide": 0.0, "he_earthquake": 0.0, "name": "Patong"}, "PH051726009": {"Water_Prop": 1.927195, "Food_Prop": 68.493151, "Shelter_Prop": 1.820128, "Health_Prop": 42.348518, "Education_Prop": 4.609595, "Work_Prop": 48.701731, "Peace_Prop": 34.368308, "Participation_Prop": "", "SocialProtection_Prop": 98.195431, "Environment_Prop": 0.312474, "shelter_electricity": 7.922912206, "health_center_attendance": 42.34851835, "work_farms": 18.29980532, "work_unskilled": 35.23685918, "health_programs": 28.26552463, "sp_philhealth": 28.26552463, "water_toilet": 2.8907922910000003, "shelter_makeshift_nhts": 4.068522484, "food_malnourished": "", "health_child_death": "", "health_maternal_death": "", "he_flood": 0.0, "he_volcano": 0.0, "he_landslide": 0.0, "he_earthquake": 0.0, "name": "Poblacion"}, "PH051726010": {"Water_Prop": 0.843882, "Food_Prop": 22.5, "Shelter_Prop": 1.265823, "Health_Prop": 58.863443999999994, "Education_Prop": 5.067568, "Work_Prop": 42.609854, "Peace_Prop": 43.459916, "Participation_Prop": "", "SocialProtection_Prop": 98.567335, "Environment_Prop": 16.52242, "shelter_electricity": 20.67510549, "health_center_attendance": 58.8634436, "work_farms": 19.02552204, "work_unskilled": 46.63573086, "health_programs": 21.51898734, "sp_philhealth": 21.51898734, "water_toilet": 3.797468354, "shelter_makeshift_nhts": 4.008438818999999, "food_malnourished": 16.700001, "health_child_death": "", "health_maternal_death": 0.0, "he_flood": 0.0, "he_volcano": 0.0, "he_landslide": 0.000792, "he_earthquake": 0.0, "name": "Salvacion"}, "PH051726011": {"Water_Prop": 4.359312999999999, "Food_Prop": 39.43662, "Shelter_Prop": 0.660502, "Health_Prop": 69.370775, "Education_Prop": 5.482456, "Work_Prop": 46.270443, "Peace_Prop": 26.948481, "Participation_Prop": "", "SocialProtection_Prop": 98.32523, "Environment_Prop": 16.972539, "shelter_electricity": 12.28533686, "health_center_attendance": 69.37077483, "work_farms": 15.73867854, "work_unskilled": 38.53006682, "health_programs": 26.02377807, "sp_philhealth": 26.02377807, "water_toilet": 7.397622192999999, "shelter_makeshift_nhts": 2.50990753, "food_malnourished": 3.8, "health_child_death": "", "health_maternal_death": 2.2, "he_flood": 0.0, "he_volcano": 0.0, "he_landslide": 0.001584, "he_earthquake": 0.0, "name": "San Gabriel"}, "PH051726012": {"Water_Prop": 8.577406, "Food_Prop": 38.461538, "Shelter_Prop": 0.6276149999999999, "Health_Prop": 57.420137, "Education_Prop": 2.0370369999999998, "Work_Prop": 43.648405, "Peace_Prop": 30.334728000000002, "Participation_Prop": "", "SocialProtection_Prop": 96.676737, "Environment_Prop": 16.981641, "shelter_electricity": 7.112970711, "health_center_attendance": 57.42013748, "work_farms": 19.97863248,