{"PH054109001": {"water_access": 100.0, "food_tenure": 96.875, "shelter_informal_settlers_nhts": 0.0, "health_center_attendance": 93.709677, "educ_outofschool_all": 6.7901229999999995, "work_unemployment": 41.494845, "po_conflict": 55.223881000000006, "participation_assembly_attendance": 90.73634200000001, "sp_sss": 99.76247, "he_risk": 1.7101439999999999, "shelter_electricity": 75.74626866, "health_center_attendance.1": 93.70967742, "work_farms": 59.030837, "work_unskilled": 20.26431718, "health_programs": 11.56716418, "sp_philhealth": 11.56716418, "water_toilet": 2.23880597, "shelter_makeshift_nhts": 1.119402985, "food_malnourished": "", "health_child_death": "", "health_maternal_death": "", "he_flood": 0.0, "he_volcano": 0.0, "he_landslide": 0.0, "he_earthquake": 0.0, "name": "Agoho"}, "PH054109002": {"water_access": 98.214286, "food_tenure": "", "shelter_informal_settlers_nhts": 0.892857, "health_center_attendance": 92.5, "educ_outofschool_all": 11.111111, "work_unemployment": 37.171053, "po_conflict": 35.714286, "participation_assembly_attendance": 90.984975, "sp_sss": 99.499165, "he_risk": 0.291932, "shelter_electricity": 80.35714286, "health_center_attendance.1": 92.5, "work_farms": 66.4921466, "work_unskilled": 19.89528796, "health_programs": 16.07142857, "sp_philhealth": 16.07142857, "water_toilet": 2.6785714290000002, "shelter_makeshift_nhts": 1.785714286, "food_malnourished": "", "health_child_death": "", "health_maternal_death": "", "he_flood": 0.0, "he_volcano": 0.0, "he_landslide": 0.0, "he_earthquake": 0.0, "name": "Almero"}, "PH054109003": {"water_access": 98.518519, "food_tenure": "", "shelter_informal_settlers_nhts": 1.851852, "health_center_attendance": 18.004676999999997, "educ_outofschool_all": 8.563536000000001, "work_unemployment": 44.936709, "po_conflict": 39.62963, "participation_assembly_attendance": "", "sp_sss": 98.935299, "he_risk": 1.139791, "shelter_electricity": 49.25925926, "health_center_attendance.1": 18.00467654, "work_farms": 63.90804598, "work_unskilled": 16.781609200000002, "health_programs": 17.40740741, "sp_philhealth": 17.40740741, "water_toilet": 23.33333333, "shelter_makeshift_nhts": 2.9629629630000003, "food_malnourished": "", "health_child_death": "", "health_maternal_death": "", "he_flood": 0.0, "he_volcano": 0.0, "he_landslide": 0.0, "he_earthquake": 0.0, "name": "Baras"}, "PH054109004": {"water_access": 97.445255, "food_tenure": 15.094339999999999, "shelter_informal_settlers_nhts": 0.729927, "health_center_attendance": 4.833837, "educ_outofschool_all": 5.913978, "work_unemployment": 44.044665, "po_conflict": 74.817518, "participation_assembly_attendance": 93.878955, "sp_sss": 99.656121, "he_risk": 1.142225, "shelter_electricity": 72.26277372, "health_center_attendance.1": 4.833836858, "work_farms": 52.32815965, "work_unskilled": 20.17738359, "health_programs": 4.379562044, "sp_philhealth": 4.379562044, "water_toilet": 20.80291971, "shelter_makeshift_nhts": 1.459854015, "food_malnourished": "", "health_child_death": "", "health_maternal_death": "", "he_flood": 0.0, "he_volcano": 0.0, "he_landslide": 0.0, "he_earthquake": 0.0, "name": "Domorog"}, "PH054109005": {"water_access": 98.41269799999999, "food_tenure": 85.333333, "shelter_informal_settlers_nhts": 3.703704, "health_center_attendance": 2.427184, "educ_outofschool_all": 5.263158, "work_unemployment": 40.038685, "po_conflict": 72.486772, "participation_assembly_attendance": "", "sp_sss": 99.894958, "he_risk": 0.8602059999999999, "shelter_electricity": 60.84656085, "health_center_attendance.1": 2.427184466, "work_farms": 62.90322581, "work_unskilled": 16.77419355, "health_programs": 4.232804233, "sp_philhealth": 4.232804233, "water_toilet": 12.16931217, "shelter_makeshift_nhts": 0.793650794, "food_malnourished": "", "health_child_death": "", "health_maternal_death": "", "he_flood": 0.0, "he_volcano": 0.0, "he_landslide": 0.0, "he_earthquake": 0.0, "name": "Guadalupe"}, "PH054109006": {"water_access": 6.796117, "food_tenure": 94.11764699999999, "shelter_informal_settlers_nhts": 3.3980580000000002, "health_center_attendance": 71.67689200000001, "educ_outofschool_all": 9.243697000000001, "work_unemployment": 44.333333, "po_conflict": 63.59223299999999, "participation_assembly_attendance": 91.583166, "sp_sss": 99.599198, "he_risk": 2.001066, "shelter_electricity": 12.62135922, "health_center_attendance.1": 71.67689162, "work_farms": 48.80239521, "work_unskilled": 27.84431138, "health_programs": 19.41747573, "sp_philhealth": 19.41747573, "water_toilet": 19.41747573, "shelter_makeshift_nhts": 1.699029126, "food_malnourished": "", "health_child_death": "", "health_maternal_death": "", "he_flood": 0.0, "he_volcano": 0.0, "he_landslide": 0.000264, "he_earthquake": 0.0, "name": "Iligan"}, "PH054109007": {"water_access": 1.7241380000000002, "food_tenure": 0.0, "shelter_informal_settlers_nhts": 1.149425, "health_center_attendance": 55.967555000000004, "educ_outofschool_all": 4.6948360000000005, "work_unemployment": 55.963303, "po_conflict": 56.321839000000004, "participation_assembly_attendance": 89.403974, "sp_sss": 99.668874, "he_risk": 0.8683209999999999, "shelter_electricity": 14.94252874, "health_center_attendance.1": 55.96755504, "work_farms": 38.33333333, "work_unskilled": 27.91666667, "health_programs": 28.16091954, "sp_philhealth": 28.16091954, "water_toilet": 7.471264368, "shelter_makeshift_nhts": 3.16091954, "food_malnourished": "", "health_child_death": "", "health_maternal_death": "", "he_flood": 0.0, "he_volcano": 0.0, "he_landslide": 0.000264, "he_earthquake": 0.0, "name": "Labangtaytay"}, "PH054109008": {"water_access": 97.34513299999999, "food_tenure": 100.0, "shelter_informal_settlers_nhts": 0.0, "health_center_attendance": 52.975048, "educ_outofschool_all": 0.675676, "work_unemployment": 45.48495, "po_conflict": 44.247788, "participation_assembly_attendance": "", "sp_sss": 99.79757099999999, "he_risk": 0.57991, "shelter_electricity": 32.74336283, "health_center_attendance.1": 52.97504798, "work_farms": 66.87116564, "work_unskilled": 11.04294479, "health_programs": 22.12389381, "sp_philhealth": 22.12389381, "water_toilet": 0.0, "shelter_makeshift_nhts": 3.982300885, "food_malnourished": "", "health_child_death": "", "health_maternal_death": "", "he_flood": 0.0, "he_volcano": 0.0, "he_landslide": 0.000264, "he_earthquake": 0.0, "name": "Labrador"}, "PH054109009": {"water_access": 66.346154, "food_tenure": 54.545455000000004, "shelter_informal_settlers_nhts": 1.9230770000000001, "health_center_attendance": 59.519408999999996, "educ_outofschool_all": 13.953488, "work_unemployment": 47.933884, "po_conflict": 58.653845999999994, "participation_assembly_attendance": 87.001733, "sp_sss": 99.480069, "he_risk": 0.855195, "shelter_electricity": 25.96153846, "health_center_attendance.1": 59.5194085, "work_farms": 36.50793651, "work_unskilled": 32.27513228, "health_programs": 18.26923077, "sp_philhealth": 18.26923077, "water_toilet": 33.65384615, "shelter_makeshift_nhts": 8.653846154, "food_malnourished": "", "health_child_death": "", "health_maternal_death": "", "he_flood": 0.0, "he_volcano": 0.0, "he_landslide": 0.000264, "he_earthquake": 0.0, "name": "Libertad"}, "PH054109010": {"water_access": 98.75, "food_tenure": 69.230769, "shelter_informal_settlers_nhts": 4.375, "health_center_attendance": 52.722063, "educ_outofschool_all": 4.060914, "work_unemployment": 52.112676, "po_conflict": 41.875, "participation_assembly_attendance": "", "sp_sss": 99.72106, "he_risk": 1.421702, "shelter_electricity": 38.75, "health_center_attendance.1": 52.72206304, "work_farms": 52.45098039, "work_unskilled": 20.58823529, "health_programs": 27.5, "sp_philhealth": 27.5, "water_toilet": 13.125, "shelter_makeshift_nhts": 0.0, "food_malnourished": "", "health_child_death": "", "health_maternal_death": "", "he_flood": 0.0, "he_volcano": 0.0, "he_landslide": 0.0, "he_earthquake": 0.0, "name": "Magsaysay"}, "PH054109011": {"water_access": 64.356436, "food_tenure": 100.0,