{"PH051727001": {"Water_Prop": 7.878788, "Food_Prop": 68.91891899999999, "Shelter_Prop": 1.212121, "Health_Prop": 70.157658, "Education_Prop": 5.063291, "Work_Prop": 50.0, "Peace_Prop": 38.181818, "Participation_Prop": "", "SocialProtection_Prop": 99.05549, "Environment_Prop": 16.451508, "shelter_electricity": 15.15151515, "health_center_attendance": 70.15765766, "work_farms": 58.62068966, "work_unskilled": 19.92337165, "health_programs": 33.33333333, "sp_philhealth": 33.33333333, "water_toilet": 4.242424242, "shelter_makeshift_nhts": 2.121212121, "food_malnourished": 0.0, "health_child_death": "", "health_maternal_death": 0.0, "he_flood": 0.0, "he_volcano": 0.0, "he_landslide": 0.000792, "he_earthquake": 0.0, "name": "Antipolo"}, "PH051727002": {"Water_Prop": 61.956522, "Food_Prop": 86.440678, "Shelter_Prop": 0.0, "Health_Prop": 75.0, "Education_Prop": 8.333333, "Work_Prop": 47.183099, "Peace_Prop": 28.26087, "Participation_Prop": "", "SocialProtection_Prop": 99.475524, "Environment_Prop": 0.89656, "shelter_electricity": 45.65217391, "health_center_attendance": 75.0, "work_farms": 72.0, "work_unskilled": 14.66666667, "health_programs": 46.73913043, "sp_philhealth": 46.73913043, "water_toilet": 7.608695652000001, "shelter_makeshift_nhts": 2.717391304, "food_malnourished": 1.2, "health_child_death": "", "health_maternal_death": 0.0, "he_flood": 0.0, "he_volcano": 0.0, "he_landslide": 0.002639, "he_earthquake": 0.0, "name": "Bagong Silang"}, "PH051727003": {"Water_Prop": 24.932976, "Food_Prop": 14.285714000000002, "Shelter_Prop": 0.0, "Health_Prop": 16.981132000000002, "Education_Prop": 2.901786, "Work_Prop": 48.465703999999995, "Peace_Prop": 27.345845, "Participation_Prop": 91.90615799999999, "SocialProtection_Prop": 98.416422, "Environment_Prop": 8.528225, "shelter_electricity": 13.13672922, "health_center_attendance": 16.98113208, "work_farms": 24.16812609, "work_unskilled": 28.37127846, "health_programs": 23.5924933, "sp_philhealth": 23.5924933, "water_toilet": 13.13672922, "shelter_makeshift_nhts": 6.032171582, "food_malnourished": 5.4000001, "health_child_death": "", "health_maternal_death": 0.0, "he_flood": 0.0, "he_volcano": 0.0, "he_landslide": 0.000792, "he_earthquake": 0.0, "name": "Bahay"}, "PH051727004": {"Water_Prop": 12.612613, "Food_Prop": 94.11764699999999, "Shelter_Prop": 4.72973, "Health_Prop": 28.136201, "Education_Prop": 5.849057, "Work_Prop": 37.227866, "Peace_Prop": 38.513514, "Participation_Prop": 95.75551800000001, "SocialProtection_Prop": 98.40831899999999, "Environment_Prop": 3.9707839999999996, "shelter_electricity": 16.66666667, "health_center_attendance": 28.13620072, "work_farms": 21.2716763, "work_unskilled": 44.62427746, "health_programs": 33.78378378, "sp_philhealth": 33.78378378, "water_toilet": 3.603603604, "shelter_makeshift_nhts": 2.364864865, "food_malnourished": 2.0999999, "health_child_death": "", "health_maternal_death": 0.0, "he_flood": 0.0, "he_volcano": 0.0, "he_landslide": 0.000792, "he_earthquake": 0.07142899999999999, "name": "Balogo"}, "PH051727005": {"Water_Prop": 4.983389, "Food_Prop": 21.818182, "Shelter_Prop": 1.993355, "Health_Prop": 55.923272, "Education_Prop": 6.862744999999999, "Work_Prop": 50.589027, "Peace_Prop": 49.612403, "Participation_Prop": "", "SocialProtection_Prop": 98.78973, "Environment_Prop": 19.945618, "shelter_electricity": 12.12624585, "health_center_attendance": 55.9232715, "work_farms": 27.04359673, "work_unskilled": 33.92370572, "health_programs": 27.685492800000002, "sp_philhealth": 27.685492800000002, "water_toilet": 3.1007751939999997, "shelter_makeshift_nhts": 1.716500554, "food_malnourished": 0.1, "health_child_death": "", "health_maternal_death": 0.0, "he_flood": 0.0, "he_volcano": 0.0, "he_landslide": 0.011085, "he_earthquake": 0.0, "name": "Caranan"}, "PH051727006": {"Water_Prop": 15.805470999999999, "Food_Prop": 25.362319, "Shelter_Prop": 0.607903, "Health_Prop": 22.440476, "Education_Prop": 4.901961, "Work_Prop": 45.825243, "Peace_Prop": 37.082066999999995, "Participation_Prop": "", "SocialProtection_Prop": 99.088542, "Environment_Prop": 0.966693, "shelter_electricity": 15.19756839, "health_center_attendance": 22.44047619, "work_farms": 39.78494624, "work_unskilled": 16.4874552, "health_programs": 26.74772036, "sp_philhealth": 26.74772036, "water_toilet": 8.20668693, "shelter_makeshift_nhts": 1.367781155, "food_malnourished": 6.8000002, "health_child_death": "", "health_maternal_death": 0.0, "he_flood": 0.0, "he_volcano": 0.0, "he_landslide": 0.000792, "he_earthquake": 0.0, "name": "Cuco"}, "PH051727007": {"Water_Prop": 9.299363, "Food_Prop": 6.6666669999999995, "Shelter_Prop": 0.8917200000000001, "Health_Prop": 50.071736, "Education_Prop": 6.197965, "Work_Prop": 45.17864, "Peace_Prop": 46.624204, "Participation_Prop": "", "SocialProtection_Prop": 99.03869300000001, "Environment_Prop": 16.904135999999998, "shelter_electricity": 19.74522293, "health_center_attendance": 50.07173601, "work_farms": 43.93833217, "work_unskilled": 25.57813595, "health_programs": 18.98089172, "sp_philhealth": 18.98089172, "water_toilet": 10.95541401, "shelter_makeshift_nhts": 2.738853503, "food_malnourished": 28.0, "health_child_death": "", "health_maternal_death": 1.2, "he_flood": 0.0, "he_volcano": 0.0, "he_landslide": 0.011085, "he_earthquake": 0.0, "name": "Dalupaon"}, "PH051727008": {"Water_Prop": 16.986301, "Food_Prop": 34.228188, "Shelter_Prop": 0.273973, "Health_Prop": 72.0, "Education_Prop": 8.023483, "Work_Prop": 52.268603000000006, "Peace_Prop": 48.219178, "Participation_Prop": "", "SocialProtection_Prop": 99.016931, "Environment_Prop": 18.44966, "shelter_electricity": 28.21917808, "health_center_attendance": 72.0, "work_farms": 45.05703422, "work_unskilled": 27.37642586, "health_programs": 37.80821918, "sp_philhealth": 37.80821918, "water_toilet": 1.0958904109999998, "shelter_makeshift_nhts": 3.01369863, "food_malnourished": 1.3, "health_child_death": "", "health_maternal_death": 0.0, "he_flood": 0.0, "he_volcano": 0.0, "he_landslide": 0.011085, "he_earthquake": 0.07142899999999999, "name": "Macad (Hebrio Lourdes)"}, "PH051727009": {"Water_Prop": 49.285714, "Food_Prop": 100.0, "Shelter_Prop": 0.714286, "Health_Prop": 79.618768, "Education_Prop": 13.44086, "Work_Prop": 44.0, "Peace_Prop": 51.428571000000005, "Participation_Prop": "", "SocialProtection_Prop": 98.701299, "Environment_Prop": 0.961516, "shelter_electricity": 17.14285714, "health_center_attendance": 79.61876833, "work_farms": 60.26785714, "work_unskilled": 19.19642857, "health_programs": 32.85714286, "sp_philhealth": 32.85714286, "water_toilet": 5.0, "shelter_makeshift_nhts": 0.7142857140000001, "food_malnourished": 0.0, "health_child_death": "", "health_maternal_death": 0.0, "he_flood": 0.0, "he_volcano": 0.0, "he_landslide": 0.000792, "he_earthquake": 0.0, "name": "Hubo"}, "PH051727010": {"Water_Prop": 57.40740699999999, "Food_Prop": 31.25, "Shelter_Prop": 0.740741, "Health_Prop": 10.857538, "Education_Prop": 3.686636, "Work_Prop": 42.909091, "Peace_Prop": 39.62963, "Participation_Prop": "", "SocialProtection_Prop": 99.253731, "Environment_Prop": 0.73082, "shelter_electricity": 24.44444444, "health_center_attendance": 10.85753804, "work_farms": 30.14861996, "work_unskilled": 35.24416136, "health_programs": 19.25925926, "sp_philhealth": 19.25925926, "water_toilet": 7.407407407000001, "shelter_makeshift_nhts": 7.777777778, "food_malnourished": 27.1, "health_child_death": "", "health_maternal_death": 0.0, "he_flood": 0.0, "he_volcano": 0.0, "he_landslide": 0.000792, "he_earthquake": 0.0, "name": "Itulan"}, "PH051727011": {"Water_Prop": 26.633165999999996, "Food_Prop": 81.25, "Shelter_Prop": 1.5075379999999998, "Health_Prop": 48.278146, "Education_Prop": 5.082418, "Work_Prop": 43.190057, "Peace_Prop": 45.561139000000004, "Participation_Prop": 92.52056800000001, "SocialProtection_Prop": 98.72849699999999, "Environment_Prop": 9.126764, "shelter_electricity": 18.09045226, "health_center_attendance": 48.2781457,