{"PH051714001": {"water_access": 16.0, "food_tenure": 45.0, "shelter_informal_settlers_nhts": 3.111111, "health_center_attendance": 27.422828000000003, "educ_outofschool_all": 2.8720630000000003, "work_unemployment": 56.31901800000001, "po_conflict": 41.777778000000005, "participation_assembly_attendance": 82.576985, "sp_sss": 99.594814, "he_risk": 4.302688, "shelter_electricity": 9.333333332999999, "health_center_attendance.1": 27.42282843, "work_farms": 41.29213483, "work_unskilled": 30.33707865, "health_programs": 33.33333333, "sp_philhealth": 33.33333333, "water_toilet": 16.88888889, "shelter_makeshift_nhts": 7.555555556, "food_malnourished": "", "health_child_death": "", "health_maternal_death": "", "he_flood": 0.0, "he_volcano": 0.0, "he_landslide": 0.003114, "he_earthquake": 0.0, "name": "Ason (Anson)"}, "PH051714002": {"water_access": 48.929664, "food_tenure": 87.5, "shelter_informal_settlers_nhts": 11.314985, "health_center_attendance": 87.486631, "educ_outofschool_all": 5.5666, "work_unemployment": 56.55664599999999, "po_conflict": 14.067278, "participation_assembly_attendance": 91.098678, "sp_sss": 99.643947, "he_risk": 3.737358, "shelter_electricity": 24.770642199999998, "health_center_attendance.1": 87.48663102, "work_farms": 45.58521561, "work_unskilled": 35.72895277, "health_programs": 36.08562691, "sp_philhealth": 36.08562691, "water_toilet": 8.256880734, "shelter_makeshift_nhts": 11.46788991, "food_malnourished": "", "health_child_death": "", "health_maternal_death": "", "he_flood": 0.0, "he_volcano": 0.0, "he_landslide": 0.003167, "he_earthquake": 0.0, "name": "Bahi"}, "PH051714003": {"water_access": 95.97069599999999, "food_tenure": 47.5, "shelter_informal_settlers_nhts": 3.296703, "health_center_attendance": 35.182767999999996, "educ_outofschool_all": 8.163264999999999, "work_unemployment": 56.27705600000001, "po_conflict": 38.827839000000004, "participation_assembly_attendance": 85.460751, "sp_sss": 99.180887, "he_risk": 0.856699, "shelter_electricity": 26.37362637, "health_center_attendance.1": 35.18276762, "work_farms": 54.7029703, "work_unskilled": 23.01980198, "health_programs": 29.3040293, "sp_philhealth": 29.3040293, "water_toilet": 5.128205128, "shelter_makeshift_nhts": 1.098901099, "food_malnourished": "", "health_child_death": "", "health_maternal_death": "", "he_flood": 0.0, "he_volcano": 0.0, "he_landslide": 0.0, "he_earthquake": 0.0, "name": "Binagasbasan"}, "PH051714004": {"water_access": 100.0, "food_tenure": 66.666667, "shelter_informal_settlers_nhts": 5.7971010000000005, "health_center_attendance": 73.081608, "educ_outofschool_all": 7.142857000000001, "work_unemployment": 59.925093999999994, "po_conflict": 60.869565, "participation_assembly_attendance": 69.153515, "sp_sss": 99.71305600000001, "he_risk": 1.42316, "shelter_electricity": 24.63768116, "health_center_attendance.1": 73.0816078, "work_farms": 48.59813084, "work_unskilled": 27.10280374, "health_programs": 21.01449275, "sp_philhealth": 21.01449275, "water_toilet": 6.52173913, "shelter_makeshift_nhts": 9.057971014, "food_malnourished": "", "health_child_death": "", "health_maternal_death": "", "he_flood": 0.0, "he_volcano": 0.0, "he_landslide": 0.0, "he_earthquake": 0.0, "name": "Burabod"}, "PH051714005": {"water_access": 91.525424, "food_tenure": 28.301887, "shelter_informal_settlers_nhts": 0.0, "health_center_attendance": 32.183908, "educ_outofschool_all": 5.05618, "work_unemployment": 58.575198, "po_conflict": 41.525424, "participation_assembly_attendance": 81.74204399999999, "sp_sss": "", "he_risk": 0.854356, "shelter_electricity": 25.42372881, "health_center_attendance.1": 32.18390805, "work_farms": 48.40764331, "work_unskilled": 18.47133758, "health_programs": 17.79661017, "sp_philhealth": 17.79661017, "water_toilet": 12.71186441, "shelter_makeshift_nhts": 5.508474576, "food_malnourished": "", "health_child_death": "", "health_maternal_death": "", "he_flood": 0.0, "he_volcano": 0.0, "he_landslide": 0.0, "he_earthquake": 0.0, "name": "Cagamutan"}, "PH051714006": {"water_access": 84.558824, "food_tenure": 72.151899, "shelter_informal_settlers_nhts": 17.647059, "health_center_attendance": 84.939759, "educ_outofschool_all": 6.10687, "work_unemployment": 58.099352, "po_conflict": 29.411765000000003, "participation_assembly_attendance": 84.343434, "sp_sss": "", "he_risk": 1.417993, "shelter_electricity": 33.08823529, "health_center_attendance.1": 84.93975904, "work_farms": 65.46391753, "work_unskilled": 21.13402062, "health_programs": 34.55882353, "sp_philhealth": 34.55882353, "water_toilet": 2.2058823530000002, "shelter_makeshift_nhts": 2.9411764710000003, "food_malnourished": "", "health_child_death": "", "health_maternal_death": "", "he_flood": 0.0, "he_volcano": 0.0, "he_landslide": 0.0, "he_earthquake": 0.0, "name": "Cagnipa"}, "PH051714007": {"water_access": 43.661972, "food_tenure": 100.0, "shelter_informal_settlers_nhts": 0.704225, "health_center_attendance": 45.974026, "educ_outofschool_all": 10.42654, "work_unemployment": 51.777778000000005, "po_conflict": 52.112676, "participation_assembly_attendance": 73.529412, "sp_sss": 99.86631, "he_risk": 0.57692, "shelter_electricity": 45.77464789, "health_center_attendance.1": 45.97402597, "work_farms": 60.36866359, "work_unskilled": 24.42396313, "health_programs": 21.83098592, "sp_philhealth": 21.83098592, "water_toilet": 9.154929577, "shelter_makeshift_nhts": 0.0, "food_malnourished": "", "health_child_death": "", "health_maternal_death": "", "he_flood": 0.0, "he_volcano": 0.0, "he_landslide": 0.0, "he_earthquake": 0.0, "name": "Canlong"}, "PH051714008": {"water_access": 23.232323, "food_tenure": 100.0, "shelter_informal_settlers_nhts": 0.0, "health_center_attendance": 12.5, "educ_outofschool_all": 3.296703, "work_unemployment": 53.172205000000005, "po_conflict": 53.535354000000005, "participation_assembly_attendance": 74.738676, "sp_sss": 99.65156800000001, "he_risk": 1.1355469999999999, "shelter_electricity": 19.19191919, "health_center_attendance.1": 12.5, "work_farms": 52.90322581, "work_unskilled": 24.51612903, "health_programs": 21.21212121, "sp_philhealth": 21.21212121, "water_toilet": 8.080808081, "shelter_makeshift_nhts": 0.505050505, "food_malnourished": "", "health_child_death": "", "health_maternal_death": "", "he_flood": 0.0, "he_volcano": 0.0, "he_landslide": 0.0, "he_earthquake": 0.0, "name": "Dangla"}, "PH051714009": {"water_access": 96.698113, "food_tenure": 43.119265999999996, "shelter_informal_settlers_nhts": 1.415094, "health_center_attendance": 37.467017999999996, "educ_outofschool_all": 3.0, "work_unemployment": 53.402367000000005, "po_conflict": 39.622642, "participation_assembly_attendance": 86.701662, "sp_sss": 98.33770799999999, "he_risk": 0.303745, "shelter_electricity": 17.9245283, "health_center_attendance.1": 37.46701847, "work_farms": 40.0, "work_unskilled": 40.95238095, "health_programs": 23.11320755, "sp_philhealth": 23.11320755, "water_toilet": 8.962264151, "shelter_makeshift_nhts": 3.301886792, "food_malnourished": "", "health_child_death": "", "health_maternal_death": "", "he_flood": 0.0, "he_volcano": 0.0, "he_landslide": 0.001056, "he_earthquake": 0.0, "name": "Del Pilar"}, "PH051714010": {"water_access": 28.196721000000004, "food_tenure": 85.05747099999999, "shelter_informal_settlers_nhts": 3.606557, "health_center_attendance": 27.240565999999998, "educ_outofschool_all": 5.4919910000000005, "work_unemployment": 53.26087, "po_conflict": 40.983607, "participation_assembly_attendance": 85.058215, "sp_sss": 99.676585, "he_risk": 0.585529, "shelter_electricity": 22.29508197, "health_center_attendance.1": 27.24056604, "work_farms": 59.61945032, "work_unskilled": 19.87315011, "health_programs": 31.47540984, "sp_philhealth": 31.47540984, "water_toilet": 5.9016393439999995, "shelter_makeshift_nhts": 1.4754098359999999, "food_malnourished": "", "health_child_death": "", "health_maternal_death": "", "he_flood": 0.0, "he_volcano": 0.0, "he_landslide": 0.001056,