{"PH050516001": {"Water_Prop": 18.181818, "Food_Prop": 60.0, "Shelter_Prop": 0.0, "Health_Prop": 42.941176, "Education_Prop": 1.8867919999999998, "Work_Prop": 42.663379, "Peace_Prop": 82.23140500000001, "Participation_Prop": 87.707948, "SocialProtection_Prop": 98.243993, "Environment_Prop": 0.311787, "shelter_electricity": 7.851239669, "health_center_attendance": 42.94117647, "work_farms": 33.54838710000001, "work_unskilled": 18.92473118, "health_programs": 20.24793388, "sp_philhealth": 20.24793388, "water_toilet": 3.305785124, "shelter_makeshift_nhts": 3.0991735539999996, "food_malnourished": 0.0, "health_child_death": 1.0, "health_maternal_death": 0.0, "he_flood": 0.0, "he_volcano": 0.0, "he_landslide": 0.000792, "he_earthquake": 0.0}, "PH050516002": {"Water_Prop": 3.703704, "Food_Prop": 0.0, "Shelter_Prop": 0.41152299999999997, "Health_Prop": 31.821797999999998, "Education_Prop": 1.612903, "Work_Prop": 46.347305, "Peace_Prop": 82.30452700000001, "Participation_Prop": 89.465021, "SocialProtection_Prop": 98.353909, "Environment_Prop": 0.618093, "shelter_electricity": 8.641975309, "health_center_attendance": 31.82179793, "work_farms": 29.6875, "work_unskilled": 32.58928571, "health_programs": 26.33744856, "sp_philhealth": 26.33744856, "water_toilet": 0.411522634, "shelter_makeshift_nhts": 2.057613169, "food_malnourished": 0.0, "health_child_death": 0.8, "health_maternal_death": 0.0, "he_flood": 0.0, "he_volcano": 0.0, "he_landslide": 0.000792, "he_earthquake": 0.0}, "PH050516003": {"Water_Prop": 14.469453, "Food_Prop": 14.285714000000002, "Shelter_Prop": 2.572347, "Health_Prop": 59.786239, "Education_Prop": 2.3972599999999997, "Work_Prop": 46.717412, "Peace_Prop": 61.414791, "Participation_Prop": 95.429946, "SocialProtection_Prop": 98.256164, "Environment_Prop": 2.333533, "shelter_electricity": 14.79099678, "health_center_attendance": 59.78623915, "work_farms": 10.53571429, "work_unskilled": 30.71428571, "health_programs": 17.68488746, "sp_philhealth": 17.68488746, "water_toilet": 4.823151125, "shelter_makeshift_nhts": 4.501607717, "food_malnourished": 1.4, "health_child_death": 1.5, "health_maternal_death": 0.0, "he_flood": 0.0, "he_volcano": 0.0, "he_landslide": 0.001584, "he_earthquake": 0.0}, "PH050516004": {"Water_Prop": 16.363636, "Food_Prop": 85.29411800000001, "Shelter_Prop": 9.454545, "Health_Prop": 78.029445, "Education_Prop": 2.568807, "Work_Prop": 42.78607, "Peace_Prop": 86.181818, "Participation_Prop": 95.827338, "SocialProtection_Prop": 98.309353, "Environment_Prop": 36.089128, "shelter_electricity": 8.0, "health_center_attendance": 78.02944507, "work_farms": 6.280193237000001, "work_unskilled": 44.05797101, "health_programs": 2.9090909089999997, "sp_philhealth": 2.9090909089999997, "water_toilet": 1.454545455, "shelter_makeshift_nhts": 2.8181818180000002, "food_malnourished": 0.0, "health_child_death": 0.7, "health_maternal_death": 0.0, "he_flood": 0.0, "he_volcano": 1.0, "he_landslide": 0.25711300000000004, "he_earthquake": 0.0}, "PH050516005": {"Water_Prop": 15.105739999999999, "Food_Prop": 100.0, "Shelter_Prop": 3.927492, "Health_Prop": 62.117086, "Education_Prop": 4.983923, "Work_Prop": 47.365755, "Peace_Prop": 89.123867, "Participation_Prop": 98.179454, "SocialProtection_Prop": 97.724317, "Environment_Prop": 34.726762, "shelter_electricity": 10.87613293, "health_center_attendance": 62.11708645, "work_farms": 15.97690087, "work_unskilled": 24.83156882, "health_programs": 43.50453172, "sp_philhealth": 43.50453172, "water_toilet": 3.172205438, "shelter_makeshift_nhts": 2.794561934, "food_malnourished": 3.6, "health_child_death": 0.0, "health_maternal_death": 0.0, "he_flood": 0.0, "he_volcano": 1.0, "he_landslide": 0.252362, "he_earthquake": 0.0}, "PH050516006": {"Water_Prop": 1.060071, "Food_Prop": 16.666667, "Shelter_Prop": 0.7067140000000001, "Health_Prop": 52.250352, "Education_Prop": 3.115265, "Work_Prop": 48.101265999999995, "Peace_Prop": 62.190813, "Participation_Prop": "", "SocialProtection_Prop": 98.93616999999999, "Environment_Prop": 4.487204, "shelter_electricity": 2.1201413430000002, "health_center_attendance": 52.25035162, "work_farms": 6.0975609760000005, "work_unskilled": 25.609756100000002, "health_programs": 23.32155477, "sp_philhealth": 23.32155477, "water_toilet": 2.1201413430000002, "shelter_makeshift_nhts": 3.180212014, "food_malnourished": 3.5, "health_child_death": 0.0, "health_maternal_death": 0.0, "he_flood": 0.0, "he_volcano": 0.0, "he_landslide": 0.001584, "he_earthquake": 0.0}, "PH050516008": {"Water_Prop": 1.6949150000000002, "Food_Prop": 100.0, "Shelter_Prop": 2.1186439999999997, "Health_Prop": 56.555772999999995, "Education_Prop": 3.0456849999999998, "Work_Prop": 49.326146, "Peace_Prop": 54.661017, "Participation_Prop": 90.858209, "SocialProtection_Prop": 98.600746, "Environment_Prop": 10.896901, "shelter_electricity": 3.8135593219999997, "health_center_attendance": 56.55577299, "work_farms": 13.82978723, "work_unskilled": 32.71276596, "health_programs": 18.22033898, "sp_philhealth": 18.22033898, "water_toilet": 1.271186441, "shelter_makeshift_nhts": 5.7203389829999995, "food_malnourished": 0.0, "health_child_death": 0.0, "health_maternal_death": 0.0, "he_flood": 0.0, "he_volcano": 0.0, "he_landslide": 0.001584, "he_earthquake": 0.0}, "PH050516009": {"Water_Prop": 12.418301, "Food_Prop": 66.666667, "Shelter_Prop": 0.0, "Health_Prop": 56.842105000000004, "Education_Prop": 4.424779, "Work_Prop": 41.23506, "Peace_Prop": 46.405229, "Participation_Prop": 91.084695, "SocialProtection_Prop": 96.28529, "Environment_Prop": 4.475271, "shelter_electricity": 3.2679738560000002, "health_center_attendance": 56.84210526, "work_farms": 5.4237288139999995, "work_unskilled": 25.08474576, "health_programs": 4.575163399, "sp_philhealth": 4.575163399, "water_toilet": 0.0, "shelter_makeshift_nhts": 2.287581699, "food_malnourished": 5.1, "health_child_death": 0.0, "health_maternal_death": 0.0, "he_flood": 0.0, "he_volcano": 0.0, "he_landslide": 0.0, "he_earthquake": 0.0}, "PH050516010": {"Water_Prop": 1.851852, "Food_Prop": 33.333333, "Shelter_Prop": 0.0, "Health_Prop": 59.074073999999996, "Education_Prop": 0.970874, "Work_Prop": 53.807106999999995, "Peace_Prop": 53.703704, "Participation_Prop": 89.384289, "SocialProtection_Prop": 97.876858, "Environment_Prop": 6.052805, "shelter_electricity": 1.8518518519999998, "health_center_attendance": 59.07407407, "work_farms": 3.8461538460000004, "work_unskilled": 27.47252747, "health_programs": 28.703703700000002, "sp_philhealth": 28.703703700000002, "water_toilet": 2.777777778, "shelter_makeshift_nhts": 2.314814815, "food_malnourished": 13.6, "health_child_death": 0.0, "health_maternal_death": 0.0, "he_flood": 0.0, "he_volcano": 0.0, "he_landslide": 0.001584, "he_earthquake": 0.0}, "PH050516011": {"Water_Prop": 4.026846, "Food_Prop": "", "Shelter_Prop": 0.0, "Health_Prop": 63.035312, "Education_Prop": 5.0420169999999995, "Work_Prop": 51.567240000000005, "Peace_Prop": 40.939597, "Participation_Prop": 95.575221, "SocialProtection_Prop": 97.640118, "Environment_Prop": 5.693983, "shelter_electricity": 4.026845638, "health_center_attendance": 63.0353118, "work_farms": 3.549060543, "work_unskilled": 21.92066806, "health_programs": 23.48993289, "sp_philhealth": 23.48993289, "water_toilet": 2.348993289, "shelter_makeshift_nhts": 1.6778523490000001, "food_malnourished": 2.2, "health_child_death": 0.0, "health_maternal_death": 0.0, "he_flood": 0.0, "he_volcano": 0.0, "he_landslide": 0.001584, "he_earthquake": 0.0}, "PH050516012": {"Water_Prop": 6.040268, "Food_Prop": 0.0, "Shelter_Prop": 0.671141, "Health_Prop": 57.796853000000006, "Education_Prop": 2.255639, "Work_Prop": 46.095238, "Peace_Prop": 42.95302, "Participation_Prop": 85.52845500000001, "SocialProtection_Prop": 97.235772, "Environment_Prop": 3.986507, "shelter_electricity": 3.3557046980000003, "health_center_attendance": 57.79685265, "work_farms": 3.180212014, "work_unskilled": 27.91519435, "health_programs": 16.77852349,