{"PH054120001": {"Water_Prop": 31.041257, "Food_Prop": 91.780822, "Shelter_Prop": 1.178782, "Health_Prop": 23.670320999999998, "Education_Prop": 9.221902, "Work_Prop": 43.463381, "Peace_Prop": 26.719057, "Participation_Prop": 93.393889, "SocialProtection_Prop": 99.54583000000001, "Environment_Prop": 2.007948, "shelter_electricity": 47.74066798, "health_center_attendance": 23.67032075, "work_farms": 54.11622276, "work_unskilled": 22.39709443, "health_programs": 34.97053045, "sp_philhealth": 34.97053045, "water_toilet": 4.911591356000001, "shelter_makeshift_nhts": 0.196463654, "food_malnourished": "", "health_child_death": "", "health_maternal_death": "", "he_flood": 0.0, "he_volcano": 0.0, "he_landslide": 0.000792, "he_earthquake": 0.0}, "PH054120002": {"Water_Prop": 13.423831, "Food_Prop": 78.165939, "Shelter_Prop": 0.45248900000000003, "Health_Prop": 15.29052, "Education_Prop": 5.720572, "Work_Prop": 42.663996000000004, "Peace_Prop": 40.422323, "Participation_Prop": 93.08437099999999, "SocialProtection_Prop": 99.280775, "Environment_Prop": 9.627372, "shelter_electricity": 26.39517345, "health_center_attendance": 15.29051988, "work_farms": 27.94759825, "work_unskilled": 22.358078600000002, "health_programs": 47.05882353, "sp_philhealth": 47.05882353, "water_toilet": 14.47963801, "shelter_makeshift_nhts": 0.904977376, "food_malnourished": "", "health_child_death": "", "health_maternal_death": "", "he_flood": 0.0, "he_volcano": 0.0, "he_landslide": 0.000792, "he_earthquake": 0.0}, "PH054120003": {"Water_Prop": 78.82352900000001, "Food_Prop": 83.333333, "Shelter_Prop": 2.1176470000000003, "Health_Prop": 29.751647, "Education_Prop": 10.794297, "Work_Prop": 43.276284000000004, "Peace_Prop": 31.529412, "Participation_Prop": 95.426516, "SocialProtection_Prop": 99.5889, "Environment_Prop": 1.4205729999999999, "shelter_electricity": 46.11764706, "health_center_attendance": 29.75164724, "work_farms": 55.890804599999996, "work_unskilled": 20.83333333, "health_programs": 42.11764706, "sp_philhealth": 42.11764706, "water_toilet": 32.70588235, "shelter_makeshift_nhts": 2.588235294, "food_malnourished": "", "health_child_death": "", "health_maternal_death": "", "he_flood": 0.0, "he_volcano": 0.0, "he_landslide": 0.0, "he_earthquake": 0.0}, "PH054120004": {"Water_Prop": 11.2, "Food_Prop": 66.666667, "Shelter_Prop": 1.8666669999999999, "Health_Prop": 87.781856, "Education_Prop": 8.571429, "Work_Prop": 49.527085, "Peace_Prop": 30.133333, "Participation_Prop": "", "SocialProtection_Prop": 99.827189, "Environment_Prop": 1.71617, "shelter_electricity": 40.26666667, "health_center_attendance": 87.78185632, "work_farms": 55.36626917, "work_unskilled": 17.71720613, "health_programs": 49.86666667, "sp_philhealth": 49.86666667, "water_toilet": 7.2, "shelter_makeshift_nhts": 1.733333333, "food_malnourished": "", "health_child_death": "", "health_maternal_death": "", "he_flood": 0.0, "he_volcano": 0.0, "he_landslide": 0.000792, "he_earthquake": 0.0}, "PH054120005": {"Water_Prop": 19.188192, "Food_Prop": 94.017094, "Shelter_Prop": 1.4760149999999999, "Health_Prop": 87.829912, "Education_Prop": 14.322917000000002, "Work_Prop": 52.933673, "Peace_Prop": 27.675277, "Participation_Prop": "", "SocialProtection_Prop": 99.860238, "Environment_Prop": 1.4471370000000001, "shelter_electricity": 57.19557196, "health_center_attendance": 87.82991202, "work_farms": 64.76964770000001, "work_unskilled": 12.19512195, "health_programs": 48.33948339, "sp_philhealth": 48.33948339, "water_toilet": 18.08118081, "shelter_makeshift_nhts": 0.553505535, "food_malnourished": "", "health_child_death": "", "health_maternal_death": "", "he_flood": 0.0, "he_volcano": 0.0, "he_landslide": 0.001584, "he_earthquake": 0.0}, "PH054120006": {"Water_Prop": 84.38095200000001, "Food_Prop": 0.0, "Shelter_Prop": 0.571429, "Health_Prop": 52.551019999999994, "Education_Prop": 7.053942, "Work_Prop": 46.138071999999994, "Peace_Prop": 29.904761999999998, "Participation_Prop": 95.840407, "SocialProtection_Prop": 99.448217, "Environment_Prop": 1.182377, "shelter_electricity": 44.38095238, "health_center_attendance": 52.55102041, "work_farms": 67.89340102, "work_unskilled": 14.59390863, "health_programs": 32.57142857, "sp_philhealth": 32.57142857, "water_toilet": 32.76190476, "shelter_makeshift_nhts": 2.761904762, "food_malnourished": "", "health_child_death": "", "health_maternal_death": "", "he_flood": 0.0, "he_volcano": 0.0, "he_landslide": 0.0, "he_earthquake": 0.0}, "PH054120007": {"Water_Prop": 47.959184, "Food_Prop": 95.967742, "Shelter_Prop": 7.653061, "Health_Prop": 25.443170000000002, "Education_Prop": 8.571429, "Work_Prop": 36.130137, "Peace_Prop": 23.979592, "Participation_Prop": "", "SocialProtection_Prop": 99.62546800000001, "Environment_Prop": 0.581716, "shelter_electricity": 58.16326531, "health_center_attendance": 25.44316997, "work_farms": 57.90884719, "work_unskilled": 18.76675603, "health_programs": 36.73469388, "sp_philhealth": 36.73469388, "water_toilet": 13.26530612, "shelter_makeshift_nhts": 0.765306122, "food_malnourished": "", "health_child_death": "", "health_maternal_death": "", "he_flood": 0.0, "he_volcano": 0.0, "he_landslide": 0.000792, "he_earthquake": 0.0}, "PH054120008": {"Water_Prop": 63.896848, "Food_Prop": 90.909091, "Shelter_Prop": 0.573066, "Health_Prop": 4.120541, "Education_Prop": 8.893709, "Work_Prop": 31.380753000000002, "Peace_Prop": 40.687678999999996, "Participation_Prop": "", "SocialProtection_Prop": 99.822485, "Environment_Prop": 0.6141949999999999, "shelter_electricity": 55.58739255, "health_center_attendance": 4.120541205, "work_farms": 57.16463415, "work_unskilled": 20.27439024, "health_programs": 44.98567335, "sp_philhealth": 44.98567335, "water_toilet": 6.303724927999999, "shelter_makeshift_nhts": 0.143266476, "food_malnourished": "", "health_child_death": "", "health_maternal_death": "", "he_flood": 0.0, "he_volcano": 0.0, "he_landslide": 0.002639, "he_earthquake": 0.0}, "PH054120009": {"Water_Prop": 24.261603, "Food_Prop": 8.387097, "Shelter_Prop": 2.742616, "Health_Prop": 33.494559, "Education_Prop": 9.847434, "Work_Prop": 39.811701, "Peace_Prop": 35.654008000000005, "Participation_Prop": "", "SocialProtection_Prop": 99.621212, "Environment_Prop": 1.4566, "shelter_electricity": 33.5443038, "health_center_attendance": 33.49455865, "work_farms": 46.48044693, "work_unskilled": 32.29050279, "health_programs": 34.38818565, "sp_philhealth": 34.38818565, "water_toilet": 15.40084388, "shelter_makeshift_nhts": 2.4261603380000003, "food_malnourished": "", "health_child_death": "", "health_maternal_death": "", "he_flood": 0.0, "he_volcano": 0.0, "he_landslide": 0.001584, "he_earthquake": 0.0}, "PH054120010": {"Water_Prop": 27.363184000000004, "Food_Prop": 100.0, "Shelter_Prop": 0.248756, "Health_Prop": 1.7623360000000001, "Education_Prop": 5.902191999999999, "Work_Prop": 37.361702, "Peace_Prop": 63.432836, "Participation_Prop": "", "SocialProtection_Prop": 99.178347, "Environment_Prop": 0.899492, "shelter_electricity": 60.44776119, "health_center_attendance": 1.762336354, "work_farms": 56.657608700000004, "work_unskilled": 15.35326087, "health_programs": 45.52238806, "sp_philhealth": 45.52238806, "water_toilet": 8.208955224, "shelter_makeshift_nhts": 0.621890547, "food_malnourished": "", "health_child_death": "", "health_maternal_death": "", "he_flood": 0.0, "he_volcano": 0.0, "he_landslide": 0.002639, "he_earthquake": 0.0}, "PH054120011": {"Water_Prop": 30.701753999999998, "Food_Prop": 93.28621899999999, "Shelter_Prop": 0.584795, "Health_Prop": 45.964912, "Education_Prop": 6.626506, "Work_Prop": 45.635674, "Peace_Prop": 30.994152000000003, "Participation_Prop": "", "SocialProtection_Prop": 99.75654300000001, "Environment_Prop": 17.327817, "shelter_electricity": 45.61403509, "health_center_attendance": 45.96491228, "work_farms": 51.65794066, "work_unskilled": 24.2582897, "health_programs": 38.88888889, "sp_philhealth": 38.88888889, "water_toilet": 37.71929825,