{"PH051731001": {"water_access": 92.934783, "food_tenure": 0.0, "shelter_informal_settlers_nhts": 3.8043480000000005, "health_center_attendance": 41.561424, "educ_outofschool_all": 3.463203, "work_unemployment": 53.875236, "po_conflict": 38.586957, "participation_assembly_attendance": 82.147316, "sp_sss": 0.49937599999999804, "he_risk": 1.676606, "shelter_electricity": 32.06521739, "health_center_attendance.1": 41.56142365, "work_farms": 56.14754098, "work_unskilled": 19.26229508, "health_programs": 40.76086957, "sp_philhealth": 59.23913043, "water_toilet": 49.45652174, "shelter_makeshift_nhts": 0.0, "food_malnourished": "", "health_child_death": "", "health_maternal_death": "", "he_flood": 0.0, "he_volcano": 0.0, "he_landslide": 0.015888, "he_earthquake": 0.0, "name": "Aniog"}, "PH051731002": {"water_access": 53.614458, "food_tenure": 0.0, "shelter_informal_settlers_nhts": 1.204819, "health_center_attendance": 38.122827, "educ_outofschool_all": 7.142857000000001, "work_unemployment": 49.724771000000004, "po_conflict": 71.084337, "participation_assembly_attendance": 79.06040300000001, "sp_sss": 0.939596999999992, "he_risk": 0.310675, "shelter_electricity": 45.18072289, "health_center_attendance.1": 38.12282735, "work_farms": 48.90510949, "work_unskilled": 29.5620438, "health_programs": 24.09638554, "sp_philhealth": 75.90361446, "water_toilet": 3.012048193, "shelter_makeshift_nhts": 1.506024096, "food_malnourished": "", "health_child_death": "", "health_maternal_death": "", "he_flood": 0.0, "he_volcano": 0.0, "he_landslide": 0.0, "he_earthquake": 0.0, "name": "Atulayan"}, "PH051731003": {"water_access": 6.015038, "food_tenure": "", "shelter_informal_settlers_nhts": 11.654135, "health_center_attendance": 87.241625, "educ_outofschool_all": 9.366391, "work_unemployment": 47.533093, "po_conflict": 24.43609, "participation_assembly_attendance": 90.36729, "sp_sss": 0.4158000000000044, "he_risk": 9.883137, "shelter_electricity": 39.47368421, "health_center_attendance.1": 87.24162509, "work_farms": 43.57798165, "work_unskilled": 31.19266055, "health_programs": 35.71428571, "sp_philhealth": 64.28571429, "water_toilet": 6.390977444, "shelter_makeshift_nhts": 6.766917293, "food_malnourished": "", "health_child_death": "", "health_maternal_death": "", "he_flood": 0.0, "he_volcano": 0.0, "he_landslide": 0.015307, "he_earthquake": 0.0, "name": "Bongalon"}, "PH051731004": {"water_access": 41.314554, "food_tenure": 19.008264, "shelter_informal_settlers_nhts": 7.746478999999999, "health_center_attendance": 37.258427000000005, "educ_outofschool_all": 7.679466000000001, "work_unemployment": 49.579832, "po_conflict": 59.859155, "participation_assembly_attendance": 95.388824, "sp_sss": 0.7424780000000055, "he_risk": 1.835606, "shelter_electricity": 20.42253521, "health_center_attendance.1": 37.25842697, "work_farms": 52.42424242, "work_unskilled": 23.03030303, "health_programs": 53.28638498, "sp_philhealth": 46.71361502, "water_toilet": 27.69953052, "shelter_makeshift_nhts": 3.755868545, "food_malnourished": "", "health_child_death": "", "health_maternal_death": "", "he_flood": 0.0, "he_volcano": 0.0, "he_landslide": 0.001584, "he_earthquake": 0.0, "name": "Buracan"}, "PH051731005": {"water_access": 24.414716000000002, "food_tenure": "", "shelter_informal_settlers_nhts": 7.692308000000001, "health_center_attendance": 88.59146, "educ_outofschool_all": 3.631961, "work_unemployment": 52.8125, "po_conflict": 19.063545, "participation_assembly_attendance": 92.040134, "sp_sss": 0.33444799999999475, "he_risk": 0.884466, "shelter_electricity": 27.42474916, "health_center_attendance.1": 88.59145953, "work_farms": 31.56732892, "work_unskilled": 36.42384106, "health_programs": 32.44147157, "sp_philhealth": 67.55852843, "water_toilet": 18.39464883, "shelter_makeshift_nhts": 3.177257525, "food_malnourished": "", "health_child_death": "", "health_maternal_death": "", "he_flood": 0.0, "he_volcano": 0.0, "he_landslide": 0.001584, "he_earthquake": 0.0, "name": "Catalotoan"}, "PH051731006": {"water_access": 22.134387, "food_tenure": 22.680412, "shelter_informal_settlers_nhts": 1.9762849999999998, "health_center_attendance": 40.602115999999995, "educ_outofschool_all": 5.782312999999999, "work_unemployment": 52.168366999999996, "po_conflict": 23.320158, "participation_assembly_attendance": 88.42917299999999, "sp_sss": 1.542777000000001, "he_risk": 14.600646, "shelter_electricity": 18.18181818, "health_center_attendance.1": 40.60211554, "work_farms": 12.0, "work_unskilled": 41.33333333, "health_programs": 32.80632411, "sp_philhealth": 67.19367589000001, "water_toilet": 11.06719368, "shelter_makeshift_nhts": 1.383399209, "food_malnourished": "", "health_child_death": "", "health_maternal_death": "", "he_flood": 0.0, "he_volcano": 0.0, "he_landslide": 0.001584, "he_earthquake": 0.0, "name": "Del Carmen (Pob.)"}, "PH051731007": {"water_access": 14.825581, "food_tenure": 85.964912, "shelter_informal_settlers_nhts": 5.813953, "health_center_attendance": 55.27666899999999, "educ_outofschool_all": 6.9135800000000005, "work_unemployment": 48.684211, "po_conflict": 30.523256, "participation_assembly_attendance": 92.903607, "sp_sss": 1.3010050000000035, "he_risk": 0.606805, "shelter_electricity": 14.53488372, "health_center_attendance.1": 55.27666857, "work_farms": 34.98168498, "work_unskilled": 34.98168498, "health_programs": 27.3255814, "sp_philhealth": 72.6744186, "water_toilet": 11.62790698, "shelter_makeshift_nhts": 3.0523255810000003, "food_malnourished": "", "health_child_death": "", "health_maternal_death": "", "he_flood": 0.0, "he_volcano": 0.0, "he_landslide": 0.001584, "he_earthquake": 0.0, "name": "Kilantaao"}, "PH051731008": {"water_access": 58.675079000000004, "food_tenure": 38.596491, "shelter_informal_settlers_nhts": 1.26183, "health_center_attendance": 19.786808999999998, "educ_outofschool_all": 7.990315, "work_unemployment": 48.394768, "po_conflict": 59.30599399999999, "participation_assembly_attendance": 89.141235, "sp_sss": 0.28388900000000206, "he_risk": 1.966034, "shelter_electricity": 56.78233438, "health_center_attendance.1": 19.78680879, "work_farms": 50.46082949, "work_unskilled": 32.02764977, "health_programs": 21.451104100000002, "sp_philhealth": 78.54889589999999, "water_toilet": 5.6782334379999995, "shelter_makeshift_nhts": 4.731861199, "food_malnourished": "", "health_child_death": "", "health_maternal_death": "", "he_flood": 0.0, "he_volcano": 0.0, "he_landslide": 0.016205, "he_earthquake": 0.0, "name": "Kilomaon"}, "PH051731010": {"water_access": 26.086957, "food_tenure": 93.684211, "shelter_informal_settlers_nhts": 14.645309, "health_center_attendance": 95.029372, "educ_outofschool_all": 4.59364, "work_unemployment": 50.696992, "po_conflict": 25.858124, "participation_assembly_attendance": 93.245094, "sp_sss": 1.2323140000000024, "he_risk": 8.820969999999999, "shelter_electricity": 16.70480549, "health_center_attendance.1": 95.02937189, "work_farms": 25.0, "work_unskilled": 39.73214286, "health_programs": 55.37757437, "sp_philhealth": 44.62242563, "water_toilet": 3.4324942789999997, "shelter_makeshift_nhts": 2.631578947, "food_malnourished": "", "health_child_death": "", "health_maternal_death": "", "he_flood": 0.0, "he_volcano": 0.0, "he_landslide": 0.0, "he_earthquake": 0.0, "name": "Mabca"}, "PH051731011": {"water_access": 33.096927, "food_tenure": 85.80645200000001, "shelter_informal_settlers_nhts": 6.855792, "health_center_attendance": 39.971884, "educ_outofschool_all": 8.867925, "work_unemployment": 46.818539, "po_conflict": 57.919622, "participation_assembly_attendance": 93.12119799999999, "sp_sss": 0.6083289999999977, "he_risk": 0.98539, "shelter_electricity": 33.80614657, "health_center_attendance.1": 39.97188379, "work_farms": 48.30132939, "work_unskilled": 32.49630724, "health_programs": 34.98817967, "sp_philhealth": 65.01182033, "water_toilet": 7.56501182, "shelter_makeshift_nhts": 3.073286052, "food_malnourished": "", "health_child_death": "",