{"PH054119001": {"water_access": 67.56756800000001, "food_tenure": "", "shelter_informal_settlers_nhts": 1.351351, "health_center_attendance": 54.234528000000005, "educ_outofschool_all": 6.382979, "work_unemployment": 44.221106, "po_conflict": 38.513514, "participation_assembly_attendance": 88.57645, "sp_sss": 99.64850600000001, "he_risk": 0.971432, "shelter_electricity": 56.08108108, "health_center_attendance.1": 54.23452769, "work_farms": 60.81081081, "work_unskilled": 14.86486486, "health_programs": 39.18918919, "sp_philhealth": 39.18918919, "water_toilet": 47.97297297, "shelter_makeshift_nhts": 3.7162162160000003, "food_malnourished": "", "health_child_death": "", "health_maternal_death": "", "he_flood": 0.0, "he_volcano": 0.0, "he_landslide": 0.001584, "he_earthquake": 0.0, "name": "Almi\u00cc\u00b1e"}, "PH054119002": {"water_access": 18.110235999999997, "food_tenure": "", "shelter_informal_settlers_nhts": 0.0, "health_center_attendance": 48.57685, "educ_outofschool_all": 8.8, "work_unemployment": 48.611111, "po_conflict": 19.685039, "participation_assembly_attendance": 84.486373, "sp_sss": 99.790356, "he_risk": 1.619695, "shelter_electricity": 84.2519685, "health_center_attendance.1": 48.57685009, "work_farms": 51.35135135, "work_unskilled": 33.51351351, "health_programs": 44.88188976, "sp_philhealth": 44.88188976, "water_toilet": 30.70866142, "shelter_makeshift_nhts": 0.39370078700000005, "food_malnourished": "", "health_child_death": "", "health_maternal_death": "", "he_flood": 0.0, "he_volcano": 0.0, "he_landslide": 0.011085, "he_earthquake": 0.07142899999999999, "name": "Bagacay"}, "PH054119003": {"water_access": 41.307190000000006, "food_tenure": 92.51700699999999, "shelter_informal_settlers_nhts": 1.830065, "health_center_attendance": 30.037048, "educ_outofschool_all": 5.233853, "work_unemployment": 45.228403, "po_conflict": 24.052288, "participation_assembly_attendance": 98.280175, "sp_sss": 99.562226, "he_risk": 10.658481, "shelter_electricity": 41.56862745, "health_center_attendance.1": 30.03704759, "work_farms": 27.49793559, "work_unskilled": 42.44426094, "health_programs": 22.48366013, "sp_philhealth": 22.48366013, "water_toilet": 11.37254902, "shelter_makeshift_nhts": 5.490196077999999, "food_malnourished": "", "health_child_death": "", "health_maternal_death": "", "he_flood": 0.0, "he_volcano": 0.0, "he_landslide": 0.001584, "he_earthquake": 0.0, "name": "Bagahanglad"}, "PH054119004": {"water_access": 81.016949, "food_tenure": 79.83193299999999, "shelter_informal_settlers_nhts": 0.677966, "health_center_attendance": 16.422287, "educ_outofschool_all": 7.8590789999999995, "work_unemployment": 45.053635, "po_conflict": 26.101695, "participation_assembly_attendance": 97.431782, "sp_sss": 99.518459, "he_risk": 1.030175, "shelter_electricity": 78.98305085, "health_center_attendance.1": 16.42228739, "work_farms": 36.22559653, "work_unskilled": 49.02386117, "health_programs": 13.22033898, "sp_philhealth": 13.22033898, "water_toilet": 32.88135593, "shelter_makeshift_nhts": 5.762711864, "food_malnourished": "", "health_child_death": "", "health_maternal_death": "", "he_flood": 0.0, "he_volcano": 0.0, "he_landslide": 0.011085, "he_earthquake": 0.0, "name": "Bartolabac"}, "PH054119005": {"water_access": 65.072765, "food_tenure": 83.333333, "shelter_informal_settlers_nhts": 4.7817050000000005, "health_center_attendance": 55.689489, "educ_outofschool_all": 7.312614, "work_unemployment": 48.404255, "po_conflict": 23.076923, "participation_assembly_attendance": 97.070707, "sp_sss": 99.292929, "he_risk": 11.609608999999999, "shelter_electricity": 54.05405405, "health_center_attendance.1": 55.68948891, "work_farms": 39.02798233, "work_unskilled": 32.69513991, "health_programs": 39.501039500000005, "sp_philhealth": 39.501039500000005, "water_toilet": 44.07484407, "shelter_makeshift_nhts": 2.2869022869999998, "food_malnourished": "", "health_child_death": "", "health_maternal_death": "", "he_flood": 0.0, "he_volcano": 0.0, "he_landslide": 0.001584, "he_earthquake": 0.0, "name": "Burgos"}, "PH054119006": {"water_access": 31.991525, "food_tenure": 84.615385, "shelter_informal_settlers_nhts": 0.423729, "health_center_attendance": 30.765383, "educ_outofschool_all": 3.9024389999999998, "work_unemployment": 51.060717, "po_conflict": 15.677966, "participation_assembly_attendance": 97.237296, "sp_sss": 99.555994, "he_risk": 10.605781, "shelter_electricity": 39.83050847, "health_center_attendance.1": 30.76538269, "work_farms": 33.78176383, "work_unskilled": 27.80269058, "health_programs": 48.51694915, "sp_philhealth": 48.51694915, "water_toilet": 22.03389831, "shelter_makeshift_nhts": 0.423728814, "food_malnourished": "", "health_child_death": "", "health_maternal_death": "", "he_flood": 0.0, "he_volcano": 0.0, "he_landslide": 0.001584, "he_earthquake": 0.0, "name": "Calipat-An"}, "PH054119007": {"water_access": 53.516819999999996, "food_tenure": 77.297297, "shelter_informal_settlers_nhts": 1.529052, "health_center_attendance": 72.34042600000001, "educ_outofschool_all": 5.809129, "work_unemployment": 49.437052, "po_conflict": 53.822630000000004, "participation_assembly_attendance": 95.85284300000001, "sp_sss": 99.73244100000001, "he_risk": 1.176894, "shelter_electricity": 70.03058104, "health_center_attendance.1": 72.34042553, "work_farms": 59.71659919, "work_unskilled": 19.23076923, "health_programs": 29.66360856, "sp_philhealth": 29.66360856, "water_toilet": 61.16207951, "shelter_makeshift_nhts": 1.5290519880000002, "food_malnourished": "", "health_child_death": "", "health_maternal_death": "", "he_flood": 0.0, "he_volcano": 0.0, "he_landslide": 0.002639, "he_earthquake": 0.0, "name": "Danao"}, "PH054119008": {"water_access": 19.496855, "food_tenure": 93.333333, "shelter_informal_settlers_nhts": 0.0, "health_center_attendance": 65.09434, "educ_outofschool_all": 3.676471, "work_unemployment": 50.721154, "po_conflict": 10.691824, "participation_assembly_attendance": 85.85086, "sp_sss": 99.426386, "he_risk": 0.316126, "shelter_electricity": 35.8490566, "health_center_attendance.1": 65.09433962, "work_farms": 49.75609756, "work_unskilled": 19.51219512, "health_programs": 43.39622642, "sp_philhealth": 43.39622642, "water_toilet": 28.93081761, "shelter_makeshift_nhts": 3.459119497, "food_malnourished": "", "health_child_death": "", "health_maternal_death": "", "he_flood": 0.0, "he_volcano": 0.0, "he_landslide": 0.001584, "he_earthquake": 0.0, "name": "Dorong-an Daplian"}, "PH054119009": {"water_access": 39.303483, "food_tenure": 100.0, "shelter_informal_settlers_nhts": 1.492537, "health_center_attendance": 58.31134599999999, "educ_outofschool_all": 5.389222, "work_unemployment": 50.85389, "po_conflict": 35.323383, "participation_assembly_attendance": 89.804469, "sp_sss": 99.581006, "he_risk": 8.416678, "shelter_electricity": 44.27860697, "health_center_attendance.1": 58.31134565, "work_farms": 44.4015444, "work_unskilled": 27.02702703, "health_programs": 44.7761194, "sp_philhealth": 44.7761194, "water_toilet": 32.835820899999995, "shelter_makeshift_nhts": 3.482587065, "food_malnourished": "", "health_child_death": "", "health_maternal_death": "", "he_flood": 0.0, "he_volcano": 0.0, "he_landslide": 0.001584, "he_earthquake": 0.0, "name": "Interior"}, "PH054119010": {"water_access": 79.577465, "food_tenure": 95.035461, "shelter_informal_settlers_nhts": 5.6338029999999995, "health_center_attendance": 55.953306999999995, "educ_outofschool_all": 5.787781, "work_unemployment": 46.125, "po_conflict": 6.3380279999999996, "participation_assembly_attendance": 93.779528, "sp_sss": 99.84252, "he_risk": 2.001851, "shelter_electricity": 70.42253521, "health_center_attendance.1": 55.95330739, "work_farms": 63.10904872, "work_unskilled": 17.16937355, "health_programs": 41.90140845, "sp_philhealth": 41.90140845, "water_toilet": 57.3943662, "shelter_makeshift_nhts": 3.873239437, "food_malnourished": "", "health_child_death": "", "health_maternal_death": "", "he_flood": 0.0,