{"PH051704001": {"water_access": 8.196721, "food_tenure": 68.421053, "shelter_informal_settlers_nhts": 1.639344, "health_center_attendance": 31.504065, "educ_outofschool_all": 7.013300999999999, "work_unemployment": 47.045455, "po_conflict": 42.324888, "participation_assembly_attendance": "", "sp_sss": 1.612127000000001, "he_risk": 0.800054, "shelter_electricity": 11.17734724, "health_center_attendance.1": 31.50406504, "work_farms": 8.240343348, "work_unskilled": 58.45493562, "health_programs": 23.69597616, "sp_philhealth": 76.30402384, "water_toilet": 4.76900149, "shelter_makeshift_nhts": 2.384500745, "food_malnourished": 0.40000001, "health_child_death": "", "health_maternal_death": 0.0, "he_flood": 5e-06, "he_volcano": 0.0, "he_landslide": 0.0, "he_earthquake": 0.0, "name": "San Antonio"}, "PH051704002": {"water_access": 15.419501, "food_tenure": 84.615385, "shelter_informal_settlers_nhts": 0.45351499999999995, "health_center_attendance": 34.334764, "educ_outofschool_all": 4.30622, "work_unemployment": 45.616535999999996, "po_conflict": 41.723356, "participation_assembly_attendance": "", "sp_sss": 0.954860999999994, "he_risk": 1.7399, "shelter_electricity": 17.00680272, "health_center_attendance.1": 34.33476395, "work_farms": 24.639580600000002, "work_unskilled": 44.16775885, "health_programs": 21.99546485, "sp_philhealth": 78.00453515, "water_toilet": 5.215419501, "shelter_makeshift_nhts": 3.741496599, "food_malnourished": 5.0, "health_child_death": "", "health_maternal_death": 0.0, "he_flood": 8e-06, "he_volcano": 0.0, "he_landslide": 0.0, "he_earthquake": 0.0, "name": "San Francisco"}, "PH051704003": {"water_access": 0.921659, "food_tenure": 27.777778, "shelter_informal_settlers_nhts": 0.921659, "health_center_attendance": 33.513514, "educ_outofschool_all": 2.7397259999999997, "work_unemployment": 45.360825, "po_conflict": 19.815668, "participation_assembly_attendance": "", "sp_sss": 3.122497999999993, "he_risk": 0.9021520000000001, "shelter_electricity": 3.225806452, "health_center_attendance.1": 33.51351351, "work_farms": 9.669811321000001, "work_unskilled": 33.01886792, "health_programs": 18.43317972, "sp_philhealth": 81.56682028, "water_toilet": 0.460829493, "shelter_makeshift_nhts": 1.612903226, "food_malnourished": 13.4, "health_child_death": "", "health_maternal_death": 0.0, "he_flood": 1.4999999999999999e-05, "he_volcano": 0.0, "he_landslide": 0.0, "he_earthquake": 0.0, "name": "San Isidro (Pob.)"}, "PH051704004": {"water_access": 2.538071, "food_tenure": 78.94736800000001, "shelter_informal_settlers_nhts": 1.522843, "health_center_attendance": 43.589744, "educ_outofschool_all": 3.4042550000000005, "work_unemployment": 51.419558, "po_conflict": 29.441623999999997, "participation_assembly_attendance": "", "sp_sss": 2.421875, "he_risk": 0.978345, "shelter_electricity": 9.137055838, "health_center_attendance.1": 43.58974359, "work_farms": 5.519480519, "work_unskilled": 50.97402597, "health_programs": 32.99492386, "sp_philhealth": 67.00507614, "water_toilet": 2.538071066, "shelter_makeshift_nhts": 2.538071066, "food_malnourished": 0.0, "health_child_death": "", "health_maternal_death": 0.0, "he_flood": 2.7000000000000002e-05, "he_volcano": 0.0, "he_landslide": 0.0, "he_earthquake": 0.0, "name": "San Jose (Pob.)"}, "PH051704005": {"water_access": 7.142857000000001, "food_tenure": 28.571429, "shelter_informal_settlers_nhts": 1.020408, "health_center_attendance": 19.432314, "educ_outofschool_all": 3.9215690000000003, "work_unemployment": 38.157895, "po_conflict": 41.836735, "participation_assembly_attendance": "", "sp_sss": 1.4957260000000048, "he_risk": 0.666587, "shelter_electricity": 4.081632653, "health_center_attendance.1": 19.43231441, "work_farms": 8.510638298, "work_unskilled": 61.70212766, "health_programs": 13.26530612, "sp_philhealth": 86.73469388, "water_toilet": 4.081632653, "shelter_makeshift_nhts": 0.0, "food_malnourished": 1.8, "health_child_death": "", "health_maternal_death": 0.0, "he_flood": 2.5e-05, "he_volcano": 0.0, "he_landslide": 0.0, "he_earthquake": 0.0, "name": "Pagao (San Juan)"}, "PH051704006": {"water_access": 4.726368, "food_tenure": 13.333332999999998, "shelter_informal_settlers_nhts": 0.497512, "health_center_attendance": 27.469136, "educ_outofschool_all": 4.2696629999999995, "work_unemployment": 47.315175, "po_conflict": 46.0199, "participation_assembly_attendance": "", "sp_sss": 1.8383759999999967, "he_risk": 2.0540580000000004, "shelter_electricity": 6.2189054729999995, "health_center_attendance.1": 27.4691358, "work_farms": 4.579025111, "work_unskilled": 45.34711965, "health_programs": 15.42288557, "sp_philhealth": 84.57711443, "water_toilet": 2.985074627, "shelter_makeshift_nhts": 2.487562189, "food_malnourished": 4.099999899999999, "health_child_death": "", "health_maternal_death": 0.0, "he_flood": 7e-06, "he_volcano": 0.0, "he_landslide": 0.0, "he_earthquake": 0.0, "name": "San Roque (Pob.)"}, "PH051704007": {"water_access": 12.280702, "food_tenure": 85.0, "shelter_informal_settlers_nhts": 1.3157889999999999, "health_center_attendance": 28.773584999999997, "educ_outofschool_all": 4.150943, "work_unemployment": 41.735228, "po_conflict": 27.192982, "participation_assembly_attendance": "", "sp_sss": 1.1545290000000108, "he_risk": 1.466524, "shelter_electricity": 17.98245614, "health_center_attendance.1": 28.77358491, "work_farms": 24.90372272, "work_unskilled": 47.49679076, "health_programs": 17.324561399999997, "sp_philhealth": 82.6754386, "water_toilet": 7.236842105, "shelter_makeshift_nhts": 2.1929824559999997, "food_malnourished": 0.89999998, "health_child_death": "", "health_maternal_death": 0.0, "he_flood": 2e-06, "he_volcano": 0.0, "he_landslide": 0.001584, "he_earthquake": 0.0, "name": "Siembre"}, "PH051704008": {"water_access": 5.759162, "food_tenure": 83.333333, "shelter_informal_settlers_nhts": 2.3560209999999997, "health_center_attendance": 39.537174, "educ_outofschool_all": 4.7619050000000005, "work_unemployment": 45.707471999999996, "po_conflict": 35.602094, "participation_assembly_attendance": "", "sp_sss": 1.6879559999999998, "he_risk": 1.277008, "shelter_electricity": 13.61256545, "health_center_attendance.1": 39.53717381, "work_farms": 5.856515373, "work_unskilled": 56.51537335, "health_programs": 35.34031414, "sp_philhealth": 64.65968586, "water_toilet": 7.068062827, "shelter_makeshift_nhts": 0.392670157, "food_malnourished": 4.8000002, "health_child_death": "", "health_maternal_death": 0.0, "he_flood": 1.6e-05, "he_volcano": 0.0, "he_landslide": 0.0, "he_earthquake": 0.0, "name": "Santo Domingo"}}