{"PH051720001": {"water_access": 15.740741, "food_tenure": 91.489362, "shelter_informal_settlers_nhts": 1.851852, "health_center_attendance": 42.328041999999996, "educ_outofschool_all": 8.450704, "work_unemployment": 40.668524, "po_conflict": 46.296296000000005, "participation_assembly_attendance": "", "sp_sss": 1.358233999999996, "he_risk": 0.38706199999999996, "shelter_electricity": 9.259259259, "health_center_attendance.1": 42.32804233, "work_farms": 15.49295775, "work_unskilled": 46.47887324, "health_programs": 17.59259259, "sp_philhealth": 82.40740741, "water_toilet": 5.555555556, "shelter_makeshift_nhts": 0.0, "food_malnourished": "", "health_child_death": "", "health_maternal_death": "", "he_flood": 4e-06, "he_volcano": 0.0, "he_landslide": 0.0, "he_earthquake": 0.0, "name": "Barobaybay"}, "PH051720002": {"water_access": 2.112676, "food_tenure": 82.352941, "shelter_informal_settlers_nhts": 0.704225, "health_center_attendance": 32.36246, "educ_outofschool_all": 5.4108220000000005, "work_unemployment": 43.233358, "po_conflict": 31.924883, "participation_assembly_attendance": "", "sp_sss": 2.1043400000000076, "he_risk": 1.570383, "shelter_electricity": 7.5117370889999995, "health_center_attendance.1": 32.36245955, "work_farms": 10.56701031, "work_unskilled": 34.27835052, "health_programs": 16.66666667, "sp_philhealth": 83.33333333, "water_toilet": 2.816901408, "shelter_makeshift_nhts": 1.9953051640000001, "food_malnourished": "", "health_child_death": "", "health_maternal_death": "", "he_flood": 7e-06, "he_volcano": 0.0, "he_landslide": 0.0, "he_earthquake": 0.0, "name": "Bell (Pob.)"}, "PH051720003": {"water_access": 16.820988, "food_tenure": 98.0, "shelter_informal_settlers_nhts": 2.160494, "health_center_attendance": 26.026201, "educ_outofschool_all": 8.074534, "work_unemployment": 43.854749, "po_conflict": 24.228395000000003, "participation_assembly_attendance": "", "sp_sss": 1.5184380000000033, "he_risk": 2.688739, "shelter_electricity": 16.35802469, "health_center_attendance.1": 26.02620087, "work_farms": 16.16915423, "work_unskilled": 41.45936982, "health_programs": 21.75925926, "sp_philhealth": 78.24074074, "water_toilet": 8.641975309, "shelter_makeshift_nhts": 1.00308642, "food_malnourished": "", "health_child_death": "", "health_maternal_death": "", "he_flood": 1e-06, "he_volcano": 0.0, "he_landslide": 0.001584, "he_earthquake": 0.0, "name": "Carangcang"}, "PH051720004": {"water_access": 18.181818, "food_tenure": 0.0, "shelter_informal_settlers_nhts": 0.0, "health_center_attendance": 23.423423, "educ_outofschool_all": 6.557377000000001, "work_unemployment": 28.275862, "po_conflict": 90.909091, "participation_assembly_attendance": "", "sp_sss": 1.1299439999999947, "he_risk": 0.856419, "shelter_electricity": 20.45454545, "health_center_attendance.1": 23.42342342, "work_farms": 23.07692308, "work_unskilled": 54.80769231, "health_programs": 4.545454545, "sp_philhealth": 95.454545455, "water_toilet": 20.45454545, "shelter_makeshift_nhts": 0.0, "food_malnourished": "", "health_child_death": "", "health_maternal_death": "", "he_flood": 8e-06, "he_volcano": 0.0, "he_landslide": 0.0, "he_earthquake": 0.0, "name": "Carigsa"}, "PH051720005": {"water_access": 58.26087, "food_tenure": 30.769231, "shelter_informal_settlers_nhts": 0.8695649999999999, "health_center_attendance": 42.926045, "educ_outofschool_all": 4.316547, "work_unemployment": 43.606138, "po_conflict": 40.434783, "participation_assembly_attendance": "", "sp_sss": 3.372834999999995, "he_risk": 0.76748, "shelter_electricity": 16.52173913, "health_center_attendance.1": 42.92604502, "work_farms": 12.92517007, "work_unskilled": 50.34013605, "health_programs": 12.60869565, "sp_philhealth": 87.39130435, "water_toilet": 8.260869565, "shelter_makeshift_nhts": 1.956521739, "food_malnourished": "", "health_child_death": "", "health_maternal_death": "", "he_flood": 2e-06, "he_volcano": 0.0, "he_landslide": 0.0, "he_earthquake": 0.0, "name": "Casuray"}, "PH051720006": {"water_access": 2.189781, "food_tenure": 100.0, "shelter_informal_settlers_nhts": 0.729927, "health_center_attendance": 35.185185, "educ_outofschool_all": 2.73224, "work_unemployment": 45.69055, "po_conflict": 23.722628, "participation_assembly_attendance": 97.111913, "sp_sss": 2.815883999999997, "he_risk": 4.855613, "shelter_electricity": 8.394160584, "health_center_attendance.1": 35.18518519, "work_farms": 9.177820268, "work_unskilled": 29.2543021, "health_programs": 20.80291971, "sp_philhealth": 79.19708029, "water_toilet": 7.664233577, "shelter_makeshift_nhts": 0.547445255, "food_malnourished": "", "health_child_death": "", "health_maternal_death": "", "he_flood": 2.1e-05, "he_volcano": 0.0, "he_landslide": 0.0, "he_earthquake": 0.0, "name": "Monserrat (Pob.)"}, "PH051720007": {"water_access": 57.19298199999999, "food_tenure": 75.609756, "shelter_informal_settlers_nhts": 0.350877, "health_center_attendance": 47.011952, "educ_outofschool_all": 5.167959, "work_unemployment": 38.622129, "po_conflict": 54.385965, "participation_assembly_attendance": 91.18541, "sp_sss": 0.9118540000000053, "he_risk": 0.389021, "shelter_electricity": 22.45614035, "health_center_attendance.1": 47.01195219, "work_farms": 15.6462585, "work_unskilled": 48.129251700000005, "health_programs": 16.14035088, "sp_philhealth": 83.85964912, "water_toilet": 14.03508772, "shelter_makeshift_nhts": 2.98245614, "food_malnourished": "", "health_child_death": "", "health_maternal_death": "", "he_flood": 1e-06, "he_volcano": 0.0, "he_landslide": 0.0, "he_earthquake": 0.0, "name": "Ponong"}, "PH051720008": {"water_access": 0.404858, "food_tenure": 66.666667, "shelter_informal_settlers_nhts": 1.214575, "health_center_attendance": 37.21519, "educ_outofschool_all": 4.743083, "work_unemployment": 44.945189, "po_conflict": 32.388664, "participation_assembly_attendance": "", "sp_sss": 2.7068829999999906, "he_risk": 5.092524, "shelter_electricity": 4.858299595, "health_center_attendance.1": 37.21518987, "work_farms": 1.991150442, "work_unskilled": 33.18584071, "health_programs": 25.50607287, "sp_philhealth": 74.49392713, "water_toilet": 3.238866397, "shelter_makeshift_nhts": 1.417004049, "food_malnourished": "", "health_child_death": "", "health_maternal_death": "", "he_flood": 1.9e-05, "he_volcano": 0.0, "he_landslide": 0.0, "he_earthquake": 0.0, "name": "San Francisco (Pob.)"}, "PH051720009": {"water_access": 5.181347, "food_tenure": 13.402061999999999, "shelter_informal_settlers_nhts": 2.072539, "health_center_attendance": 52.62894300000001, "educ_outofschool_all": 4.471545, "work_unemployment": 51.056911, "po_conflict": 26.943005, "participation_assembly_attendance": 95.90625, "sp_sss": 2.03125, "he_risk": 6.3787139999999996, "shelter_electricity": 15.80310881, "health_center_attendance.1": 52.62894342, "work_farms": 4.485049834, "work_unskilled": 55.64784053, "health_programs": 38.08290155, "sp_philhealth": 61.91709845, "water_toilet": 14.50777202, "shelter_makeshift_nhts": 0.777202073, "food_malnourished": "", "health_child_death": "", "health_maternal_death": "", "he_flood": 8e-06, "he_volcano": 0.0, "he_landslide": 0.0, "he_earthquake": 0.0, "name": "San Isidro (Pob.)"}, "PH051720010": {"water_access": 5.3333330000000005, "food_tenure": 16.666667, "shelter_informal_settlers_nhts": 0.8888889999999999, "health_center_attendance": 35.413153, "educ_outofschool_all": 5.363985, "work_unemployment": 44.332494, "po_conflict": 24.444444, "participation_assembly_attendance": 95.911111, "sp_sss": 2.4888890000000004, "he_risk": 4.136632, "shelter_electricity": 11.55555556, "health_center_attendance.1": 35.41315346, "work_farms": 14.25339367, "work_unskilled": 22.62443439, "health_programs": 28.44444444, "sp_philhealth": 71.55555556, "water_toilet": 8.0, "shelter_makeshift_nhts": 0.666666667, "food_malnourished": "", "health_child_death": "", "health_maternal_death": "", "he_flood": 2.6000000000000002e-05, "he_volcano": 0.0, "he_landslide": 0.0, "he_earthquake": 0.0,