{"PH054115001": {"Water_Prop": 89.403974, "Food_Prop": 88.60759499999999, "Shelter_Prop": 7.284768, "Health_Prop": 23.216995, "Education_Prop": 4.7619050000000005, "Work_Prop": 43.341404, "Peace_Prop": 42.384106, "Participation_Prop": 88.679245, "SocialProtection_Prop": 99.854862, "Environment_Prop": 0.8503940000000001, "shelter_electricity": 67.54966887, "health_center_attendance": 23.21699545, "work_farms": 32.90598291, "work_unskilled": 46.58119658, "health_programs": 31.78807947, "sp_philhealth": 31.78807947, "water_toilet": 42.38410596, "shelter_makeshift_nhts": 0.993377483, "food_malnourished": "", "health_child_death": "", "health_maternal_death": "", "he_flood": 0.0, "he_volcano": 0.0, "he_landslide": 0.0, "he_earthquake": 0.0, "name": "Antipolo"}, "PH054115003": {"Water_Prop": 90.972222, "Food_Prop": 7.272727000000001, "Shelter_Prop": 0.0, "Health_Prop": 14.102564000000001, "Education_Prop": 8.938547, "Work_Prop": 42.699115, "Peace_Prop": 58.333332999999996, "Participation_Prop": 86.039454, "SocialProtection_Prop": 99.69651, "Environment_Prop": 0.013433, "shelter_electricity": 82.63888889, "health_center_attendance": 14.1025641, "work_farms": 40.54054054, "work_unskilled": 34.74903475, "health_programs": 19.44444444, "sp_philhealth": 19.44444444, "water_toilet": 50.69444444, "shelter_makeshift_nhts": 6.944444444, "food_malnourished": "", "health_child_death": "", "health_maternal_death": "", "he_flood": 0.0, "he_volcano": 0.0, "he_landslide": 0.000528, "he_earthquake": 0.0, "name": "Banco"}, "PH054115004": {"Water_Prop": 36.507937, "Food_Prop": 100.0, "Shelter_Prop": 1.587302, "Health_Prop": 23.597360000000002, "Education_Prop": 8.176101, "Work_Prop": 42.35589, "Peace_Prop": 13.492063, "Participation_Prop": 81.296296, "SocialProtection_Prop": 98.518519, "Environment_Prop": 0.8624280000000001, "shelter_electricity": 86.50793651, "health_center_attendance": 23.59735974, "work_farms": 20.43478261, "work_unskilled": 48.26086957, "health_programs": 32.53968254, "sp_philhealth": 32.53968254, "water_toilet": 14.28571429, "shelter_makeshift_nhts": 12.698412699999999, "food_malnourished": "", "health_child_death": "", "health_maternal_death": "", "he_flood": 0.0, "he_volcano": 0.0, "he_landslide": 0.000528, "he_earthquake": 0.0, "name": "Biga-a"}, "PH054115005": {"Water_Prop": 53.007518999999995, "Food_Prop": 68.421053, "Shelter_Prop": 7.142857000000001, "Health_Prop": 6.582078, "Education_Prop": 4.477612000000001, "Work_Prop": 45.747423, "Peace_Prop": 63.909774, "Participation_Prop": 93.517787, "SocialProtection_Prop": 99.604743, "Environment_Prop": 0.020887, "shelter_electricity": 34.58646617, "health_center_attendance": 6.582077716000001, "work_farms": 38.24228029, "work_unskilled": 38.00475059, "health_programs": 4.511278195, "sp_philhealth": 4.511278195, "water_toilet": 0.0, "shelter_makeshift_nhts": 0.0, "food_malnourished": "", "health_child_death": "", "health_maternal_death": "", "he_flood": 0.0, "he_volcano": 0.0, "he_landslide": 0.000528, "he_earthquake": 0.0, "name": "Bontod"}, "PH054115006": {"Water_Prop": 70.63492099999999, "Food_Prop": 59.15493000000001, "Shelter_Prop": 0.0, "Health_Prop": 8.682635000000001, "Education_Prop": 5.752212, "Work_Prop": 41.836735, "Peace_Prop": 16.666667, "Participation_Prop": 87.003058, "SocialProtection_Prop": 99.388379, "Environment_Prop": 0.575076, "shelter_electricity": 70.63492063, "health_center_attendance": 8.682634731, "work_farms": 37.71929825, "work_unskilled": 45.1754386, "health_programs": 23.01587302, "sp_philhealth": 23.01587302, "water_toilet": 58.73015873, "shelter_makeshift_nhts": 1.19047619, "food_malnourished": "", "health_child_death": "", "health_maternal_death": "", "he_flood": 0.0, "he_volcano": 0.0, "he_landslide": 0.000528, "he_earthquake": 0.0, "name": "Buenasuerte"}, "PH054115007": {"Water_Prop": 32.608696, "Food_Prop": 79.487179, "Shelter_Prop": 16.666667, "Health_Prop": 27.752640000000003, "Education_Prop": 6.532662999999999, "Work_Prop": 47.699758, "Peace_Prop": 52.898551, "Participation_Prop": 89.017341, "SocialProtection_Prop": 99.421965, "Environment_Prop": 16.727548000000002, "shelter_electricity": 68.11594203, "health_center_attendance": 27.75263952, "work_farms": 31.01851852, "work_unskilled": 39.35185185, "health_programs": 38.4057971, "sp_philhealth": 38.4057971, "water_toilet": 13.76811594, "shelter_makeshift_nhts": 0.0, "food_malnourished": "", "health_child_death": "", "health_maternal_death": "", "he_flood": 0.0, "he_volcano": 0.0, "he_landslide": 0.000528, "he_earthquake": 0.0, "name": "Intusan"}, "PH054115008": {"Water_Prop": 80.152672, "Food_Prop": 10.0, "Shelter_Prop": 18.320611, "Health_Prop": 14.992026000000001, "Education_Prop": 8.029197, "Work_Prop": 44.80198, "Peace_Prop": 20.610687, "Participation_Prop": 86.612903, "SocialProtection_Prop": 98.870968, "Environment_Prop": 17.005259, "shelter_electricity": 82.44274809, "health_center_attendance": 14.99202552, "work_farms": 39.01345291, "work_unskilled": 34.52914798, "health_programs": 38.93129771, "sp_philhealth": 38.93129771, "water_toilet": 22.90076336, "shelter_makeshift_nhts": 0.381679389, "food_malnourished": "", "health_child_death": "", "health_maternal_death": "", "he_flood": 0.0, "he_volcano": 0.0, "he_landslide": 0.000528, "he_earthquake": 0.0, "name": "Jose A. Abenir Sr. (Libtong)"}, "PH054115009": {"Water_Prop": 47.647059000000006, "Food_Prop": 73.333333, "Shelter_Prop": 5.294118, "Health_Prop": 10.963855, "Education_Prop": 5.62249, "Work_Prop": 41.532258, "Peace_Prop": 63.529412, "Participation_Prop": 87.714663, "SocialProtection_Prop": 99.471598, "Environment_Prop": 16.453242000000003, "shelter_electricity": 60.58823529, "health_center_attendance": 10.96385542, "work_farms": 32.75862069, "work_unskilled": 36.20689655, "health_programs": 7.058823529, "sp_philhealth": 7.058823529, "water_toilet": 2.352941176, "shelter_makeshift_nhts": 0.294117647, "food_malnourished": "", "health_child_death": "", "health_maternal_death": "", "he_flood": 0.0, "he_volcano": 0.0, "he_landslide": 0.000528, "he_earthquake": 0.0, "name": "Maanahao"}, "PH054115010": {"Water_Prop": 21.472393, "Food_Prop": 49.473684000000006, "Shelter_Prop": 4.907975, "Health_Prop": 13.170732000000001, "Education_Prop": 4.824561, "Work_Prop": 48.622046999999995, "Peace_Prop": 17.791411, "Participation_Prop": 86.133333, "SocialProtection_Prop": 99.6, "Environment_Prop": 0.58208, "shelter_electricity": 63.19018405, "health_center_attendance": 13.17073171, "work_farms": 18.00766284, "work_unskilled": 54.78927203, "health_programs": 28.220858899999996, "sp_philhealth": 28.220858899999996, "water_toilet": 17.17791411, "shelter_makeshift_nhts": 10.42944785, "food_malnourished": "", "health_child_death": "", "health_maternal_death": "", "he_flood": 0.0, "he_volcano": 0.0, "he_landslide": 0.000528, "he_earthquake": 0.0, "name": "Mabini"}, "PH054115011": {"Water_Prop": 33.458647, "Food_Prop": 48.351648, "Shelter_Prop": 9.774436, "Health_Prop": 14.475628, "Education_Prop": 4.320988, "Work_Prop": 47.697757, "Peace_Prop": 21.428570999999998, "Participation_Prop": 92.488263, "SocialProtection_Prop": 99.530516, "Environment_Prop": 17.013654000000002, "shelter_electricity": 38.34586466, "health_center_attendance": 14.47562777, "work_farms": 26.63656885, "work_unskilled": 45.14672686, "health_programs": 33.08270677, "sp_philhealth": 33.08270677, "water_toilet": 14.66165414, "shelter_makeshift_nhts": 2.067669173, "food_malnourished": "", "health_child_death": "", "health_maternal_death": "", "he_flood": 0.0, "he_volcano": 0.0, "he_landslide": 0.000528, "he_earthquake": 0.0, "name": "Malibas"}, "PH054115012": {"Water_Prop": 35.559921, "Food_Prop": 100.0, "Shelter_Prop": 5.697446, "Health_Prop": 17.816557999999997, "Education_Prop": 6.6439520000000005, "Work_Prop": 48.461538, "Peace_Prop": 21.021611, "Participation_Prop": 84.657534, "SocialProtection_Prop": 99.269406, "Environment_Prop": 35.32849, "shelter_electricity": 20.23575639,