{"PH051604001": {"water_access": 28.989362, "food_tenure": 40.740741, "shelter_informal_settlers_nhts": 1.0638299999999998, "health_center_attendance": 42.479436, "educ_outofschool_all": 3.283582, "work_unemployment": 48.829431, "po_conflict": 37.5, "participation_assembly_attendance": 91.42857099999999, "sp_sss": 2.1428569999999922, "he_risk": 0.699166, "shelter_electricity": 17.55319149, "health_center_attendance.1": 42.47943596, "work_farms": 25.65359477, "work_unskilled": 29.24836601, "health_programs": 28.45744681, "sp_philhealth": 71.54255319, "water_toilet": 4.255319149, "shelter_makeshift_nhts": 3.8563829789999997, "food_malnourished": 2.7, "health_child_death": 0.0, "health_maternal_death": 0.0, "he_flood": 0.0, "he_volcano": 0.0, "he_landslide": 0.001584, "he_earthquake": 0.0, "name": "Daculang Bolo"}, "PH051604002": {"water_access": 6.329114, "food_tenure": 57.894737, "shelter_informal_settlers_nhts": 0.421941, "health_center_attendance": 9.537572, "educ_outofschool_all": 1.731602, "work_unemployment": 41.925926000000004, "po_conflict": 26.582278000000002, "participation_assembly_attendance": 90.785645, "sp_sss": 1.454898, "he_risk": 0.421713, "shelter_electricity": 11.39240506, "health_center_attendance.1": 9.537572254, "work_farms": 26.02040816, "work_unskilled": 27.55102041, "health_programs": 12.23628692, "sp_philhealth": 87.76371308, "water_toilet": 2.109704641, "shelter_makeshift_nhts": 1.476793249, "food_malnourished": 1.3, "health_child_death": 0.0, "health_maternal_death": 0.0, "he_flood": 0.0, "he_volcano": 0.0, "he_landslide": 0.001584, "he_earthquake": 0.0, "name": "Dagotdotan"}, "PH051604003": {"water_access": 24.731182999999998, "food_tenure": 0.0, "shelter_informal_settlers_nhts": 3.225806, "health_center_attendance": 12.903226, "educ_outofschool_all": 3.8961040000000002, "work_unemployment": 39.574467999999996, "po_conflict": 31.182796000000003, "participation_assembly_attendance": 66.206897, "sp_sss": 0.6896550000000019, "he_risk": 0.6907310000000001, "shelter_electricity": 21.50537634, "health_center_attendance.1": 12.90322581, "work_farms": 44.36619718, "work_unskilled": 27.46478873, "health_programs": 9.677419355, "sp_philhealth": 90.322580645, "water_toilet": 10.75268817, "shelter_makeshift_nhts": 1.612903226, "food_malnourished": 0.0, "health_child_death": 0.0, "health_maternal_death": 33.3, "he_flood": 0.0, "he_volcano": 0.0, "he_landslide": 0.001584, "he_earthquake": 0.0, "name": "Langga"}, "PH051604004": {"water_access": 37.790698, "food_tenure": 88.888889, "shelter_informal_settlers_nhts": 1.162791, "health_center_attendance": 31.202046000000003, "educ_outofschool_all": 2.7624310000000003, "work_unemployment": 46.262626000000004, "po_conflict": 33.139534999999995, "participation_assembly_attendance": 86.184211, "sp_sss": 1.4473680000000115, "he_risk": 0.389793, "shelter_electricity": 20.34883721, "health_center_attendance.1": 31.20204604, "work_farms": 38.34586466, "work_unskilled": 18.42105263, "health_programs": 33.72093023, "sp_philhealth": 66.27906977, "water_toilet": 6.395348837, "shelter_makeshift_nhts": 2.325581395, "food_malnourished": 0.0, "health_child_death": 0.0, "health_maternal_death": 0.0, "he_flood": 0.0, "he_volcano": 0.0, "he_landslide": 0.0, "he_earthquake": 0.0, "name": "Laniton"}, "PH051604005": {"water_access": 28.571429, "food_tenure": 2.173913, "shelter_informal_settlers_nhts": 3.061224, "health_center_attendance": 19.269776999999998, "educ_outofschool_all": 2.777778, "work_unemployment": 44.642857, "po_conflict": 23.469388000000002, "participation_assembly_attendance": 81.740977, "sp_sss": 1.9108280000000093, "he_risk": 2.355665, "shelter_electricity": 29.59183673, "health_center_attendance.1": 19.26977688, "work_farms": 23.11827957, "work_unskilled": 41.93548387, "health_programs": 8.163265306, "sp_philhealth": 91.836734694, "water_toilet": 8.163265306, "shelter_makeshift_nhts": 1.020408163, "food_malnourished": 2.4, "health_child_death": 0.0, "health_maternal_death": 0.0, "he_flood": 0.0, "he_volcano": 0.0, "he_landslide": 0.016996999999999998, "he_earthquake": 0.0, "name": "Maisog"}, "PH051604006": {"water_access": 7.3684210000000006, "food_tenure": 32.0, "shelter_informal_settlers_nhts": 1.052632, "health_center_attendance": 10.025243, "educ_outofschool_all": 4.1666669999999995, "work_unemployment": 46.340121, "po_conflict": 19.122807, "participation_assembly_attendance": 94.96808100000001, "sp_sss": 1.1641010000000023, "he_risk": 0.625352, "shelter_electricity": 8.596491228, "health_center_attendance.1": 10.02524342, "work_farms": 16.1025641, "work_unskilled": 40.20512821, "health_programs": 14.38596491, "sp_philhealth": 85.61403509, "water_toilet": 3.157894737, "shelter_makeshift_nhts": 1.6666666669999999, "food_malnourished": 2.6, "health_child_death": 0.0, "health_maternal_death": 0.0, "he_flood": 0.0, "he_volcano": 0.0, "he_landslide": 0.001584, "he_earthquake": 0.0, "name": "Mampurog"}, "PH051604007": {"water_access": 51.968503999999996, "food_tenure": 0.0, "shelter_informal_settlers_nhts": 0.787402, "health_center_attendance": 15.698587, "educ_outofschool_all": 4.316547, "work_unemployment": 47.330096999999995, "po_conflict": 6.299213, "participation_assembly_attendance": 84.85316800000001, "sp_sss": 1.5455949999999916, "he_risk": 0.007405, "shelter_electricity": 18.8976378, "health_center_attendance.1": 15.69858713, "work_farms": 46.08294931, "work_unskilled": 22.11981567, "health_programs": 14.17322835, "sp_philhealth": 85.82677165, "water_toilet": 10.23622047, "shelter_makeshift_nhts": 1.968503937, "food_malnourished": 13.8, "health_child_death": 0.0, "health_maternal_death": 0.0, "he_flood": 0.0, "he_volcano": 0.0, "he_landslide": 0.0, "he_earthquake": 0.0, "name": "Manlimonsito"}, "PH051604008": {"water_access": 4.1666669999999995, "food_tenure": 73.584906, "shelter_informal_settlers_nhts": 0.43103400000000003, "health_center_attendance": 13.892994, "educ_outofschool_all": 5.541872, "work_unemployment": 44.086515999999996, "po_conflict": 9.195402, "participation_assembly_attendance": 94.630872, "sp_sss": 1.4496639999999985, "he_risk": 1.6707310000000002, "shelter_electricity": 9.195402299, "health_center_attendance.1": 13.89299438, "work_farms": 29.87654321, "work_unskilled": 30.94650206, "health_programs": 24.85632184, "sp_philhealth": 75.14367816000001, "water_toilet": 1.867816092, "shelter_makeshift_nhts": 2.083333333, "food_malnourished": 4.1, "health_child_death": 0.0, "health_maternal_death": 3.2, "he_flood": 0.0, "he_volcano": 0.0, "he_landslide": 0.015359999999999999, "he_earthquake": 0.0, "name": "Matacong (Pob.)"}, "PH051604009": {"water_access": 94.186047, "food_tenure": 50.0, "shelter_informal_settlers_nhts": 0.0, "health_center_attendance": 22.391304, "educ_outofschool_all": 4.3956040000000005, "work_unemployment": 43.421053, "po_conflict": 18.604651, "participation_assembly_attendance": 79.824561, "sp_sss": 1.5350880000000018, "he_risk": 0.011231, "shelter_electricity": 17.44186047, "health_center_attendance.1": 22.39130435, "work_farms": 34.30232558, "work_unskilled": 28.48837209, "health_programs": 20.93023256, "sp_philhealth": 79.06976743999999, "water_toilet": 13.95348837, "shelter_makeshift_nhts": 1.744186047, "food_malnourished": 0.0, "health_child_death": 0.0, "health_maternal_death": 0.0, "he_flood": 0.0, "he_volcano": 0.0, "he_landslide": 0.0, "he_earthquake": 0.0, "name": "Salvacion"}, "PH051604010": {"water_access": 75.961538, "food_tenure": 31.372549, "shelter_informal_settlers_nhts": 0.0, "health_center_attendance": 11.796733, "educ_outofschool_all": 7.189541999999999, "work_unemployment": 42.153846, "po_conflict": 28.846154, "participation_assembly_attendance": 77.941176, "sp_sss": 0.42016800000000387, "he_risk": 0.017477, "shelter_electricity": 12.5, "health_center_attendance.1": 11.79673321, "work_farms": 40.95744681, "work_unskilled": 26.59574468, "health_programs": 21.15384615, "sp_philhealth": 78.84615385000001,