{"PH052003001": {"Water_Prop": 0.0, "Food_Prop": 26.315789000000002, "Shelter_Prop": 4.347826, "Health_Prop": 65.258216, "Education_Prop": 5.882353, "Work_Prop": 44.666667, "Peace_Prop": 10.869565, "Participation_Prop": 82.587065, "SocialProtection_Prop": 98.507463, "Environment_Prop": 0.8787209999999999, "shelter_electricity": 10.86956522, "health_center_attendance": 65.25821596, "work_farms": 44.57831325, "work_unskilled": 16.86746988, "health_programs": 30.43478261, "sp_philhealth": 30.43478261, "water_toilet": 2.173913043, "shelter_makeshift_nhts": 0.0, "food_malnourished": 0.0, "health_child_death": "", "health_maternal_death": 0.0, "he_flood": 0.0, "he_volcano": 0.0, "he_landslide": 0.001056, "he_earthquake": 0.0}, "PH052003002": {"Water_Prop": 1.111111, "Food_Prop": 5.263158, "Shelter_Prop": 1.111111, "Health_Prop": 68.735084, "Education_Prop": 3.529412, "Work_Prop": 48.972603, "Peace_Prop": 0.0, "Participation_Prop": 90.37037, "SocialProtection_Prop": 98.518519, "Environment_Prop": 8.715424, "shelter_electricity": 21.11111111, "health_center_attendance": 68.73508353, "work_farms": 35.5704698, "work_unskilled": 21.47651007, "health_programs": 34.44444444, "sp_philhealth": 34.44444444, "water_toilet": 0.0, "shelter_makeshift_nhts": 2.777777778, "food_malnourished": 0.0, "health_child_death": "", "health_maternal_death": 0.0, "he_flood": 0.0, "he_volcano": 0.0, "he_landslide": 0.001056, "he_earthquake": 0.0}, "PH052003003": {"Water_Prop": 0.0, "Food_Prop": 85.714286, "Shelter_Prop": 1.4084510000000001, "Health_Prop": 69.265367, "Education_Prop": 1.6949150000000002, "Work_Prop": 51.046025, "Peace_Prop": 3.521127, "Participation_Prop": 92.46676500000001, "SocialProtection_Prop": 98.375185, "Environment_Prop": 2.01447, "shelter_electricity": 4.929577465, "health_center_attendance": 69.26536732, "work_farms": 10.68376068, "work_unskilled": 24.78632479, "health_programs": 34.50704225, "sp_philhealth": 34.50704225, "water_toilet": 0.0, "shelter_makeshift_nhts": 1.76056338, "food_malnourished": "", "health_child_death": "", "health_maternal_death": "", "he_flood": 0.0, "he_volcano": 0.0, "he_landslide": 0.000792, "he_earthquake": 0.0}, "PH052003004": {"Water_Prop": 7.641196000000001, "Food_Prop": 78.378378, "Shelter_Prop": 0.9966780000000001, "Health_Prop": 62.555626000000004, "Education_Prop": 5.523256, "Work_Prop": 46.718146999999995, "Peace_Prop": 7.3089699999999995, "Participation_Prop": 95.865633, "SocialProtection_Prop": 98.77261, "Environment_Prop": 1.148375, "shelter_electricity": 15.94684385, "health_center_attendance": 62.55562619, "work_farms": 24.0942029, "work_unskilled": 33.33333333, "health_programs": 36.5448505, "sp_philhealth": 36.5448505, "water_toilet": 9.634551495, "shelter_makeshift_nhts": 1.328903654, "food_malnourished": "", "health_child_death": "", "health_maternal_death": "", "he_flood": 0.0, "he_volcano": 0.0, "he_landslide": 0.000792, "he_earthquake": 0.0}, "PH052003005": {"Water_Prop": 7.520891000000001, "Food_Prop": 25.490195999999997, "Shelter_Prop": 1.392758, "Health_Prop": 61.15365, "Education_Prop": 10.683761, "Work_Prop": 47.279693, "Peace_Prop": 30.640669, "Participation_Prop": 88.71903, "SocialProtection_Prop": 98.313126, "Environment_Prop": 9.390652000000001, "shelter_electricity": 8.913649025, "health_center_attendance": 61.15364982, "work_farms": 23.54651163, "work_unskilled": 34.15697674, "health_programs": 18.94150418, "sp_philhealth": 18.94150418, "water_toilet": 23.67688022, "shelter_makeshift_nhts": 5.153203343, "food_malnourished": "", "health_child_death": "", "health_maternal_death": "", "he_flood": 0.0, "he_volcano": 0.0, "he_landslide": 0.003167, "he_earthquake": 0.0}, "PH052003006": {"Water_Prop": 7.329842999999999, "Food_Prop": 73.584906, "Shelter_Prop": 1.570681, "Health_Prop": 77.45605, "Education_Prop": 9.64467, "Work_Prop": 47.555556, "Peace_Prop": 4.188482, "Participation_Prop": 89.520426, "SocialProtection_Prop": 99.02309100000001, "Environment_Prop": 0.85488, "shelter_electricity": 12.56544503, "health_center_attendance": 77.45604964, "work_farms": 43.50282486, "work_unskilled": 20.62146893, "health_programs": 42.40837696, "sp_philhealth": 42.40837696, "water_toilet": 2.617801047, "shelter_makeshift_nhts": 1.047120419, "food_malnourished": "", "health_child_death": "", "health_maternal_death": "", "he_flood": 0.0, "he_volcano": 0.0, "he_landslide": 0.000264, "he_earthquake": 0.0}, "PH052003007": {"Water_Prop": 6.796117, "Food_Prop": 15.384615, "Shelter_Prop": 0.0, "Health_Prop": 31.546391999999997, "Education_Prop": 8.510638, "Work_Prop": 47.1875, "Peace_Prop": 16.504854, "Participation_Prop": 76.44341800000001, "SocialProtection_Prop": 99.076212, "Environment_Prop": 9.326419999999999, "shelter_electricity": 14.5631068, "health_center_attendance": 31.54639175, "work_farms": 42.603550299999995, "work_unskilled": 27.81065089, "health_programs": 16.50485437, "sp_philhealth": 16.50485437, "water_toilet": 1.9417475730000002, "shelter_makeshift_nhts": 2.427184466, "food_malnourished": "", "health_child_death": "", "health_maternal_death": "", "he_flood": 0.0, "he_volcano": 0.0, "he_landslide": 0.001056, "he_earthquake": 0.0}, "PH052003008": {"Water_Prop": 6.653992, "Food_Prop": 75.86206899999999, "Shelter_Prop": 0.95057, "Health_Prop": 67.135793, "Education_Prop": 5.1580699999999995, "Work_Prop": 48.737084, "Peace_Prop": 35.931559, "Participation_Prop": 76.155647, "SocialProtection_Prop": 98.858982, "Environment_Prop": 8.634288, "shelter_electricity": 8.174904943, "health_center_attendance": 67.13579308, "work_farms": 14.10974244, "work_unskilled": 34.49048152, "health_programs": 17.87072243, "sp_philhealth": 17.87072243, "water_toilet": 26.23574144, "shelter_makeshift_nhts": 3.992395437, "food_malnourished": "", "health_child_death": "", "health_maternal_death": "", "he_flood": 0.0, "he_volcano": 0.0, "he_landslide": 0.000264, "he_earthquake": 0.0}, "PH052003009": {"Water_Prop": 7.142857000000001, "Food_Prop": 87.5, "Shelter_Prop": 0.0, "Health_Prop": 31.187410999999997, "Education_Prop": 7.352941, "Work_Prop": 42.256637, "Peace_Prop": 19.480519, "Participation_Prop": 93.037975, "SocialProtection_Prop": 99.208861, "Environment_Prop": 1.46853, "shelter_electricity": 16.23376623, "health_center_attendance": 31.18741059, "work_farms": 49.42528736, "work_unskilled": 26.43678161, "health_programs": 7.792207792, "sp_philhealth": 7.792207792, "water_toilet": 0.649350649, "shelter_makeshift_nhts": 0.0, "food_malnourished": "", "health_child_death": "", "health_maternal_death": "", "he_flood": 0.0, "he_volcano": 0.0, "he_landslide": 0.00322, "he_earthquake": 0.0}, "PH052003010": {"Water_Prop": 10.714286, "Food_Prop": 63.235293999999996, "Shelter_Prop": 0.714286, "Health_Prop": 32.017544, "Education_Prop": 12.0, "Work_Prop": 41.91344, "Peace_Prop": 11.428571, "Participation_Prop": 88.290398, "SocialProtection_Prop": 99.29742399999999, "Environment_Prop": 1.4601979999999999, "shelter_electricity": 22.14285714, "health_center_attendance": 32.01754386, "work_farms": 57.25490196, "work_unskilled": 16.47058824, "health_programs": 13.57142857, "sp_philhealth": 13.57142857, "water_toilet": 0.0, "shelter_makeshift_nhts": 2.5, "food_malnourished": "", "health_child_death": "", "health_maternal_death": "", "he_flood": 0.0, "he_volcano": 0.0, "he_landslide": 0.002639, "he_earthquake": 0.0}, "PH052003011": {"Water_Prop": 2.024291, "Food_Prop": 50.0, "Shelter_Prop": 1.214575, "Health_Prop": 69.576491, "Education_Prop": 2.930403, "Work_Prop": 43.824701, "Peace_Prop": 44.129554999999996, "Participation_Prop": 94.807692, "SocialProtection_Prop": 98.269231, "Environment_Prop": 8.77927, "shelter_electricity": 10.12145749, "health_center_attendance": 69.57649092, "work_farms": 13.00236407, "work_unskilled": 24.11347518, "health_programs": 3.643724696, "sp_philhealth": 3.643724696, "water_toilet": 1.619433198, "shelter_makeshift_nhts": 1.417004049, "food_malnourished": "", "health_child_death": "", "health_maternal_death": "",