{"PH063032001": {"water_access": 57.268722, "food_tenure": 5.0, "shelter_informal_settlers_nhts": 3.744493, "health_center_attendance": 87.732919, "educ_outofschool_all": 5.080214, "work_unemployment": 50.700074, "po_conflict": 1.762115, "participation_assembly_attendance": "", "sp_sss": 97.856431, "he_risk": 8.517259, "shelter_electricity": 7.9295154189999995, "health_center_attendance.1": 87.73291925, "work_farms": 18.53512706, "work_unskilled": 26.00896861, "health_programs": 34.14096916, "sp_philhealth": 34.14096916, "water_toilet": 2.422907489, "shelter_makeshift_nhts": 0.660792952, "food_malnourished": "", "health_child_death": "", "health_maternal_death": "", "he_flood": 0.0, "he_volcano": 0.0, "he_landslide": 0.0, "he_earthquake": 0.0, "name": "Baclayan"}, "PH063032002": {"water_access": 29.878049, "food_tenure": 10.344828, "shelter_informal_settlers_nhts": 0.30487800000000004, "health_center_attendance": 67.9029, "educ_outofschool_all": 3.9877300000000004, "work_unemployment": 51.609658, "po_conflict": 0.9146340000000001, "participation_assembly_attendance": 91.95170999999999, "sp_sss": 98.054997, "he_risk": 0.12653699999999998, "shelter_electricity": 12.80487805, "health_center_attendance.1": 67.90289953, "work_farms": 34.3035343, "work_unskilled": 30.14553015, "health_programs": 39.32926829, "sp_philhealth": 39.32926829, "water_toilet": 2.43902439, "shelter_makeshift_nhts": 1.0670731709999999, "food_malnourished": "", "health_child_death": "", "health_maternal_death": "", "he_flood": 0.0, "he_volcano": 0.0, "he_landslide": 0.0, "he_earthquake": 0.0, "name": "Badiang"}, "PH063032003": {"water_access": 8.053691, "food_tenure": 0.0, "shelter_informal_settlers_nhts": 0.671141, "health_center_attendance": 79.623824, "educ_outofschool_all": 1.626016, "work_unemployment": 53.65296800000001, "po_conflict": 7.38255, "participation_assembly_attendance": "", "sp_sss": 96.825397, "he_risk": 8.505198, "shelter_electricity": 29.53020134, "health_center_attendance.1": 79.62382445, "work_farms": 11.8226601, "work_unskilled": 51.72413793, "health_programs": 28.18791946, "sp_philhealth": 28.18791946, "water_toilet": 1.342281879, "shelter_makeshift_nhts": 1.006711409, "food_malnourished": "", "health_child_death": "", "health_maternal_death": "", "he_flood": 0.0, "he_volcano": 0.0, "he_landslide": 0.0, "he_earthquake": 0.0, "name": "Balabag"}, "PH063032004": {"water_access": 16.180371, "food_tenure": 2.380952, "shelter_informal_settlers_nhts": 1.8567639999999999, "health_center_attendance": 86.53158499999999, "educ_outofschool_all": 2.915452, "work_unemployment": 50.604490999999996, "po_conflict": 1.32626, "participation_assembly_attendance": 89.328744, "sp_sss": 97.934596, "he_risk": 0.601941, "shelter_electricity": 11.14058355, "health_center_attendance.1": 86.53158522, "work_farms": 15.90909091, "work_unskilled": 32.69230769, "health_programs": 23.34217507, "sp_philhealth": 23.34217507, "water_toilet": 3.978779841, "shelter_makeshift_nhts": 0.39787798399999996, "food_malnourished": "", "health_child_death": "", "health_maternal_death": "", "he_flood": 0.0, "he_volcano": 0.0, "he_landslide": 0.0, "he_earthquake": 0.0, "name": "Bilidan"}, "PH063032005": {"water_access": 6.857142999999999, "food_tenure": 39.759036, "shelter_informal_settlers_nhts": 3.428571, "health_center_attendance": 86.269071, "educ_outofschool_all": 1.973684, "work_unemployment": 49.079755, "po_conflict": 2.285714, "participation_assembly_attendance": 94.622279, "sp_sss": 97.82330300000001, "he_risk": 0.394512, "shelter_electricity": 11.42857143, "health_center_attendance.1": 86.26907074, "work_farms": 15.6626506, "work_unskilled": 36.94779116, "health_programs": 14.85714286, "sp_philhealth": 14.85714286, "water_toilet": 0.0, "shelter_makeshift_nhts": 0.28571428600000004, "food_malnourished": "", "health_child_death": "", "health_maternal_death": "", "he_flood": 0.0, "he_volcano": 0.0, "he_landslide": 0.0, "he_earthquake": 0.0, "name": "Bita-og Gaja"}, "PH063032007": {"water_access": 7.256236, "food_tenure": 25.0, "shelter_informal_settlers_nhts": 0.680272, "health_center_attendance": 82.423581, "educ_outofschool_all": 4.213483, "work_unemployment": 51.07362, "po_conflict": 3.174603, "participation_assembly_attendance": 92.716942, "sp_sss": 98.450413, "he_risk": 0.143576, "shelter_electricity": 28.3446712, "health_center_attendance.1": 82.42358079, "work_farms": 6.739811912, "work_unskilled": 42.63322884, "health_programs": 14.51247166, "sp_philhealth": 14.51247166, "water_toilet": 1.5873015869999998, "shelter_makeshift_nhts": 1.927437642, "food_malnourished": "", "health_child_death": "", "health_maternal_death": "", "he_flood": 0.0, "he_volcano": 0.0, "he_landslide": 0.0, "he_earthquake": 0.0, "name": "Bololacao"}, "PH063032008": {"water_access": 19.753086, "food_tenure": 0.0, "shelter_informal_settlers_nhts": 7.407407000000001, "health_center_attendance": 43.103448, "educ_outofschool_all": 11.111111, "work_unemployment": 46.613546, "po_conflict": 2.469136, "participation_assembly_attendance": "", "sp_sss": 97.866667, "he_risk": 0.203152, "shelter_electricity": 8.641975309, "health_center_attendance.1": 43.10344828, "work_farms": 25.37313433, "work_unskilled": 19.40298507, "health_programs": 25.92592593, "sp_philhealth": 25.92592593, "water_toilet": 1.234567901, "shelter_makeshift_nhts": 2.469135802, "food_malnourished": "", "health_child_death": "", "health_maternal_death": "", "he_flood": 0.0, "he_volcano": 0.0, "he_landslide": 0.0, "he_earthquake": 0.0, "name": "Burot"}, "PH063032009": {"water_access": 13.317757, "food_tenure": 79.411765, "shelter_informal_settlers_nhts": 1.869159, "health_center_attendance": 82.265505, "educ_outofschool_all": 3.475936, "work_unemployment": 56.70103100000001, "po_conflict": 2.570093, "participation_assembly_attendance": "", "sp_sss": 97.949337, "he_risk": 8.710864, "shelter_electricity": 13.78504673, "health_center_attendance.1": 82.26550487, "work_farms": 10.37414966, "work_unskilled": 32.31292517, "health_programs": 29.6728972, "sp_philhealth": 29.6728972, "water_toilet": 2.102803738, "shelter_makeshift_nhts": 1.285046729, "food_malnourished": "", "health_child_death": "", "health_maternal_death": "", "he_flood": 0.0, "he_volcano": 0.0, "he_landslide": 0.0, "he_earthquake": 0.0, "name": "Cabilauan"}, "PH063032010": {"water_access": 39.361702, "food_tenure": "", "shelter_informal_settlers_nhts": 1.0638299999999998, "health_center_attendance": 51.449275, "educ_outofschool_all": 11.363636, "work_unemployment": 50.174215999999994, "po_conflict": 5.3191489999999995, "participation_assembly_attendance": "", "sp_sss": 97.69391999999999, "he_risk": 0.48513900000000004, "shelter_electricity": 8.510638298, "health_center_attendance.1": 51.44927536, "work_farms": 24.47552448, "work_unskilled": 21.67832168, "health_programs": 39.36170213, "sp_philhealth": 39.36170213, "water_toilet": 2.127659574, "shelter_makeshift_nhts": 0.531914894, "food_malnourished": "", "health_child_death": "", "health_maternal_death": "", "he_flood": 0.0, "he_volcano": 0.0, "he_landslide": 0.0, "he_earthquake": 0.0, "name": "Cabugao"}, "PH063032012": {"water_access": 38.738739, "food_tenure": 92.307692, "shelter_informal_settlers_nhts": 10.810811, "health_center_attendance": 88.235294, "educ_outofschool_all": 1.612903, "work_unemployment": 45.57377, "po_conflict": 5.405405, "participation_assembly_attendance": "", "sp_sss": 97.777778, "he_risk": 0.29698800000000003, "shelter_electricity": 19.81981982, "health_center_attendance.1": 88.23529412, "work_farms": 27.10843373, "work_unskilled": 32.53012048, "health_programs": 17.11711712, "sp_philhealth": 17.11711712, "water_toilet": 7.207207207000001, "shelter_makeshift_nhts": 0.0, "food_malnourished": "", "health_child_death": "", "health_maternal_death": "", "he_flood": 0.0, "he_volcano": 0.0, "he_landslide": 0.0, "he_earthquake": 0.0, "name": "Cagban"}, "PH063032013": {"water_access": 8.108108, "food_tenure": 100.0,