{"PH064513001": {"water_access": 34.545455, "food_tenure": 10.077519, "shelter_informal_settlers_nhts": 4.5454550000000005, "health_center_attendance": 76.424308, "educ_outofschool_all": 6.079404, "work_unemployment": 56.876734, "po_conflict": 0.0, "participation_assembly_attendance": 98.74129, "sp_sss": 97.61744200000001, "he_risk": 10.502104, "shelter_electricity": 15.45454545, "health_center_attendance.1": 76.42430819, "work_farms": 16.72794118, "work_unskilled": 39.98161765, "health_programs": 53.29545455, "sp_philhealth": 53.29545455, "water_toilet": 3.522727273, "shelter_makeshift_nhts": 6.818181817999999, "food_malnourished": "", "health_child_death": "", "health_maternal_death": "", "he_flood": "", "he_volcano": "", "he_landslide": "", "he_earthquake": "", "name": "Andulauan"}, "PH064513002": {"water_access": 73.362445, "food_tenure": 25.862069, "shelter_informal_settlers_nhts": 2.620087, "health_center_attendance": 41.648523, "educ_outofschool_all": 4.851751999999999, "work_unemployment": 47.170732, "po_conflict": 0.582242, "participation_assembly_attendance": 93.579767, "sp_sss": 98.57328100000001, "he_risk": 1.7212939999999999, "shelter_electricity": 44.54148472, "health_center_attendance.1": 41.64852255, "work_farms": 29.54755309, "work_unskilled": 53.37026777, "health_programs": 52.54730713, "sp_philhealth": 52.54730713, "water_toilet": 28.38427948, "shelter_makeshift_nhts": 8.442503639, "food_malnourished": "", "health_child_death": "", "health_maternal_death": "", "he_flood": "", "he_volcano": "", "he_landslide": "", "he_earthquake": "", "name": "Balicotoc"}, "PH064513004": {"water_access": 85.368803, "food_tenure": 0.0, "shelter_informal_settlers_nhts": 1.451028, "health_center_attendance": 37.800587, "educ_outofschool_all": 5.730658999999999, "work_unemployment": 47.159566, "po_conflict": 0.0, "participation_assembly_attendance": 91.55646, "sp_sss": 97.736521, "he_risk": 3.074192, "shelter_electricity": 3.9903264810000003, "health_center_attendance.1": 37.80058651, "work_farms": 35.41501976, "work_unskilled": 24.58498024, "health_programs": 64.81257557, "sp_philhealth": 64.81257557, "water_toilet": 3.627569528, "shelter_makeshift_nhts": 1.148730351, "food_malnourished": "", "health_child_death": "", "health_maternal_death": "", "he_flood": "", "he_volcano": "", "he_landslide": "", "he_earthquake": "", "name": "Bocana"}, "PH064513006": {"water_access": 76.459144, "food_tenure": 59.166667000000004, "shelter_informal_settlers_nhts": 1.361868, "health_center_attendance": 59.318735, "educ_outofschool_all": 3.002309, "work_unemployment": 52.050035, "po_conflict": 0.38910500000000003, "participation_assembly_attendance": 98.254038, "sp_sss": 97.992143, "he_risk": 0.666032, "shelter_electricity": 13.03501946, "health_center_attendance.1": 59.31873479, "work_farms": 16.52173913, "work_unskilled": 29.85507246, "health_programs": 41.24513619, "sp_philhealth": 41.24513619, "water_toilet": 8.754863813, "shelter_makeshift_nhts": 3.210116732, "food_malnourished": "", "health_child_death": "", "health_maternal_death": "", "he_flood": "", "he_volcano": "", "he_landslide": "", "he_earthquake": "", "name": "Calubang"}, "PH064513007": {"water_access": 83.039349, "food_tenure": 59.090908999999996, "shelter_informal_settlers_nhts": 0.542741, "health_center_attendance": 58.992154000000006, "educ_outofschool_all": 5.541872, "work_unemployment": 43.55069, "po_conflict": 0.9497959999999999, "participation_assembly_attendance": 97.67156899999999, "sp_sss": 98.590686, "he_risk": 0.306656, "shelter_electricity": 35.14246947, "health_center_attendance.1": 58.992154500000005, "work_farms": 25.63237774, "work_unskilled": 56.3237774, "health_programs": 53.05291723, "sp_philhealth": 53.05291723, "water_toilet": 34.46404342, "shelter_makeshift_nhts": 7.327001357, "food_malnourished": "", "health_child_death": "", "health_maternal_death": "", "he_flood": "", "he_volcano": "", "he_landslide": "", "he_earthquake": "", "name": "Canlamay"}, "PH064513008": {"water_access": 22.767857, "food_tenure": 96.42857099999999, "shelter_informal_settlers_nhts": 1.339286, "health_center_attendance": 25.325325, "educ_outofschool_all": 5.405405, "work_unemployment": 49.64539, "po_conflict": 1.785714, "participation_assembly_attendance": 93.289225, "sp_sss": 97.92060500000001, "he_risk": 9.19706, "shelter_electricity": 8.035714286000001, "health_center_attendance.1": 25.32532533, "work_farms": 17.18309859, "work_unskilled": 40.0, "health_programs": 48.66071429, "sp_philhealth": 48.66071429, "water_toilet": 7.589285714, "shelter_makeshift_nhts": 2.232142857, "food_malnourished": "", "health_child_death": "", "health_maternal_death": "", "he_flood": "", "he_volcano": "", "he_landslide": "", "he_earthquake": "", "name": "Consuelo"}, "PH064513009": {"water_access": 66.97877700000001, "food_tenure": 15.686275, "shelter_informal_settlers_nhts": 1.872659, "health_center_attendance": 56.766704000000004, "educ_outofschool_all": 11.005089, "work_unemployment": 44.944057, "po_conflict": 0.37453200000000003, "participation_assembly_attendance": 94.552877, "sp_sss": 98.08649100000001, "he_risk": 8.603026, "shelter_electricity": 32.52184769, "health_center_attendance.1": 56.76670442, "work_farms": 19.82361963, "work_unskilled": 41.60276074, "health_programs": 58.98876404, "sp_philhealth": 58.98876404, "water_toilet": 9.800249688, "shelter_makeshift_nhts": 9.300873908, "food_malnourished": "", "health_child_death": "", "health_maternal_death": "", "he_flood": "", "he_volcano": "", "he_landslide": "", "he_earthquake": "", "name": "Dancalan"}, "PH064513010": {"water_access": 44.210526, "food_tenure": 20.833333, "shelter_informal_settlers_nhts": 1.263158, "health_center_attendance": 41.794088, "educ_outofschool_all": 5.865922, "work_unemployment": 50.860289, "po_conflict": 0.0, "participation_assembly_attendance": 97.695262, "sp_sss": 98.079385, "he_risk": 9.196081, "shelter_electricity": 14.52631579, "health_center_attendance.1": 41.79408767, "work_farms": 19.18767507, "work_unskilled": 38.095238099999996, "health_programs": 54.52631579, "sp_philhealth": 54.52631579, "water_toilet": 13.26315789, "shelter_makeshift_nhts": 7.473684211, "food_malnourished": "", "health_child_death": "", "health_maternal_death": "", "he_flood": "", "he_volcano": "", "he_landslide": "", "he_earthquake": "", "name": "Delicioso"}, "PH064513011": {"water_access": 51.716961, "food_tenure": 12.941175999999999, "shelter_informal_settlers_nhts": 0.62435, "health_center_attendance": 17.948718, "educ_outofschool_all": 5.102041000000001, "work_unemployment": 45.46329, "po_conflict": 0.62435, "participation_assembly_attendance": 96.92578, "sp_sss": 98.814229, "he_risk": 8.403358, "shelter_electricity": 21.01977107, "health_center_attendance.1": 17.94871795, "work_farms": 31.09935332, "work_unskilled": 33.09817754, "health_programs": 41.72736733, "sp_philhealth": 41.72736733, "water_toilet": 5.411030177000001, "shelter_makeshift_nhts": 4.682622268, "food_malnourished": "", "health_child_death": "", "health_maternal_death": "", "he_flood": "", "he_volcano": "", "he_landslide": "", "he_earthquake": "", "name": "Galicia"}, "PH064513012": {"water_access": 36.624204, "food_tenure": 10.9375, "shelter_informal_settlers_nhts": 1.7515919999999998, "health_center_attendance": 35.357766, "educ_outofschool_all": 3.786575, "work_unemployment": 51.117734999999996, "po_conflict": 0.318471, "participation_assembly_attendance": 97.45824300000001, "sp_sss": 97.45824300000001, "he_risk": 10.814061, "shelter_electricity": 9.394904459, "health_center_attendance.1": 35.35776614, "work_farms": 28.45528455, "work_unskilled": 29.77642276, "health_programs": 49.04458599, "sp_philhealth": 49.04458599, "water_toilet": 4.777070064, "shelter_makeshift_nhts": 6.289808917, "food_malnourished": "", "health_child_death": "", "health_maternal_death": "", "he_flood": "", "he_volcano": "", "he_landslide": "", "he_earthquake": "", "name": "Manalad"},