{"PH060417001": {"Water_Prop": 3.90625, "Food_Prop": 29.62963, "Shelter_Prop": 1.041667, "Health_Prop": 64.196799, "Education_Prop": 2.459016, "Work_Prop": 50.838482, "Peace_Prop": 1.302083, "Participation_Prop": 88.895782, "SocialProtection_Prop": 98.82134, "Environment_Prop": 8.408052, "shelter_electricity": 10.15625, "health_center_attendance": 64.19679905, "work_farms": 25.31418312, "work_unskilled": 32.13644524, "health_programs": 13.54166667, "sp_philhealth": 13.54166667, "water_toilet": 3.125, "shelter_makeshift_nhts": 1.302083333, "food_malnourished": "", "health_child_death": "", "health_maternal_death": "", "he_flood": 0.0, "he_volcano": 0.0, "he_landslide": 0.0, "he_earthquake": 0.0, "name": "Afga"}, "PH060417002": {"Water_Prop": 2.333333, "Food_Prop": 18.84058, "Shelter_Prop": 0.0, "Health_Prop": 63.965268, "Education_Prop": 4.198473, "Work_Prop": 50.34965, "Peace_Prop": 0.666667, "Participation_Prop": 91.170946, "SocialProtection_Prop": 97.808391, "Environment_Prop": 24.282016, "shelter_electricity": 4.333333333, "health_center_attendance": 63.96526773, "work_farms": 22.73641851, "work_unskilled": 32.99798793, "health_programs": 16.66666667, "sp_philhealth": 16.66666667, "water_toilet": 0.333333333, "shelter_makeshift_nhts": 2.0, "food_malnourished": "", "health_child_death": "", "health_maternal_death": "", "he_flood": 0.0, "he_volcano": 0.0, "he_landslide": 0.0, "he_earthquake": 0.0, "name": "Baybay"}, "PH060417003": {"Water_Prop": 6.818182000000001, "Food_Prop": 16.666667, "Shelter_Prop": 0.454545, "Health_Prop": 61.50144399999999, "Education_Prop": 2.727273, "Work_Prop": 50.21398, "Peace_Prop": 0.909091, "Participation_Prop": 88.675624, "SocialProtection_Prop": 97.696737, "Environment_Prop": 0.049674, "shelter_electricity": 5.0, "health_center_attendance": 61.5014437, "work_farms": 20.34383954, "work_unskilled": 38.68194842, "health_programs": 13.18181818, "sp_philhealth": 13.18181818, "water_toilet": 0.9090909090000001, "shelter_makeshift_nhts": 1.363636364, "food_malnourished": "", "health_child_death": "", "health_maternal_death": "", "he_flood": 0.0, "he_volcano": 0.0, "he_landslide": 0.0, "he_earthquake": 0.0, "name": "Dapdap"}, "PH060417004": {"Water_Prop": 7.8341009999999995, "Food_Prop": 0.0, "Shelter_Prop": 1.843318, "Health_Prop": 55.309326, "Education_Prop": 3.688525, "Work_Prop": 44.866385, "Peace_Prop": 2.764977, "Participation_Prop": 88.230088, "SocialProtection_Prop": 97.522124, "Environment_Prop": 0.326971, "shelter_electricity": 9.216589862000001, "health_center_attendance": 55.30932595, "work_farms": 29.33673469, "work_unskilled": 24.74489796, "health_programs": 20.2764977, "sp_philhealth": 20.2764977, "water_toilet": 2.304147465, "shelter_makeshift_nhts": 2.534562212, "food_malnourished": "", "health_child_death": "", "health_maternal_death": "", "he_flood": 0.0, "he_volcano": 0.0, "he_landslide": 0.0, "he_earthquake": 0.0, "name": "Dumatad"}, "PH060417005": {"Water_Prop": 9.711286, "Food_Prop": 33.333333, "Shelter_Prop": 2.099738, "Health_Prop": 46.371398, "Education_Prop": 7.487922999999999, "Work_Prop": 48.665620000000004, "Peace_Prop": 1.8372700000000002, "Participation_Prop": 90.23051600000001, "SocialProtection_Prop": 97.694841, "Environment_Prop": 0.867923, "shelter_electricity": 5.249343832, "health_center_attendance": 46.37139808, "work_farms": 29.20489297, "work_unskilled": 21.86544343, "health_programs": 18.37270341, "sp_philhealth": 18.37270341, "water_toilet": 3.1496062989999998, "shelter_makeshift_nhts": 3.0183727030000003, "food_malnourished": "", "health_child_death": "", "health_maternal_death": "", "he_flood": 0.0, "he_volcano": 0.0, "he_landslide": 0.0, "he_earthquake": 0.0, "name": "Jawili"}, "PH060417006": {"Water_Prop": 65.0, "Food_Prop": 50.0, "Shelter_Prop": 0.0, "Health_Prop": 66.139241, "Education_Prop": 10.666667, "Work_Prop": 36.764706, "Peace_Prop": 1.25, "Participation_Prop": 90.30303, "SocialProtection_Prop": 98.181818, "Environment_Prop": 0.851699, "shelter_electricity": 8.75, "health_center_attendance": 66.13924051, "work_farms": 31.00775194, "work_unskilled": 22.48062016, "health_programs": 16.25, "sp_philhealth": 16.25, "water_toilet": 21.25, "shelter_makeshift_nhts": 1.25, "food_malnourished": "", "health_child_death": "", "health_maternal_death": "", "he_flood": 0.0, "he_volcano": 0.0, "he_landslide": 0.0, "he_earthquake": 0.0, "name": "Lanipga"}, "PH060417007": {"Water_Prop": 45.283019, "Food_Prop": 100.0, "Shelter_Prop": 0.0, "Health_Prop": 61.904762, "Education_Prop": 8.62069, "Work_Prop": 44.0, "Peace_Prop": 0.0, "Participation_Prop": 79.910714, "SocialProtection_Prop": 99.10714300000001, "Environment_Prop": 0.8604459999999999, "shelter_electricity": 13.20754717, "health_center_attendance": 61.9047619, "work_farms": 25.89285714, "work_unskilled": 22.32142857, "health_programs": 9.433962264, "sp_philhealth": 9.433962264, "water_toilet": 43.39622642, "shelter_makeshift_nhts": 3.7735849060000004, "food_malnourished": "", "health_child_death": "", "health_maternal_death": "", "he_flood": 0.0, "he_volcano": 0.0, "he_landslide": 0.000528, "he_earthquake": 0.0, "name": "Napatag"}, "PH060417008": {"Water_Prop": 37.876614000000004, "Food_Prop": 36.507937, "Shelter_Prop": 3.7302730000000004, "Health_Prop": 56.00676800000001, "Education_Prop": 5.271829, "Work_Prop": 44.417476, "Peace_Prop": 0.5738880000000001, "Participation_Prop": 88.12580200000001, "SocialProtection_Prop": 98.138639, "Environment_Prop": 16.487358, "shelter_electricity": 12.19512195, "health_center_attendance": 56.00676819, "work_farms": 17.03056769, "work_unskilled": 31.61572052, "health_programs": 24.53371593, "sp_philhealth": 24.53371593, "water_toilet": 11.04734577, "shelter_makeshift_nhts": 1.219512195, "food_malnourished": "", "health_child_death": "", "health_maternal_death": "", "he_flood": 0.0, "he_volcano": 0.0, "he_landslide": 0.0, "he_earthquake": 0.0, "name": "Panayakan"}, "PH060417009": {"Water_Prop": 0.9523809999999999, "Food_Prop": 26.923077000000003, "Shelter_Prop": 4.285714, "Health_Prop": 53.41556, "Education_Prop": 4.225352, "Work_Prop": 47.233468, "Peace_Prop": 2.857143, "Participation_Prop": 94.327177, "SocialProtection_Prop": 97.493404, "Environment_Prop": 24.219544, "shelter_electricity": 2.3809523809999997, "health_center_attendance": 53.41555977, "work_farms": 9.718670077, "work_unskilled": 31.96930946, "health_programs": 13.33333333, "sp_philhealth": 13.33333333, "water_toilet": 0.9523809520000001, "shelter_makeshift_nhts": 2.142857143, "food_malnourished": "", "health_child_death": "", "health_maternal_death": "", "he_flood": 0.0, "he_volcano": 0.0, "he_landslide": 0.0, "he_earthquake": 0.0, "name": "Poblacion"}, "PH060417010": {"Water_Prop": 55.730337, "Food_Prop": 66.666667, "Shelter_Prop": 0.674157, "Health_Prop": 83.65570600000001, "Education_Prop": 4.415011, "Work_Prop": 53.599430000000005, "Peace_Prop": 0.674157, "Participation_Prop": "", "SocialProtection_Prop": 98.468271, "Environment_Prop": 17.799479, "shelter_electricity": 24.71910112, "health_center_attendance": 83.65570600000001, "work_farms": 18.58678955, "work_unskilled": 44.70046083, "health_programs": 19.1011236, "sp_philhealth": 19.1011236, "water_toilet": 23.37078652, "shelter_makeshift_nhts": 6.966292135, "food_malnourished": "", "health_child_death": "", "health_maternal_death": "", "he_flood": 0.0, "he_volcano": 0.0, "he_landslide": 0.0, "he_earthquake": 0.0, "name": "Pudiot"}, "PH060417011": {"Water_Prop": 19.270833, "Food_Prop": 66.666667, "Shelter_Prop": 0.173611, "Health_Prop": 64.71750300000001, "Education_Prop": 6.6666669999999995, "Work_Prop": 55.162578, "Peace_Prop": 0.0, "Participation_Prop": 90.776901, "SocialProtection_Prop": 98.171998, "Environment_Prop": 16.508329, "shelter_electricity": 13.36805556, "health_center_attendance": 64.71750296, "work_farms": 16.66666667, "work_unskilled": 36.00508906, "health_programs": 12.32638889, "sp_philhealth": 12.32638889, "water_toilet": 19.96527778,