{"PH067905001": {"water_access": 50.872818, "food_tenure": "", "shelter_informal_settlers_nhts": 1.246883, "health_center_attendance": 45.941176, "educ_outofschool_all": 4.024768, "work_unemployment": 45.356551, "po_conflict": 2.244389, "participation_assembly_attendance": 91.495125, "sp_sss": 1.0834239999999937, "he_risk": 9.007313, "shelter_electricity": 17.70573566, "health_center_attendance.1": 45.94117647, "work_farms": 32.32169954, "work_unskilled": 25.3414264, "health_programs": 26.18453865, "sp_philhealth": 73.81546134999999, "water_toilet": 30.42394015, "shelter_makeshift_nhts": 0.623441397, "food_malnourished": "", "health_child_death": "", "health_maternal_death": "", "he_flood": 0.0, "he_volcano": 0.0, "he_landslide": 0.000792, "he_earthquake": 0.0, "name": "Alegria"}, "PH067905002": {"water_access": 58.171744999999994, "food_tenure": "", "shelter_informal_settlers_nhts": 0.277008, "health_center_attendance": 51.719577, "educ_outofschool_all": 5.405405, "work_unemployment": 43.405051, "po_conflict": 0.277008, "participation_assembly_attendance": 92.442563, "sp_sss": 1.8137849999999958, "he_risk": 1.7373619999999999, "shelter_electricity": 26.86980609, "health_center_attendance.1": 51.71957672, "work_farms": 43.14049587, "work_unskilled": 25.61983471, "health_programs": 31.85595568, "sp_philhealth": 68.14404432, "water_toilet": 19.11357341, "shelter_makeshift_nhts": 0.692520776, "food_malnourished": "", "health_child_death": "", "health_maternal_death": "", "he_flood": 0.0, "he_volcano": 0.0, "he_landslide": 0.001056, "he_earthquake": 0.07142899999999999, "name": "Ayangan"}, "PH067905003": {"water_access": 55.900620999999994, "food_tenure": "", "shelter_informal_settlers_nhts": 1.8633540000000002, "health_center_attendance": 43.171115, "educ_outofschool_all": 4.958678, "work_unemployment": 44.685466, "po_conflict": 0.6211180000000001, "participation_assembly_attendance": 85.365854, "sp_sss": 1.490515000000002, "he_risk": 8.092734, "shelter_electricity": 20.49689441, "health_center_attendance.1": 43.1711146, "work_farms": 38.43137255, "work_unskilled": 19.60784314, "health_programs": 18.63354037, "sp_philhealth": 81.36645963000001, "water_toilet": 27.32919255, "shelter_makeshift_nhts": 1.242236025, "food_malnourished": "", "health_child_death": "", "health_maternal_death": "", "he_flood": 0.0, "he_volcano": 0.0, "he_landslide": 0.001056, "he_earthquake": 0.0, "name": "Bubog"}, "PH067905004": {"water_access": 74.285714, "food_tenure": "", "shelter_informal_settlers_nhts": 1.4285709999999998, "health_center_attendance": 82.14676899999999, "educ_outofschool_all": 5.2083330000000005, "work_unemployment": 48.844376000000004, "po_conflict": 0.0, "participation_assembly_attendance": 89.417989, "sp_sss": 1.6931220000000025, "he_risk": 8.70498, "shelter_electricity": 27.14285714, "health_center_attendance.1": 82.14676889, "work_farms": 16.56626506, "work_unskilled": 21.08433735, "health_programs": 14.28571429, "sp_philhealth": 85.71428571, "water_toilet": 8.571428571, "shelter_makeshift_nhts": 0.23809523800000001, "food_malnourished": "", "health_child_death": "", "health_maternal_death": "", "he_flood": 0.0, "he_volcano": 0.0, "he_landslide": 0.001056, "he_earthquake": 0.0, "name": "Concordia Norte"}, "PH067905005": {"water_access": 64.643799, "food_tenure": "", "shelter_informal_settlers_nhts": 1.583113, "health_center_attendance": 41.550575, "educ_outofschool_all": 10.877193, "work_unemployment": 48.979592, "po_conflict": 0.0, "participation_assembly_attendance": 92.780172, "sp_sss": 1.939655000000002, "he_risk": 0.302582, "shelter_electricity": 25.85751979, "health_center_attendance.1": 41.55057541, "work_farms": 29.0, "work_unskilled": 23.66666667, "health_programs": 33.24538259, "sp_philhealth": 66.75461741000001, "water_toilet": 25.06596306, "shelter_makeshift_nhts": 1.846965699, "food_malnourished": "", "health_child_death": "", "health_maternal_death": "", "he_flood": 0.0, "he_volcano": 0.0, "he_landslide": 0.001056, "he_earthquake": 0.0, "name": "Dasal"}, "PH067905006": {"water_access": 71.111111, "food_tenure": "", "shelter_informal_settlers_nhts": 2.222222, "health_center_attendance": 44.059406, "educ_outofschool_all": 14.893617, "work_unemployment": 37.313433, "po_conflict": 0.0, "participation_assembly_attendance": "", "sp_sss": 0.46511600000000897, "he_risk": 0.567752, "shelter_electricity": 22.22222222, "health_center_attendance.1": 44.05940594, "work_farms": 14.28571429, "work_unskilled": 35.71428571, "health_programs": 20.0, "sp_philhealth": 80.0, "water_toilet": 31.11111111, "shelter_makeshift_nhts": 4.444444444, "food_malnourished": "", "health_child_death": "", "health_maternal_death": "", "he_flood": 0.0, "he_volcano": 0.0, "he_landslide": 0.0, "he_earthquake": 0.0, "name": "Inampologan"}, "PH067905007": {"water_access": 52.036198999999996, "food_tenure": "", "shelter_informal_settlers_nhts": 6.1085970000000005, "health_center_attendance": 60.020931000000004, "educ_outofschool_all": 4.726368, "work_unemployment": 44.913338, "po_conflict": 0.0, "participation_assembly_attendance": 91.395155, "sp_sss": 1.7543859999999967, "he_risk": 9.014944, "shelter_electricity": 29.63800905, "health_center_attendance.1": 60.02093145, "work_farms": 34.33652531, "work_unskilled": 25.58139535, "health_programs": 19.00452489, "sp_philhealth": 80.99547511, "water_toilet": 19.68325792, "shelter_makeshift_nhts": 0.904977376, "food_malnourished": "", "health_child_death": "", "health_maternal_death": "", "he_flood": 0.0, "he_volcano": 0.0, "he_landslide": 0.001056, "he_earthquake": 0.0, "name": "Maabay"}, "PH067905008": {"water_access": 60.253165, "food_tenure": "", "shelter_informal_settlers_nhts": 4.050633, "health_center_attendance": 47.578173, "educ_outofschool_all": 8.059700999999999, "work_unemployment": 42.30431, "po_conflict": 0.25316500000000003, "participation_assembly_attendance": 93.572576, "sp_sss": 2.2495979999999918, "he_risk": 9.631264, "shelter_electricity": 35.44303797, "health_center_attendance.1": 47.5781729, "work_farms": 44.969512200000004, "work_unskilled": 23.01829268, "health_programs": 32.40506329, "sp_philhealth": 67.59493671, "water_toilet": 26.07594937, "shelter_makeshift_nhts": 2.53164557, "food_malnourished": "", "health_child_death": "", "health_maternal_death": "", "he_flood": 0.0, "he_volcano": 0.0, "he_landslide": 0.001056, "he_earthquake": 0.0, "name": "Millan"}, "PH067905009": {"water_access": 77.777778, "food_tenure": "", "shelter_informal_settlers_nhts": 0.41152299999999997, "health_center_attendance": 81.047619, "educ_outofschool_all": 8.560311, "work_unemployment": 47.457627, "po_conflict": 0.0, "participation_assembly_attendance": 91.079812, "sp_sss": 1.314554000000001, "he_risk": 0.579607, "shelter_electricity": 38.27160494, "health_center_attendance.1": 81.04761905, "work_farms": 28.49462366, "work_unskilled": 19.08602151, "health_programs": 13.99176955, "sp_philhealth": 86.00823045, "water_toilet": 5.761316872, "shelter_makeshift_nhts": 0.205761317, "food_malnourished": "", "health_child_death": "", "health_maternal_death": "", "he_flood": 0.0, "he_volcano": 0.0, "he_landslide": 0.000792, "he_earthquake": 0.0, "name": "Oracon Norte"}, "PH067905010": {"water_access": 70.568562, "food_tenure": "", "shelter_informal_settlers_nhts": 0.668896, "health_center_attendance": 82.38342, "educ_outofschool_all": 2.45614, "work_unemployment": 45.714286, "po_conflict": 0.0, "participation_assembly_attendance": 95.624385, "sp_sss": 1.720747000000003, "he_risk": 9.980568, "shelter_electricity": 22.0735786, "health_center_attendance.1": 82.38341969, "work_farms": 24.84210526, "work_unskilled": 34.10526316, "health_programs": 15.38461538, "sp_philhealth": 84.61538462, "water_toilet": 9.364548495, "shelter_makeshift_nhts": 0.668896321, "food_malnourished": "", "health_child_death": "", "health_maternal_death": "", "he_flood": 0.0, "he_volcano": 0.0, "he_landslide": 0.001056, "he_earthquake": 0.07142899999999999,