{"PH060617001": {"water_access": 1.6949150000000002, "food_tenure": 58.064516000000005, "shelter_informal_settlers_nhts": 0.0, "health_center_attendance": 8.880309, "educ_outofschool_all": 9.375, "work_unemployment": 55.263158, "po_conflict": 0.0, "participation_assembly_attendance": 82.85714300000001, "sp_sss": 98.92857099999999, "he_risk": 0.8961620000000001, "shelter_electricity": 15.25423729, "health_center_attendance.1": 8.88030888, "work_farms": 32.35294118, "work_unskilled": 41.17647059, "health_programs": 35.59322034, "sp_philhealth": 35.59322034, "water_toilet": 1.694915254, "shelter_makeshift_nhts": 2.542372881, "food_malnourished": "", "health_child_death": "", "health_maternal_death": "", "he_flood": 0.0, "he_volcano": 0.0, "he_landslide": 0.002639, "he_earthquake": 0.0, "name": "Alegre"}, "PH060617002": {"water_access": 11.196911, "food_tenure": 23.456789999999998, "shelter_informal_settlers_nhts": 0.3861, "health_center_attendance": 18.855535, "educ_outofschool_all": 12.77533, "work_unemployment": 50.273973, "po_conflict": 0.3861, "participation_assembly_attendance": 84.097561, "sp_sss": 97.560976, "he_risk": 9.048944, "shelter_electricity": 6.177606178, "health_center_attendance.1": 18.85553471, "work_farms": 30.5785124, "work_unskilled": 31.95592287, "health_programs": 46.33204633, "sp_philhealth": 46.33204633, "water_toilet": 4.247104247, "shelter_makeshift_nhts": 1.544401544, "food_malnourished": "", "health_child_death": "", "health_maternal_death": "", "he_flood": 0.0, "he_volcano": 0.0, "he_landslide": 0.002639, "he_earthquake": 0.0, "name": "Amar"}, "PH060617003": {"water_access": 31.460673999999997, "food_tenure": 85.714286, "shelter_informal_settlers_nhts": 15.168539, "health_center_attendance": 58.921162, "educ_outofschool_all": 8.609272, "work_unemployment": 48.333333, "po_conflict": 0.5617979999999999, "participation_assembly_attendance": 77.669903, "sp_sss": 96.763754, "he_risk": 0.039476, "shelter_electricity": 15.73033708, "health_center_attendance.1": 58.92116183, "work_farms": 20.96774194, "work_unskilled": 44.35483871, "health_programs": 39.3258427, "sp_philhealth": 39.3258427, "water_toilet": 9.550561798, "shelter_makeshift_nhts": 8.426966292000001, "food_malnourished": "", "health_child_death": "", "health_maternal_death": "", "he_flood": 0.0, "he_volcano": 0.0, "he_landslide": 0.000792, "he_earthquake": 0.0, "name": "Bandoja (Lupa-an)"}, "PH060617004": {"water_access": 30.508475, "food_tenure": 14.285714000000002, "shelter_informal_settlers_nhts": 1.6949150000000002, "health_center_attendance": 48.430493, "educ_outofschool_all": 18.0, "work_unemployment": 55.263158, "po_conflict": 0.0, "participation_assembly_attendance": 61.538462, "sp_sss": 99.450549, "he_risk": 0.309294, "shelter_electricity": 22.03389831, "health_center_attendance.1": 48.43049327, "work_farms": 38.23529412, "work_unskilled": 42.64705882, "health_programs": 57.62711864, "sp_philhealth": 57.62711864, "water_toilet": 16.94915254, "shelter_makeshift_nhts": 13.55932203, "food_malnourished": "", "health_child_death": "", "health_maternal_death": "", "he_flood": 0.0, "he_volcano": 0.0, "he_landslide": 0.000792, "he_earthquake": 0.0, "name": "Castillo"}, "PH060617005": {"water_access": 37.606838, "food_tenure": 65.909091, "shelter_informal_settlers_nhts": 3.418803, "health_center_attendance": 29.87013, "educ_outofschool_all": 9.756098, "work_unemployment": 51.671733, "po_conflict": 0.0, "participation_assembly_attendance": 75.603865, "sp_sss": 98.309179, "he_risk": 17.78667, "shelter_electricity": 7.692307692000001, "health_center_attendance.1": 29.87012987, "work_farms": 13.20754717, "work_unskilled": 56.60377358, "health_programs": 42.73504274, "sp_philhealth": 42.73504274, "water_toilet": 0.854700855, "shelter_makeshift_nhts": 4.2735042739999995, "food_malnourished": "", "health_child_death": "", "health_maternal_death": "", "he_flood": 0.0, "he_volcano": 0.0, "he_landslide": 0.000792, "he_earthquake": 0.0, "name": "Esparagoza"}, "PH060617006": {"water_access": 26.143791, "food_tenure": 9.589041, "shelter_informal_settlers_nhts": 1.960784, "health_center_attendance": 71.306376, "educ_outofschool_all": 6.101694999999999, "work_unemployment": 53.77468100000001, "po_conflict": 3.9215690000000003, "participation_assembly_attendance": 91.906203, "sp_sss": 98.48714100000001, "he_risk": 8.743962, "shelter_electricity": 7.1895424839999995, "health_center_attendance.1": 71.30637636, "work_farms": 13.81909548, "work_unskilled": 46.48241206, "health_programs": 39.21568627, "sp_philhealth": 39.21568627, "water_toilet": 1.307189542, "shelter_makeshift_nhts": 3.921568627, "food_malnourished": "", "health_child_death": "", "health_maternal_death": "", "he_flood": 0.0, "he_volcano": 0.0, "he_landslide": 0.002639, "he_earthquake": 0.0, "name": "Importante"}, "PH060617007": {"water_access": 12.573099000000001, "food_tenure": 30.434783000000003, "shelter_informal_settlers_nhts": 1.169591, "health_center_attendance": 59.370425, "educ_outofschool_all": 6.122449, "work_unemployment": 53.465346999999994, "po_conflict": 4.385965000000001, "participation_assembly_attendance": 82.598784, "sp_sss": 98.25228, "he_risk": 8.126954, "shelter_electricity": 12.57309942, "health_center_attendance.1": 59.37042460000001, "work_farms": 34.98817967, "work_unskilled": 26.71394799, "health_programs": 46.19883041, "sp_philhealth": 46.19883041, "water_toilet": 8.479532164, "shelter_makeshift_nhts": 4.678362573, "food_malnourished": "", "health_child_death": "", "health_maternal_death": "", "he_flood": 0.0, "he_volcano": 0.0, "he_landslide": 0.002639, "he_earthquake": 0.0, "name": "La Paz"}, "PH060617008": {"water_access": 2.3959650000000003, "food_tenure": 3.703704, "shelter_informal_settlers_nhts": 0.37831, "health_center_attendance": 19.735294, "educ_outofschool_all": 6.21547, "work_unemployment": 53.333332999999996, "po_conflict": 0.126103, "participation_assembly_attendance": 88.006663, "sp_sss": 99.028318, "he_risk": 8.123225999999999, "shelter_electricity": 7.0617906679999995, "health_center_attendance.1": 19.73529412, "work_farms": 25.34562212, "work_unskilled": 36.12903226, "health_programs": 40.10088272, "sp_philhealth": 40.10088272, "water_toilet": 0.756620429, "shelter_makeshift_nhts": 4.47667087, "food_malnourished": "", "health_child_death": "", "health_maternal_death": "", "he_flood": 0.0, "he_volcano": 0.0, "he_landslide": 0.002639, "he_earthquake": 0.0, "name": "Malabor"}, "PH060617009": {"water_access": 4.98155, "food_tenure": 82.417582, "shelter_informal_settlers_nhts": 1.107011, "health_center_attendance": 87.084149, "educ_outofschool_all": 5.022831, "work_unemployment": 51.3947, "po_conflict": 0.184502, "participation_assembly_attendance": 86.708861, "sp_sss": 98.312236, "he_risk": 0.319474, "shelter_electricity": 10.33210332, "health_center_attendance.1": 87.08414873, "work_farms": 27.54662841, "work_unskilled": 38.16355811, "health_programs": 17.71217712, "sp_philhealth": 17.71217712, "water_toilet": 1.84501845, "shelter_makeshift_nhts": 3.505535055, "food_malnourished": "", "health_child_death": "", "health_maternal_death": "", "he_flood": 0.0, "he_volcano": 0.0, "he_landslide": 0.0, "he_earthquake": 0.0, "name": "Martinez"}, "PH060617010": {"water_access": 7.522124000000001, "food_tenure": 77.41935500000001, "shelter_informal_settlers_nhts": 1.769912, "health_center_attendance": 15.838509, "educ_outofschool_all": 9.333333, "work_unemployment": 54.545455000000004, "po_conflict": 0.0, "participation_assembly_attendance": 81.75895799999999, "sp_sss": 98.588491, "he_risk": 8.426938, "shelter_electricity": 24.33628319, "health_center_attendance.1": 15.83850932, "work_farms": 16.49122807, "work_unskilled": 50.1754386, "health_programs": 45.57522124, "sp_philhealth": 45.57522124, "water_toilet": 1.769911504, "shelter_makeshift_nhts": 4.867256637, "food_malnourished": "", "health_child_death": "", "health_maternal_death": "", "he_flood": 0.0, "he_volcano": 0.0,