{"PH064504001": {"Water_Prop": 84.113475, "Food_Prop": 2.028398, "Shelter_Prop": 1.347518, "Health_Prop": 63.985555000000005, "Education_Prop": 8.321479, "Work_Prop": 40.188342999999996, "Peace_Prop": 3.687943, "Participation_Prop": 98.280337, "SocialProtection_Prop": 98.004543, "Environment_Prop": 1.852943, "shelter_electricity": 46.02836879, "health_center_attendance": 63.98555483, "work_farms": 52.76595745, "work_unskilled": 23.40425532, "health_programs": 50.9929078, "sp_philhealth": 50.9929078, "water_toilet": 10.21276596, "shelter_makeshift_nhts": 2.836879433, "food_malnourished": "", "health_child_death": "", "health_maternal_death": "", "he_flood": "", "he_volcano": "", "he_landslide": "", "he_earthquake": ""}, "PH064504002": {"Water_Prop": 14.606742, "Food_Prop": 2.040816, "Shelter_Prop": 1.935081, "Health_Prop": 69.59113, "Education_Prop": 3.7286059999999996, "Work_Prop": 50.560846999999995, "Peace_Prop": 10.362047, "Participation_Prop": 98.63402099999999, "SocialProtection_Prop": 97.564433, "Environment_Prop": 3.8475660000000005, "shelter_electricity": 14.85642946, "health_center_attendance": 69.59112959, "work_farms": 30.43664384, "work_unskilled": 22.94520548, "health_programs": 52.37203496, "sp_philhealth": 52.37203496, "water_toilet": 7.553058677, "shelter_makeshift_nhts": 3.2459425719999997, "food_malnourished": "", "health_child_death": "", "health_maternal_death": "", "he_flood": "", "he_volcano": "", "he_landslide": "", "he_earthquake": ""}, "PH064504003": {"Water_Prop": 6.021155, "Food_Prop": 10.526316, "Shelter_Prop": 4.393816, "Health_Prop": 83.651842, "Education_Prop": 4.940239, "Work_Prop": 51.958708, "Peace_Prop": 1.383238, "Participation_Prop": 98.545846, "SocialProtection_Prop": 97.791841, "Environment_Prop": 8.24628, "shelter_electricity": 13.99511798, "health_center_attendance": 83.65184156, "work_farms": 10.24793388, "work_unskilled": 33.77410468, "health_programs": 68.91781937, "sp_philhealth": 68.91781937, "water_toilet": 52.56305940000001, "shelter_makeshift_nhts": 6.346623271, "food_malnourished": "", "health_child_death": "", "health_maternal_death": "", "he_flood": "", "he_volcano": "", "he_landslide": "", "he_earthquake": ""}, "PH064504004": {"Water_Prop": 9.310654, "Food_Prop": 0.0, "Shelter_Prop": 4.118174, "Health_Prop": 79.49367099999999, "Education_Prop": 5.12605, "Work_Prop": 56.089552000000005, "Peace_Prop": 6.356312, "Participation_Prop": 97.382199, "SocialProtection_Prop": 97.74980500000001, "Environment_Prop": 18.097467, "shelter_electricity": 12.08594449, "health_center_attendance": 79.49367089, "work_farms": 5.710401087999999, "work_unskilled": 36.50577838, "health_programs": 65.98030439, "sp_philhealth": 65.98030439, "water_toilet": 42.97224709, "shelter_makeshift_nhts": 2.90957923, "food_malnourished": "", "health_child_death": "", "health_maternal_death": "", "he_flood": "", "he_volcano": "", "he_landslide": "", "he_earthquake": ""}, "PH064504005": {"Water_Prop": 11.806543, "Food_Prop": 0.0, "Shelter_Prop": 10.526316, "Health_Prop": 48.829328000000004, "Education_Prop": 5.413105000000001, "Work_Prop": 53.427788, "Peace_Prop": 14.366999, "Participation_Prop": 98.633513, "SocialProtection_Prop": 97.446237, "Environment_Prop": 19.604011, "shelter_electricity": 16.07396871, "health_center_attendance": 48.8293284, "work_farms": 6.967615309, "work_unskilled": 33.75858685, "health_programs": 61.02418208, "sp_philhealth": 61.02418208, "water_toilet": 20.62588905, "shelter_makeshift_nhts": 9.246088193, "food_malnourished": "", "health_child_death": "", "health_maternal_death": "", "he_flood": "", "he_volcano": "", "he_landslide": "", "he_earthquake": ""}, "PH064504006": {"Water_Prop": 11.375212, "Food_Prop": 16.666667, "Shelter_Prop": 3.904924, "Health_Prop": 61.941479, "Education_Prop": 3.8949279999999997, "Work_Prop": 56.10833100000001, "Peace_Prop": 8.913413, "Participation_Prop": 98.39755799999999, "SocialProtection_Prop": 97.443724, "Environment_Prop": 16.345142000000003, "shelter_electricity": 12.98811545, "health_center_attendance": 61.94147885, "work_farms": 10.86519115, "work_unskilled": 41.38162307, "health_programs": 57.64006791, "sp_philhealth": 57.64006791, "water_toilet": 26.82512733, "shelter_makeshift_nhts": 11.84210526, "food_malnourished": "", "health_child_death": "", "health_maternal_death": "", "he_flood": "", "he_volcano": "", "he_landslide": "", "he_earthquake": ""}, "PH064504007": {"Water_Prop": 11.693548, "Food_Prop": 100.0, "Shelter_Prop": 2.419355, "Health_Prop": 57.878151, "Education_Prop": 5.970149, "Work_Prop": 51.041667, "Peace_Prop": 11.290322999999999, "Participation_Prop": 75.194553, "SocialProtection_Prop": 96.49805400000001, "Environment_Prop": 12.964077, "shelter_electricity": 7.661290322999999, "health_center_attendance": 57.87815126, "work_farms": 7.902735562, "work_unskilled": 43.46504559, "health_programs": 45.16129032, "sp_philhealth": 45.16129032, "water_toilet": 22.58064516, "shelter_makeshift_nhts": 11.29032258, "food_malnourished": "", "health_child_death": "", "health_maternal_death": "", "he_flood": "", "he_volcano": "", "he_landslide": "", "he_earthquake": ""}, "PH064504008": {"Water_Prop": 15.967524, "Food_Prop": 0.0, "Shelter_Prop": 8.660352, "Health_Prop": 54.559637, "Education_Prop": 6.8443369999999994, "Work_Prop": 51.261062, "Peace_Prop": 12.449256, "Participation_Prop": 98.792108, "SocialProtection_Prop": 96.926587, "Environment_Prop": 7.758642, "shelter_electricity": 20.63599459, "health_center_attendance": 54.55963693, "work_farms": 22.33318202, "work_unskilled": 31.77485247, "health_programs": 57.17185386, "sp_philhealth": 57.17185386, "water_toilet": 10.28416779, "shelter_makeshift_nhts": 8.288227334, "food_malnourished": "", "health_child_death": "", "health_maternal_death": "", "he_flood": "", "he_volcano": "", "he_landslide": "", "he_earthquake": ""}, "PH064504009": {"Water_Prop": 26.194539000000002, "Food_Prop": 0.70922, "Shelter_Prop": 4.095562999999999, "Health_Prop": 59.649122999999996, "Education_Prop": 3.4782610000000003, "Work_Prop": 47.044559, "Peace_Prop": 6.740614, "Participation_Prop": 92.759146, "SocialProtection_Prop": 97.827744, "Environment_Prop": 17.582953, "shelter_electricity": 19.79522184, "health_center_attendance": 59.64912281, "work_farms": 16.71436749, "work_unskilled": 52.54722381, "health_programs": 57.93515358, "sp_philhealth": 57.93515358, "water_toilet": 13.22525597, "shelter_makeshift_nhts": 7.807167235, "food_malnourished": "", "health_child_death": "", "health_maternal_death": "", "he_flood": "", "he_volcano": "", "he_landslide": "", "he_earthquake": ""}, "PH064504010": {"Water_Prop": 53.700906, "Food_Prop": 0.0, "Shelter_Prop": 3.5498489999999996, "Health_Prop": 75.913827, "Education_Prop": 6.365655, "Work_Prop": 54.959711, "Peace_Prop": 3.700906, "Participation_Prop": 97.37289200000001, "SocialProtection_Prop": 97.320612, "Environment_Prop": 17.997298999999998, "shelter_electricity": 25.0, "health_center_attendance": 75.91382659, "work_farms": 10.79580506, "work_unskilled": 57.18692165, "health_programs": 51.28398792, "sp_philhealth": 51.28398792, "water_toilet": 9.894259819, "shelter_makeshift_nhts": 10.12084592, "food_malnourished": "", "health_child_death": "", "health_maternal_death": "", "he_flood": "", "he_volcano": "", "he_landslide": "", "he_earthquake": ""}, "PH064504011": {"Water_Prop": 13.081650999999999, "Food_Prop": 96.178344, "Shelter_Prop": 6.67252, "Health_Prop": 79.07431600000001, "Education_Prop": 6.103764, "Work_Prop": 48.222221999999995, "Peace_Prop": 25.109745, "Participation_Prop": 99.098124, "SocialProtection_Prop": 98.32251099999999, "Environment_Prop": 1.810139, "shelter_electricity": 17.55926251, "health_center_attendance": 79.07431552, "work_farms": 26.91600245, "work_unskilled": 36.60331085, "health_programs": 36.17208077, "sp_philhealth": 36.17208077, "water_toilet": 4.038630378, "shelter_makeshift_nhts": 8.999122037000001, "food_malnourished": "", "health_child_death": "",