{"PH060401001": {"water_access": 53.182752, "food_tenure": 51.428571000000005, "shelter_informal_settlers_nhts": 0.821355, "health_center_attendance": 17.691154, "educ_outofschool_all": 4.9773760000000005, "work_unemployment": 50.864553, "po_conflict": 1.848049, "participation_assembly_attendance": "", "sp_sss": 2.404691999999997, "he_risk": 16.497585, "shelter_electricity": 8.213552361, "health_center_attendance.1": 17.69115442, "work_farms": 21.114369500000002, "work_unskilled": 37.97653959, "health_programs": 13.5523614, "sp_philhealth": 86.4476386, "water_toilet": 6.36550308, "shelter_makeshift_nhts": 7.49486653, "food_malnourished": "", "health_child_death": "", "health_maternal_death": "", "he_flood": 0.0, "he_volcano": 0.0, "he_landslide": 0.001056, "he_earthquake": 0.0, "name": "Cabangila"}, "PH060401002": {"water_access": 39.263804, "food_tenure": 26.168224, "shelter_informal_settlers_nhts": 2.0449900000000003, "health_center_attendance": 68.940937, "educ_outofschool_all": 7.105263000000001, "work_unemployment": 52.894925, "po_conflict": 0.8179960000000001, "participation_assembly_attendance": "", "sp_sss": 1.5274950000000018, "he_risk": 17.820934, "shelter_electricity": 9.202453988, "health_center_attendance.1": 68.94093686, "work_farms": 40.36418816, "work_unskilled": 29.43854325, "health_programs": 33.74233129, "sp_philhealth": 66.25766870999999, "water_toilet": 35.17382413, "shelter_makeshift_nhts": 14.62167689, "food_malnourished": "", "health_child_death": "", "health_maternal_death": "", "he_flood": 0.0, "he_volcano": 0.0, "he_landslide": 0.001056, "he_earthquake": 0.0, "name": "Cabugao"}, "PH060401003": {"water_access": 77.014925, "food_tenure": 95.0, "shelter_informal_settlers_nhts": 0.597015, "health_center_attendance": 22.431259, "educ_outofschool_all": 5.414013, "work_unemployment": 48.407643, "po_conflict": 5.0746269999999996, "participation_assembly_attendance": "", "sp_sss": 1.0761589999999899, "he_risk": 0.8978940000000001, "shelter_electricity": 16.11940299, "health_center_attendance.1": 22.43125904, "work_farms": 34.56790123, "work_unskilled": 36.21399177, "health_programs": 13.73134328, "sp_philhealth": 86.26865672, "water_toilet": 44.47761194, "shelter_makeshift_nhts": 9.402985075, "food_malnourished": "", "health_child_death": "", "health_maternal_death": "", "he_flood": 0.0, "he_volcano": 0.0, "he_landslide": 0.001056, "he_earthquake": 0.0, "name": "Catmon"}, "PH060401004": {"water_access": 63.128492, "food_tenure": 100.0, "shelter_informal_settlers_nhts": 6.703911, "health_center_attendance": 46.851385, "educ_outofschool_all": 10.559006, "work_unemployment": 54.212454, "po_conflict": 1.675978, "participation_assembly_attendance": "", "sp_sss": 1.0362689999999901, "he_risk": 1.174895, "shelter_electricity": 12.84916201, "health_center_attendance.1": 46.85138539, "work_farms": 39.6, "work_unskilled": 27.6, "health_programs": 49.16201117, "sp_philhealth": 50.83798883, "water_toilet": 39.66480447, "shelter_makeshift_nhts": 18.99441341, "food_malnourished": "", "health_child_death": "", "health_maternal_death": "", "he_flood": 0.0, "he_volcano": 0.0, "he_landslide": 0.001056, "he_earthquake": 0.0, "name": "Dalipdip"}, "PH060401005": {"water_access": 40.909091, "food_tenure": 19.924812, "shelter_informal_settlers_nhts": 0.757576, "health_center_attendance": 25.661057999999997, "educ_outofschool_all": 5.782312999999999, "work_unemployment": 52.191894, "po_conflict": 2.5252529999999997, "participation_assembly_attendance": "", "sp_sss": 1.5779089999999911, "he_risk": 0.985339, "shelter_electricity": 10.35353535, "health_center_attendance.1": 25.66105769, "work_farms": 22.83737024, "work_unskilled": 33.0449827, "health_programs": 27.27272727, "sp_philhealth": 72.72727273, "water_toilet": 5.555555556, "shelter_makeshift_nhts": 7.070707071, "food_malnourished": "", "health_child_death": "", "health_maternal_death": "", "he_flood": 0.0, "he_volcano": 0.0, "he_landslide": 0.001056, "he_earthquake": 0.0, "name": "Ginictan"}, "PH060401006": {"water_access": 11.355311, "food_tenure": 21.951220000000003, "shelter_informal_settlers_nhts": 1.0989010000000001, "health_center_attendance": 60.816126000000004, "educ_outofschool_all": 7.541899000000001, "work_unemployment": 53.104358999999995, "po_conflict": 0.3663, "participation_assembly_attendance": "", "sp_sss": 2.083332999999996, "he_risk": 16.515642, "shelter_electricity": 3.663003663, "health_center_attendance.1": 60.81612586, "work_farms": 23.8028169, "work_unskilled": 32.81690141, "health_programs": 32.78388278, "sp_philhealth": 67.21611722, "water_toilet": 10.62271062, "shelter_makeshift_nhts": 10.43956044, "food_malnourished": "", "health_child_death": "", "health_maternal_death": "", "he_flood": 0.0, "he_volcano": 0.0, "he_landslide": 0.001056, "he_earthquake": 0.0, "name": "Linayasan"}, "PH060401007": {"water_access": 65.363128, "food_tenure": 64.963504, "shelter_informal_settlers_nhts": 0.558659, "health_center_attendance": 48.970944, "educ_outofschool_all": 6.9565220000000005, "work_unemployment": 52.410167, "po_conflict": 0.837989, "participation_assembly_attendance": "", "sp_sss": 1.1927179999999993, "he_risk": 1.150288, "shelter_electricity": 8.938547486000001, "health_center_attendance.1": 48.97094431, "work_farms": 48.43462247, "work_unskilled": 23.02025783, "health_programs": 35.19553073, "sp_philhealth": 64.80446927, "water_toilet": 46.64804469, "shelter_makeshift_nhts": 7.122905028, "food_malnourished": "", "health_child_death": "", "health_maternal_death": "", "he_flood": 0.0, "he_volcano": 0.0, "he_landslide": 0.001056, "he_earthquake": 0.0, "name": "Lumaynay"}, "PH060401008": {"water_access": 39.661654, "food_tenure": 58.064516000000005, "shelter_informal_settlers_nhts": 1.12782, "health_center_attendance": 24.932004, "educ_outofschool_all": 6.521739, "work_unemployment": 51.015228, "po_conflict": 0.0, "participation_assembly_attendance": "", "sp_sss": 1.8805830000000014, "he_risk": 10.643267999999999, "shelter_electricity": 6.766917293, "health_center_attendance.1": 24.93200363, "work_farms": 21.63212435, "work_unskilled": 35.88082902, "health_programs": 20.30075188, "sp_philhealth": 79.69924812, "water_toilet": 14.47368421, "shelter_makeshift_nhts": 10.15037594, "food_malnourished": "", "health_child_death": "", "health_maternal_death": "", "he_flood": 0.0, "he_volcano": 0.0, "he_landslide": 0.001056, "he_earthquake": 0.0, "name": "Lupo"}, "PH060401009": {"water_access": 26.879699, "food_tenure": 40.0, "shelter_informal_settlers_nhts": 1.503759, "health_center_attendance": 21.348816, "educ_outofschool_all": 6.653225999999999, "work_unemployment": 51.084813, "po_conflict": 0.37594, "participation_assembly_attendance": "", "sp_sss": 4.496403000000001, "he_risk": 16.517142, "shelter_electricity": 13.72180451, "health_center_attendance.1": 21.34881644, "work_farms": 7.795698925, "work_unskilled": 43.95161289999999, "health_programs": 16.72932331, "sp_philhealth": 83.27067669, "water_toilet": 11.27819549, "shelter_makeshift_nhts": 9.492481202999999, "food_malnourished": "", "health_child_death": "", "health_maternal_death": "", "he_flood": 0.0, "he_volcano": 0.0, "he_landslide": 0.001056, "he_earthquake": 0.0, "name": "Man-up"}, "PH060401010": {"water_access": 12.396694, "food_tenure": 16.901408, "shelter_informal_settlers_nhts": 1.652893, "health_center_attendance": 21.776393, "educ_outofschool_all": 6.95825, "work_unemployment": 56.604834, "po_conflict": 1.157025, "participation_assembly_attendance": "", "sp_sss": 1.9815060000000102, "he_risk": 16.625818, "shelter_electricity": 6.611570248, "health_center_attendance.1": 21.77639268, "work_farms": 29.66321244, "work_unskilled": 29.53367876, "health_programs": 16.03305785, "sp_philhealth": 83.96694215, "water_toilet": 10.24793388, "shelter_makeshift_nhts": 10.99173554, "food_malnourished": "", "health_child_death": "", "health_maternal_death": "", "he_flood": 0.0, "he_volcano": 0.0, "he_landslide": 0.001056,