{"PH063003001": {"water_access": 33.179724, "food_tenure": 18.181818, "shelter_informal_settlers_nhts": 2.764977, "health_center_attendance": 87.63213499999999, "educ_outofschool_all": 7.537688, "work_unemployment": 42.533937, "po_conflict": 0.0, "participation_assembly_attendance": "", "sp_sss": 0.924855000000008, "he_risk": 0.881735, "shelter_electricity": 18.43317972, "health_center_attendance.1": 87.63213531, "work_farms": 14.69816273, "work_unskilled": 48.55643045, "health_programs": 23.50230415, "sp_philhealth": 76.49769585, "water_toilet": 26.26728111, "shelter_makeshift_nhts": 9.216589862000001, "food_malnourished": "", "health_child_death": "", "health_maternal_death": "", "he_flood": 1e-06, "he_volcano": 0.0, "he_landslide": 0.001056, "he_earthquake": 0.0, "name": "Agbatuan"}, "PH063003002": {"water_access": 23.296703, "food_tenure": 0.0, "shelter_informal_settlers_nhts": 0.8791209999999999, "health_center_attendance": 88.994759, "educ_outofschool_all": 5.0, "work_unemployment": 46.788321, "po_conflict": 0.43956000000000006, "participation_assembly_attendance": "", "sp_sss": 1.061008000000001, "he_risk": 8.725247999999999, "shelter_electricity": 18.02197802, "health_center_attendance.1": 88.99475941, "work_farms": 10.42524005, "work_unskilled": 49.24554184, "health_programs": 23.73626374, "sp_philhealth": 76.26373626, "water_toilet": 23.73626374, "shelter_makeshift_nhts": 8.241758242000001, "food_malnourished": "", "health_child_death": "", "health_maternal_death": "", "he_flood": 0.0, "he_volcano": 0.0, "he_landslide": 0.001056, "he_earthquake": 0.0, "name": "Badiang"}, "PH063003003": {"water_access": 62.214983999999994, "food_tenure": 21.518987, "shelter_informal_settlers_nhts": 0.9771989999999999, "health_center_attendance": 89.6, "educ_outofschool_all": 3.508772, "work_unemployment": 41.437632, "po_conflict": 0.0, "participation_assembly_attendance": "", "sp_sss": 3.047314, "he_risk": 0.59806, "shelter_electricity": 31.59609121, "health_center_attendance.1": 89.6, "work_farms": 37.72563177, "work_unskilled": 35.55956679, "health_programs": 33.8762215, "sp_philhealth": 66.1237785, "water_toilet": 29.31596091, "shelter_makeshift_nhts": 4.723127036, "food_malnourished": "", "health_child_death": "", "health_maternal_death": "", "he_flood": 1e-06, "he_volcano": 0.0, "he_landslide": 0.001056, "he_earthquake": 0.0, "name": "Balabag"}, "PH063003004": {"water_access": 60.791367, "food_tenure": 5.882353, "shelter_informal_settlers_nhts": 3.2374099999999997, "health_center_attendance": 87.19697, "educ_outofschool_all": 3.928571, "work_unemployment": 40.814081, "po_conflict": 0.0, "participation_assembly_attendance": "", "sp_sss": 1.1783189999999877, "he_risk": 1.158462, "shelter_electricity": 33.45323741, "health_center_attendance.1": 87.19696970000001, "work_farms": 54.46096654, "work_unskilled": 24.34944238, "health_programs": 34.17266187, "sp_philhealth": 65.82733813, "water_toilet": 32.73381295, "shelter_makeshift_nhts": 8.09352518, "food_malnourished": "", "health_child_death": "", "health_maternal_death": "", "he_flood": 0.0, "he_volcano": 0.0, "he_landslide": 0.001056, "he_earthquake": 0.0, "name": "Balunos"}, "PH063003005": {"water_access": 13.761467999999999, "food_tenure": 4.186047, "shelter_informal_settlers_nhts": 3.899083, "health_center_attendance": 89.360664, "educ_outofschool_all": 7.510730000000001, "work_unemployment": 43.400447, "po_conflict": 0.229358, "participation_assembly_attendance": "", "sp_sss": 1.3805520000000087, "he_risk": 1.724325, "shelter_electricity": 11.46788991, "health_center_attendance.1": 89.36066374, "work_farms": 13.57048748, "work_unskilled": 48.35309618, "health_programs": 48.39449541, "sp_philhealth": 51.60550459, "water_toilet": 26.60550459, "shelter_makeshift_nhts": 3.096330275, "food_malnourished": "", "health_child_death": "", "health_maternal_death": "", "he_flood": 0.0, "he_volcano": 0.0, "he_landslide": 0.001056, "he_earthquake": 0.0, "name": "Cag-an"}, "PH063003006": {"water_access": 39.184953, "food_tenure": 19.230769, "shelter_informal_settlers_nhts": 1.253918, "health_center_attendance": 88.83811999999999, "educ_outofschool_all": 4.273504, "work_unemployment": 46.280193, "po_conflict": 0.0, "participation_assembly_attendance": "", "sp_sss": 1.6129030000000029, "he_risk": 0.871625, "shelter_electricity": 20.06269592, "health_center_attendance.1": 88.83812009999998, "work_farms": 20.14388489, "work_unskilled": 42.98561151, "health_programs": 36.99059561, "sp_philhealth": 63.00940439, "water_toilet": 27.586206899999997, "shelter_makeshift_nhts": 5.799373041, "food_malnourished": "", "health_child_death": "", "health_maternal_death": "", "he_flood": 1e-06, "he_volcano": 0.0, "he_landslide": 0.001056, "he_earthquake": 0.0, "name": "Camiros"}, "PH063003007": {"water_access": 19.160104999999998, "food_tenure": 25.0, "shelter_informal_settlers_nhts": 0.262467, "health_center_attendance": 86.568084, "educ_outofschool_all": 1.9480520000000001, "work_unemployment": 48.160821, "po_conflict": 0.262467, "participation_assembly_attendance": "", "sp_sss": 1.9047620000000052, "he_risk": 9.024361, "shelter_electricity": 10.76115486, "health_center_attendance.1": 86.5680838, "work_farms": 10.72607261, "work_unskilled": 42.24422442, "health_programs": 35.43307087, "sp_philhealth": 64.56692913, "water_toilet": 13.38582677, "shelter_makeshift_nhts": 5.118110236000001, "food_malnourished": "", "health_child_death": "", "health_maternal_death": "", "he_flood": 0.0, "he_volcano": 0.0, "he_landslide": 0.001056, "he_earthquake": 0.0, "name": "Sambag Culob"}, "PH063003008": {"water_access": 16.262976000000002, "food_tenure": 11.111111, "shelter_informal_settlers_nhts": 3.460208, "health_center_attendance": 90.79245300000001, "educ_outofschool_all": 8.171206, "work_unemployment": 49.083064, "po_conflict": 0.346021, "participation_assembly_attendance": "", "sp_sss": 1.0594020000000057, "he_risk": 8.772413, "shelter_electricity": 7.266435986, "health_center_attendance.1": 90.79245283, "work_farms": 19.49152542, "work_unskilled": 24.57627119, "health_programs": 48.09688581, "sp_philhealth": 51.90311419, "water_toilet": 11.07266436, "shelter_makeshift_nhts": 2.076124567, "food_malnourished": "", "health_child_death": "", "health_maternal_death": "", "he_flood": 0.0, "he_volcano": 0.0, "he_landslide": 0.0, "he_earthquake": 0.0, "name": "Dangula-an"}, "PH063003009": {"water_access": 63.709677, "food_tenure": "", "shelter_informal_settlers_nhts": 1.612903, "health_center_attendance": 90.493601, "educ_outofschool_all": 5.825243, "work_unemployment": 45.308310999999996, "po_conflict": 0.8064520000000001, "participation_assembly_attendance": "", "sp_sss": 0.9784740000000056, "he_risk": 0.302985, "shelter_electricity": 91.12903226, "health_center_attendance.1": 90.49360146, "work_farms": 59.80392157, "work_unskilled": 20.09803922, "health_programs": 29.83870968, "sp_philhealth": 70.16129032, "water_toilet": 49.19354839, "shelter_makeshift_nhts": 6.85483871, "food_malnourished": "", "health_child_death": "", "health_maternal_death": "", "he_flood": 0.0, "he_volcano": 0.0, "he_landslide": 0.001056, "he_earthquake": 0.0, "name": "Guipis"}, "PH063003010": {"water_access": 68.047337, "food_tenure": 82.113821, "shelter_informal_settlers_nhts": 1.183432, "health_center_attendance": 89.795918, "educ_outofschool_all": 3.508772, "work_unemployment": 45.627376, "po_conflict": 0.0, "participation_assembly_attendance": "", "sp_sss": 0.5547849999999954, "he_risk": 0.303523, "shelter_electricity": 17.15976331, "health_center_attendance.1": 89.79591837, "work_farms": 50.6993007, "work_unskilled": 32.16783217, "health_programs": 25.44378698, "sp_philhealth": 74.55621302, "water_toilet": 53.25443787, "shelter_makeshift_nhts": 10.0591716, "food_malnourished": "", "health_child_death": "", "health_maternal_death": "", "he_flood": 0.0, "he_volcano": 0.0, "he_landslide": 0.001056, "he_earthquake": 0.0, "name": "Manganese"},