{"PH061916001": {"Water_Prop": 82.283465, "Food_Prop": 95.0, "Shelter_Prop": 1.181102, "Health_Prop": 17.761332, "Education_Prop": 5.1546389999999995, "Work_Prop": 40.605296, "Peace_Prop": 2.755906, "Participation_Prop": 89.085546, "SocialProtection_Prop": 98.426745, "Environment_Prop": 0.5937859999999999, "shelter_electricity": 19.68503937, "health_center_attendance": 17.761332100000004, "work_farms": 16.56050955, "work_unskilled": 49.46921444, "health_programs": 21.25984252, "sp_philhealth": 21.25984252, "water_toilet": 39.37007874, "shelter_makeshift_nhts": 7.480314961, "food_malnourished": "", "health_child_death": "", "health_maternal_death": "", "he_flood": 0.0, "he_volcano": 0.0, "he_landslide": 0.001056, "he_earthquake": 0.0}, "PH061916002": {"Water_Prop": 41.113490000000006, "Food_Prop": 83.703704, "Shelter_Prop": 0.6423979999999999, "Health_Prop": 14.875622, "Education_Prop": 7.5471699999999995, "Work_Prop": 41.428571000000005, "Peace_Prop": 4.496788, "Participation_Prop": 91.250552, "SocialProtection_Prop": 97.260274, "Environment_Prop": 16.824964, "shelter_electricity": 10.06423983, "health_center_attendance": 14.87562189, "work_farms": 14.63414634, "work_unskilled": 47.73519164, "health_programs": 29.12205567, "sp_philhealth": 29.12205567, "water_toilet": 22.91220557, "shelter_makeshift_nhts": 5.139186296, "food_malnourished": "", "health_child_death": "", "health_maternal_death": "", "he_flood": 0.0, "he_volcano": 0.0, "he_landslide": 0.0, "he_earthquake": 0.0}, "PH061916003": {"Water_Prop": 82.116788, "Food_Prop": 81.927711, "Shelter_Prop": 2.189781, "Health_Prop": 21.494542000000003, "Education_Prop": 12.334802, "Work_Prop": 41.203178, "Peace_Prop": 3.284672, "Participation_Prop": 89.2827, "SocialProtection_Prop": 98.90295400000001, "Environment_Prop": 0.30561, "shelter_electricity": 12.40875912, "health_center_attendance": 21.4945424, "work_farms": 19.11196911, "work_unskilled": 51.73745174, "health_programs": 20.80291971, "sp_philhealth": 20.80291971, "water_toilet": 40.1459854, "shelter_makeshift_nhts": 7.1167883210000005, "food_malnourished": "", "health_child_death": "", "health_maternal_death": "", "he_flood": 0.0, "he_volcano": 0.0, "he_landslide": 0.0, "he_earthquake": 0.0}, "PH061916004": {"Water_Prop": 56.65529, "Food_Prop": 68.0, "Shelter_Prop": 0.6825939999999999, "Health_Prop": 15.793589, "Education_Prop": 13.461538000000001, "Work_Prop": 39.69129, "Peace_Prop": 6.143345, "Participation_Prop": 84.67492299999999, "SocialProtection_Prop": 97.213622, "Environment_Prop": 0.587728, "shelter_electricity": 13.3105802, "health_center_attendance": 15.79358874, "work_farms": 12.79707495, "work_unskilled": 59.232175500000004, "health_programs": 29.69283276, "sp_philhealth": 29.69283276, "water_toilet": 33.44709898, "shelter_makeshift_nhts": 8.361774744, "food_malnourished": "", "health_child_death": "", "health_maternal_death": "", "he_flood": 0.0, "he_volcano": 0.0, "he_landslide": 0.001056, "he_earthquake": 0.0}, "PH061916005": {"Water_Prop": 31.666666999999997, "Food_Prop": 100.0, "Shelter_Prop": 1.666667, "Health_Prop": 12.433392999999999, "Education_Prop": 6.086957, "Work_Prop": 40.394089, "Peace_Prop": 3.333333, "Participation_Prop": 84.190476, "SocialProtection_Prop": 97.714286, "Environment_Prop": 0.307217, "shelter_electricity": 15.0, "health_center_attendance": 12.43339254, "work_farms": 15.2892562, "work_unskilled": 44.62809917, "health_programs": 16.66666667, "sp_philhealth": 16.66666667, "water_toilet": 35.83333333, "shelter_makeshift_nhts": 4.583333333, "food_malnourished": "", "health_child_death": "", "health_maternal_death": "", "he_flood": 0.0, "he_volcano": 0.0, "he_landslide": 0.0, "he_earthquake": 0.0}, "PH061916006": {"Water_Prop": 71.138211, "Food_Prop": 88.679245, "Shelter_Prop": 2.4390240000000003, "Health_Prop": 12.313803, "Education_Prop": 7.865169, "Work_Prop": 40.054127, "Peace_Prop": 0.0, "Participation_Prop": 81.501832, "SocialProtection_Prop": 98.626374, "Environment_Prop": 1.1384370000000001, "shelter_electricity": 4.87804878, "health_center_attendance": 12.31380338, "work_farms": 13.54401806, "work_unskilled": 58.91647856, "health_programs": 13.82113821, "sp_philhealth": 13.82113821, "water_toilet": 31.70731707, "shelter_makeshift_nhts": 7.3170731710000005, "food_malnourished": "", "health_child_death": "", "health_maternal_death": "", "he_flood": 0.0, "he_volcano": 0.0, "he_landslide": 0.0, "he_earthquake": 0.0}, "PH061916007": {"Water_Prop": 12.790697999999999, "Food_Prop": 28.985507000000002, "Shelter_Prop": 1.744186, "Health_Prop": 15.086207, "Education_Prop": 10.489510000000001, "Work_Prop": 41.071428999999995, "Peace_Prop": 3.488372, "Participation_Prop": 88.49252, "SocialProtection_Prop": 98.158803, "Environment_Prop": 16.163242999999998, "shelter_electricity": 12.20930233, "health_center_attendance": 15.086206900000002, "work_farms": 10.1010101, "work_unskilled": 61.27946128, "health_programs": 36.62790698, "sp_philhealth": 36.62790698, "water_toilet": 22.09302326, "shelter_makeshift_nhts": 8.430232558, "food_malnourished": "", "health_child_death": "", "health_maternal_death": "", "he_flood": 1e-06, "he_volcano": 0.0, "he_landslide": 0.0, "he_earthquake": 0.0}, "PH061916008": {"Water_Prop": 12.359551, "Food_Prop": 91.666667, "Shelter_Prop": 0.5617979999999999, "Health_Prop": 27.792553, "Education_Prop": 5.442177, "Work_Prop": 42.616822, "Peace_Prop": 0.0, "Participation_Prop": 82.73878, "SocialProtection_Prop": 98.273878, "Environment_Prop": 8.104398, "shelter_electricity": 8.988764045, "health_center_attendance": 27.79255319, "work_farms": 5.537459283, "work_unskilled": 58.30618893, "health_programs": 8.988764045, "sp_philhealth": 8.988764045, "water_toilet": 13.48314607, "shelter_makeshift_nhts": 7.303370787, "food_malnourished": "", "health_child_death": "", "health_maternal_death": "", "he_flood": 0.0, "he_volcano": 0.0, "he_landslide": 0.0, "he_earthquake": 0.0}, "PH061916009": {"Water_Prop": 58.083831999999994, "Food_Prop": 6.741573, "Shelter_Prop": 0.29940100000000003, "Health_Prop": 14.779411999999999, "Education_Prop": 7.3643410000000005, "Work_Prop": 42.471443, "Peace_Prop": 0.5988020000000001, "Participation_Prop": 81.192661, "SocialProtection_Prop": 98.088685, "Environment_Prop": 0.700824, "shelter_electricity": 14.07185629, "health_center_attendance": 14.77941176, "work_farms": 26.35379061, "work_unskilled": 44.0433213, "health_programs": 28.14371257, "sp_philhealth": 28.14371257, "water_toilet": 26.34730539, "shelter_makeshift_nhts": 9.431137725, "food_malnourished": "", "health_child_death": "", "health_maternal_death": "", "he_flood": 0.0, "he_volcano": 0.0, "he_landslide": 0.001056, "he_earthquake": 0.0}, "PH061916010": {"Water_Prop": 14.964789000000001, "Food_Prop": 40.434783, "Shelter_Prop": 0.352113, "Health_Prop": 13.073210000000001, "Education_Prop": 6.837607000000001, "Work_Prop": 43.24471, "Peace_Prop": 5.985915, "Participation_Prop": 90.052356, "SocialProtection_Prop": 97.422473, "Environment_Prop": 0.02119, "shelter_electricity": 11.97183099, "health_center_attendance": 13.07320998, "work_farms": 15.583174, "work_unskilled": 43.30783939, "health_programs": 33.09859155, "sp_philhealth": 33.09859155, "water_toilet": 26.93661972, "shelter_makeshift_nhts": 8.450704225, "food_malnourished": "", "health_child_death": "", "health_maternal_death": "", "he_flood": 0.0, "he_volcano": 0.0, "he_landslide": 0.0, "he_earthquake": 0.0}, "PH061916011": {"Water_Prop": 74.271845, "Food_Prop": 100.0, "Shelter_Prop": 0.485437, "Health_Prop": 16.591928, "Education_Prop": 2.702703, "Work_Prop": 43.024963, "Peace_Prop": 7.281553, "Participation_Prop": 87.845304, "SocialProtection_Prop": 96.79558, "Environment_Prop": 1.1439780000000002, "shelter_electricity": 13.59223301, "health_center_attendance": 16.59192825, "work_farms": 16.75257732, "work_unskilled": 49.22680412, "health_programs": 21.3592233, "sp_philhealth": 21.3592233, "water_toilet": 42.23300971,