{"PH060405001": {"Water_Prop": 34.756098, "Food_Prop": "", "Shelter_Prop": 0.9146340000000001, "Health_Prop": 72.972973, "Education_Prop": 5.198777, "Work_Prop": 52.951389, "Peace_Prop": 19.817073, "Participation_Prop": "", "SocialProtection_Prop": 97.834991, "Environment_Prop": 0.168445, "shelter_electricity": 4.87804878, "health_center_attendance": 72.97297297, "work_farms": 29.88929889, "work_unskilled": 22.69372694, "health_programs": 23.7804878, "sp_philhealth": 23.7804878, "water_toilet": 1.219512195, "shelter_makeshift_nhts": 15.54878049, "food_malnourished": "", "health_child_death": "", "health_maternal_death": "", "he_flood": 0.0, "he_volcano": 0.0, "he_landslide": 0.000264, "he_earthquake": 0.0}, "PH060405002": {"Water_Prop": 45.081967, "Food_Prop": 72.88135600000001, "Shelter_Prop": 1.229508, "Health_Prop": 76.076994, "Education_Prop": 5.0691239999999995, "Work_Prop": 48.684211, "Peace_Prop": 10.655738000000001, "Participation_Prop": "", "SocialProtection_Prop": 98.666667, "Environment_Prop": 0.054139, "shelter_electricity": 7.786885246000001, "health_center_attendance": 76.07699358, "work_farms": 18.20512821, "work_unskilled": 20.25641026, "health_programs": 25.81967213, "sp_philhealth": 25.81967213, "water_toilet": 3.278688525, "shelter_makeshift_nhts": 17.82786885, "food_malnourished": "", "health_child_death": "", "health_maternal_death": "", "he_flood": 0.0, "he_volcano": 0.0, "he_landslide": 0.002639, "he_earthquake": 0.0}, "PH060405003": {"Water_Prop": 39.574467999999996, "Food_Prop": 66.666667, "Shelter_Prop": 0.0, "Health_Prop": 44.411178, "Education_Prop": 7.7380949999999995, "Work_Prop": 58.78187, "Peace_Prop": 15.744681, "Participation_Prop": "", "SocialProtection_Prop": 98.341014, "Environment_Prop": 0.29653, "shelter_electricity": 7.659574468, "health_center_attendance": 44.41117764, "work_farms": 19.93127148, "work_unskilled": 25.08591065, "health_programs": 51.91489362, "sp_philhealth": 51.91489362, "water_toilet": 3.404255319, "shelter_makeshift_nhts": 5.319148936, "food_malnourished": "", "health_child_death": "", "health_maternal_death": "", "he_flood": 0.0, "he_volcano": 0.0, "he_landslide": 0.000792, "he_earthquake": 0.0}, "PH060405004": {"Water_Prop": 53.191489000000004, "Food_Prop": 100.0, "Shelter_Prop": 0.0, "Health_Prop": 75.474684, "Education_Prop": 3.311258, "Work_Prop": 52.447552, "Peace_Prop": 17.730496, "Participation_Prop": "", "SocialProtection_Prop": 97.922438, "Environment_Prop": 17.403786, "shelter_electricity": 5.673758865, "health_center_attendance": 75.47468354, "work_farms": 22.54901961, "work_unskilled": 36.76470588, "health_programs": 36.17021277, "sp_philhealth": 36.17021277, "water_toilet": 2.127659574, "shelter_makeshift_nhts": 23.04964539, "food_malnourished": "", "health_child_death": "", "health_maternal_death": "", "he_flood": 0.0, "he_volcano": 0.0, "he_landslide": 0.000792, "he_earthquake": 0.0}, "PH060405005": {"Water_Prop": 62.711864, "Food_Prop": 54.651163000000004, "Shelter_Prop": 1.6949150000000002, "Health_Prop": 51.838671000000005, "Education_Prop": 5.022831, "Work_Prop": 51.171875, "Peace_Prop": 23.728814, "Participation_Prop": "", "SocialProtection_Prop": 98.41269799999999, "Environment_Prop": 0.311515, "shelter_electricity": 10.73446328, "health_center_attendance": 51.83867141, "work_farms": 30.0, "work_unskilled": 32.0, "health_programs": 36.72316384, "sp_philhealth": 36.72316384, "water_toilet": 4.519774011, "shelter_makeshift_nhts": 4.519774011, "food_malnourished": "", "health_child_death": "", "health_maternal_death": "", "he_flood": 0.0, "he_volcano": 0.0, "he_landslide": 0.000792, "he_earthquake": 0.0}, "PH060405006": {"Water_Prop": 64.56310699999999, "Food_Prop": 29.487178999999998, "Shelter_Prop": 1.4563110000000001, "Health_Prop": 71.66494300000001, "Education_Prop": 4.700855000000001, "Work_Prop": 49.196141, "Peace_Prop": 7.281553, "Participation_Prop": "", "SocialProtection_Prop": 98.517873, "Environment_Prop": 0.584227, "shelter_electricity": 9.708737864, "health_center_attendance": 71.66494312, "work_farms": 29.11392405, "work_unskilled": 27.53164557, "health_programs": 26.69902913, "sp_philhealth": 26.69902913, "water_toilet": 1.45631068, "shelter_makeshift_nhts": 23.30097087, "food_malnourished": "", "health_child_death": "", "health_maternal_death": "", "he_flood": 0.0, "he_volcano": 0.0, "he_landslide": 0.001056, "he_earthquake": 0.0}, "PH060405007": {"Water_Prop": 29.516539, "Food_Prop": 19.767442000000003, "Shelter_Prop": 0.5089060000000001, "Health_Prop": 65.777526, "Education_Prop": 3.8356160000000004, "Work_Prop": 54.490501, "Peace_Prop": 20.610687, "Participation_Prop": "", "SocialProtection_Prop": 98.756757, "Environment_Prop": 0.5716680000000001, "shelter_electricity": 4.580152672, "health_center_attendance": 65.77752554, "work_farms": 20.11385199, "work_unskilled": 32.0683112, "health_programs": 34.35114504, "sp_philhealth": 34.35114504, "water_toilet": 2.03562341, "shelter_makeshift_nhts": 14.75826972, "food_malnourished": "", "health_child_death": "", "health_maternal_death": "", "he_flood": 0.0, "he_volcano": 0.0, "he_landslide": 0.000264, "he_earthquake": 0.0}, "PH060405008": {"Water_Prop": 12.207792, "Food_Prop": 89.13043499999999, "Shelter_Prop": 0.779221, "Health_Prop": 71.624588, "Education_Prop": 1.861702, "Work_Prop": 49.802059, "Peace_Prop": 6.493506, "Participation_Prop": "", "SocialProtection_Prop": 98.454636, "Environment_Prop": 0.8638530000000001, "shelter_electricity": 12.72727273, "health_center_attendance": 71.62458836, "work_farms": 18.13880126, "work_unskilled": 24.60567823, "health_programs": 20.77922078, "sp_philhealth": 20.77922078, "water_toilet": 0.7792207790000001, "shelter_makeshift_nhts": 12.98701299, "food_malnourished": "", "health_child_death": "", "health_maternal_death": "", "he_flood": 0.0, "he_volcano": 0.0, "he_landslide": 0.000792, "he_earthquake": 0.0}, "PH060405009": {"Water_Prop": 56.61156999999999, "Food_Prop": 45.945946, "Shelter_Prop": 0.41322299999999995, "Health_Prop": 73.547094, "Education_Prop": 8.76494, "Work_Prop": 50.387597, "Peace_Prop": 23.140496, "Participation_Prop": "", "SocialProtection_Prop": 98.82459300000001, "Environment_Prop": 0.39179400000000003, "shelter_electricity": 4.132231405, "health_center_attendance": 73.54709419, "work_farms": 17.1875, "work_unskilled": 38.4375, "health_programs": 24.79338843, "sp_philhealth": 24.79338843, "water_toilet": 1.652892562, "shelter_makeshift_nhts": 20.24793388, "food_malnourished": "", "health_child_death": "", "health_maternal_death": "", "he_flood": 0.0, "he_volcano": 0.0, "he_landslide": 0.000792, "he_earthquake": 0.0}, "PH060405010": {"Water_Prop": 35.928144, "Food_Prop": 50.0, "Shelter_Prop": 0.29940100000000003, "Health_Prop": 76.213301, "Education_Prop": 5.301205, "Work_Prop": 49.952426, "Peace_Prop": 11.077844, "Participation_Prop": "", "SocialProtection_Prop": 99.271971, "Environment_Prop": 1.446174, "shelter_electricity": 12.2754491, "health_center_attendance": 76.21330138, "work_farms": 25.47528517, "work_unskilled": 33.26996198, "health_programs": 32.93413174, "sp_philhealth": 32.93413174, "water_toilet": 2.095808383, "shelter_makeshift_nhts": 24.850299399999997, "food_malnourished": "", "health_child_death": "", "health_maternal_death": "", "he_flood": 0.0, "he_volcano": 0.0, "he_landslide": 0.001056, "he_earthquake": 0.0}, "PH060405011": {"Water_Prop": 47.265625, "Food_Prop": 95.652174, "Shelter_Prop": 0.78125, "Health_Prop": 74.95711800000001, "Education_Prop": 3.8461540000000003, "Work_Prop": 44.094488, "Peace_Prop": 14.0625, "Participation_Prop": "", "SocialProtection_Prop": 99.072513, "Environment_Prop": 0.617146, "shelter_electricity": 11.71875, "health_center_attendance": 74.95711835, "work_farms": 17.84037559, "work_unskilled": 41.78403756, "health_programs": 29.6875, "sp_philhealth": 29.6875, "water_toilet": 3.515625, "shelter_makeshift_nhts": 17.1875, "food_malnourished": "", "health_child_death": "", "health_maternal_death": "",