{"PH064530001": {"Water_Prop": 1.750973, "Food_Prop": 13.861385999999998, "Shelter_Prop": 7.976653999999999, "Health_Prop": 58.007449, "Education_Prop": 5.275779, "Work_Prop": 39.959839, "Peace_Prop": 0.7782100000000001, "Participation_Prop": 88.20037099999999, "SocialProtection_Prop": 97.996289, "Environment_Prop": 1.9087490000000003, "shelter_electricity": 6.614785992000001, "health_center_attendance": 58.00744879, "work_farms": 12.93199554, "work_unskilled": 54.18060201, "health_programs": 57.00389105, "sp_philhealth": 57.00389105, "water_toilet": 3.501945525, "shelter_makeshift_nhts": 6.322957197999999, "food_malnourished": "", "health_child_death": "", "health_maternal_death": "", "he_flood": "", "he_volcano": "", "he_landslide": "", "he_earthquake": ""}, "PH064530002": {"Water_Prop": 10.963455, "Food_Prop": 29.72973, "Shelter_Prop": 7.641196000000001, "Health_Prop": 55.564716000000004, "Education_Prop": 5.907173, "Work_Prop": 44.795322, "Peace_Prop": 0.9966780000000001, "Participation_Prop": 84.109149, "SocialProtection_Prop": 97.752809, "Environment_Prop": 1.817119, "shelter_electricity": 12.95681063, "health_center_attendance": 55.56471558, "work_farms": 8.262711864, "work_unskilled": 62.92372881, "health_programs": 62.12624585, "sp_philhealth": 62.12624585, "water_toilet": 16.27906977, "shelter_makeshift_nhts": 8.305647841, "food_malnourished": "", "health_child_death": "", "health_maternal_death": "", "he_flood": "", "he_volcano": "", "he_landslide": "", "he_earthquake": ""}, "PH064530003": {"Water_Prop": 8.064516000000001, "Food_Prop": 9.523810000000001, "Shelter_Prop": 1.7921150000000001, "Health_Prop": 93.880208, "Education_Prop": 4.716981, "Work_Prop": 50.19685, "Peace_Prop": 0.0, "Participation_Prop": 94.188034, "SocialProtection_Prop": 98.376068, "Environment_Prop": 16.517569, "shelter_electricity": 9.318996416000001, "health_center_attendance": 93.88020833, "work_farms": 18.44532279, "work_unskilled": 53.35968379, "health_programs": 70.96774194, "sp_philhealth": 70.96774194, "water_toilet": 4.301075269, "shelter_makeshift_nhts": 10.84229391, "food_malnourished": "", "health_child_death": "", "health_maternal_death": "", "he_flood": "", "he_volcano": "", "he_landslide": "", "he_earthquake": ""}, "PH064530004": {"Water_Prop": 13.445378, "Food_Prop": 25.263157999999997, "Shelter_Prop": 7.983192999999999, "Health_Prop": 53.974484999999994, "Education_Prop": 7.8048779999999995, "Work_Prop": 45.454545, "Peace_Prop": 0.8403360000000001, "Participation_Prop": 73.477812, "SocialProtection_Prop": 98.968008, "Environment_Prop": 1.736245, "shelter_electricity": 7.983193277000001, "health_center_attendance": 53.97448479, "work_farms": 11.11111111, "work_unskilled": 70.10582011, "health_programs": 53.78151261, "sp_philhealth": 53.78151261, "water_toilet": 14.70588235, "shelter_makeshift_nhts": 4.831932773, "food_malnourished": "", "health_child_death": "", "health_maternal_death": "", "he_flood": "", "he_volcano": "", "he_landslide": "", "he_earthquake": ""}, "PH064530005": {"Water_Prop": 5.3333330000000005, "Food_Prop": 9.459458999999999, "Shelter_Prop": 5.3333330000000005, "Health_Prop": 64.035088, "Education_Prop": 5.28169, "Work_Prop": 39.809296999999994, "Peace_Prop": 0.666667, "Participation_Prop": 92.13217900000001, "SocialProtection_Prop": 98.819827, "Environment_Prop": 0.493472, "shelter_electricity": 5.666666667, "health_center_attendance": 64.03508772, "work_farms": 13.66336634, "work_unskilled": 59.40594059, "health_programs": 47.0, "sp_philhealth": 47.0, "water_toilet": 4.666666667, "shelter_makeshift_nhts": 3.166666667, "food_malnourished": "", "health_child_death": "", "health_maternal_death": "", "he_flood": "", "he_volcano": "", "he_landslide": "", "he_earthquake": ""}, "PH064530006": {"Water_Prop": 2.45023, "Food_Prop": 0.0, "Shelter_Prop": 5.053599, "Health_Prop": 79.647676, "Education_Prop": 4.243542, "Work_Prop": 43.859649, "Peace_Prop": 1.225115, "Participation_Prop": 94.086339, "SocialProtection_Prop": 98.43288000000001, "Environment_Prop": 22.570496, "shelter_electricity": 7.044410413, "health_center_attendance": 79.64767616, "work_farms": 16.38257576, "work_unskilled": 42.04545455, "health_programs": 51.60796325, "sp_philhealth": 51.60796325, "water_toilet": 4.287901991, "shelter_makeshift_nhts": 5.359877489, "food_malnourished": "", "health_child_death": "", "health_maternal_death": "", "he_flood": "", "he_volcano": "", "he_landslide": "", "he_earthquake": ""}, "PH064530007": {"Water_Prop": 16.071429000000002, "Food_Prop": 0.0, "Shelter_Prop": 8.333333, "Health_Prop": 63.065693, "Education_Prop": 0.8620690000000001, "Work_Prop": 43.838384000000005, "Peace_Prop": 1.190476, "Participation_Prop": 89.375, "SocialProtection_Prop": 97.875, "Environment_Prop": 1.440002, "shelter_electricity": 11.30952381, "health_center_attendance": 63.06569343, "work_farms": 10.07194245, "work_unskilled": 54.67625899, "health_programs": 54.16666667, "sp_philhealth": 54.16666667, "water_toilet": 15.47619048, "shelter_makeshift_nhts": 2.976190476, "food_malnourished": "", "health_child_death": "", "health_maternal_death": "", "he_flood": "", "he_volcano": "", "he_landslide": "", "he_earthquake": ""}, "PH064530008": {"Water_Prop": 7.522124000000001, "Food_Prop": 63.333332999999996, "Shelter_Prop": 4.424779, "Health_Prop": 48.580442, "Education_Prop": 3.208556, "Work_Prop": 49.847561, "Peace_Prop": 0.884956, "Participation_Prop": 85.128694, "SocialProtection_Prop": 98.57006700000001, "Environment_Prop": 1.361928, "shelter_electricity": 7.522123894, "health_center_attendance": 48.58044164, "work_farms": 6.079027356, "work_unskilled": 69.60486322, "health_programs": 54.86725664, "sp_philhealth": 54.86725664, "water_toilet": 2.654867257, "shelter_makeshift_nhts": 3.318584071, "food_malnourished": "", "health_child_death": "", "health_maternal_death": "", "he_flood": "", "he_volcano": "", "he_landslide": "", "he_earthquake": ""}, "PH064530010": {"Water_Prop": 20.227273, "Food_Prop": "", "Shelter_Prop": 11.136364, "Health_Prop": 60.940918999999994, "Education_Prop": 7.6315789999999994, "Work_Prop": 42.270531, "Peace_Prop": 0.227273, "Participation_Prop": 89.580318, "SocialProtection_Prop": 98.16690799999999, "Environment_Prop": 0.509524, "shelter_electricity": 7.954545455, "health_center_attendance": 60.94091904, "work_farms": 9.205020921000001, "work_unskilled": 61.92468619, "health_programs": 59.09090909, "sp_philhealth": 59.09090909, "water_toilet": 3.1818181819999998, "shelter_makeshift_nhts": 5.227272727, "food_malnourished": "", "health_child_death": "", "health_maternal_death": "", "he_flood": "", "he_volcano": "", "he_landslide": "", "he_earthquake": ""}, "PH064530011": {"Water_Prop": 7.2018889999999995, "Food_Prop": 72.38095200000001, "Shelter_Prop": 6.375443, "Health_Prop": 73.15634200000001, "Education_Prop": 3.367496, "Work_Prop": 41.30809, "Peace_Prop": 0.354191, "Participation_Prop": 95.61753, "SocialProtection_Prop": 97.901726, "Environment_Prop": 17.651776, "shelter_electricity": 4.840613932, "health_center_attendance": 73.15634218, "work_farms": 14.14956012, "work_unskilled": 52.27272727, "health_programs": 64.58087367, "sp_philhealth": 64.58087367, "water_toilet": 7.674144038, "shelter_makeshift_nhts": 6.198347107000001, "food_malnourished": "", "health_child_death": "", "health_maternal_death": "", "he_flood": "", "he_volcano": "", "he_landslide": "", "he_earthquake": ""}, "PH064530012": {"Water_Prop": 13.907285, "Food_Prop": 0.0, "Shelter_Prop": 4.856512, "Health_Prop": 65.861345, "Education_Prop": 3.6407769999999995, "Work_Prop": 39.626866, "Peace_Prop": 0.44150100000000003, "Participation_Prop": 90.485344, "SocialProtection_Prop": 98.270062, "Environment_Prop": 4.603838, "shelter_electricity": 7.505518764, "health_center_attendance": 65.86134454, "work_farms": 8.405438813, "work_unskilled": 63.78244747, "health_programs": 56.29139073, "sp_philhealth": 56.29139073, "water_toilet": 7.284768212,