{"PH060411001": {"water_access": 37.686567, "food_tenure": 80.434783, "shelter_informal_settlers_nhts": 3.731343, "health_center_attendance": 63.5, "educ_outofschool_all": 12.949639999999999, "work_unemployment": 52.777778000000005, "po_conflict": 16.791045, "participation_assembly_attendance": 91.038154, "sp_sss": 0.44365600000000427, "he_risk": 0.954191, "shelter_electricity": 16.41791045, "health_center_attendance.1": 63.5, "work_farms": 19.51871658, "work_unskilled": 52.13903743, "health_programs": 43.65671642, "sp_philhealth": 56.34328358, "water_toilet": 60.82089552, "shelter_makeshift_nhts": 12.12686567, "food_malnourished": "", "health_child_death": "", "health_maternal_death": "", "he_flood": 0.0, "he_volcano": 0.0, "he_landslide": 0.000528, "he_earthquake": 0.0, "name": "Agbalogo"}, "PH060411002": {"water_access": 17.647059, "food_tenure": 41.666667, "shelter_informal_settlers_nhts": 3.9215690000000003, "health_center_attendance": 67.44185999999999, "educ_outofschool_all": 7.017544, "work_unemployment": 51.182796, "po_conflict": 9.803922, "participation_assembly_attendance": 79.712747, "sp_sss": 2.154398999999998, "he_risk": 0.664237, "shelter_electricity": 11.11111111, "health_center_attendance.1": 67.44186047, "work_farms": 19.82378855, "work_unskilled": 37.00440529, "health_programs": 50.98039216, "sp_philhealth": 49.01960784, "water_toilet": 29.41176471, "shelter_makeshift_nhts": 6.8627450979999995, "food_malnourished": "", "health_child_death": "", "health_maternal_death": "", "he_flood": 0.0, "he_volcano": 0.0, "he_landslide": 0.0, "he_earthquake": 0.0, "name": "Aglucay"}, "PH060411003": {"water_access": 20.27972, "food_tenure": 0.0, "shelter_informal_settlers_nhts": 4.895105, "health_center_attendance": 52.388535, "educ_outofschool_all": 4.8, "work_unemployment": 48.630137, "po_conflict": 32.167832000000004, "participation_assembly_attendance": 81.279251, "sp_sss": 3.2761310000000066, "he_risk": 0.37890799999999997, "shelter_electricity": 4.195804196, "health_center_attendance.1": 52.38853503, "work_farms": 19.55555556, "work_unskilled": 34.22222222, "health_programs": 55.94405594, "sp_philhealth": 44.05594406, "water_toilet": 11.88811189, "shelter_makeshift_nhts": 5.244755245, "food_malnourished": "", "health_child_death": "", "health_maternal_death": "", "he_flood": 0.0, "he_volcano": 0.0, "he_landslide": 0.0, "he_earthquake": 0.0, "name": "Alibagon"}, "PH060411004": {"water_access": 62.937063, "food_tenure": 32.0, "shelter_informal_settlers_nhts": 7.692308000000001, "health_center_attendance": 57.827476000000004, "educ_outofschool_all": 10.526316, "work_unemployment": 39.408867, "po_conflict": 16.083916000000002, "participation_assembly_attendance": 73.71663199999999, "sp_sss": 1.4373719999999963, "he_risk": 0.580554, "shelter_electricity": 79.72027972, "health_center_attendance.1": 57.82747604, "work_farms": 30.08130081, "work_unskilled": 28.04878049, "health_programs": 34.96503497, "sp_philhealth": 65.03496503, "water_toilet": 34.26573427, "shelter_makeshift_nhts": 11.53846154, "food_malnourished": "", "health_child_death": "", "health_maternal_death": "", "he_flood": 0.0, "he_volcano": 0.0, "he_landslide": 0.000528, "he_earthquake": 0.0, "name": "Bagong Barrio"}, "PH060411005": {"water_access": 57.665904000000005, "food_tenure": 100.0, "shelter_informal_settlers_nhts": 3.203661, "health_center_attendance": 67.753439, "educ_outofschool_all": 8.403361, "work_unemployment": 51.499634, "po_conflict": 17.84897, "participation_assembly_attendance": 94.126143, "sp_sss": 2.359172000000001, "he_risk": 0.09501799999999999, "shelter_electricity": 5.949656751, "health_center_attendance.1": 67.75343861, "work_farms": 29.41176471, "work_unskilled": 33.63499246, "health_programs": 51.71624714, "sp_philhealth": 48.28375286, "water_toilet": 13.04347826, "shelter_makeshift_nhts": 6.1784897029999994, "food_malnourished": "", "health_child_death": "", "health_maternal_death": "", "he_flood": 0.0, "he_volcano": 0.0, "he_landslide": 0.0, "he_earthquake": 0.0, "name": "Baybay"}, "PH060411006": {"water_access": 15.648855, "food_tenure": 96.296296, "shelter_informal_settlers_nhts": 7.251908, "health_center_attendance": 66.83717, "educ_outofschool_all": 5.263158, "work_unemployment": 53.956835, "po_conflict": 8.396947, "participation_assembly_attendance": 86.35634, "sp_sss": 1.7656499999999937, "he_risk": 2.3816490000000003, "shelter_electricity": 10.6870229, "health_center_attendance.1": 66.83716965, "work_farms": 26.30208333, "work_unskilled": 32.8125, "health_programs": 57.63358779, "sp_philhealth": 42.36641221, "water_toilet": 27.86259542, "shelter_makeshift_nhts": 6.106870229, "food_malnourished": "", "health_child_death": "", "health_maternal_death": "", "he_flood": 0.0, "he_volcano": 0.0, "he_landslide": 0.0, "he_earthquake": 0.0, "name": "Cabatanga"}, "PH060411007": {"water_access": 29.761905, "food_tenure": 90.0, "shelter_informal_settlers_nhts": 4.047619, "health_center_attendance": 67.482517, "educ_outofschool_all": 3.5031849999999998, "work_unemployment": 52.159739, "po_conflict": 5.714286, "participation_assembly_attendance": 87.759336, "sp_sss": 3.3886579999999924, "he_risk": 1.042457, "shelter_electricity": 8.80952381, "health_center_attendance.1": 67.48251748, "work_farms": 9.880749574, "work_unskilled": 46.33730835, "health_programs": 54.52380952, "sp_philhealth": 45.47619048, "water_toilet": 20.71428571, "shelter_makeshift_nhts": 4.285714286, "food_malnourished": "", "health_child_death": "", "health_maternal_death": "", "he_flood": 0.0, "he_volcano": 0.0, "he_landslide": 0.0, "he_earthquake": 0.0, "name": "Cajilo"}, "PH060411008": {"water_access": 12.771739, "food_tenure": 20.0, "shelter_informal_settlers_nhts": 1.630435, "health_center_attendance": 59.38443, "educ_outofschool_all": 6.703911, "work_unemployment": 50.940018, "po_conflict": 11.413043, "participation_assembly_attendance": 92.478134, "sp_sss": 1.924198000000004, "he_risk": 17.763223, "shelter_electricity": 8.695652174, "health_center_attendance.1": 59.38442969, "work_farms": 19.89051095, "work_unskilled": 32.66423358, "health_programs": 46.19565217, "sp_philhealth": 53.80434783, "water_toilet": 8.967391304, "shelter_makeshift_nhts": 6.25, "food_malnourished": "", "health_child_death": "", "health_maternal_death": "", "he_flood": 0.0, "he_volcano": 0.0, "he_landslide": 0.0, "he_earthquake": 0.0, "name": "Calangcang"}, "PH060411009": {"water_access": 13.921114000000001, "food_tenure": 86.486486, "shelter_informal_settlers_nhts": 0.464037, "health_center_attendance": 39.760999, "educ_outofschool_all": 5.641026, "work_unemployment": 51.617995, "po_conflict": 9.74478, "participation_assembly_attendance": 93.423598, "sp_sss": 1.692456000000007, "he_risk": 17.136941, "shelter_electricity": 8.352668213, "health_center_attendance.1": 39.76099946, "work_farms": 18.59706362, "work_unskilled": 48.450244700000006, "health_programs": 48.25986079, "sp_philhealth": 51.74013921, "water_toilet": 27.37819026, "shelter_makeshift_nhts": 4.524361948999999, "food_malnourished": "", "health_child_death": "", "health_maternal_death": "", "he_flood": 0.0, "he_volcano": 0.0, "he_landslide": 0.0, "he_earthquake": 0.0, "name": "Calimbajan"}, "PH060411010": {"water_access": 45.728643, "food_tenure": 64.0, "shelter_informal_settlers_nhts": 3.517588, "health_center_attendance": 64.80686700000001, "educ_outofschool_all": 8.018868, "work_unemployment": 50.0, "po_conflict": 10.050251, "participation_assembly_attendance": 89.435146, "sp_sss": 1.7782430000000033, "he_risk": 1.154034, "shelter_electricity": 16.58291457, "health_center_attendance.1": 64.80686695, "work_farms": 23.30097087, "work_unskilled": 46.27831715, "health_programs": 46.23115578, "sp_philhealth": 53.76884422, "water_toilet": 34.67336683, "shelter_makeshift_nhts": 7.2864321610000005, "food_malnourished": "", "health_child_death": "", "health_maternal_death": "", "he_flood": 0.0, "he_volcano": 0.0, "he_landslide": 0.000528,