{"PH063036001": {"water_access": 7.7922080000000005, "food_tenure": 100.0, "shelter_informal_settlers_nhts": 16.883117000000002, "health_center_attendance": 99.120235, "educ_outofschool_all": 38.80597, "work_unemployment": 48.75, "po_conflict": 0.0, "participation_assembly_attendance": 97.31647099999999, "sp_sss": 96.206046, "he_risk": 29.408494, "shelter_electricity": 14.28571429, "health_center_attendance.1": 99.12023459999999, "work_farms": 5.691056911, "work_unskilled": 38.21138211, "health_programs": 63.63636364, "sp_philhealth": 63.63636364, "water_toilet": 3.896103896, "shelter_makeshift_nhts": 5.844155843999999, "food_malnourished": "", "health_child_death": "", "health_maternal_death": "", "he_flood": 0.0, "he_volcano": 0.0, "he_landslide": 0.0, "he_earthquake": 0.0, "name": "Aganan"}, "PH063036002": {"water_access": 8.108108, "food_tenure": 20.714285999999998, "shelter_informal_settlers_nhts": 2.027027, "health_center_attendance": 99.486301, "educ_outofschool_all": 41.762452, "work_unemployment": 46.701846999999994, "po_conflict": 0.0, "participation_assembly_attendance": 89.664253, "sp_sss": 98.420013, "he_risk": 6.6905779999999995, "shelter_electricity": 9.797297297, "health_center_attendance.1": 99.48630137, "work_farms": 11.13861386, "work_unskilled": 50.49504951, "health_programs": 62.83783784, "sp_philhealth": 62.83783784, "water_toilet": 4.391891892, "shelter_makeshift_nhts": 1.351351351, "food_malnourished": "", "health_child_death": "", "health_maternal_death": "", "he_flood": 0.0, "he_volcano": 0.0, "he_landslide": 0.0, "he_earthquake": 0.0, "name": "Amparo"}, "PH063036003": {"water_access": 6.938776, "food_tenure": "", "shelter_informal_settlers_nhts": 4.489796, "health_center_attendance": 61.618062, "educ_outofschool_all": 6.018519, "work_unemployment": 48.413793, "po_conflict": 4.081633, "participation_assembly_attendance": 97.652582, "sp_sss": 97.652582, "he_risk": 13.536204000000001, "shelter_electricity": 12.65306122, "health_center_attendance.1": 61.61806209, "work_farms": 3.20855615, "work_unskilled": 56.4171123, "health_programs": 24.08163265, "sp_philhealth": 24.08163265, "water_toilet": 4.489795918, "shelter_makeshift_nhts": 4.285714286, "food_malnourished": "", "health_child_death": "", "health_maternal_death": "", "he_flood": 0.0, "he_volcano": 0.0, "he_landslide": 0.0, "he_earthquake": 0.0, "name": "Anilao"}, "PH063036004": {"water_access": 3.047619, "food_tenure": 25.0, "shelter_informal_settlers_nhts": 1.714286, "health_center_attendance": 88.056507, "educ_outofschool_all": 24.952381, "work_unemployment": 48.015873, "po_conflict": 1.714286, "participation_assembly_attendance": 99.455278, "sp_sss": 96.65540899999999, "he_risk": 13.033037, "shelter_electricity": 5.1428571430000005, "health_center_attendance.1": 88.05650685, "work_farms": 1.7811704830000001, "work_unskilled": 50.12722646, "health_programs": 53.9047619, "sp_philhealth": 53.9047619, "water_toilet": 2.285714286, "shelter_makeshift_nhts": 2.19047619, "food_malnourished": "", "health_child_death": "", "health_maternal_death": "", "he_flood": 0.0, "he_volcano": 0.0, "he_landslide": 0.0, "he_earthquake": 0.0, "name": "Balabag"}, "PH063036005": {"water_access": 3.4482760000000003, "food_tenure": 100.0, "shelter_informal_settlers_nhts": 2.7586209999999998, "health_center_attendance": 71.040724, "educ_outofschool_all": 1.398601, "work_unemployment": 51.859956, "po_conflict": 3.4482760000000003, "participation_assembly_attendance": 94.42970799999999, "sp_sss": 97.015915, "he_risk": 10.167753999999999, "shelter_electricity": 6.206896552000001, "health_center_attendance.1": 71.04072398, "work_farms": 4.545454545, "work_unskilled": 45.90909091, "health_programs": 26.89655172, "sp_philhealth": 26.89655172, "water_toilet": 2.068965517, "shelter_makeshift_nhts": 1.379310345, "food_malnourished": "", "health_child_death": "", "health_maternal_death": "", "he_flood": 0.0, "he_volcano": 0.0, "he_landslide": 0.0, "he_earthquake": 0.0, "name": "Purok I (Pob.)"}, "PH063036006": {"water_access": 3.8759690000000004, "food_tenure": 0.0, "shelter_informal_settlers_nhts": 4.6511629999999995, "health_center_attendance": 56.37931, "educ_outofschool_all": 4.511278, "work_unemployment": 48.5, "po_conflict": 6.976744, "participation_assembly_attendance": 95.500562, "sp_sss": 96.794151, "he_risk": 21.177739000000003, "shelter_electricity": 5.426356589, "health_center_attendance.1": 56.37931034, "work_farms": 0.970873786, "work_unskilled": 39.80582524, "health_programs": 25.58139535, "sp_philhealth": 25.58139535, "water_toilet": 4.651162791, "shelter_makeshift_nhts": 3.488372093, "food_malnourished": "", "health_child_death": "", "health_maternal_death": "", "he_flood": 0.0, "he_volcano": 0.0, "he_landslide": 0.0, "he_earthquake": 0.0, "name": "Purok II (Pob.)"}, "PH063036007": {"water_access": 2.419355, "food_tenure": 33.333333, "shelter_informal_settlers_nhts": 4.032258000000001, "health_center_attendance": 55.677656000000006, "educ_outofschool_all": 6.363636, "work_unemployment": 43.859649, "po_conflict": 8.870968, "participation_assembly_attendance": 90.408674, "sp_sss": 97.331109, "he_risk": 9.915921, "shelter_electricity": 4.032258065, "health_center_attendance.1": 55.67765568, "work_farms": 2.6785714290000002, "work_unskilled": 31.69642857, "health_programs": 30.64516129, "sp_philhealth": 30.64516129, "water_toilet": 2.419354839, "shelter_makeshift_nhts": 0.806451613, "food_malnourished": "", "health_child_death": "", "health_maternal_death": "", "he_flood": 0.0, "he_volcano": 0.0, "he_landslide": 0.0, "he_earthquake": 0.0, "name": "Purok III (Pob.)"}, "PH063036008": {"water_access": 2.898551, "food_tenure": 100.0, "shelter_informal_settlers_nhts": 2.898551, "health_center_attendance": 68.743287, "educ_outofschool_all": 3.365385, "work_unemployment": 47.368421000000005, "po_conflict": 2.415459, "participation_assembly_attendance": 96.810934, "sp_sss": 97.084282, "he_risk": 14.654326000000001, "shelter_electricity": 5.7971014489999995, "health_center_attendance.1": 68.74328679, "work_farms": 1.212121212, "work_unskilled": 50.0, "health_programs": 28.50241546, "sp_philhealth": 28.50241546, "water_toilet": 1.93236715, "shelter_makeshift_nhts": 1.93236715, "food_malnourished": "", "health_child_death": "", "health_maternal_death": "", "he_flood": 0.0, "he_volcano": 0.0, "he_landslide": 0.0, "he_earthquake": 0.0, "name": "Purok IV (Pob.)"}, "PH063036009": {"water_access": 4.889976, "food_tenure": 91.304348, "shelter_informal_settlers_nhts": 1.9559900000000001, "health_center_attendance": 67.740047, "educ_outofschool_all": 6.434316, "work_unemployment": 47.957371, "po_conflict": 8.557457000000001, "participation_assembly_attendance": 96.30102, "sp_sss": 97.831633, "he_risk": 6.4140440000000005, "shelter_electricity": 10.51344743, "health_center_attendance.1": 67.74004684, "work_farms": 19.79522184, "work_unskilled": 38.90784983, "health_programs": 27.62836186, "sp_philhealth": 27.62836186, "water_toilet": 4.645476773, "shelter_makeshift_nhts": 2.200488998, "food_malnourished": "", "health_child_death": "", "health_maternal_death": "", "he_flood": 0.0, "he_volcano": 0.0, "he_landslide": 0.0, "he_earthquake": 0.0, "name": "Cabugao Norte"}, "PH063036010": {"water_access": 14.171123000000001, "food_tenure": "", "shelter_informal_settlers_nhts": 2.139037, "health_center_attendance": 78.370098, "educ_outofschool_all": 5.471125, "work_unemployment": 51.341682, "po_conflict": 2.941176, "participation_assembly_attendance": 96.026261, "sp_sss": 96.924672, "he_risk": 25.797532999999998, "shelter_electricity": 10.42780749, "health_center_attendance.1": 78.37009804, "work_farms": 5.147058824, "work_unskilled": 49.44852941, "health_programs": 28.60962567, "sp_philhealth": 28.60962567, "water_toilet": 3.475935829, "shelter_makeshift_nhts": 2.272727273, "food_malnourished": "", "health_child_death": "", "health_maternal_death": "", "he_flood": 0.0, "he_volcano": 0.0, "he_landslide": 0.0,