{"PH074601001": {"Water_Prop": 6.241135, "Food_Prop": 6.6666669999999995, "Shelter_Prop": 12.056738000000001, "Health_Prop": 83.044667, "Education_Prop": 18.373072, "Work_Prop": 53.372834999999995, "Peace_Prop": 41.702128, "Participation_Prop": 96.977192, "SocialProtection_Prop": 98.07639499999999, "Environment_Prop": 22.645316, "shelter_electricity": 14.89361702, "health_center_attendance": 83.04466727, "work_farms": 15.93352884, "work_unskilled": 42.52199413, "health_programs": 59.57446809, "sp_philhealth": 59.57446809, "water_toilet": 1.134751773, "shelter_makeshift_nhts": 1.134751773, "food_malnourished": "", "health_child_death": "", "health_maternal_death": "", "he_flood": "", "he_volcano": "", "he_landslide": "", "he_earthquake": ""}, "PH074601002": {"Water_Prop": 9.122807, "Food_Prop": 18.088737, "Shelter_Prop": 1.754386, "Health_Prop": 70.029028, "Education_Prop": 7.177814, "Work_Prop": 41.087776, "Peace_Prop": 4.035088, "Participation_Prop": 95.823588, "SocialProtection_Prop": 98.39625799999999, "Environment_Prop": 1.349265, "shelter_electricity": 20.0, "health_center_attendance": 70.02902758, "work_farms": 25.59414991, "work_unskilled": 45.33820841, "health_programs": 55.96491228, "sp_philhealth": 55.96491228, "water_toilet": 2.280701754, "shelter_makeshift_nhts": 1.929824561, "food_malnourished": "", "health_child_death": "", "health_maternal_death": "", "he_flood": "", "he_volcano": "", "he_landslide": "", "he_earthquake": ""}, "PH074601003": {"Water_Prop": 4.86618, "Food_Prop": 17.567567999999998, "Shelter_Prop": 0.729927, "Health_Prop": 90.549451, "Education_Prop": 4.96124, "Work_Prop": 50.095602, "Peace_Prop": 21.046229, "Participation_Prop": 97.12395, "SocialProtection_Prop": 97.378468, "Environment_Prop": 21.437023, "shelter_electricity": 13.13868613, "health_center_attendance": 90.54945055, "work_farms": 19.61685824, "work_unskilled": 38.16091954, "health_programs": 62.04379562, "sp_philhealth": 62.04379562, "water_toilet": 0.8515815090000001, "shelter_makeshift_nhts": 0.729927007, "food_malnourished": "", "health_child_death": "", "health_maternal_death": "", "he_flood": "", "he_volcano": "", "he_landslide": "", "he_earthquake": ""}, "PH074601004": {"Water_Prop": 8.290155, "Food_Prop": "", "Shelter_Prop": 6.735751, "Health_Prop": 85.327314, "Education_Prop": 7.058824, "Work_Prop": 62.398703000000005, "Peace_Prop": 0.0, "Participation_Prop": 92.50646, "SocialProtection_Prop": 97.10594300000001, "Environment_Prop": 24.813566, "shelter_electricity": 17.61658031, "health_center_attendance": 85.32731377, "work_farms": 28.01724138, "work_unskilled": 13.36206897, "health_programs": 84.97409326, "sp_philhealth": 84.97409326, "water_toilet": 1.554404145, "shelter_makeshift_nhts": 3.626943005, "food_malnourished": "", "health_child_death": "", "health_maternal_death": "", "he_flood": "", "he_volcano": "", "he_landslide": "", "he_earthquake": ""}, "PH074601005": {"Water_Prop": 5.072464, "Food_Prop": "", "Shelter_Prop": 1.449275, "Health_Prop": 82.539683, "Education_Prop": 7.352941, "Work_Prop": 57.241379, "Peace_Prop": 15.942029000000002, "Participation_Prop": 90.333116, "SocialProtection_Prop": 96.930111, "Environment_Prop": 26.110716, "shelter_electricity": 18.11594203, "health_center_attendance": 82.53968254, "work_farms": 11.82795699, "work_unskilled": 43.01075269, "health_programs": 62.31884058, "sp_philhealth": 62.31884058, "water_toilet": 0.7246376809999999, "shelter_makeshift_nhts": 0.0, "food_malnourished": "", "health_child_death": "", "health_maternal_death": "", "he_flood": "", "he_volcano": "", "he_landslide": "", "he_earthquake": ""}, "PH074601006": {"Water_Prop": 10.220994000000001, "Food_Prop": 6.1946900000000005, "Shelter_Prop": 3.867403, "Health_Prop": 74.594257, "Education_Prop": 14.533965, "Work_Prop": 45.993662, "Peace_Prop": 3.176796, "Participation_Prop": 96.117582, "SocialProtection_Prop": 97.642818, "Environment_Prop": 1.349157, "shelter_electricity": 19.88950276, "health_center_attendance": 74.59425718, "work_farms": 32.69069573, "work_unskilled": 31.26571668, "health_programs": 67.81767956, "sp_philhealth": 67.81767956, "water_toilet": 2.624309392, "shelter_makeshift_nhts": 0.8287292820000001, "food_malnourished": "", "health_child_death": "", "health_maternal_death": "", "he_flood": "", "he_volcano": "", "he_landslide": "", "he_earthquake": ""}, "PH074601007": {"Water_Prop": 2.320186, "Food_Prop": 100.0, "Shelter_Prop": 3.712297, "Health_Prop": 90.114068, "Education_Prop": 9.943182, "Work_Prop": 60.550459, "Peace_Prop": 15.313225, "Participation_Prop": 94.389297, "SocialProtection_Prop": 97.496763, "Environment_Prop": 4.699523999999999, "shelter_electricity": 15.54524362, "health_center_attendance": 90.11406844, "work_farms": 11.62790698, "work_unskilled": 39.72868217, "health_programs": 54.75638051, "sp_philhealth": 54.75638051, "water_toilet": 0.928074246, "shelter_makeshift_nhts": 1.044083527, "food_malnourished": "", "health_child_death": "", "health_maternal_death": "", "he_flood": "", "he_volcano": "", "he_landslide": "", "he_earthquake": ""}, "PH074601008": {"Water_Prop": 0.953895, "Food_Prop": 50.0, "Shelter_Prop": 7.4721779999999995, "Health_Prop": 77.722063, "Education_Prop": 7.352941, "Work_Prop": 54.227405000000005, "Peace_Prop": 12.877583, "Participation_Prop": 96.516059, "SocialProtection_Prop": 97.114861, "Environment_Prop": 23.748832, "shelter_electricity": 13.99046105, "health_center_attendance": 77.72206304, "work_farms": 10.93418259, "work_unskilled": 27.07006369, "health_programs": 72.65500795, "sp_philhealth": 72.65500795, "water_toilet": 1.748807631, "shelter_makeshift_nhts": 1.430842607, "food_malnourished": "", "health_child_death": "", "health_maternal_death": "", "he_flood": "", "he_volcano": "", "he_landslide": "", "he_earthquake": ""}}