{"PH072216001": {"water_access": 52.968037, "food_tenure": 66.666667, "shelter_informal_settlers_nhts": 0.0, "health_center_attendance": 90.270812, "educ_outofschool_all": 3.553299, "work_unemployment": 24.714285999999998, "po_conflict": 13.69863, "participation_assembly_attendance": 98.015873, "sp_sss": 1.7857139999999987, "he_risk": 1.154173, "shelter_electricity": 22.37442922, "health_center_attendance.1": 90.27081244, "work_farms": 60.91081594, "work_unskilled": 12.71347249, "health_programs": 36.07305936, "sp_philhealth": 63.92694064, "water_toilet": 1.369863014, "shelter_makeshift_nhts": 0.456621005, "food_malnourished": "", "health_child_death": "", "health_maternal_death": "", "he_flood": 0.0, "he_volcano": 0.0, "he_landslide": 0.001056, "he_earthquake": 0.0, "name": "Agsuwao"}, "PH072216002": {"water_access": 94.230769, "food_tenure": 81.818182, "shelter_informal_settlers_nhts": 0.0, "health_center_attendance": 77.391304, "educ_outofschool_all": 11.538461999999999, "work_unemployment": 31.543623999999998, "po_conflict": 3.8461540000000003, "participation_assembly_attendance": 73.429952, "sp_sss": 2.4154589999999985, "he_risk": 0.01874, "shelter_electricity": 48.07692308, "health_center_attendance.1": 77.39130435, "work_farms": 61.76470588, "work_unskilled": 18.62745098, "health_programs": 51.92307692, "sp_philhealth": 48.07692308, "water_toilet": 3.8461538460000004, "shelter_makeshift_nhts": 3.8461538460000004, "food_malnourished": "", "health_child_death": "", "health_maternal_death": "", "he_flood": 0.0, "he_volcano": 0.0, "he_landslide": 0.001056, "he_earthquake": 0.0, "name": "Amancion"}, "PH072216003": {"water_access": 53.75, "food_tenure": "", "shelter_informal_settlers_nhts": 5.0, "health_center_attendance": 89.583333, "educ_outofschool_all": 6.557377000000001, "work_unemployment": 26.271186, "po_conflict": 10.0, "participation_assembly_attendance": 78.395062, "sp_sss": 0.925926000000004, "he_risk": 0.290199, "shelter_electricity": 23.75, "health_center_attendance.1": 89.58333333, "work_farms": 59.19540229999999, "work_unskilled": 15.51724138, "health_programs": 48.75, "sp_philhealth": 51.25, "water_toilet": 2.5, "shelter_makeshift_nhts": 1.875, "food_malnourished": "", "health_child_death": "", "health_maternal_death": "", "he_flood": 0.0, "he_volcano": 0.0, "he_landslide": 0.000264, "he_earthquake": 0.0, "name": "Anapog"}, "PH072216004": {"water_access": 21.693122, "food_tenure": 50.0, "shelter_informal_settlers_nhts": 2.6455029999999997, "health_center_attendance": 53.08642, "educ_outofschool_all": 8.585859, "work_unemployment": 47.080292, "po_conflict": 0.529101, "participation_assembly_attendance": 90.77278000000001, "sp_sss": 3.2295270000000045, "he_risk": 0.309334, "shelter_electricity": 21.16402116, "health_center_attendance.1": 53.08641975, "work_farms": 45.17241379, "work_unskilled": 13.10344828, "health_programs": 64.55026455, "sp_philhealth": 35.449735450000006, "water_toilet": 1.5873015869999998, "shelter_makeshift_nhts": 0.5291005289999999, "food_malnourished": "", "health_child_death": "", "health_maternal_death": "", "he_flood": 0.0, "he_volcano": 0.0, "he_landslide": 0.001056, "he_earthquake": 0.0, "name": "Bactas"}, "PH072216005": {"water_access": 93.75, "food_tenure": 100.0, "shelter_informal_settlers_nhts": 0.0, "health_center_attendance": 92.307692, "educ_outofschool_all": 2.352941, "work_unemployment": 25.0, "po_conflict": 6.25, "participation_assembly_attendance": 57.0, "sp_sss": 0.3333329999999961, "he_risk": 0.019366, "shelter_electricity": 26.5625, "health_center_attendance.1": 92.30769231, "work_farms": 64.44444444, "work_unskilled": 10.37037037, "health_programs": 32.8125, "sp_philhealth": 67.1875, "water_toilet": 3.125, "shelter_makeshift_nhts": 1.5625, "food_malnourished": "", "health_child_death": "", "health_maternal_death": "", "he_flood": 0.0, "he_volcano": 0.0, "he_landslide": 0.001056, "he_earthquake": 0.0, "name": "Bongyas"}, "PH072216006": {"water_access": 58.675079000000004, "food_tenure": 0.0, "shelter_informal_settlers_nhts": 0.31545700000000004, "health_center_attendance": 67.153285, "educ_outofschool_all": 4.18251, "work_unemployment": 38.629283, "po_conflict": 2.523659, "participation_assembly_attendance": 92.612753, "sp_sss": 1.3219279999999998, "he_risk": 0.11864000000000001, "shelter_electricity": 10.41009464, "health_center_attendance.1": 67.15328467, "work_farms": 22.67343486, "work_unskilled": 19.62774958, "health_programs": 51.41955836, "sp_philhealth": 48.58044164, "water_toilet": 4.100946372, "shelter_makeshift_nhts": 1.577287066, "food_malnourished": "", "health_child_death": "", "health_maternal_death": "", "he_flood": 0.0, "he_volcano": 0.0, "he_landslide": 0.001056, "he_earthquake": 0.0, "name": "Basak"}, "PH072216007": {"water_access": 10.676157, "food_tenure": 38.095238, "shelter_informal_settlers_nhts": 0.0, "health_center_attendance": 75.785441, "educ_outofschool_all": 5.357143, "work_unemployment": 41.102181, "po_conflict": 1.067616, "participation_assembly_attendance": 96.21928199999999, "sp_sss": 3.1505989999999997, "he_risk": 16.582513, "shelter_electricity": 13.16725979, "health_center_attendance.1": 75.78544061, "work_farms": 11.89083821, "work_unskilled": 27.09551657, "health_programs": 59.78647687, "sp_philhealth": 40.21352313, "water_toilet": 2.846975089, "shelter_makeshift_nhts": 1.067615658, "food_malnourished": "", "health_child_death": "", "health_maternal_death": "", "he_flood": 0.0, "he_volcano": 0.0, "he_landslide": 0.000528, "he_earthquake": 0.0, "name": "Binongkalan"}, "PH072216008": {"water_access": 63.636364, "food_tenure": 10.10101, "shelter_informal_settlers_nhts": 0.0, "health_center_attendance": 70.42747, "educ_outofschool_all": 4.5454550000000005, "work_unemployment": 37.134208, "po_conflict": 9.090909, "participation_assembly_attendance": 84.43029, "sp_sss": 1.6277419999999978, "he_risk": 0.873877, "shelter_electricity": 14.73354232, "health_center_attendance.1": 70.42747022, "work_farms": 42.85714286, "work_unskilled": 17.81701445, "health_programs": 50.47021944, "sp_philhealth": 49.52978056, "water_toilet": 4.702194357, "shelter_makeshift_nhts": 0.78369906, "food_malnourished": "", "health_child_death": "", "health_maternal_death": "", "he_flood": 0.0, "he_volcano": 0.0, "he_landslide": 0.001056, "he_earthquake": 0.0, "name": "Cabungaan"}, "PH072216009": {"water_access": 49.425287, "food_tenure": 100.0, "shelter_informal_settlers_nhts": 0.0, "health_center_attendance": 72.5, "educ_outofschool_all": 6.557377000000001, "work_unemployment": 29.650091999999997, "po_conflict": 9.195402, "participation_assembly_attendance": 88.52242700000001, "sp_sss": 1.5831129999999973, "he_risk": 0.021866999999999998, "shelter_electricity": 13.2183908, "health_center_attendance.1": 72.5, "work_farms": 58.90052356, "work_unskilled": 13.61256545, "health_programs": 36.7816092, "sp_philhealth": 63.2183908, "water_toilet": 3.448275862, "shelter_makeshift_nhts": 1.1494252870000001, "food_malnourished": "", "health_child_death": "", "health_maternal_death": "", "he_flood": 0.0, "he_volcano": 0.0, "he_landslide": 0.001056, "he_earthquake": 0.0, "name": "Cambangkaya"}, "PH072216010": {"water_access": 5.3191489999999995, "food_tenure": 57.14285699999999, "shelter_informal_settlers_nhts": 1.0638299999999998, "health_center_attendance": 94.602273, "educ_outofschool_all": 3.7735849999999997, "work_unemployment": 29.368029999999997, "po_conflict": 4.255319, "participation_assembly_attendance": 79.396985, "sp_sss": 2.261306999999988, "he_risk": 0.305886, "shelter_electricity": 23.40425532, "health_center_attendance.1": 94.60227273, "work_farms": 46.31578947, "work_unskilled": 21.57894737, "health_programs": 39.36170213, "sp_philhealth": 60.63829787, "water_toilet": 3.191489362, "shelter_makeshift_nhts": 1.063829787, "food_malnourished": "", "health_child_death": "", "health_maternal_death": "", "he_flood": 0.0, "he_volcano": 0.0, "he_landslide": 0.001056, "he_earthquake": 0.0,