{"PH071221001": {"Water_Prop": 12.790697999999999, "Food_Prop": 30.30303, "Shelter_Prop": 0.0, "Health_Prop": 20.25974, "Education_Prop": 4.026846, "Work_Prop": 49.640288, "Peace_Prop": 44.767441999999996, "Participation_Prop": 83.699871, "SocialProtection_Prop": 98.188875, "Environment_Prop": 9.068723, "shelter_electricity": 18.02325581, "health_center_attendance": 20.25974026, "work_farms": 37.85714286, "work_unskilled": 21.78571429, "health_programs": 13.95348837, "sp_philhealth": 13.95348837, "water_toilet": 0.0, "shelter_makeshift_nhts": 1.744186047, "food_malnourished": 0.0, "health_child_death": 0.0, "health_maternal_death": 0.0, "he_flood": 0.0, "he_volcano": 0.0, "he_landslide": 0.000264, "he_earthquake": 0.0, "name": "Alejawan"}, "PH071221002": {"Water_Prop": 1.639344, "Food_Prop": 100.0, "Shelter_Prop": 9.016392999999999, "Health_Prop": 28.571429, "Education_Prop": 8.208955, "Work_Prop": 41.978609999999996, "Peace_Prop": 31.147540999999997, "Participation_Prop": 78.793774, "SocialProtection_Prop": 99.610895, "Environment_Prop": 0.590237, "shelter_electricity": 21.31147541, "health_center_attendance": 28.57142857, "work_farms": 33.640553000000004, "work_unskilled": 31.33640553, "health_programs": 23.770491800000002, "sp_philhealth": 23.770491800000002, "water_toilet": 0.8196721309999999, "shelter_makeshift_nhts": 0.409836066, "food_malnourished": 5.1, "health_child_death": 0.0, "health_maternal_death": 0.0, "he_flood": 0.0, "he_volcano": 0.0, "he_landslide": 0.001056, "he_earthquake": 0.0, "name": "Angilan"}, "PH071221003": {"Water_Prop": 22.608696, "Food_Prop": 37.5, "Shelter_Prop": 1.7391299999999998, "Health_Prop": 19.538188, "Education_Prop": 6.617647, "Work_Prop": 44.881890000000006, "Peace_Prop": 22.608696, "Participation_Prop": 79.123173, "SocialProtection_Prop": 97.912317, "Environment_Prop": 0.30535300000000004, "shelter_electricity": 14.7826087, "health_center_attendance": 19.53818828, "work_farms": 46.66666667, "work_unskilled": 26.66666667, "health_programs": 21.73913043, "sp_philhealth": 21.73913043, "water_toilet": 0.0, "shelter_makeshift_nhts": 0.0, "food_malnourished": 1.9, "health_child_death": 4.4, "health_maternal_death": 0.0, "he_flood": 0.0, "he_volcano": 0.0, "he_landslide": 0.001056, "he_earthquake": 0.0, "name": "Anibongan"}, "PH071221004": {"Water_Prop": 6.5891470000000005, "Food_Prop": 90.517241, "Shelter_Prop": 1.937984, "Health_Prop": 26.556639, "Education_Prop": 12.413793, "Work_Prop": 44.551282, "Peace_Prop": 20.542635999999998, "Participation_Prop": 79.013255, "SocialProtection_Prop": 99.116348, "Environment_Prop": 0.589749, "shelter_electricity": 15.11627907, "health_center_attendance": 26.55663916, "work_farms": 55.68400771, "work_unskilled": 16.184971100000002, "health_programs": 30.23255814, "sp_philhealth": 30.23255814, "water_toilet": 1.937984496, "shelter_makeshift_nhts": 0.0, "food_malnourished": 0.0, "health_child_death": 0.0, "health_maternal_death": 0.0, "he_flood": 0.0, "he_volcano": 0.0, "he_landslide": 0.001056, "he_earthquake": 0.0, "name": "Bangwalog"}, "PH071221005": {"Water_Prop": 8.947367999999999, "Food_Prop": 72.727273, "Shelter_Prop": 2.105263, "Health_Prop": 17.818182, "Education_Prop": 5.851064, "Work_Prop": 44.343066, "Peace_Prop": 28.947368, "Participation_Prop": 74.904943, "SocialProtection_Prop": 98.859316, "Environment_Prop": 0.8761260000000001, "shelter_electricity": 18.94736842, "health_center_attendance": 17.81818182, "work_farms": 33.114754100000006, "work_unskilled": 30.81967213, "health_programs": 22.10526316, "sp_philhealth": 22.10526316, "water_toilet": 0.526315789, "shelter_makeshift_nhts": 3.421052632, "food_malnourished": 1.9, "health_child_death": 0.0, "health_maternal_death": 0.0, "he_flood": 0.0, "he_volcano": 0.0, "he_landslide": 0.001056, "he_earthquake": 0.0, "name": "Cansuhay"}, "PH071221006": {"Water_Prop": 10.884354, "Food_Prop": "", "Shelter_Prop": 0.680272, "Health_Prop": 21.377330999999998, "Education_Prop": 4.697987, "Work_Prop": 45.842217, "Peace_Prop": 23.129251999999997, "Participation_Prop": 79.411765, "SocialProtection_Prop": 98.606811, "Environment_Prop": 0.306525, "shelter_electricity": 15.6462585, "health_center_attendance": 21.37733142, "work_farms": 46.45669291, "work_unskilled": 19.29133858, "health_programs": 24.48979592, "sp_philhealth": 24.48979592, "water_toilet": 1.360544218, "shelter_makeshift_nhts": 1.020408163, "food_malnourished": 0.0, "health_child_death": 0.0, "health_maternal_death": 0.0, "he_flood": 0.0, "he_volcano": 0.0, "he_landslide": 0.001056, "he_earthquake": 0.0, "name": "Danao"}, "PH071221007": {"Water_Prop": 4.464286, "Food_Prop": 0.0, "Shelter_Prop": 0.0, "Health_Prop": 26.628352000000003, "Education_Prop": 4.83871, "Work_Prop": 48.830409, "Peace_Prop": 24.107143, "Participation_Prop": 75.93361, "SocialProtection_Prop": 98.547718, "Environment_Prop": 0.313898, "shelter_electricity": 20.53571429, "health_center_attendance": 26.62835249, "work_farms": 37.71428571, "work_unskilled": 18.85714286, "health_programs": 25.89285714, "sp_philhealth": 25.89285714, "water_toilet": 0.0, "shelter_makeshift_nhts": 1.785714286, "food_malnourished": 0.0, "health_child_death": 0.0, "health_maternal_death": 0.0, "he_flood": 0.0, "he_volcano": 0.0, "he_landslide": 0.001056, "he_earthquake": 0.0, "name": "Duay"}, "PH071221008": {"Water_Prop": 2.694611, "Food_Prop": 42.657343, "Shelter_Prop": 2.39521, "Health_Prop": 21.892744, "Education_Prop": 6.472492, "Work_Prop": 51.275286, "Peace_Prop": 26.646707, "Participation_Prop": 88.040261, "SocialProtection_Prop": 97.51332099999999, "Environment_Prop": 8.117797, "shelter_electricity": 10.47904192, "health_center_attendance": 21.89274448, "work_farms": 27.61732852, "work_unskilled": 24.54873646, "health_programs": 31.73652695, "sp_philhealth": 31.73652695, "water_toilet": 2.395209581, "shelter_makeshift_nhts": 0.598802395, "food_malnourished": 0.7, "health_child_death": 0.0, "health_maternal_death": 0.0, "he_flood": 0.0, "he_volcano": 0.0, "he_landslide": 0.000264, "he_earthquake": 0.0, "name": "Guinsularan"}, "PH071221009": {"Water_Prop": 1.7021279999999999, "Food_Prop": 100.0, "Shelter_Prop": 0.8510639999999999, "Health_Prop": 28.635146999999996, "Education_Prop": 10.047847, "Work_Prop": 50.0, "Peace_Prop": 23.404255, "Participation_Prop": 86.60793000000001, "SocialProtection_Prop": 97.885463, "Environment_Prop": 8.118381, "shelter_electricity": 15.74468085, "health_center_attendance": 28.63514719, "work_farms": 17.96116505, "work_unskilled": 25.72815534, "health_programs": 38.29787234, "sp_philhealth": 38.29787234, "water_toilet": 2.553191489, "shelter_makeshift_nhts": 1.70212766, "food_malnourished": 0.0, "health_child_death": 0.0, "health_maternal_death": 0.0, "he_flood": 0.0, "he_volcano": 0.0, "he_landslide": 0.001056, "he_earthquake": 0.0, "name": "Itum"}, "PH071221010": {"Water_Prop": 0.9756100000000001, "Food_Prop": 16.666667, "Shelter_Prop": 0.48780500000000004, "Health_Prop": 22.093023000000002, "Education_Prop": 5.140187, "Work_Prop": 52.077151, "Peace_Prop": 20.487804999999998, "Participation_Prop": 87.959184, "SocialProtection_Prop": 98.469388, "Environment_Prop": 8.419483999999999, "shelter_electricity": 12.19512195, "health_center_attendance": 22.09302326, "work_farms": 27.55417957, "work_unskilled": 19.81424149, "health_programs": 26.34146341, "sp_philhealth": 26.34146341, "water_toilet": 1.951219512, "shelter_makeshift_nhts": 1.707317073, "food_malnourished": 0.0, "health_child_death": 0.0, "health_maternal_death": 0.0, "he_flood": 0.0, "he_volcano": 0.0, "he_landslide": 0.001056, "he_earthquake": 0.0, "name": "Langkis"}, "PH071221011": {"Water_Prop": 3.9711190000000003, "Food_Prop": 38.043478, "Shelter_Prop": 1.444043, "Health_Prop": 28.07377, "Education_Prop": 5.050505, "Work_Prop": 50.197239, "Peace_Prop": 8.303249000000001, "Participation_Prop": 81.838565, "SocialProtection_Prop": 98.654709, "Environment_Prop": 0.624983, "shelter_electricity": 20.57761733,