{"PH076104001": {"Water_Prop": 33.187773, "Food_Prop": 43.902439, "Shelter_Prop": 4.8034930000000005, "Health_Prop": 78.10219000000001, "Education_Prop": 10.191083, "Work_Prop": 53.140917, "Peace_Prop": 0.43668100000000004, "Participation_Prop": 89.192399, "SocialProtection_Prop": 98.693587, "Environment_Prop": 8.385480000000001, "shelter_electricity": 29.25764192, "health_center_attendance": 78.10218978, "work_farms": 61.23188406, "work_unskilled": 15.94202899, "health_programs": 84.71615721, "sp_philhealth": 84.71615721, "water_toilet": 23.58078603, "shelter_makeshift_nhts": 0.21834061100000002, "food_malnourished": 0.0, "health_child_death": "", "health_maternal_death": 0.0, "he_flood": 0.0, "he_volcano": 0.0, "he_landslide": 0.000264, "he_earthquake": 0.0}, "PH076104002": {"Water_Prop": 2.061856, "Food_Prop": 88.0, "Shelter_Prop": 2.061856, "Health_Prop": 99.03614499999999, "Education_Prop": 0.0, "Work_Prop": 44.932432, "Peace_Prop": 0.0, "Participation_Prop": 87.944664, "SocialProtection_Prop": 98.814229, "Environment_Prop": 0.111773, "shelter_electricity": 20.6185567, "health_center_attendance": 99.03614458, "work_farms": 26.99386503, "work_unskilled": 34.35582822, "health_programs": 18.55670103, "sp_philhealth": 18.55670103, "water_toilet": 73.19587629, "shelter_makeshift_nhts": 0.0, "food_malnourished": 0.0, "health_child_death": "", "health_maternal_death": 0.0, "he_flood": 0.0, "he_volcano": 0.0, "he_landslide": 0.000264, "he_earthquake": 0.0}, "PH076104003": {"Water_Prop": 0.0, "Food_Prop": 10.0, "Shelter_Prop": 1.052632, "Health_Prop": 87.399464, "Education_Prop": 3.030303, "Work_Prop": 53.816793999999994, "Peace_Prop": 0.0, "Participation_Prop": 83.462532, "SocialProtection_Prop": 98.966408, "Environment_Prop": 0.021272, "shelter_electricity": 25.26315789, "health_center_attendance": 87.39946381, "work_farms": 29.75206612, "work_unskilled": 25.61983471, "health_programs": 35.78947368, "sp_philhealth": 35.78947368, "water_toilet": 62.10526316, "shelter_makeshift_nhts": 1.5789473680000001, "food_malnourished": 0.0, "health_child_death": "", "health_maternal_death": 0.0, "he_flood": 0.0, "he_volcano": 0.0, "he_landslide": 0.000264, "he_earthquake": 0.0}, "PH076104004": {"Water_Prop": 5.9259260000000005, "Food_Prop": 63.636364, "Shelter_Prop": 0.0, "Health_Prop": 94.363929, "Education_Prop": 11.504425, "Work_Prop": 53.881279000000006, "Peace_Prop": 0.0, "Participation_Prop": "", "SocialProtection_Prop": 99.369085, "Environment_Prop": 0.390696, "shelter_electricity": 14.07407407, "health_center_attendance": 94.36392915, "work_farms": 48.01980198, "work_unskilled": 12.37623762, "health_programs": 61.48148148, "sp_philhealth": 61.48148148, "water_toilet": 0.0, "shelter_makeshift_nhts": 0.740740741, "food_malnourished": 0.0, "health_child_death": "", "health_maternal_death": 0.0, "he_flood": 0.0, "he_volcano": 0.0, "he_landslide": 0.000264, "he_earthquake": 0.0}, "PH076104005": {"Water_Prop": 1.0, "Food_Prop": 58.333332999999996, "Shelter_Prop": 0.0, "Health_Prop": 99.528302, "Education_Prop": 2.150538, "Work_Prop": 53.741496999999995, "Peace_Prop": 0.0, "Participation_Prop": "", "SocialProtection_Prop": 98.576512, "Environment_Prop": 12.826389, "shelter_electricity": 21.0, "health_center_attendance": 99.52830189, "work_farms": 38.23529412, "work_unskilled": 20.58823529, "health_programs": 66.0, "sp_philhealth": 66.0, "water_toilet": 1.0, "shelter_makeshift_nhts": 0.0, "food_malnourished": 0.0, "health_child_death": "", "health_maternal_death": 0.0, "he_flood": 0.0, "he_volcano": 0.0, "he_landslide": 0.000264, "he_earthquake": 0.0}, "PH076104006": {"Water_Prop": 1.324503, "Food_Prop": 45.360825, "Shelter_Prop": 3.311258, "Health_Prop": 88.743883, "Education_Prop": 5.691057, "Work_Prop": 53.061223999999996, "Peace_Prop": 0.0, "Participation_Prop": 82.315113, "SocialProtection_Prop": 99.356913, "Environment_Prop": 13.504422, "shelter_electricity": 19.86754967, "health_center_attendance": 88.74388254, "work_farms": 32.36714976, "work_unskilled": 24.63768116, "health_programs": 87.41721854, "sp_philhealth": 87.41721854, "water_toilet": 0.0, "shelter_makeshift_nhts": 4.966887417, "food_malnourished": 0.0, "health_child_death": "", "health_maternal_death": 0.0, "he_flood": 0.0, "he_volcano": 0.0, "he_landslide": 0.000264, "he_earthquake": 0.0}, "PH076104007": {"Water_Prop": 0.0, "Food_Prop": 77.777778, "Shelter_Prop": 1.075269, "Health_Prop": 96.009975, "Education_Prop": 10.606061, "Work_Prop": 54.32526, "Peace_Prop": 0.0, "Participation_Prop": 85.26785699999999, "SocialProtection_Prop": 98.4375, "Environment_Prop": 8.498708, "shelter_electricity": 22.58064516, "health_center_attendance": 96.00997506, "work_farms": 36.36363636, "work_unskilled": 32.57575758, "health_programs": 31.1827957, "sp_philhealth": 31.1827957, "water_toilet": 54.83870968, "shelter_makeshift_nhts": 0.0, "food_malnourished": 0.0, "health_child_death": "", "health_maternal_death": 0.0, "he_flood": 0.0, "he_volcano": 0.0, "he_landslide": 0.000264, "he_earthquake": 0.0}, "PH076104008": {"Water_Prop": 1.785714, "Food_Prop": 37.5, "Shelter_Prop": 0.892857, "Health_Prop": 85.65310500000001, "Education_Prop": 3.571429, "Work_Prop": 65.060241, "Peace_Prop": 0.892857, "Participation_Prop": "", "SocialProtection_Prop": 98.76033100000001, "Environment_Prop": 8.181771000000001, "shelter_electricity": 25.0, "health_center_attendance": 85.65310493, "work_farms": 32.75862069, "work_unskilled": 21.55172414, "health_programs": 83.03571429, "sp_philhealth": 83.03571429, "water_toilet": 0.892857143, "shelter_makeshift_nhts": 11.60714286, "food_malnourished": 0.0, "health_child_death": "", "health_maternal_death": "", "he_flood": 0.0, "he_volcano": 0.0, "he_landslide": 0.000264, "he_earthquake": 0.0}, "PH076104009": {"Water_Prop": 77.227723, "Food_Prop": 51.851852, "Shelter_Prop": 0.990099, "Health_Prop": 98.28850899999999, "Education_Prop": 11.956522, "Work_Prop": 52.650177, "Peace_Prop": 0.0, "Participation_Prop": "", "SocialProtection_Prop": 98.18652800000001, "Environment_Prop": 0.103078, "shelter_electricity": 41.58415842, "health_center_attendance": 98.28850856, "work_farms": 57.46268657, "work_unskilled": 16.41791045, "health_programs": 68.31683168, "sp_philhealth": 68.31683168, "water_toilet": 64.35643564, "shelter_makeshift_nhts": 12.37623762, "food_malnourished": 0.0, "health_child_death": "", "health_maternal_death": 0.0, "he_flood": 0.0, "he_volcano": 0.0, "he_landslide": 0.000264, "he_earthquake": 0.0}, "PH076104010": {"Water_Prop": 0.847458, "Food_Prop": 83.333333, "Shelter_Prop": 0.847458, "Health_Prop": 95.983936, "Education_Prop": 2.247191, "Work_Prop": 52.406417, "Peace_Prop": 0.0, "Participation_Prop": "", "SocialProtection_Prop": 96.558704, "Environment_Prop": 0.6757569999999999, "shelter_electricity": 23.72881356, "health_center_attendance": 95.98393574, "work_farms": 35.95505618, "work_unskilled": 20.78651685, "health_programs": 25.42372881, "sp_philhealth": 25.42372881, "water_toilet": 65.25423729, "shelter_makeshift_nhts": 0.0, "food_malnourished": 0.0, "health_child_death": "", "health_maternal_death": 0.0, "he_flood": 0.0, "he_volcano": 0.0, "he_landslide": 0.000264, "he_earthquake": 0.0}, "PH076104011": {"Water_Prop": 0.3367, "Food_Prop": 47.328244, "Shelter_Prop": 0.3367, "Health_Prop": 69.206599, "Education_Prop": 6.09319, "Work_Prop": 57.225434, "Peace_Prop": 0.0, "Participation_Prop": "", "SocialProtection_Prop": 99.08062199999999, "Environment_Prop": 0.10967400000000001, "shelter_electricity": 21.88552189, "health_center_attendance": 69.20659859, "work_farms": 69.45945946, "work_unskilled": 10.81081081, "health_programs": 28.95622896, "sp_philhealth": 28.95622896, "water_toilet": 1.01010101, "shelter_makeshift_nhts": 0.336700337, "food_malnourished": 0.0, "health_child_death": "", "health_maternal_death": 0.0, "he_flood": 0.0, "he_volcano": 0.0, "he_landslide": 0.000264, "he_earthquake": 0.0}, "PH076104012": {"Water_Prop": 0.819672, "Food_Prop": 68.75,