{"PH072214001": {"water_access": 39.690996000000005, "food_tenure": 34.519573, "shelter_informal_settlers_nhts": 1.758125, "health_center_attendance": 62.303789, "educ_outofschool_all": 95.25126800000001, "work_unemployment": 58.633995999999996, "po_conflict": 0.319659, "participation_assembly_attendance": 98.391692, "sp_sss": 2.858193, "he_risk": 19.700535000000002, "shelter_electricity": 7.458710709, "health_center_attendance.1": 62.3037885, "work_farms": 18.93656716, "work_unskilled": 33.39552239, "health_programs": 77.14437933, "sp_philhealth": 22.855620669999993, "water_toilet": 2.663825253, "shelter_makeshift_nhts": 14.1981886, "food_malnourished": "", "health_child_death": "", "health_maternal_death": "", "he_flood": 0.0, "he_volcano": 0.0, "he_landslide": 0.001056, "he_earthquake": 0.0, "name": "Bolinawan"}, "PH072214002": {"water_access": 38.150289, "food_tenure": 25.0, "shelter_informal_settlers_nhts": 0.385356, "health_center_attendance": 41.988728, "educ_outofschool_all": 4.267161, "work_unemployment": 47.403787, "po_conflict": 0.192678, "participation_assembly_attendance": 90.30803900000001, "sp_sss": 2.141246999999993, "he_risk": 0.486307, "shelter_electricity": 4.046242775, "health_center_attendance.1": 41.98872786, "work_farms": 24.73867596, "work_unskilled": 29.61672474, "health_programs": 58.38150289, "sp_philhealth": 41.61849711, "water_toilet": 0.7707129090000001, "shelter_makeshift_nhts": 12.52408478, "food_malnourished": "", "health_child_death": "", "health_maternal_death": "", "he_flood": 0.0, "he_volcano": 0.0, "he_landslide": 0.000264, "he_earthquake": 0.0, "name": "Buenavista"}, "PH072214003": {"water_access": 71.87079399999999, "food_tenure": 30.120482, "shelter_informal_settlers_nhts": 0.942127, "health_center_attendance": 52.47101899999999, "educ_outofschool_all": 6.329114, "work_unemployment": 44.498886, "po_conflict": 0.13459000000000002, "participation_assembly_attendance": 93.861265, "sp_sss": 1.9030079999999998, "he_risk": 0.877703, "shelter_electricity": 6.056527591, "health_center_attendance.1": 52.47101891, "work_farms": 26.40449438, "work_unskilled": 23.27447833, "health_programs": 52.75908479, "sp_philhealth": 47.24091521, "water_toilet": 4.576043069, "shelter_makeshift_nhts": 0.942126514, "food_malnourished": "", "health_child_death": "", "health_maternal_death": "", "he_flood": 0.0, "he_volcano": 0.0, "he_landslide": 0.000264, "he_earthquake": 0.0, "name": "Calidngan"}, "PH072214004": {"water_access": 14.694335, "food_tenure": 13.69863, "shelter_informal_settlers_nhts": 0.8973639999999999, "health_center_attendance": 64.141414, "educ_outofschool_all": 48.965071, "work_unemployment": 51.764209, "po_conflict": 0.6730229999999999, "participation_assembly_attendance": 94.096994, "sp_sss": 2.3809520000000077, "he_risk": 2.336252, "shelter_electricity": 6.842400448999999, "health_center_attendance.1": 64.14141414, "work_farms": 13.18440648, "work_unskilled": 32.67630311, "health_programs": 83.79136287, "sp_philhealth": 16.20863713, "water_toilet": 0.673022995, "shelter_makeshift_nhts": 9.618620303, "food_malnourished": "", "health_child_death": "", "health_maternal_death": "", "he_flood": 0.0, "he_volcano": 0.0, "he_landslide": 0.000264, "he_earthquake": 0.0, "name": "Can-asujan"}, "PH072214005": {"water_access": 20.108964999999998, "food_tenure": 50.57971, "shelter_informal_settlers_nhts": 0.742942, "health_center_attendance": 42.737945, "educ_outofschool_all": 5.353654, "work_unemployment": 48.419722, "po_conflict": 0.544824, "participation_assembly_attendance": 99.208923, "sp_sss": 2.5156240000000025, "he_risk": 47.016587, "shelter_electricity": 11.29271917, "health_center_attendance.1": 42.73794509, "work_farms": 10.90686275, "work_unskilled": 33.94607843, "health_programs": 70.08420009999999, "sp_philhealth": 29.91579990000001, "water_toilet": 2.377414562, "shelter_makeshift_nhts": 9.014363546, "food_malnourished": "", "health_child_death": "", "health_maternal_death": "", "he_flood": 0.0, "he_volcano": 0.0, "he_landslide": 0.001056, "he_earthquake": 0.07142899999999999, "name": "Guadalupe"}, "PH072214006": {"water_access": 3.345196, "food_tenure": 11.320755, "shelter_informal_settlers_nhts": 4.4128110000000005, "health_center_attendance": 39.458220000000004, "educ_outofschool_all": 4.575597, "work_unemployment": 44.763771000000006, "po_conflict": 0.35587199999999997, "participation_assembly_attendance": 96.713121, "sp_sss": 2.208782999999997, "he_risk": 5.848585, "shelter_electricity": 7.68683274, "health_center_attendance.1": 39.45821987, "work_farms": 3.0350808039999997, "work_unskilled": 20.29956642, "health_programs": 64.83985765, "sp_philhealth": 35.16014235, "water_toilet": 2.704626335, "shelter_makeshift_nhts": 5.658362989, "food_malnourished": "", "health_child_death": "", "health_maternal_death": "", "he_flood": 0.0, "he_volcano": 0.0, "he_landslide": 0.000264, "he_earthquake": 0.0, "name": "Liburon"}, "PH072214007": {"water_access": 59.541985, "food_tenure": 25.093632999999997, "shelter_informal_settlers_nhts": 3.477523, "health_center_attendance": 15.559104999999999, "educ_outofschool_all": 3.7433160000000005, "work_unemployment": 48.018821, "po_conflict": 0.593723, "participation_assembly_attendance": 99.23759100000001, "sp_sss": 2.411701000000008, "he_risk": 0.21733400000000003, "shelter_electricity": 5.852417302999999, "health_center_attendance.1": 15.55910543, "work_farms": 15.57884707, "work_unskilled": 31.34826108, "health_programs": 48.68532655, "sp_philhealth": 51.31467345, "water_toilet": 0.8481764209999999, "shelter_makeshift_nhts": 5.131467345, "food_malnourished": "", "health_child_death": "", "health_maternal_death": "", "he_flood": 0.0, "he_volcano": 0.0, "he_landslide": 0.001056, "he_earthquake": 0.0, "name": "Napo"}, "PH072214008": {"water_access": 21.802817, "food_tenure": 40.930233, "shelter_informal_settlers_nhts": 0.394366, "health_center_attendance": 42.328103000000006, "educ_outofschool_all": 5.90864, "work_unemployment": 52.947387, "po_conflict": 1.183099, "participation_assembly_attendance": 96.367909, "sp_sss": 2.574511000000001, "he_risk": 16.663674, "shelter_electricity": 7.38028169, "health_center_attendance.1": 42.32810337, "work_farms": 5.011219147, "work_unskilled": 34.06881077, "health_programs": 63.6056338, "sp_philhealth": 36.3943662, "water_toilet": 0.9014084509999999, "shelter_makeshift_nhts": 4.4225352110000005, "food_malnourished": "", "health_child_death": "", "health_maternal_death": "", "he_flood": 0.0, "he_volcano": 0.0, "he_landslide": 0.001056, "he_earthquake": 0.0, "name": "Ocana"}, "PH072214009": {"water_access": 8.720652000000001, "food_tenure": 36.363636, "shelter_informal_settlers_nhts": 1.3895540000000002, "health_center_attendance": 48.527276, "educ_outofschool_all": 14.575811999999999, "work_unemployment": 56.984991, "po_conflict": 1.149976, "participation_assembly_attendance": 93.51688, "sp_sss": 2.4417859999999934, "he_risk": 23.579732999999997, "shelter_electricity": 8.145663632, "health_center_attendance.1": 48.5272765, "work_farms": 5.828220859, "work_unskilled": 43.86503067, "health_programs": 70.34020125, "sp_philhealth": 29.659798749999993, "water_toilet": 1.4374700530000002, "shelter_makeshift_nhts": 4.168663153, "food_malnourished": "", "health_child_death": "", "health_maternal_death": "", "he_flood": 0.0, "he_volcano": 0.0, "he_landslide": 0.000264, "he_earthquake": 0.0, "name": "Perrelos"}, "PH072214010": {"water_access": 67.837838, "food_tenure": 31.25, "shelter_informal_settlers_nhts": 2.162162, "health_center_attendance": 41.022329, "educ_outofschool_all": 6.301824, "work_unemployment": 46.723164000000004, "po_conflict": 0.0, "participation_assembly_attendance": 97.484047, "sp_sss": 2.6435730000000035, "he_risk": 17.560581, "shelter_electricity": 6.756756757000001, "health_center_attendance.1": 41.02232884, "work_farms": 14.05090138, "work_unskilled": 21.04984093, "health_programs": 62.16216216, "sp_philhealth": 37.83783784,