{"PH072235001": {"water_access": 0.361011, "food_tenure": 0.0, "shelter_informal_settlers_nhts": 0.0, "health_center_attendance": 35.475792999999996, "educ_outofschool_all": 3.8461540000000003, "work_unemployment": 39.010357, "po_conflict": 1.8050540000000002, "participation_assembly_attendance": 97.132616, "sp_sss": 2.29390699999999, "he_risk": 16.223335000000002, "shelter_electricity": 25.99277978, "health_center_attendance.1": 35.47579299, "work_farms": 46.41509434, "work_unskilled": 11.50943396, "health_programs": 71.4801444, "sp_philhealth": 28.5198556, "water_toilet": 1.083032491, "shelter_makeshift_nhts": 1.624548736, "food_malnourished": "", "health_child_death": "", "health_maternal_death": "", "he_flood": 0.0, "he_volcano": 0.0, "he_landslide": 0.003167, "he_earthquake": 0.0, "name": "Alo"}, "PH072235002": {"water_access": 5.3763440000000005, "food_tenure": 94.44444399999999, "shelter_informal_settlers_nhts": 1.075269, "health_center_attendance": 43.660856, "educ_outofschool_all": 6.20155, "work_unemployment": 51.162791, "po_conflict": 0.358423, "participation_assembly_attendance": 96.389892, "sp_sss": 1.6245490000000018, "he_risk": 16.492644, "shelter_electricity": 24.01433692, "health_center_attendance.1": 43.66085578, "work_farms": 37.18820862, "work_unskilled": 16.55328798, "health_programs": 60.21505376, "sp_philhealth": 39.78494624, "water_toilet": 4.301075269, "shelter_makeshift_nhts": 1.075268817, "food_malnourished": "", "health_child_death": "", "health_maternal_death": "", "he_flood": 0.0, "he_volcano": 0.0, "he_landslide": 0.000792, "he_earthquake": 0.0, "name": "Bangcogon"}, "PH072235003": {"water_access": 2.622951, "food_tenure": 11.111111, "shelter_informal_settlers_nhts": 0.983607, "health_center_attendance": 11.516853999999999, "educ_outofschool_all": 3.6036040000000003, "work_unemployment": 50.849257, "po_conflict": 2.95082, "participation_assembly_attendance": 96.699923, "sp_sss": 2.379125000000002, "he_risk": 16.510935999999997, "shelter_electricity": 16.06557377, "health_center_attendance.1": 11.51685393, "work_farms": 30.88552916, "work_unskilled": 22.89416847, "health_programs": 64.26229508, "sp_philhealth": 35.73770492, "water_toilet": 0.983606557, "shelter_makeshift_nhts": 1.31147541, "food_malnourished": "", "health_child_death": "", "health_maternal_death": "", "he_flood": 0.0, "he_volcano": 0.0, "he_landslide": 0.001056, "he_earthquake": 0.0, "name": "Bonbon"}, "PH072235004": {"water_access": 0.526316, "food_tenure": 41.666667, "shelter_informal_settlers_nhts": 0.0, "health_center_attendance": 40.19088, "educ_outofschool_all": 16.062176, "work_unemployment": 55.589124, "po_conflict": 0.526316, "participation_assembly_attendance": 95.64814799999999, "sp_sss": 2.592593000000008, "he_risk": 16.207616, "shelter_electricity": 11.57894737, "health_center_attendance.1": 40.19088017, "work_farms": 27.55102041, "work_unskilled": 14.28571429, "health_programs": 63.15789474, "sp_philhealth": 36.84210526, "water_toilet": 3.157894737, "shelter_makeshift_nhts": 1.842105263, "food_malnourished": "", "health_child_death": "", "health_maternal_death": "", "he_flood": 0.0, "he_volcano": 0.0, "he_landslide": 0.003167, "he_earthquake": 0.0, "name": "Calumpang"}, "PH072235005": {"water_access": 45.192308000000004, "food_tenure": 72.222222, "shelter_informal_settlers_nhts": 0.0, "health_center_attendance": 32.871972, "educ_outofschool_all": 8.695652, "work_unemployment": 30.857143, "po_conflict": 0.0, "participation_assembly_attendance": 94.923858, "sp_sss": 1.5228430000000088, "he_risk": 0.868609, "shelter_electricity": 87.5, "health_center_attendance.1": 32.87197232, "work_farms": 67.76859504, "work_unskilled": 11.57024793, "health_programs": 51.92307692, "sp_philhealth": 48.07692308, "water_toilet": 0.0, "shelter_makeshift_nhts": 0.961538462, "food_malnourished": "", "health_child_death": "", "health_maternal_death": "", "he_flood": 0.0, "he_volcano": 0.0, "he_landslide": 0.001056, "he_earthquake": 0.0, "name": "Canangca-an"}, "PH072235006": {"water_access": 62.895928000000005, "food_tenure": 31.481481, "shelter_informal_settlers_nhts": 1.357466, "health_center_attendance": 31.135531, "educ_outofschool_all": 4.564315000000001, "work_unemployment": 38.082557, "po_conflict": 0.0, "participation_assembly_attendance": 96.64751, "sp_sss": 0.8620689999999911, "he_risk": 0.586785, "shelter_electricity": 56.10859729, "health_center_attendance.1": 31.13553114, "work_farms": 58.70967742, "work_unskilled": 17.41935484, "health_programs": 52.94117647, "sp_philhealth": 47.05882353, "water_toilet": 9.954751131, "shelter_makeshift_nhts": 3.1674208139999998, "food_malnourished": "", "health_child_death": "", "health_maternal_death": "", "he_flood": 0.0, "he_volcano": 0.0, "he_landslide": 0.001056, "he_earthquake": 0.0, "name": "Ca\u00cc\u00b1ang"}, "PH072235007": {"water_access": 71.276596, "food_tenure": "", "shelter_informal_settlers_nhts": 2.1276599999999997, "health_center_attendance": 20.081135999999997, "educ_outofschool_all": 3.90625, "work_unemployment": 36.334405, "po_conflict": 0.0, "participation_assembly_attendance": 94.252874, "sp_sss": 1.3409959999999899, "he_risk": 0.586292, "shelter_electricity": 44.68085106, "health_center_attendance.1": 20.0811359, "work_farms": 65.65656566, "work_unskilled": 11.11111111, "health_programs": 48.93617021, "sp_philhealth": 51.06382979, "water_toilet": 11.70212766, "shelter_makeshift_nhts": 0.531914894, "food_malnourished": "", "health_child_death": "", "health_maternal_death": "", "he_flood": 0.0, "he_volcano": 0.0, "he_landslide": 0.001056, "he_earthquake": 0.0, "name": "Can-ukban"}, "PH072235009": {"water_access": 20.353982000000002, "food_tenure": 0.0, "shelter_informal_settlers_nhts": 0.884956, "health_center_attendance": 47.408537, "educ_outofschool_all": 6.508876, "work_unemployment": 31.578946999999996, "po_conflict": 3.539823, "participation_assembly_attendance": 94.006849, "sp_sss": 1.0273969999999935, "he_risk": 0.5856640000000001, "shelter_electricity": 49.55752212, "health_center_attendance.1": 47.40853659, "work_farms": 60.48951049, "work_unskilled": 12.93706294, "health_programs": 44.24778761, "sp_philhealth": 55.75221239, "water_toilet": 1.769911504, "shelter_makeshift_nhts": 0.884955752, "food_malnourished": "", "health_child_death": "", "health_maternal_death": "", "he_flood": 0.0, "he_volcano": 0.0, "he_landslide": 0.001056, "he_earthquake": 0.0, "name": "Cansalo-ay"}, "PH072235010": {"water_access": 1.9230770000000001, "food_tenure": 25.454545, "shelter_informal_settlers_nhts": 0.320513, "health_center_attendance": 34.88045, "educ_outofschool_all": 4.3624160000000005, "work_unemployment": 59.330629, "po_conflict": 0.320513, "participation_assembly_attendance": 96.588089, "sp_sss": 2.171216000000001, "he_risk": 16.544638, "shelter_electricity": 15.06410256, "health_center_attendance.1": 34.88045007, "work_farms": 22.94264339, "work_unskilled": 23.44139651, "health_programs": 72.75641026, "sp_philhealth": 27.243589740000004, "water_toilet": 2.564102564, "shelter_makeshift_nhts": 1.9230769230000002, "food_malnourished": "", "health_child_death": "", "health_maternal_death": "", "he_flood": 0.0, "he_volcano": 0.0, "he_landslide": 0.003167, "he_earthquake": 0.0, "name": "Daanlungsod"}, "PH072235011": {"water_access": 1.533742, "food_tenure": 16.666667, "shelter_informal_settlers_nhts": 0.306748, "health_center_attendance": 37.358491, "educ_outofschool_all": 3.611738, "work_unemployment": 51.342555, "po_conflict": 5.828221, "participation_assembly_attendance": 98.219585, "sp_sss": 2.3738869999999963, "he_risk": 16.179797, "shelter_electricity": 23.619631899999998, "health_center_attendance.1": 37.35849057, "work_farms": 20.56856187, "work_unskilled": 26.08695652, "health_programs": 57.66871166, "sp_philhealth": 42.33128834, "water_toilet": 1.226993865, "shelter_makeshift_nhts": 3.527607362, "food_malnourished": "", "health_child_death": "", "health_maternal_death": "",