{"PH071217001": {"Water_Prop": 72.527473, "Food_Prop": 48.717949, "Shelter_Prop": 0.0, "Health_Prop": 2.3272209999999998, "Education_Prop": 3.857567, "Work_Prop": 47.862357, "Peace_Prop": 0.3663, "Participation_Prop": "", "SocialProtection_Prop": 98.356808, "Environment_Prop": 0.010404, "shelter_electricity": 22.34432234, "health_center_attendance": 2.327221439, "work_farms": 48.4, "work_unskilled": 11.8, "health_programs": 21.97802198, "sp_philhealth": 21.97802198, "water_toilet": 1.8315018319999998, "shelter_makeshift_nhts": 1.282051282, "food_malnourished": 0.0, "health_child_death": 0.0, "health_maternal_death": 0.0, "he_flood": 0.0, "he_volcano": 0.0, "he_landslide": 0.0, "he_earthquake": 0.0}, "PH071217002": {"Water_Prop": 75.418994, "Food_Prop": 48.780488, "Shelter_Prop": 1.675978, "Health_Prop": 17.873832, "Education_Prop": 6.557377000000001, "Work_Prop": 47.602740000000004, "Peace_Prop": 3.910615, "Participation_Prop": "", "SocialProtection_Prop": 98.47715699999999, "Environment_Prop": 0.301779, "shelter_electricity": 25.69832402, "health_center_attendance": 17.87383178, "work_farms": 37.25490196, "work_unskilled": 18.30065359, "health_programs": 24.58100559, "sp_philhealth": 24.58100559, "water_toilet": 7.2625698320000005, "shelter_makeshift_nhts": 0.558659218, "food_malnourished": 9.6, "health_child_death": 0.0, "health_maternal_death": 0.0, "he_flood": 0.0, "he_volcano": 0.0, "he_landslide": 0.000264, "he_earthquake": 0.0}, "PH071217003": {"Water_Prop": 93.57798199999999, "Food_Prop": 75.93985, "Shelter_Prop": 0.458716, "Health_Prop": 9.727273, "Education_Prop": 5.970149, "Work_Prop": 48.428571000000005, "Peace_Prop": 0.0, "Participation_Prop": "", "SocialProtection_Prop": 98.48628199999999, "Environment_Prop": 0.5736479999999999, "shelter_electricity": 26.60550459, "health_center_attendance": 9.727272727, "work_farms": 35.73407202, "work_unskilled": 33.24099723, "health_programs": 26.60550459, "sp_philhealth": 26.60550459, "water_toilet": 4.128440367, "shelter_makeshift_nhts": 0.688073394, "food_malnourished": 5.9, "health_child_death": 0.0, "health_maternal_death": 0.0, "he_flood": 0.0, "he_volcano": 0.0, "he_landslide": 0.0, "he_earthquake": 0.0}, "PH071217004": {"Water_Prop": 80.0, "Food_Prop": 46.428571000000005, "Shelter_Prop": 3.8461540000000003, "Health_Prop": 10.260586, "Education_Prop": 8.403361, "Work_Prop": 42.857143, "Peace_Prop": 0.769231, "Participation_Prop": "", "SocialProtection_Prop": 99.068901, "Environment_Prop": 0.292717, "shelter_electricity": 38.46153846, "health_center_attendance": 10.26058632, "work_farms": 45.49180328, "work_unskilled": 20.90163934, "health_programs": 16.92307692, "sp_philhealth": 16.92307692, "water_toilet": 14.61538462, "shelter_makeshift_nhts": 0.0, "food_malnourished": 0.0, "health_child_death": 0.0, "health_maternal_death": 0.0, "he_flood": 0.0, "he_volcano": 0.0, "he_landslide": 0.000264, "he_earthquake": 0.0}, "PH071217005": {"Water_Prop": 77.253219, "Food_Prop": 86.486486, "Shelter_Prop": 4.721030000000001, "Health_Prop": 9.264069000000001, "Education_Prop": 6.642066000000001, "Work_Prop": 48.567708, "Peace_Prop": 5.5793989999999996, "Participation_Prop": "", "SocialProtection_Prop": 98.523207, "Environment_Prop": 0.007162000000000001, "shelter_electricity": 28.32618026, "health_center_attendance": 9.264069264, "work_farms": 45.06329114, "work_unskilled": 20.0, "health_programs": 19.74248927, "sp_philhealth": 19.74248927, "water_toilet": 4.721030043, "shelter_makeshift_nhts": 1.287553648, "food_malnourished": 0.7, "health_child_death": 0.0, "health_maternal_death": 0.0, "he_flood": 0.0, "he_volcano": 0.0, "he_landslide": 0.000264, "he_earthquake": 0.0}, "PH071217006": {"Water_Prop": 32.846715, "Food_Prop": 74.418605, "Shelter_Prop": 3.649635, "Health_Prop": 2.567976, "Education_Prop": 5.952381, "Work_Prop": 48.333333, "Peace_Prop": 0.0, "Participation_Prop": "", "SocialProtection_Prop": 99.398496, "Environment_Prop": 0.288053, "shelter_electricity": 40.1459854, "health_center_attendance": 2.567975831, "work_farms": 46.54377879999999, "work_unskilled": 26.26728111, "health_programs": 20.437956200000002, "sp_philhealth": 20.437956200000002, "water_toilet": 1.459854015, "shelter_makeshift_nhts": 1.459854015, "food_malnourished": 0.0, "health_child_death": 0.0, "health_maternal_death": 0.0, "he_flood": 0.0, "he_volcano": 0.0, "he_landslide": 0.000264, "he_earthquake": 0.0}, "PH071217007": {"Water_Prop": 46.875, "Food_Prop": 58.122744, "Shelter_Prop": 0.48076899999999995, "Health_Prop": 7.462687, "Education_Prop": 5.263158, "Work_Prop": 50.296735999999996, "Peace_Prop": 0.240385, "Participation_Prop": "", "SocialProtection_Prop": 98.572939, "Environment_Prop": 8.698502000000001, "shelter_electricity": 23.31730769, "health_center_attendance": 7.462686567, "work_farms": 47.31343284, "work_unskilled": 18.65671642, "health_programs": 22.11538462, "sp_philhealth": 22.11538462, "water_toilet": 3.125, "shelter_makeshift_nhts": 0.360576923, "food_malnourished": 2.4, "health_child_death": 1.6, "health_maternal_death": 0.0, "he_flood": 0.0, "he_volcano": 0.0, "he_landslide": 0.0, "he_earthquake": 0.0}, "PH071217008": {"Water_Prop": 50.0, "Food_Prop": 22.549020000000002, "Shelter_Prop": 1.785714, "Health_Prop": 8.884859, "Education_Prop": 6.25, "Work_Prop": 48.567708, "Peace_Prop": 0.0, "Participation_Prop": "", "SocialProtection_Prop": 97.191575, "Environment_Prop": 0.572124, "shelter_electricity": 33.48214286, "health_center_attendance": 8.884859474, "work_farms": 42.27848101, "work_unskilled": 20.25316456, "health_programs": 23.21428571, "sp_philhealth": 23.21428571, "water_toilet": 12.05357143, "shelter_makeshift_nhts": 0.0, "food_malnourished": 0.0, "health_child_death": 0.0, "health_maternal_death": 0.0, "he_flood": 0.0, "he_volcano": 0.0, "he_landslide": 0.000264, "he_earthquake": 0.0}, "PH071217009": {"Water_Prop": 95.16129000000001, "Food_Prop": 28.571429, "Shelter_Prop": 1.612903, "Health_Prop": 14.345992, "Education_Prop": 7.569721, "Work_Prop": 52.333333, "Peace_Prop": 0.5376340000000001, "Participation_Prop": "", "SocialProtection_Prop": 98.378926, "Environment_Prop": 8.096328999999999, "shelter_electricity": 27.95698925, "health_center_attendance": 14.34599156, "work_farms": 43.35664336, "work_unskilled": 21.67832168, "health_programs": 35.48387097, "sp_philhealth": 35.48387097, "water_toilet": 5.913978495, "shelter_makeshift_nhts": 0.268817204, "food_malnourished": 2.6, "health_child_death": 0.0, "health_maternal_death": 0.0, "he_flood": 0.0, "he_volcano": 0.0, "he_landslide": 0.0, "he_earthquake": 0.0}, "PH071217010": {"Water_Prop": 66.94915300000001, "Food_Prop": 48.936170000000004, "Shelter_Prop": 1.6949150000000002, "Health_Prop": 4.055619999999999, "Education_Prop": 4.668305, "Work_Prop": 49.738676, "Peace_Prop": 0.0, "Participation_Prop": "", "SocialProtection_Prop": 98.530312, "Environment_Prop": 8.399479, "shelter_electricity": 21.18644068, "health_center_attendance": 4.05561993, "work_farms": 42.28769497, "work_unskilled": 17.67764298, "health_programs": 27.11864407, "sp_philhealth": 27.11864407, "water_toilet": 3.1073446330000003, "shelter_makeshift_nhts": 0.282485876, "food_malnourished": 20.5, "health_child_death": 2.5, "health_maternal_death": 0.0, "he_flood": 0.0, "he_volcano": 0.0, "he_landslide": 0.000264, "he_earthquake": 0.0}, "PH071217011": {"Water_Prop": 24.126984, "Food_Prop": 43.75, "Shelter_Prop": 1.269841, "Health_Prop": 21.145975, "Education_Prop": 3.342618, "Work_Prop": 54.30945, "Peace_Prop": 2.222222, "Participation_Prop": "", "SocialProtection_Prop": 97.882615, "Environment_Prop": 8.716672, "shelter_electricity": 13.65079365, "health_center_attendance": 21.14597544, "work_farms": 22.27272727, "work_unskilled": 40.45454545, "health_programs": 41.58730159, "sp_philhealth": 41.58730159, "water_toilet": 4.126984127, "shelter_makeshift_nhts": 2.3809523809999997, "food_malnourished": 3.4, "health_child_death": 0.0, "health_maternal_death": 0.0, "he_flood": 0.0,