{"PH072212001": {"Water_Prop": 2.1276599999999997, "Food_Prop": 0.0, "Shelter_Prop": 0.0, "Health_Prop": 4.408353, "Education_Prop": 9.677419, "Work_Prop": 49.491525, "Peace_Prop": 0.0, "Participation_Prop": 81.83760699999999, "SocialProtection_Prop": 96.794872, "Environment_Prop": 16.170923000000002, "shelter_electricity": 22.34042553, "health_center_attendance": 4.408352668, "work_farms": 24.16107383, "work_unskilled": 34.89932886, "health_programs": 60.63829787, "sp_philhealth": 60.63829787, "water_toilet": 1.063829787, "shelter_makeshift_nhts": 0.0, "food_malnourished": "", "health_child_death": "", "health_maternal_death": "", "he_flood": 0.0, "he_volcano": 0.0, "he_landslide": 0.001056, "he_earthquake": 0.0, "name": "Baclayan"}, "PH072212002": {"Water_Prop": 10.549133, "Food_Prop": 4.1666669999999995, "Shelter_Prop": 0.433526, "Health_Prop": 31.975819, "Education_Prop": 2.695418, "Work_Prop": 55.658086, "Peace_Prop": 3.323699, "Participation_Prop": 96.07843100000001, "SocialProtection_Prop": 97.76348, "Environment_Prop": 16.507226, "shelter_electricity": 25.0, "health_center_attendance": 31.97581928, "work_farms": 30.449069, "work_unskilled": 17.96276013, "health_programs": 54.62427746, "sp_philhealth": 54.62427746, "water_toilet": 57.94797688, "shelter_makeshift_nhts": 3.540462428, "food_malnourished": "", "health_child_death": "", "health_maternal_death": "", "he_flood": 0.0, "he_volcano": 0.0, "he_landslide": 0.001056, "he_earthquake": 0.0, "name": "El Pardo"}, "PH072212003": {"Water_Prop": 5.434783, "Food_Prop": 100.0, "Shelter_Prop": 0.0, "Health_Prop": 1.1689690000000001, "Education_Prop": 4.784689, "Work_Prop": 47.741935, "Peace_Prop": 0.0, "Participation_Prop": 90.023943, "SocialProtection_Prop": 98.084597, "Environment_Prop": 16.827562, "shelter_electricity": 16.30434783, "health_center_attendance": 1.168969182, "work_farms": 25.61728395, "work_unskilled": 36.72839506, "health_programs": 38.04347826, "sp_philhealth": 38.04347826, "water_toilet": 0.543478261, "shelter_makeshift_nhts": 0.8152173909999999, "food_malnourished": "", "health_child_death": "", "health_maternal_death": "", "he_flood": 0.0, "he_volcano": 0.0, "he_landslide": 0.001056, "he_earthquake": 0.0, "name": "Granada"}, "PH072212004": {"Water_Prop": 6.837607000000001, "Food_Prop": 100.0, "Shelter_Prop": 0.854701, "Health_Prop": 2.878916, "Education_Prop": 4.848485, "Work_Prop": 44.965517, "Peace_Prop": 0.0, "Participation_Prop": 92.367001, "SocialProtection_Prop": 98.997687, "Environment_Prop": 17.169034, "shelter_electricity": 23.93162393, "health_center_attendance": 2.878916173, "work_farms": 23.30827068, "work_unskilled": 41.85463659, "health_programs": 46.58119658, "sp_philhealth": 46.58119658, "water_toilet": 0.0, "shelter_makeshift_nhts": 0.0, "food_malnourished": "", "health_child_death": "", "health_maternal_death": "", "he_flood": 0.0, "he_volcano": 0.0, "he_landslide": 0.001056, "he_earthquake": 0.0, "name": "Lower Becerril"}, "PH072212005": {"Water_Prop": 0.376648, "Food_Prop": 63.636364, "Shelter_Prop": 3.201507, "Health_Prop": 1.8633540000000002, "Education_Prop": 4.948805, "Work_Prop": 55.6, "Peace_Prop": 14.689266, "Participation_Prop": 97.599216, "SocialProtection_Prop": 98.481137, "Environment_Prop": 16.497322, "shelter_electricity": 6.9679849339999995, "health_center_attendance": 1.863354037, "work_farms": 10.03861004, "work_unskilled": 46.203346200000006, "health_programs": 50.84745763, "sp_philhealth": 50.84745763, "water_toilet": 3.578154426, "shelter_makeshift_nhts": 0.941619586, "food_malnourished": "", "health_child_death": "", "health_maternal_death": "", "he_flood": 0.0, "he_volcano": 0.0, "he_landslide": 0.001056, "he_earthquake": 0.0, "name": "Poblacion"}, "PH072212006": {"Water_Prop": 84.0, "Food_Prop": 18.253968, "Shelter_Prop": 0.0, "Health_Prop": 8.721506, "Education_Prop": 6.1946900000000005, "Work_Prop": 28.826152, "Peace_Prop": 3.0, "Participation_Prop": 90.21544, "SocialProtection_Prop": 99.281867, "Environment_Prop": 25.582545, "shelter_electricity": 50.5, "health_center_attendance": 8.721506442, "work_farms": 71.18997912, "work_unskilled": 14.40501044, "health_programs": 40.0, "sp_philhealth": 40.0, "water_toilet": 11.0, "shelter_makeshift_nhts": 1.5, "food_malnourished": "", "health_child_death": "", "health_maternal_death": "", "he_flood": 0.0, "he_volcano": 0.0, "he_landslide": 0.001056, "he_earthquake": 0.0, "name": "San Antonio"}, "PH072212007": {"Water_Prop": 34.469697, "Food_Prop": 23.484848, "Shelter_Prop": 1.515152, "Health_Prop": 1.419558, "Education_Prop": 4.531722, "Work_Prop": 43.223442999999996, "Peace_Prop": 0.0, "Participation_Prop": 90.412979, "SocialProtection_Prop": 98.525074, "Environment_Prop": 9.016523, "shelter_electricity": 39.77272727, "health_center_attendance": 1.41955836, "work_farms": 57.41935484, "work_unskilled": 25.80645161, "health_programs": 45.45454545, "sp_philhealth": 45.45454545, "water_toilet": 5.681818182000001, "shelter_makeshift_nhts": 1.893939394, "food_malnourished": "", "health_child_death": "", "health_maternal_death": "", "he_flood": 0.0, "he_volcano": 0.0, "he_landslide": 0.001056, "he_earthquake": 0.0, "name": "Upper Becerril"}, "PH072212008": {"Water_Prop": 12.083333, "Food_Prop": 51.851852, "Shelter_Prop": 1.666667, "Health_Prop": 4.851751999999999, "Education_Prop": 7.786885000000001, "Work_Prop": 45.165394, "Peace_Prop": 0.0, "Participation_Prop": 86.05948000000001, "SocialProtection_Prop": 98.605948, "Environment_Prop": 16.175345999999998, "shelter_electricity": 27.5, "health_center_attendance": 4.851752021999999, "work_farms": 22.73781903, "work_unskilled": 44.08352668, "health_programs": 54.58333333, "sp_philhealth": 54.58333333, "water_toilet": 0.41666666700000005, "shelter_makeshift_nhts": 0.41666666700000005, "food_malnourished": "", "health_child_death": "", "health_maternal_death": "", "he_flood": 0.0, "he_volcano": 0.0, "he_landslide": 0.001056, "he_earthquake": 0.0, "name": "Arbor"}, "PH072212009": {"Water_Prop": 23.902439, "Food_Prop": 29.268293, "Shelter_Prop": 0.48780500000000004, "Health_Prop": 2.3, "Education_Prop": 3.333333, "Work_Prop": 45.241581, "Peace_Prop": 1.463415, "Participation_Prop": 92.79476, "SocialProtection_Prop": 98.362445, "Environment_Prop": 9.020536, "shelter_electricity": 31.70731707, "health_center_attendance": 2.3, "work_farms": 47.32620321, "work_unskilled": 28.87700535, "health_programs": 39.51219512, "sp_philhealth": 39.51219512, "water_toilet": 6.341463415, "shelter_makeshift_nhts": 0.243902439, "food_malnourished": "", "health_child_death": "", "health_maternal_death": "", "he_flood": 0.0, "he_volcano": 0.0, "he_landslide": 0.001056, "he_earthquake": 0.0, "name": "Lunop"}, "PH072212010": {"Water_Prop": 28.368794, "Food_Prop": 0.0, "Shelter_Prop": 0.70922, "Health_Prop": 16.970547, "Education_Prop": 5.649718, "Work_Prop": 28.631579, "Peace_Prop": 1.41844, "Participation_Prop": 79.67599399999999, "SocialProtection_Prop": 98.08542, "Environment_Prop": 25.893634, "shelter_electricity": 46.80851064, "health_center_attendance": 16.97054698, "work_farms": 74.04129794, "work_unskilled": 13.27433628, "health_programs": 31.20567376, "sp_philhealth": 31.20567376, "water_toilet": 26.24113475, "shelter_makeshift_nhts": 1.063829787, "food_malnourished": "", "health_child_death": "", "health_maternal_death": "", "he_flood": 0.0, "he_volcano": 0.0, "he_landslide": 0.001056, "he_earthquake": 0.0, "name": "Nangka"}, "PH072212011": {"Water_Prop": 2.985075, "Food_Prop": 7.894736999999999, "Shelter_Prop": 0.995025, "Health_Prop": 4.421053, "Education_Prop": 5.0209209999999995, "Work_Prop": 44.075829, "Peace_Prop": 0.0, "Participation_Prop": 87.127533, "SocialProtection_Prop": 99.04648399999999, "Environment_Prop": 16.497017, "shelter_electricity": 13.43283582, "health_center_attendance": 4.421052632, "work_farms": 30.79096045, "work_unskilled": 35.31073446, "health_programs": 45.77114428, "sp_philhealth": 45.77114428, "water_toilet": 0.9950248759999999,