{"PH072215001": {"water_access": 6.078665, "food_tenure": 57.14285699999999, "shelter_informal_settlers_nhts": 3.337306, "health_center_attendance": 92.96458, "educ_outofschool_all": 8.659794, "work_unemployment": 50.057274, "po_conflict": 0.238379, "participation_assembly_attendance": 96.18871, "sp_sss": 95.859085, "he_risk": 8.075362, "shelter_electricity": 9.296781883, "health_center_attendance.1": 92.9645803, "work_farms": 5.122324159, "work_unskilled": 44.49541284, "health_programs": 85.69725864, "sp_philhealth": 85.69725864, "water_toilet": 7.747318236, "shelter_makeshift_nhts": 9.117997616, "food_malnourished": "", "health_child_death": "", "health_maternal_death": "", "he_flood": 0.0, "he_volcano": 0.0, "he_landslide": 0.000528, "he_earthquake": 0.0, "name": "Baring"}, "PH072215002": {"water_access": 39.465875, "food_tenure": 0.0, "shelter_informal_settlers_nhts": 1.186944, "health_center_attendance": 98.04045500000001, "educ_outofschool_all": 5.202312, "work_unemployment": 51.256281, "po_conflict": 0.0, "participation_assembly_attendance": 92.243767, "sp_sss": 96.398892, "he_risk": 1.3581940000000001, "shelter_electricity": 10.68249258, "health_center_attendance.1": 98.04045512, "work_farms": 8.041237113, "work_unskilled": 46.59793814, "health_programs": 86.64688427, "sp_philhealth": 86.64688427, "water_toilet": 0.0, "shelter_makeshift_nhts": 1.78041543, "food_malnourished": "", "health_child_death": "", "health_maternal_death": "", "he_flood": 0.0, "he_volcano": 0.0, "he_landslide": 0.000528, "he_earthquake": 0.0, "name": "Cantipay"}, "PH072215003": {"water_access": 1.3698629999999998, "food_tenure": "", "shelter_informal_settlers_nhts": 1.3698629999999998, "health_center_attendance": 97.35553399999999, "educ_outofschool_all": 5.058366, "work_unemployment": 55.271565, "po_conflict": 0.0, "participation_assembly_attendance": 94.353562, "sp_sss": 93.878628, "he_risk": 0.531146, "shelter_electricity": 4.566210046, "health_center_attendance.1": 97.35553379, "work_farms": 16.07142857, "work_unskilled": 34.64285714, "health_programs": 79.9086758, "sp_philhealth": 79.9086758, "water_toilet": 0.456621005, "shelter_makeshift_nhts": 4.109589041, "food_malnourished": "", "health_child_death": "", "health_maternal_death": "", "he_flood": 0.0, "he_volcano": 0.0, "he_landslide": 0.000528, "he_earthquake": 0.0, "name": "Cantumog"}, "PH072215004": {"water_access": 2.419355, "food_tenure": 100.0, "shelter_informal_settlers_nhts": 0.40322600000000003, "health_center_attendance": 97.007722, "educ_outofschool_all": 7.344633, "work_unemployment": 42.318436, "po_conflict": 1.2096770000000001, "participation_assembly_attendance": 87.543253, "sp_sss": 96.678201, "he_risk": 0.11658800000000001, "shelter_electricity": 6.451612902999999, "health_center_attendance.1": 97.00772201, "work_farms": 14.28571429, "work_unskilled": 42.37288136, "health_programs": 95.16129032, "sp_philhealth": 95.16129032, "water_toilet": 0.806451613, "shelter_makeshift_nhts": 5.040322581, "food_malnourished": "", "health_child_death": "", "health_maternal_death": "", "he_flood": 0.0, "he_volcano": 0.0, "he_landslide": 0.001056, "he_earthquake": 0.0, "name": "Cantukong"}, "PH072215005": {"water_access": 60.0, "food_tenure": 14.285714000000002, "shelter_informal_settlers_nhts": 0.5, "health_center_attendance": 97.316103, "educ_outofschool_all": 9.398496000000002, "work_unemployment": 37.099494, "po_conflict": 0.0, "participation_assembly_attendance": 89.269612, "sp_sss": 97.385032, "he_risk": 0.020436000000000003, "shelter_electricity": 24.0, "health_center_attendance.1": 97.31610338, "work_farms": 61.39410188, "work_unskilled": 17.42627346, "health_programs": 62.0, "sp_philhealth": 62.0, "water_toilet": 1.0, "shelter_makeshift_nhts": 2.75, "food_malnourished": "", "health_child_death": "", "health_maternal_death": "", "he_flood": 0.0, "he_volcano": 0.0, "he_landslide": 0.001056, "he_earthquake": 0.0, "name": "Caurasan"}, "PH072215006": {"water_access": 10.756972, "food_tenure": 31.25, "shelter_informal_settlers_nhts": 0.796813, "health_center_attendance": 92.78954499999999, "educ_outofschool_all": 4.0, "work_unemployment": 39.065816999999996, "po_conflict": 1.3944219999999998, "participation_assembly_attendance": 94.740943, "sp_sss": 96.45500600000001, "he_risk": 1.080167, "shelter_electricity": 15.73705179, "health_center_attendance.1": 92.78954484, "work_farms": 15.91173055, "work_unskilled": 47.15447154, "health_programs": 70.3187251, "sp_philhealth": 70.3187251, "water_toilet": 12.74900398, "shelter_makeshift_nhts": 21.912350600000003, "food_malnourished": "", "health_child_death": "", "health_maternal_death": "", "he_flood": 0.0, "he_volcano": 0.0, "he_landslide": 0.001056, "he_earthquake": 0.0, "name": "Corte"}, "PH072215007": {"water_access": 44.827586, "food_tenure": 100.0, "shelter_informal_settlers_nhts": 0.383142, "health_center_attendance": 94.127517, "educ_outofschool_all": 7.394366000000001, "work_unemployment": 53.230337, "po_conflict": 0.0, "participation_assembly_attendance": 95.258724, "sp_sss": 96.245487, "he_risk": 24.060019, "shelter_electricity": 12.2605364, "health_center_attendance.1": 94.12751678, "work_farms": 10.51051051, "work_unskilled": 47.74774775, "health_programs": 94.63601533, "sp_philhealth": 94.63601533, "water_toilet": 1.9157088119999999, "shelter_makeshift_nhts": 4.980842912, "food_malnourished": "", "health_child_death": "", "health_maternal_death": "", "he_flood": 0.0, "he_volcano": 0.0, "he_landslide": 0.000528, "he_earthquake": 0.0, "name": "Dawis Norte"}, "PH072215008": {"water_access": 24.21875, "food_tenure": "", "shelter_informal_settlers_nhts": 0.260417, "health_center_attendance": 79.259259, "educ_outofschool_all": 31.553397999999998, "work_unemployment": 55.892548, "po_conflict": 0.520833, "participation_assembly_attendance": 93.753123, "sp_sss": 97.101449, "he_risk": 20.528451999999998, "shelter_electricity": 5.989583333, "health_center_attendance.1": 79.25925926, "work_farms": 4.125736739, "work_unskilled": 48.72298625, "health_programs": 75.0, "sp_philhealth": 75.0, "water_toilet": 1.8229166669999999, "shelter_makeshift_nhts": 3.776041667, "food_malnourished": "", "health_child_death": "", "health_maternal_death": "", "he_flood": 0.0, "he_volcano": 0.0, "he_landslide": 0.000528, "he_earthquake": 0.0, "name": "Dawis Sur"}, "PH072215009": {"water_access": 1.5503879999999999, "food_tenure": "", "shelter_informal_settlers_nhts": 12.015504, "health_center_attendance": 94.166667, "educ_outofschool_all": 44.329896999999995, "work_unemployment": 61.830065000000005, "po_conflict": 0.7751939999999999, "participation_assembly_attendance": 97.17497, "sp_sss": 96.65856600000001, "he_risk": 29.537564, "shelter_electricity": 10.07751938, "health_center_attendance.1": 94.16666667, "work_farms": 6.506849315, "work_unskilled": 13.01369863, "health_programs": 73.64341085, "sp_philhealth": 73.64341085, "water_toilet": 1.5503875969999998, "shelter_makeshift_nhts": 5.03875969, "food_malnourished": "", "health_child_death": "", "health_maternal_death": "", "he_flood": 0.0, "he_volcano": 0.0, "he_landslide": 0.000528, "he_earthquake": 0.0, "name": "Cogon East"}, "PH072215010": {"water_access": 3.116883, "food_tenure": 23.026316, "shelter_informal_settlers_nhts": 1.038961, "health_center_attendance": 91.33650300000001, "educ_outofschool_all": 5.0, "work_unemployment": 33.190761, "po_conflict": 0.5194810000000001, "participation_assembly_attendance": 94.650817, "sp_sss": 96.384349, "he_risk": 0.6355850000000001, "shelter_electricity": 21.55844156, "health_center_attendance.1": 91.33650291, "work_farms": 17.41357234, "work_unskilled": 30.60179257, "health_programs": 65.97402597, "sp_philhealth": 65.97402597, "water_toilet": 23.37662338, "shelter_makeshift_nhts": 4.935064935, "food_malnourished": "", "health_child_death": "", "health_maternal_death": "", "he_flood": 0.0, "he_volcano": 0.0, "he_landslide": 0.003061, "he_earthquake": 0.0, "name": "Hagnaya"},