{"PH072245001": {"water_access": 21.029083, "food_tenure": 37.5, "shelter_informal_settlers_nhts": 0.671141, "health_center_attendance": 42.913385999999996, "educ_outofschool_all": 10.408163, "work_unemployment": 47.526237, "po_conflict": 3.579418, "participation_assembly_attendance": 95.532013, "sp_sss": 2.2109630000000067, "he_risk": 0.39282399999999995, "shelter_electricity": 33.55704698, "health_center_attendance.1": 42.91338583, "work_farms": 47.42857143, "work_unskilled": 12.0, "health_programs": 47.87472036, "sp_philhealth": 52.12527964, "water_toilet": 12.30425056, "shelter_makeshift_nhts": 0.559284116, "food_malnourished": "", "health_child_death": "", "health_maternal_death": "", "he_flood": 0.0, "he_volcano": 0.0, "he_landslide": 0.000792, "he_earthquake": 0.0, "name": "Bunlan"}, "PH072245002": {"water_access": 27.091633, "food_tenure": 11.764706, "shelter_informal_settlers_nhts": 0.0, "health_center_attendance": 56.917363, "educ_outofschool_all": 14.351852, "work_unemployment": 40.054496, "po_conflict": 2.390438, "participation_assembly_attendance": 90.285714, "sp_sss": 1.8095239999999961, "he_risk": 0.9608190000000001, "shelter_electricity": 33.06772908, "health_center_attendance.1": 56.91736305, "work_farms": 54.54545455, "work_unskilled": 11.36363636, "health_programs": 54.98007968, "sp_philhealth": 45.01992032, "water_toilet": 14.74103586, "shelter_makeshift_nhts": 0.597609562, "food_malnourished": "", "health_child_death": "", "health_maternal_death": "", "he_flood": 0.0, "he_volcano": 0.0, "he_landslide": 0.000792, "he_earthquake": 0.0, "name": "Cabutongan"}, "PH072245003": {"water_access": 2.230483, "food_tenure": 98.214286, "shelter_informal_settlers_nhts": 0.0, "health_center_attendance": 49.351852, "educ_outofschool_all": 14.285714000000002, "work_unemployment": 44.878706, "po_conflict": 7.063197, "participation_assembly_attendance": 81.427175, "sp_sss": 1.5640269999999958, "he_risk": 0.396361, "shelter_electricity": 24.9070632, "health_center_attendance.1": 49.35185185, "work_farms": 56.72371638, "work_unskilled": 10.26894866, "health_programs": 34.57249071, "sp_philhealth": 65.42750929, "water_toilet": 4.089219331000001, "shelter_makeshift_nhts": 0.0, "food_malnourished": "", "health_child_death": "", "health_maternal_death": "", "he_flood": 0.0, "he_volcano": 0.0, "he_landslide": 0.000792, "he_earthquake": 0.0, "name": "Candamiang"}, "PH072245004": {"water_access": 2.078522, "food_tenure": 97.435897, "shelter_informal_settlers_nhts": 0.46189399999999997, "health_center_attendance": 58.240081, "educ_outofschool_all": 14.666667000000002, "work_unemployment": 48.75195, "po_conflict": 3.464203, "participation_assembly_attendance": 95.223073, "sp_sss": 2.433529000000007, "he_risk": 24.075560999999997, "shelter_electricity": 34.18013857, "health_center_attendance.1": 58.24008138, "work_farms": 28.15829528, "work_unskilled": 22.37442922, "health_programs": 52.65588915, "sp_philhealth": 47.34411085, "water_toilet": 1.3856812930000002, "shelter_makeshift_nhts": 1.6166281759999999, "food_malnourished": "", "health_child_death": "", "health_maternal_death": "", "he_flood": 0.0, "he_volcano": 0.0, "he_landslide": 0.000264, "he_earthquake": 0.0, "name": "Liloan"}, "PH072245005": {"water_access": 5.882353, "food_tenure": 30.612245, "shelter_informal_settlers_nhts": 0.39215700000000003, "health_center_attendance": 58.610847, "educ_outofschool_all": 13.084112, "work_unemployment": 42.204301, "po_conflict": 7.843137, "participation_assembly_attendance": 87.81336999999999, "sp_sss": 2.158773999999994, "he_risk": 0.409252, "shelter_electricity": 27.84313725, "health_center_attendance.1": 58.61084681, "work_farms": 70.46511628, "work_unskilled": 6.046511627999999, "health_programs": 47.45098039, "sp_philhealth": 52.54901961, "water_toilet": 11.76470588, "shelter_makeshift_nhts": 0.0, "food_malnourished": "", "health_child_death": "", "health_maternal_death": "", "he_flood": 0.0, "he_volcano": 0.0, "he_landslide": 0.000792, "he_earthquake": 0.0, "name": "Lip-tong"}, "PH072245006": {"water_access": 2.099738, "food_tenure": 60.0, "shelter_informal_settlers_nhts": 1.049869, "health_center_attendance": 80.493827, "educ_outofschool_all": 11.428571, "work_unemployment": 53.142329000000004, "po_conflict": 2.362205, "participation_assembly_attendance": 89.18655600000001, "sp_sss": 1.9970770000000044, "he_risk": 17.099723, "shelter_electricity": 28.87139108, "health_center_attendance.1": 80.49382716, "work_farms": 27.21893491, "work_unskilled": 19.132149899999998, "health_programs": 50.65616798, "sp_philhealth": 49.34383202, "water_toilet": 6.56167979, "shelter_makeshift_nhts": 0.656167979, "food_malnourished": "", "health_child_death": "", "health_maternal_death": "", "he_flood": 0.0, "he_volcano": 0.0, "he_landslide": 0.000264, "he_earthquake": 0.0, "name": "Looc"}, "PH072245007": {"water_access": 3.1347959999999997, "food_tenure": 35.294118, "shelter_informal_settlers_nhts": 0.9404389999999999, "health_center_attendance": 46.452085, "educ_outofschool_all": 6.462585, "work_unemployment": 46.904512, "po_conflict": 4.075235, "participation_assembly_attendance": 92.912913, "sp_sss": 2.402401999999995, "he_risk": 16.923807999999998, "shelter_electricity": 24.76489028, "health_center_attendance.1": 46.45208486, "work_farms": 41.30434783, "work_unskilled": 17.98418972, "health_programs": 50.47021944, "sp_philhealth": 49.52978056, "water_toilet": 9.404388715, "shelter_makeshift_nhts": 0.470219436, "food_malnourished": "", "health_child_death": "", "health_maternal_death": "", "he_flood": 0.0, "he_volcano": 0.0, "he_landslide": 0.000264, "he_earthquake": 0.0, "name": "Pasil"}, "PH072245008": {"water_access": 4.145078, "food_tenure": "", "shelter_informal_settlers_nhts": 0.0, "health_center_attendance": 6.689735000000001, "educ_outofschool_all": 9.020619, "work_unemployment": 53.04929, "po_conflict": 20.984455999999998, "participation_assembly_attendance": 93.90899300000001, "sp_sss": 3.296309999999991, "he_risk": 16.933904000000002, "shelter_electricity": 11.13989637, "health_center_attendance.1": 6.689734717, "work_farms": 18.32740214, "work_unskilled": 18.50533808, "health_programs": 28.49740933, "sp_philhealth": 71.50259067, "water_toilet": 1.03626943, "shelter_makeshift_nhts": 2.590673575, "food_malnourished": "", "health_child_death": "", "health_maternal_death": "", "he_flood": 0.0, "he_volcano": 0.0, "he_landslide": 0.000264, "he_earthquake": 0.0, "name": "Poblacion"}, "PH072245009": {"water_access": 3.171247, "food_tenure": 0.0, "shelter_informal_settlers_nhts": 0.211416, "health_center_attendance": 60.203139, "educ_outofschool_all": 8.043478, "work_unemployment": 52.841678, "po_conflict": 1.4799149999999999, "participation_assembly_attendance": 94.145199, "sp_sss": 2.771271999999996, "he_risk": 21.448583, "shelter_electricity": 28.11839323, "health_center_attendance.1": 60.20313943, "work_farms": 19.08177905, "work_unskilled": 24.96413199, "health_programs": 67.44186047, "sp_philhealth": 32.558139530000005, "water_toilet": 1.9027484140000002, "shelter_makeshift_nhts": 1.268498943, "food_malnourished": "", "health_child_death": "", "health_maternal_death": "", "he_flood": 0.0, "he_volcano": 0.0, "he_landslide": 0.000792, "he_earthquake": 0.0, "name": "Talisay"}, "PH072245010": {"water_access": 0.0, "food_tenure": 5.555556, "shelter_informal_settlers_nhts": 0.628931, "health_center_attendance": 65.337001, "educ_outofschool_all": 12.666667, "work_unemployment": 50.411522999999995, "po_conflict": 3.7735849999999997, "participation_assembly_attendance": 64.712514, "sp_sss": 2.7057499999999948, "he_risk": 23.625633999999998, "shelter_electricity": 35.8490566, "health_center_attendance.1": 65.33700138, "work_farms": 46.88796681, "work_unskilled": 18.67219917, "health_programs": 51.57232704, "sp_philhealth": 48.42767296, "water_toilet": 0.628930818, "shelter_makeshift_nhts": 0.943396226, "food_malnourished": "", "health_child_death": "",