{"PH074610001": {"Water_Prop": 6.477093, "Food_Prop": 0.0, "Shelter_Prop": 5.687204, "Health_Prop": 51.990984000000005, "Education_Prop": 13.941479999999999, "Work_Prop": 50.635978, "Peace_Prop": 18.167457000000002, "Participation_Prop": 99.259785, "SocialProtection_Prop": 96.79578199999999, "Environment_Prop": 26.400431, "shelter_electricity": 25.75039494, "health_center_attendance": 51.99098422, "work_farms": 0.49079754600000003, "work_unskilled": 17.17791411, "health_programs": 68.56240126, "sp_philhealth": 68.56240126, "water_toilet": 2.685624013, "shelter_makeshift_nhts": 10.66350711, "food_malnourished": "", "health_child_death": "", "health_maternal_death": "", "he_flood": "", "he_volcano": "", "he_landslide": "", "he_earthquake": ""}, "PH074610002": {"Water_Prop": 0.0, "Food_Prop": 0.0, "Shelter_Prop": 2.222222, "Health_Prop": 42.832765, "Education_Prop": 3.546099, "Work_Prop": 53.298153000000006, "Peace_Prop": 9.259259, "Participation_Prop": 97.52346999999999, "SocialProtection_Prop": 95.856264, "Environment_Prop": 5.908194, "shelter_electricity": 27.77777778, "health_center_attendance": 42.83276451, "work_farms": 3.389830508, "work_unskilled": 31.07344633, "health_programs": 59.25925926, "sp_philhealth": 59.25925926, "water_toilet": 1.111111111, "shelter_makeshift_nhts": 4.814814815, "food_malnourished": "", "health_child_death": "", "health_maternal_death": "", "he_flood": "", "he_volcano": "", "he_landslide": "", "he_earthquake": ""}, "PH074610003": {"Water_Prop": 5.113636, "Food_Prop": 0.0, "Shelter_Prop": 1.136364, "Health_Prop": 19.026048, "Education_Prop": 10.476189999999999, "Work_Prop": 51.086957, "Peace_Prop": 14.204545000000001, "Participation_Prop": "", "SocialProtection_Prop": 96.147161, "Environment_Prop": 5.995111, "shelter_electricity": 33.52272727, "health_center_attendance": 19.02604757, "work_farms": 7.037037037, "work_unskilled": 37.03703704, "health_programs": 66.47727273, "sp_philhealth": 66.47727273, "water_toilet": 2.272727273, "shelter_makeshift_nhts": 9.943181818, "food_malnourished": "", "health_child_death": "", "health_maternal_death": "", "he_flood": "", "he_volcano": "", "he_landslide": "", "he_earthquake": ""}, "PH074610004": {"Water_Prop": 15.254237, "Food_Prop": 0.0, "Shelter_Prop": 11.864407, "Health_Prop": 48.137197, "Education_Prop": 4.9411760000000005, "Work_Prop": 55.384615000000004, "Peace_Prop": 0.48426199999999997, "Participation_Prop": 99.07344599999999, "SocialProtection_Prop": 96.35028199999999, "Environment_Prop": 24.344707999999997, "shelter_electricity": 25.66585956, "health_center_attendance": 48.13719692, "work_farms": 12.57606491, "work_unskilled": 24.34077079, "health_programs": 86.19854722, "sp_philhealth": 86.19854722, "water_toilet": 0.0, "shelter_makeshift_nhts": 7.627118643999999, "food_malnourished": "", "health_child_death": "", "health_maternal_death": "", "he_flood": "", "he_volcano": "", "he_landslide": "", "he_earthquake": ""}, "PH074610005": {"Water_Prop": 6.25, "Food_Prop": 0.0, "Shelter_Prop": 4.1666669999999995, "Health_Prop": 0.580271, "Education_Prop": 4.615385, "Work_Prop": 46.417445, "Peace_Prop": 19.791667, "Participation_Prop": 96.03331999999999, "SocialProtection_Prop": 96.330821, "Environment_Prop": 31.086312, "shelter_electricity": 22.91666667, "health_center_attendance": 0.580270793, "work_farms": 3.488372093, "work_unskilled": 47.674418599999996, "health_programs": 51.04166667, "sp_philhealth": 51.04166667, "water_toilet": 1.041666667, "shelter_makeshift_nhts": 4.6875, "food_malnourished": "", "health_child_death": "", "health_maternal_death": "", "he_flood": "", "he_volcano": "", "he_landslide": "", "he_earthquake": ""}, "PH074610006": {"Water_Prop": 16.981132000000002, "Food_Prop": 70.0, "Shelter_Prop": 10.377358000000001, "Health_Prop": 51.580135, "Education_Prop": 6.004619, "Work_Prop": 54.21903100000001, "Peace_Prop": 4.245283000000001, "Participation_Prop": 98.146362, "SocialProtection_Prop": 96.635594, "Environment_Prop": 14.656629999999998, "shelter_electricity": 37.26415094, "health_center_attendance": 51.58013544, "work_farms": 1.568627451, "work_unskilled": 39.60784314, "health_programs": 88.44339623, "sp_philhealth": 88.44339623, "water_toilet": 0.70754717, "shelter_makeshift_nhts": 12.26415094, "food_malnourished": "", "health_child_death": "", "health_maternal_death": "", "he_flood": "", "he_volcano": "", "he_landslide": "", "he_earthquake": ""}, "PH074610007": {"Water_Prop": 6.25, "Food_Prop": "", "Shelter_Prop": 0.0, "Health_Prop": 10.582011, "Education_Prop": 1.030928, "Work_Prop": 50.420168, "Peace_Prop": 3.75, "Participation_Prop": 96.09038699999999, "SocialProtection_Prop": 96.449067, "Environment_Prop": 17.09209, "shelter_electricity": 30.0, "health_center_attendance": 10.58201058, "work_farms": 0.0, "work_unskilled": 26.27118644, "health_programs": 61.25, "sp_philhealth": 61.25, "water_toilet": 1.25, "shelter_makeshift_nhts": 8.125, "food_malnourished": "", "health_child_death": "", "health_maternal_death": "", "he_flood": "", "he_volcano": "", "he_landslide": "", "he_earthquake": ""}, "PH074610008": {"Water_Prop": 7.155025999999999, "Food_Prop": "", "Shelter_Prop": 2.214651, "Health_Prop": 26.854494, "Education_Prop": 6.552262000000001, "Work_Prop": 51.565168, "Peace_Prop": 21.97615, "Participation_Prop": 95.350514, "SocialProtection_Prop": 96.449811, "Environment_Prop": 5.9443980000000005, "shelter_electricity": 37.81942078, "health_center_attendance": 26.85449358, "work_farms": 2.937720329, "work_unskilled": 44.06580494, "health_programs": 76.66098808, "sp_philhealth": 76.66098808, "water_toilet": 3.577512777, "shelter_makeshift_nhts": 8.688245315, "food_malnourished": "", "health_child_death": "", "health_maternal_death": "", "he_flood": "", "he_volcano": "", "he_landslide": "", "he_earthquake": ""}, "PH074610009": {"Water_Prop": 1.598837, "Food_Prop": "", "Shelter_Prop": 3.052326, "Health_Prop": 38.864943, "Education_Prop": 5.601318, "Work_Prop": 48.20296, "Peace_Prop": 47.819767, "Participation_Prop": 96.01858, "SocialProtection_Prop": 96.642336, "Environment_Prop": 42.137798, "shelter_electricity": 17.44186047, "health_center_attendance": 38.86494253, "work_farms": 6.020408163, "work_unskilled": 21.63265306, "health_programs": 49.12790698, "sp_philhealth": 49.12790698, "water_toilet": 1.162790698, "shelter_makeshift_nhts": 8.430232558, "food_malnourished": "", "health_child_death": "", "health_maternal_death": "", "he_flood": "", "he_volcano": "", "he_landslide": "", "he_earthquake": ""}, "PH074610010": {"Water_Prop": 8.845208999999999, "Food_Prop": 0.0, "Shelter_Prop": 3.1941029999999997, "Health_Prop": 51.238671000000004, "Education_Prop": 23.00885, "Work_Prop": 53.13075500000001, "Peace_Prop": 21.867322, "Participation_Prop": 98.339777, "SocialProtection_Prop": 95.9063, "Environment_Prop": 10.545743, "shelter_electricity": 37.83783784, "health_center_attendance": 51.23867069, "work_farms": 2.7504911589999996, "work_unskilled": 32.02357564, "health_programs": 64.12776413, "sp_philhealth": 64.12776413, "water_toilet": 11.79361179, "shelter_makeshift_nhts": 4.176904177, "food_malnourished": "", "health_child_death": "", "health_maternal_death": "", "he_flood": "", "he_volcano": "", "he_landslide": "", "he_earthquake": ""}, "PH074610011": {"Water_Prop": 2.222222, "Food_Prop": 11.111111, "Shelter_Prop": 0.0, "Health_Prop": 39.904534999999996, "Education_Prop": 4.0076339999999995, "Work_Prop": 46.293375, "Peace_Prop": 35.151515, "Participation_Prop": 97.749367, "SocialProtection_Prop": 96.976961, "Environment_Prop": 9.231722, "shelter_electricity": 44.44444444, "health_center_attendance": 39.90453461, "work_farms": 1.762114537, "work_unskilled": 40.23494861, "health_programs": 57.17171717, "sp_philhealth": 57.17171717, "water_toilet": 4.848484848, "shelter_makeshift_nhts": 14.94949495, "food_malnourished": "", "health_child_death": "", "health_maternal_death": "", "he_flood": "", "he_volcano": "", "he_landslide": "",