{"PH071242001": {"water_access": 0.689655, "food_tenure": "", "shelter_informal_settlers_nhts": 6.2068970000000006, "health_center_attendance": 66.94796099999999, "educ_outofschool_all": 6.857142999999999, "work_unemployment": 51.401869, "po_conflict": 0.0, "participation_assembly_attendance": "", "sp_sss": 96.59165, "he_risk": 16.270851, "shelter_electricity": 15.86206897, "health_center_attendance.1": 66.94796062, "work_farms": 5.769230769, "work_unskilled": 47.59615385, "health_programs": 75.17241379, "sp_philhealth": 75.17241379, "water_toilet": 0.689655172, "shelter_makeshift_nhts": 9.655172413999999, "food_malnourished": 0.3, "health_child_death": 0.3, "health_maternal_death": 0.0, "he_flood": 0.0, "he_volcano": 0.0, "he_landslide": 0.0, "he_earthquake": 0.0, "name": "Bool"}, "PH071242002": {"water_access": 32.81493, "food_tenure": 20.0, "shelter_informal_settlers_nhts": 7.931571000000001, "health_center_attendance": 30.304021000000002, "educ_outofschool_all": 4.043126999999999, "work_unemployment": 52.079002, "po_conflict": 0.933126, "participation_assembly_attendance": "", "sp_sss": 97.377516, "he_risk": 18.669704, "shelter_electricity": 39.34681182, "health_center_attendance.1": 30.30402092, "work_farms": 4.0130151839999995, "work_unskilled": 40.02169197, "health_programs": 58.00933126, "sp_philhealth": 58.00933126, "water_toilet": 20.52877138, "shelter_makeshift_nhts": 7.076205288, "food_malnourished": 2.5, "health_child_death": 0.0, "health_maternal_death": 0.0, "he_flood": 0.0, "he_volcano": 0.0, "he_landslide": 0.0, "he_earthquake": 0.0, "name": "Booy"}, "PH071242003": {"water_access": 6.493506, "food_tenure": 0.0, "shelter_informal_settlers_nhts": 5.194805000000001, "health_center_attendance": 49.743590000000005, "educ_outofschool_all": 32.589286, "work_unemployment": 48.884381, "po_conflict": 5.194805000000001, "participation_assembly_attendance": "", "sp_sss": 98.61591700000001, "he_risk": 2.035483, "shelter_electricity": 18.18181818, "health_center_attendance.1": 49.74358974, "work_farms": 8.333333332999999, "work_unskilled": 38.88888889, "health_programs": 78.57142857, "sp_philhealth": 78.57142857, "water_toilet": 3.896103896, "shelter_makeshift_nhts": 12.01298701, "food_malnourished": 0.7, "health_child_death": 0.0, "health_maternal_death": 0.0, "he_flood": 0.0, "he_volcano": 0.0, "he_landslide": 0.0, "he_earthquake": 0.0, "name": "Cabawan"}, "PH071242004": {"water_access": 15.279879000000001, "food_tenure": 0.0, "shelter_informal_settlers_nhts": 9.6823, "health_center_attendance": 39.354839, "educ_outofschool_all": 29.671716999999997, "work_unemployment": 53.346361, "po_conflict": 0.907716, "participation_assembly_attendance": "", "sp_sss": 97.453521, "he_risk": 25.44452, "shelter_electricity": 37.8214826, "health_center_attendance.1": 39.35483871, "work_farms": 2.7225130889999996, "work_unskilled": 43.87434555, "health_programs": 57.33736762, "sp_philhealth": 57.33736762, "water_toilet": 10.74130106, "shelter_makeshift_nhts": 7.56429652, "food_malnourished": 2.8, "health_child_death": 0.2, "health_maternal_death": 0.0, "he_flood": 0.0, "he_volcano": 0.0, "he_landslide": 0.0, "he_earthquake": 0.0, "name": "Cogon"}, "PH071242005": {"water_access": 7.086614, "food_tenure": 0.0, "shelter_informal_settlers_nhts": 6.299213, "health_center_attendance": 44.952681, "educ_outofschool_all": 28.064515999999998, "work_unemployment": 50.063694, "po_conflict": 0.0, "participation_assembly_attendance": "", "sp_sss": 96.500339, "he_risk": 22.042858, "shelter_electricity": 43.30708661, "health_center_attendance.1": 44.95268139, "work_farms": 2.040816327, "work_unskilled": 45.15306122, "health_programs": 83.07086614, "sp_philhealth": 83.07086614, "water_toilet": 2.755905512, "shelter_makeshift_nhts": 8.070866142, "food_malnourished": 1.0, "health_child_death": 0.0, "health_maternal_death": 0.0, "he_flood": 0.0, "he_volcano": 0.0, "he_landslide": 0.0, "he_earthquake": 0.0, "name": "Dao"}, "PH071242006": {"water_access": 45.0, "food_tenure": 0.0, "shelter_informal_settlers_nhts": 16.666667, "health_center_attendance": 28.077571999999996, "educ_outofschool_all": 8.695652, "work_unemployment": 46.786248, "po_conflict": 0.0, "participation_assembly_attendance": "", "sp_sss": 97.672291, "he_risk": 18.967487, "shelter_electricity": 36.66666667, "health_center_attendance.1": 28.07757167, "work_farms": 3.651685393, "work_unskilled": 48.31460674, "health_programs": 62.08333333, "sp_philhealth": 62.08333333, "water_toilet": 16.66666667, "shelter_makeshift_nhts": 19.375, "food_malnourished": 1.2, "health_child_death": 0.7, "health_maternal_death": 0.0, "he_flood": 0.0, "he_volcano": 0.0, "he_landslide": 0.0, "he_earthquake": 0.0, "name": "Dampas"}, "PH071242008": {"water_access": 6.428571, "food_tenure": "", "shelter_informal_settlers_nhts": 7.857142999999999, "health_center_attendance": 81.22014, "educ_outofschool_all": 6.921944, "work_unemployment": 49.034523, "po_conflict": 0.0, "participation_assembly_attendance": "", "sp_sss": 97.494463, "he_risk": 16.151463, "shelter_electricity": 22.14285714, "health_center_attendance.1": 81.22013965, "work_farms": 20.66590126, "work_unskilled": 39.03559127, "health_programs": 68.75, "sp_philhealth": 68.75, "water_toilet": 1.25, "shelter_makeshift_nhts": 1.517857143, "food_malnourished": 0.3, "health_child_death": 0.0, "health_maternal_death": 0.0, "he_flood": 0.0, "he_volcano": 0.0, "he_landslide": 0.0, "he_earthquake": 0.0, "name": "Manga"}, "PH071242009": {"water_access": 5.327869000000001, "food_tenure": 33.333333, "shelter_informal_settlers_nhts": 3.688525, "health_center_attendance": 78.96645500000001, "educ_outofschool_all": 4.6808510000000005, "work_unemployment": 46.823204, "po_conflict": 0.409836, "participation_assembly_attendance": "", "sp_sss": 97.165925, "he_risk": 22.247966, "shelter_electricity": 32.37704918, "health_center_attendance.1": 78.96645512, "work_farms": 2.597402597, "work_unskilled": 31.16883117, "health_programs": 71.72131148, "sp_philhealth": 71.72131148, "water_toilet": 0.409836066, "shelter_makeshift_nhts": 5.532786885, "food_malnourished": 1.6, "health_child_death": 0.0, "health_maternal_death": 0.0, "he_flood": 0.0, "he_volcano": 0.0, "he_landslide": 0.0, "he_earthquake": 0.0, "name": "Mansasa"}, "PH071242010": {"water_access": 0.342466, "food_tenure": "", "shelter_informal_settlers_nhts": 32.191781, "health_center_attendance": 97.03125, "educ_outofschool_all": 2.352941, "work_unemployment": 51.98188, "po_conflict": 0.684932, "participation_assembly_attendance": "", "sp_sss": 96.20543, "he_risk": 24.798037, "shelter_electricity": 12.32876712, "health_center_attendance.1": 97.03125, "work_farms": 22.64150943, "work_unskilled": 30.4245283, "health_programs": 82.19178082, "sp_philhealth": 82.19178082, "water_toilet": 0.684931507, "shelter_makeshift_nhts": 1.54109589, "food_malnourished": 2.5, "health_child_death": 2.8, "health_maternal_death": 0.0, "he_flood": 0.0, "he_volcano": 0.0, "he_landslide": 0.0, "he_earthquake": 0.0, "name": "Poblacion I"}, "PH071242011": {"water_access": 21.232877, "food_tenure": 0.0, "shelter_informal_settlers_nhts": 2.7397259999999997, "health_center_attendance": 82.19653199999999, "educ_outofschool_all": 10.045662, "work_unemployment": 55.322862, "po_conflict": 0.684932, "participation_assembly_attendance": "", "sp_sss": 97.366967, "he_risk": 29.988885999999997, "shelter_electricity": 29.45205479, "health_center_attendance.1": 82.19653179, "work_farms": 16.796875, "work_unskilled": 32.03125, "health_programs": 76.71232877, "sp_philhealth": 76.71232877, "water_toilet": 41.78082192, "shelter_makeshift_nhts": 3.4246575339999996, "food_malnourished": 3.8, "health_child_death": 1.2, "health_maternal_death": 0.0, "he_flood": 0.0, "he_volcano": 0.0, "he_landslide": 0.0, "he_earthquake": 0.0, "name": "Poblacion II"}, "PH071242012": {"water_access": 24.528302, "food_tenure": 0.0, "shelter_informal_settlers_nhts": 0.9433959999999999,