{"PH072213001": {"Water_Prop": 38.157895, "Food_Prop": 92.307692, "Shelter_Prop": 2.631579, "Health_Prop": 25.166667, "Education_Prop": 4.587155999999999, "Work_Prop": 38.405797, "Peace_Prop": 0.0, "Participation_Prop": "", "SocialProtection_Prop": 96.527778, "Environment_Prop": 0.296433, "shelter_electricity": 24.34210526, "health_center_attendance": 25.16666667, "work_farms": 56.8627451, "work_unskilled": 11.76470588, "health_programs": 51.31578947, "sp_philhealth": 51.31578947, "water_toilet": 0.657894737, "shelter_makeshift_nhts": 2.3026315790000003, "food_malnourished": "", "health_child_death": "", "health_maternal_death": "", "he_flood": 0.0, "he_volcano": 0.0, "he_landslide": 0.000528, "he_earthquake": 0.0}, "PH072213002": {"Water_Prop": 16.535432999999998, "Food_Prop": 88.461538, "Shelter_Prop": 0.0, "Health_Prop": 47.651007, "Education_Prop": 5.755396, "Work_Prop": 39.19598, "Peace_Prop": 0.787402, "Participation_Prop": "", "SocialProtection_Prop": 97.395833, "Environment_Prop": 0.015544, "shelter_electricity": 19.68503937, "health_center_attendance": 47.65100671, "work_farms": 37.19008264, "work_unskilled": 21.48760331, "health_programs": 44.09448819, "sp_philhealth": 44.09448819, "water_toilet": 11.02362205, "shelter_makeshift_nhts": 2.362204724, "food_malnourished": "", "health_child_death": "", "health_maternal_death": "", "he_flood": 0.0, "he_volcano": 0.0, "he_landslide": 0.000264, "he_earthquake": 0.0}, "PH072213003": {"Water_Prop": 1.185771, "Food_Prop": 8.0, "Shelter_Prop": 0.395257, "Health_Prop": 46.877748, "Education_Prop": 1.877934, "Work_Prop": 41.147132, "Peace_Prop": 1.185771, "Participation_Prop": "", "SocialProtection_Prop": 97.704918, "Environment_Prop": 4.137187, "shelter_electricity": 12.25296443, "health_center_attendance": 46.87774846, "work_farms": 36.01694915, "work_unskilled": 17.37288136, "health_programs": 50.59288538, "sp_philhealth": 50.59288538, "water_toilet": 1.5810276680000002, "shelter_makeshift_nhts": 1.383399209, "food_malnourished": "", "health_child_death": "", "health_maternal_death": "", "he_flood": 0.0, "he_volcano": 0.0, "he_landslide": 0.000528, "he_earthquake": 0.0}, "PH072213004": {"Water_Prop": 18.248175, "Food_Prop": 93.522267, "Shelter_Prop": 1.094891, "Health_Prop": 47.043919, "Education_Prop": 2.272727, "Work_Prop": 33.291139, "Peace_Prop": 0.729927, "Participation_Prop": "", "SocialProtection_Prop": 98.056156, "Environment_Prop": 0.8630770000000001, "shelter_electricity": 33.94160584, "health_center_attendance": 47.04391892, "work_farms": 44.40227704, "work_unskilled": 18.40607211, "health_programs": 40.87591241, "sp_philhealth": 40.87591241, "water_toilet": 12.04379562, "shelter_makeshift_nhts": 3.1021897810000003, "food_malnourished": "", "health_child_death": "", "health_maternal_death": "", "he_flood": 0.0, "he_volcano": 0.0, "he_landslide": 0.000264, "he_earthquake": 0.0}, "PH072213005": {"Water_Prop": 47.252747, "Food_Prop": 73.03921600000001, "Shelter_Prop": 0.549451, "Health_Prop": 41.772152, "Education_Prop": 9.661836, "Work_Prop": 38.103757, "Peace_Prop": 0.0, "Participation_Prop": 85.554311, "SocialProtection_Prop": 98.208287, "Environment_Prop": 0.8647299999999999, "shelter_electricity": 32.96703297, "health_center_attendance": 41.7721519, "work_farms": 34.39306358, "work_unskilled": 26.30057803, "health_programs": 43.40659341, "sp_philhealth": 43.40659341, "water_toilet": 13.18681319, "shelter_makeshift_nhts": 2.7472527469999997, "food_malnourished": "", "health_child_death": "", "health_maternal_death": "", "he_flood": 0.0, "he_volcano": 0.0, "he_landslide": 0.000264, "he_earthquake": 0.0}, "PH072213006": {"Water_Prop": 52.684564, "Food_Prop": 100.0, "Shelter_Prop": 1.0067110000000001, "Health_Prop": 90.226112, "Education_Prop": 4.2763160000000005, "Work_Prop": 45.586591999999996, "Peace_Prop": 0.0, "Participation_Prop": "", "SocialProtection_Prop": 97.154964, "Environment_Prop": 1.156444, "shelter_electricity": 21.81208054, "health_center_attendance": 90.22611233, "work_farms": 29.77412731, "work_unskilled": 24.64065708, "health_programs": 69.79865772, "sp_philhealth": 69.79865772, "water_toilet": 5.0335570469999995, "shelter_makeshift_nhts": 10.90604027, "food_malnourished": "", "health_child_death": "", "health_maternal_death": "", "he_flood": 0.0, "he_volcano": 0.0, "he_landslide": 0.000528, "he_earthquake": 0.0}, "PH072213007": {"Water_Prop": 2.5188919999999997, "Food_Prop": 76.666667, "Shelter_Prop": 3.274559, "Health_Prop": 54.861298, "Education_Prop": 7.445442999999999, "Work_Prop": 44.403595, "Peace_Prop": 3.5264480000000002, "Participation_Prop": "", "SocialProtection_Prop": 97.660271, "Environment_Prop": 0.8596360000000001, "shelter_electricity": 11.20906801, "health_center_attendance": 54.86129814, "work_farms": 17.48714181, "work_unskilled": 32.9904482, "health_programs": 62.84634761, "sp_philhealth": 62.84634761, "water_toilet": 6.171284635, "shelter_makeshift_nhts": 6.108312343, "food_malnourished": "", "health_child_death": "", "health_maternal_death": "", "he_flood": 0.0, "he_volcano": 0.0, "he_landslide": 0.000528, "he_earthquake": 0.0}, "PH072213008": {"Water_Prop": 28.873239, "Food_Prop": 55.813953000000005, "Shelter_Prop": 0.352113, "Health_Prop": 15.684713, "Education_Prop": 5.802048, "Work_Prop": 41.596131, "Peace_Prop": 1.056338, "Participation_Prop": 94.07566, "SocialProtection_Prop": 97.93005, "Environment_Prop": 0.580823, "shelter_electricity": 25.35211268, "health_center_attendance": 15.68471338, "work_farms": 48.24016563, "work_unskilled": 18.63354037, "health_programs": 50.70422535, "sp_philhealth": 50.70422535, "water_toilet": 0.704225352, "shelter_makeshift_nhts": 2.1126760559999997, "food_malnourished": "", "health_child_death": "", "health_maternal_death": "", "he_flood": 0.0, "he_volcano": 0.0, "he_landslide": 0.000264, "he_earthquake": 0.0}, "PH072213009": {"Water_Prop": 1.186944, "Food_Prop": 0.0, "Shelter_Prop": 0.0, "Health_Prop": 17.445483, "Education_Prop": 5.521472, "Work_Prop": 45.656192, "Peace_Prop": 0.890208, "Participation_Prop": "", "SocialProtection_Prop": 97.952218, "Environment_Prop": 3.8428970000000002, "shelter_electricity": 13.94658754, "health_center_attendance": 17.44548287, "work_farms": 30.78231293, "work_unskilled": 24.31972789, "health_programs": 70.91988131, "sp_philhealth": 70.91988131, "water_toilet": 0.0, "shelter_makeshift_nhts": 1.928783383, "food_malnourished": "", "health_child_death": "", "health_maternal_death": "", "he_flood": 0.0, "he_volcano": 0.0, "he_landslide": 0.000528, "he_earthquake": 0.0}, "PH072213010": {"Water_Prop": 70.229008, "Food_Prop": 0.0, "Shelter_Prop": 1.526718, "Health_Prop": 90.115321, "Education_Prop": 10.505837, "Work_Prop": 49.077490999999995, "Peace_Prop": 0.0, "Participation_Prop": 85.177305, "SocialProtection_Prop": 97.234043, "Environment_Prop": 16.499307, "shelter_electricity": 28.24427481, "health_center_attendance": 90.11532125, "work_farms": 25.12077295, "work_unskilled": 36.23188406, "health_programs": 61.45038168, "sp_philhealth": 61.45038168, "water_toilet": 0.381679389, "shelter_makeshift_nhts": 12.97709924, "food_malnourished": "", "health_child_death": "", "health_maternal_death": "", "he_flood": 0.0, "he_volcano": 0.0, "he_landslide": 0.000528, "he_earthquake": 0.0}, "PH072213011": {"Water_Prop": 35.339506, "Food_Prop": 94.481236, "Shelter_Prop": 0.0, "Health_Prop": 52.382426, "Education_Prop": 6.598985000000001, "Work_Prop": 43.536404, "Peace_Prop": 0.771605, "Participation_Prop": "", "SocialProtection_Prop": 97.686588, "Environment_Prop": 17.49867, "shelter_electricity": 25.46296296, "health_center_attendance": 52.38242574, "work_farms": 24.21052632, "work_unskilled": 23.50877193, "health_programs": 45.98765432, "sp_philhealth": 45.98765432, "water_toilet": 6.944444444, "shelter_makeshift_nhts": 5.632716049, "food_malnourished": "", "health_child_death": "", "health_maternal_death": "", "he_flood": 0.0, "he_volcano": 0.0, "he_landslide": 0.000264,