{"PH074607001": {"water_access": 26.709402, "food_tenure": 80.0, "shelter_informal_settlers_nhts": 3.8461540000000003, "health_center_attendance": 96.892779, "educ_outofschool_all": 13.75, "work_unemployment": 37.182131, "po_conflict": 18.376068, "participation_assembly_attendance": 94.565217, "sp_sss": 1.3833989999999972, "he_risk": 1.471408, "shelter_electricity": 79.48717949, "health_center_attendance.1": 96.89277899, "work_farms": 66.08315098, "work_unskilled": 20.78774617, "health_programs": 33.54700855, "sp_philhealth": 66.45299145, "water_toilet": 31.62393162, "shelter_makeshift_nhts": 5.555555556, "food_malnourished": 3.9000001, "health_child_death": "", "health_maternal_death": 0.0, "he_flood": "", "he_volcano": "", "he_landslide": "", "he_earthquake": "", "name": "Atotes"}, "PH074607002": {"water_access": 2.2099450000000003, "food_tenure": 9.302325999999999, "shelter_informal_settlers_nhts": 0.0, "health_center_attendance": 36.230247999999996, "educ_outofschool_all": 10.179641, "work_unemployment": 36.682615999999996, "po_conflict": 25.414365, "participation_assembly_attendance": 87.984981, "sp_sss": 1.7521899999999988, "he_risk": 0.036307, "shelter_electricity": 36.464088399999994, "health_center_attendance.1": 36.23024831, "work_farms": 38.53904282, "work_unskilled": 27.70780856, "health_programs": 31.49171271, "sp_philhealth": 68.50828729, "water_toilet": 9.392265193, "shelter_makeshift_nhts": 1.9337016569999999, "food_malnourished": 19.5, "health_child_death": "", "health_maternal_death": 0.0, "he_flood": "", "he_volcano": "", "he_landslide": "", "he_earthquake": "", "name": "Batangan"}, "PH074607003": {"water_access": 21.090047, "food_tenure": 11.498258, "shelter_informal_settlers_nhts": 5.450237, "health_center_attendance": 98.112317, "educ_outofschool_all": 11.904762, "work_unemployment": 39.785714, "po_conflict": 20.616114000000003, "participation_assembly_attendance": 93.467337, "sp_sss": 1.708543000000006, "he_risk": 1.1974799999999999, "shelter_electricity": 57.34597156, "health_center_attendance.1": 98.11231713, "work_farms": 49.34756821, "work_unskilled": 23.48754448, "health_programs": 30.56872038, "sp_philhealth": 69.43127962, "water_toilet": 27.25118483, "shelter_makeshift_nhts": 7.345971564, "food_malnourished": 23.799999, "health_child_death": "", "health_maternal_death": 0.0, "he_flood": "", "he_volcano": "", "he_landslide": "", "he_earthquake": "", "name": "Bulod"}, "PH074607004": {"water_access": 33.707865000000005, "food_tenure": 100.0, "shelter_informal_settlers_nhts": 6.099518, "health_center_attendance": 27.293209, "educ_outofschool_all": 8.114286, "work_unemployment": 37.519957, "po_conflict": 20.866774, "participation_assembly_attendance": 91.829542, "sp_sss": 0.7369430000000108, "he_risk": 0.5932029999999999, "shelter_electricity": 74.31781701, "health_center_attendance.1": 27.29320888, "work_farms": 64.48040886, "work_unskilled": 24.44633731, "health_programs": 30.01605136, "sp_philhealth": 69.98394864, "water_toilet": 39.3258427, "shelter_makeshift_nhts": 2.9695024080000003, "food_malnourished": 8.6000004, "health_child_death": "", "health_maternal_death": 0.0, "he_flood": "", "he_volcano": "", "he_landslide": "", "he_earthquake": "", "name": "Cabcaban"}, "PH074607005": {"water_access": 5.494505, "food_tenure": 14.285714000000002, "shelter_informal_settlers_nhts": 1.0989010000000001, "health_center_attendance": 58.73533199999999, "educ_outofschool_all": 18.597561, "work_unemployment": 58.223062, "po_conflict": 81.04395600000001, "participation_assembly_attendance": 91.743685, "sp_sss": 3.7584719999999976, "he_risk": 16.859558, "shelter_electricity": 25.54945055, "health_center_attendance.1": 58.73533246, "work_farms": 26.01809955, "work_unskilled": 27.37556561, "health_programs": 40.38461538, "sp_philhealth": 59.61538462, "water_toilet": 4.395604396, "shelter_makeshift_nhts": 5.21978022, "food_malnourished": 3.7, "health_child_death": "", "health_maternal_death": 0.0, "he_flood": "", "he_volcano": "", "he_landslide": "", "he_earthquake": "", "name": "Cabugan"}, "PH074607006": {"water_access": 4.926108, "food_tenure": 0.0, "shelter_informal_settlers_nhts": 0.49261099999999997, "health_center_attendance": 20.701357, "educ_outofschool_all": 10.144928, "work_unemployment": 57.14285699999999, "po_conflict": 0.0, "participation_assembly_attendance": 83.27721700000001, "sp_sss": 2.132435000000001, "he_risk": 0.6102989999999999, "shelter_electricity": 37.93103448, "health_center_attendance.1": 20.70135747, "work_farms": 29.06976744, "work_unskilled": 39.53488372, "health_programs": 27.586206899999997, "sp_philhealth": 72.4137931, "water_toilet": 4.926108374, "shelter_makeshift_nhts": 7.63546798, "food_malnourished": 7.099999900000001, "health_child_death": "", "health_maternal_death": 0.0, "he_flood": "", "he_volcano": "", "he_landslide": "", "he_earthquake": "", "name": "Camudlas"}, "PH074607007": {"water_access": 10.423453, "food_tenure": 71.42857099999999, "shelter_informal_settlers_nhts": 2.931596, "health_center_attendance": 95.988539, "educ_outofschool_all": 7.692308000000001, "work_unemployment": 40.861345, "po_conflict": 14.006515, "participation_assembly_attendance": 87.732342, "sp_sss": 1.6356880000000018, "he_risk": 0.596743, "shelter_electricity": 45.60260586, "health_center_attendance.1": 95.98853868, "work_farms": 43.339254, "work_unskilled": 26.82060391, "health_programs": 31.27035831, "sp_philhealth": 68.72964169, "water_toilet": 16.93811075, "shelter_makeshift_nhts": 7.980456026000001, "food_malnourished": 16.799999, "health_child_death": "", "health_maternal_death": 0.0, "he_flood": "", "he_volcano": "", "he_landslide": "", "he_earthquake": "", "name": "Canluto"}, "PH074607008": {"water_access": 39.240505999999996, "food_tenure": 3.4482760000000003, "shelter_informal_settlers_nhts": 1.265823, "health_center_attendance": 31.260503999999997, "educ_outofschool_all": 17.771084, "work_unemployment": 47.771588, "po_conflict": 5.063291, "participation_assembly_attendance": 91.5754, "sp_sss": 0.5054760000000016, "he_risk": 2.025026, "shelter_electricity": 84.38818565, "health_center_attendance.1": 31.260504200000003, "work_farms": 80.8, "work_unskilled": 13.06666667, "health_programs": 46.41350211, "sp_philhealth": 53.58649789, "water_toilet": 56.54008439, "shelter_makeshift_nhts": 4.852320675, "food_malnourished": 15.0, "health_child_death": "", "health_maternal_death": 0.0, "he_flood": "", "he_volcano": "", "he_landslide": "", "he_earthquake": "", "name": "Danao"}, "PH074607009": {"water_access": 32.173913, "food_tenure": 0.0, "shelter_informal_settlers_nhts": 0.8695649999999999, "health_center_attendance": 60.797034, "educ_outofschool_all": 16.796875, "work_unemployment": 42.5, "po_conflict": 22.173913, "participation_assembly_attendance": 84.133791, "sp_sss": 0.6861060000000094, "he_risk": 0.584766, "shelter_electricity": 86.95652174, "health_center_attendance.1": 60.79703429, "work_farms": 68.28644501, "work_unskilled": 18.41432225, "health_programs": 33.91304348, "sp_philhealth": 66.08695652, "water_toilet": 44.34782609, "shelter_makeshift_nhts": 12.39130435, "food_malnourished": 35.5, "health_child_death": "", "health_maternal_death": 0.0, "he_flood": "", "he_volcano": "", "he_landslide": "", "he_earthquake": "", "name": "Danawan"}, "PH074607010": {"water_access": 3.186275, "food_tenure": 14.0, "shelter_informal_settlers_nhts": 1.470588, "health_center_attendance": 94.72779399999999, "educ_outofschool_all": 12.676055999999999, "work_unemployment": 51.52, "po_conflict": 75.490196, "participation_assembly_attendance": 91.20135400000001, "sp_sss": 3.5532989999999955, "he_risk": 16.811722, "shelter_electricity": 17.40196078, "health_center_attendance.1": 94.7277937, "work_farms": 25.24752475, "work_unskilled": 34.81848185, "health_programs": 53.67647059, "sp_philhealth": 46.32352941, "water_toilet": 5.392156862999999, "shelter_makeshift_nhts": 6.985294118, "food_malnourished": 8.5,