{"PH071214001": {"water_access": 37.586207, "food_tenure": 69.230769, "shelter_informal_settlers_nhts": 1.034483, "health_center_attendance": 79.752705, "educ_outofschool_all": 8.029197, "work_unemployment": 56.086462, "po_conflict": 8.275862, "participation_assembly_attendance": 85.65400799999999, "sp_sss": 97.974684, "he_risk": 9.660573, "shelter_electricity": 21.72413793, "health_center_attendance.1": 79.75270479, "work_farms": 20.725388600000002, "work_unskilled": 38.34196891, "health_programs": 26.20689655, "sp_philhealth": 26.20689655, "water_toilet": 1.379310345, "shelter_makeshift_nhts": 2.068965517, "food_malnourished": 0.6, "health_child_death": 0.0, "health_maternal_death": 0.0, "he_flood": 0.0, "he_volcano": 0.0, "he_landslide": 0.000264, "he_earthquake": 0.07142899999999999, "name": "Bacani"}, "PH071214002": {"water_access": 28.476821, "food_tenure": 50.0, "shelter_informal_settlers_nhts": 13.245033, "health_center_attendance": 67.18419200000001, "educ_outofschool_all": 4.573171, "work_unemployment": 54.31965400000001, "po_conflict": 0.0, "participation_assembly_attendance": 87.254902, "sp_sss": 97.61904799999999, "he_risk": 25.587460999999998, "shelter_electricity": 10.59602649, "health_center_attendance.1": 67.18419195, "work_farms": 31.678487, "work_unskilled": 24.82269504, "health_programs": 18.21192053, "sp_philhealth": 18.21192053, "water_toilet": 3.642384106, "shelter_makeshift_nhts": 0.662251656, "food_malnourished": 4.0, "health_child_death": 1.2, "health_maternal_death": 0.0, "he_flood": 0.0, "he_volcano": 0.0, "he_landslide": 0.000264, "he_earthquake": 0.0, "name": "Bogtongbod"}, "PH071214003": {"water_access": 14.603175, "food_tenure": "", "shelter_informal_settlers_nhts": 0.9523809999999999, "health_center_attendance": 84.23101899999999, "educ_outofschool_all": 10.089021, "work_unemployment": 58.364312, "po_conflict": 10.15873, "participation_assembly_attendance": 76.734408, "sp_sss": 98.107919, "he_risk": 14.264189000000002, "shelter_electricity": 11.11111111, "health_center_attendance.1": 84.23101882, "work_farms": 20.53571429, "work_unskilled": 32.58928571, "health_programs": 9.206349206, "sp_philhealth": 9.206349206, "water_toilet": 0.634920635, "shelter_makeshift_nhts": 3.333333333, "food_malnourished": 0.8, "health_child_death": 0.0, "health_maternal_death": 0.0, "he_flood": 0.0, "he_volcano": 0.0, "he_landslide": 0.000264, "he_earthquake": 0.0, "name": "Bonbon"}, "PH071214004": {"water_access": 36.521739000000004, "food_tenure": 48.780488, "shelter_informal_settlers_nhts": 8.695652, "health_center_attendance": 69.57265, "educ_outofschool_all": 15.441176, "work_unemployment": 52.57731999999999, "po_conflict": 18.26087, "participation_assembly_attendance": 81.891348, "sp_sss": 98.189135, "he_risk": 16.1583, "shelter_electricity": 19.13043478, "health_center_attendance.1": 69.57264957, "work_farms": 32.60869565, "work_unskilled": 30.43478261, "health_programs": 11.30434783, "sp_philhealth": 11.30434783, "water_toilet": 12.17391304, "shelter_makeshift_nhts": 2.173913043, "food_malnourished": 0.0, "health_child_death": 0.0, "health_maternal_death": 0.0, "he_flood": 0.0, "he_volcano": 0.0, "he_landslide": 0.000264, "he_earthquake": 0.0, "name": "Bontud"}, "PH071214005": {"water_access": 8.743169, "food_tenure": "", "shelter_informal_settlers_nhts": 0.5464479999999999, "health_center_attendance": 66.346154, "educ_outofschool_all": 3.870968, "work_unemployment": 45.546217999999996, "po_conflict": 8.196721, "participation_assembly_attendance": 77.01863399999999, "sp_sss": 98.136646, "he_risk": 8.174265, "shelter_electricity": 8.743169399, "health_center_attendance.1": 66.34615385, "work_farms": 25.92592593, "work_unskilled": 29.32098765, "health_programs": 12.56830601, "sp_philhealth": 12.56830601, "water_toilet": 2.18579235, "shelter_makeshift_nhts": 0.273224044, "food_malnourished": 2.1, "health_child_death": 0.0, "health_maternal_death": 0.0, "he_flood": 0.0, "he_volcano": 0.0, "he_landslide": 0.000264, "he_earthquake": 0.0, "name": "Buacao"}, "PH071214006": {"water_access": 8.333333, "food_tenure": 22.727273, "shelter_informal_settlers_nhts": 0.0, "health_center_attendance": 69.832985, "educ_outofschool_all": 7.317073, "work_unemployment": 38.821752000000004, "po_conflict": 16.666667, "participation_assembly_attendance": 85.315534, "sp_sss": 98.543689, "he_risk": 16.273749, "shelter_electricity": 7.843137255, "health_center_attendance.1": 69.83298539, "work_farms": 25.18518519, "work_unskilled": 33.58024691, "health_programs": 7.843137255, "sp_philhealth": 7.843137255, "water_toilet": 11.76470588, "shelter_makeshift_nhts": 0.490196078, "food_malnourished": 0.8, "health_child_death": 0.0, "health_maternal_death": 0.0, "he_flood": 0.0, "he_volcano": 0.0, "he_landslide": 0.000264, "he_earthquake": 0.0, "name": "Buangan"}, "PH071214007": {"water_access": 60.106382999999994, "food_tenure": 79.452055, "shelter_informal_settlers_nhts": 13.829787, "health_center_attendance": 68.668122, "educ_outofschool_all": 12.060302, "work_unemployment": 54.746835, "po_conflict": 13.829787, "participation_assembly_attendance": 82.598331, "sp_sss": 98.450536, "he_risk": 0.294684, "shelter_electricity": 13.82978723, "health_center_attendance.1": 68.66812227, "work_farms": 54.195804200000005, "work_unskilled": 17.48251748, "health_programs": 16.4893617, "sp_philhealth": 16.4893617, "water_toilet": 25.53191489, "shelter_makeshift_nhts": 0.531914894, "food_malnourished": 2.7, "health_child_death": 0.0, "health_maternal_death": 0.0, "he_flood": 0.0, "he_volcano": 0.0, "he_landslide": 0.0, "he_earthquake": 0.0, "name": "Cabog"}, "PH071214008": {"water_access": 16.393442999999998, "food_tenure": 60.0, "shelter_informal_settlers_nhts": 4.098361, "health_center_attendance": 60.553633, "educ_outofschool_all": 6.766916999999999, "work_unemployment": 54.301075, "po_conflict": 0.819672, "participation_assembly_attendance": 76.625659, "sp_sss": 97.363796, "he_risk": 8.106164999999999, "shelter_electricity": 13.93442623, "health_center_attendance.1": 60.55363322, "work_farms": 26.47058824, "work_unskilled": 26.47058824, "health_programs": 24.59016393, "sp_philhealth": 24.59016393, "water_toilet": 0.8196721309999999, "shelter_makeshift_nhts": 0.8196721309999999, "food_malnourished": 1.4, "health_child_death": 0.0, "health_maternal_death": 0.0, "he_flood": 0.0, "he_volcano": 0.0, "he_landslide": 0.000264, "he_earthquake": 0.0, "name": "Caboy"}, "PH071214009": {"water_access": 19.354839000000002, "food_tenure": "", "shelter_informal_settlers_nhts": 0.0, "health_center_attendance": 40.689655, "educ_outofschool_all": 3.75, "work_unemployment": 46.327684000000005, "po_conflict": 4.83871, "participation_assembly_attendance": 75.686275, "sp_sss": 99.607843, "he_risk": 16.15653, "shelter_electricity": 4.838709677, "health_center_attendance.1": 40.68965517, "work_farms": 24.21052632, "work_unskilled": 29.47368421, "health_programs": 8.064516129, "sp_philhealth": 8.064516129, "water_toilet": 16.12903226, "shelter_makeshift_nhts": 1.612903226, "food_malnourished": 3.3, "health_child_death": 0.0, "health_maternal_death": 0.0, "he_flood": 0.0, "he_volcano": 0.0, "he_landslide": 0.000264, "he_earthquake": 0.0, "name": "Caluwasan"}, "PH071214010": {"water_access": 14.02214, "food_tenure": 0.0, "shelter_informal_settlers_nhts": 1.845018, "health_center_attendance": 72.208014, "educ_outofschool_all": 17.760618, "work_unemployment": 53.673724, "po_conflict": 12.915128999999999, "participation_assembly_attendance": 87.653157, "sp_sss": 98.020735, "he_risk": 6.304448000000001, "shelter_electricity": 11.80811808, "health_center_attendance.1": 72.20801364, "work_farms": 24.7311828, "work_unskilled": 26.61290323, "health_programs": 32.84132841, "sp_philhealth": 32.84132841, "water_toilet": 2.21402214, "shelter_makeshift_nhts": 0.922509225, "food_malnourished": 7.0, "health_child_death": 0.0, "health_maternal_death": 9.1, "he_flood": 0.0, "he_volcano": 0.0, "he_landslide": 0.0,