{"PH072232001": {"water_access": 67.44185999999999, "food_tenure": 26.666666999999997, "shelter_informal_settlers_nhts": 2.325581, "health_center_attendance": 91.666667, "educ_outofschool_all": 8.427877, "work_unemployment": 52.762923, "po_conflict": 1.9027479999999999, "participation_assembly_attendance": 99.285849, "sp_sss": 2.5559109999999947, "he_risk": 21.727453, "shelter_electricity": 21.14164905, "health_center_attendance.1": 91.66666667, "work_farms": 5.4716981129999995, "work_unskilled": 21.69811321, "health_programs": 81.60676533, "sp_philhealth": 18.39323467, "water_toilet": 1.4799154330000002, "shelter_makeshift_nhts": 7.082452431, "food_malnourished": "", "health_child_death": "", "health_maternal_death": "", "he_flood": 0.0, "he_volcano": 0.0, "he_landslide": 0.001056, "he_earthquake": 0.0, "name": "Cadulawan"}, "PH072232002": {"water_access": 25.985844, "food_tenure": 100.0, "shelter_informal_settlers_nhts": 9.100100999999999, "health_center_attendance": 93.731613, "educ_outofschool_all": 15.503876000000002, "work_unemployment": 57.303371, "po_conflict": 3.1344790000000002, "participation_assembly_attendance": 99.680566, "sp_sss": 3.1684369999999973, "he_risk": 34.798846999999995, "shelter_electricity": 18.60465116, "health_center_attendance.1": 93.73161349, "work_farms": 2.819548872, "work_unskilled": 37.96992481, "health_programs": 82.70980789, "sp_philhealth": 17.290192110000007, "water_toilet": 23.15470172, "shelter_makeshift_nhts": 7.83619818, "food_malnourished": "", "health_child_death": "", "health_maternal_death": "", "he_flood": 0.0, "he_volcano": 0.0, "he_landslide": 0.000264, "he_earthquake": 0.0, "name": "Calajo-an"}, "PH072232003": {"water_access": 91.578947, "food_tenure": 88.888889, "shelter_informal_settlers_nhts": 9.122807, "health_center_attendance": 44.349845, "educ_outofschool_all": 68.987342, "work_unemployment": 53.166227, "po_conflict": 58.596491, "participation_assembly_attendance": 95.41034599999999, "sp_sss": 2.722676000000007, "he_risk": 19.026448000000002, "shelter_electricity": 48.77192982, "health_center_attendance.1": 44.349845200000004, "work_farms": 11.26760563, "work_unskilled": 60.84507042, "health_programs": 96.84210526, "sp_philhealth": 3.1578947400000033, "water_toilet": 33.68421053, "shelter_makeshift_nhts": 3.684210526, "food_malnourished": "", "health_child_death": "", "health_maternal_death": "", "he_flood": 0.0, "he_volcano": 0.0, "he_landslide": 0.001056, "he_earthquake": 0.0, "name": "Camp 7"}, "PH072232004": {"water_access": 90.862944, "food_tenure": 0.0, "shelter_informal_settlers_nhts": 7.614213, "health_center_attendance": 82.056663, "educ_outofschool_all": 61.507937, "work_unemployment": 70.905923, "po_conflict": 24.873096, "participation_assembly_attendance": 93.826474, "sp_sss": 1.6129030000000029, "he_risk": 18.524503, "shelter_electricity": 49.74619289, "health_center_attendance.1": 82.05666317, "work_farms": 25.74850299, "work_unskilled": 58.68263473, "health_programs": 87.30964467, "sp_philhealth": 12.690355330000003, "water_toilet": 52.28426396, "shelter_makeshift_nhts": 2.791878173, "food_malnourished": "", "health_child_death": "", "health_maternal_death": "", "he_flood": 0.0, "he_volcano": 0.0, "he_landslide": 0.001056, "he_earthquake": 0.0, "name": "Camp 8"}, "PH072232005": {"water_access": 30.930233, "food_tenure": "", "shelter_informal_settlers_nhts": 3.9534879999999997, "health_center_attendance": 98.870637, "educ_outofschool_all": 4.647436, "work_unemployment": 55.172414, "po_conflict": 0.0, "participation_assembly_attendance": 98.291207, "sp_sss": 4.0227840000000015, "he_risk": 22.072603, "shelter_electricity": 22.55813953, "health_center_attendance.1": 98.87063655, "work_farms": 14.74358974, "work_unskilled": 38.88888889, "health_programs": 82.09302326, "sp_philhealth": 17.906976740000005, "water_toilet": 9.76744186, "shelter_makeshift_nhts": 3.953488372, "food_malnourished": "", "health_child_death": "", "health_maternal_death": "", "he_flood": 0.0, "he_volcano": 0.0, "he_landslide": 0.001056, "he_earthquake": 0.0, "name": "Cuanos"}, "PH072232006": {"water_access": 36.403509, "food_tenure": 50.0, "shelter_informal_settlers_nhts": 2.1929819999999998, "health_center_attendance": 86.627907, "educ_outofschool_all": 3.909465, "work_unemployment": 58.021390000000004, "po_conflict": 1.0964909999999999, "participation_assembly_attendance": 98.544105, "sp_sss": 2.9403369999999995, "he_risk": 19.928698, "shelter_electricity": 18.64035088, "health_center_attendance.1": 86.62790698, "work_farms": 14.22505308, "work_unskilled": 20.59447983, "health_programs": 75.87719298, "sp_philhealth": 24.122807019999996, "water_toilet": 0.219298246, "shelter_makeshift_nhts": 4.714912281, "food_malnourished": "", "health_child_death": "", "health_maternal_death": "", "he_flood": 0.0, "he_volcano": 0.0, "he_landslide": 0.001056, "he_earthquake": 0.0, "name": "Guindaruhan"}, "PH072232007": {"water_access": 36.701337, "food_tenure": 40.0, "shelter_informal_settlers_nhts": 9.212481, "health_center_attendance": 85.773924, "educ_outofschool_all": 5.586592, "work_unemployment": 55.73587, "po_conflict": 1.783061, "participation_assembly_attendance": 99.420536, "sp_sss": 3.4845090000000027, "he_risk": 33.460878, "shelter_electricity": 20.95096582, "health_center_attendance.1": 85.77392421, "work_farms": 0.758533502, "work_unskilled": 32.49051833, "health_programs": 84.10104012, "sp_philhealth": 15.898959880000007, "water_toilet": 2.5260029719999997, "shelter_makeshift_nhts": 6.835066865, "food_malnourished": "", "health_child_death": "", "health_maternal_death": "", "he_flood": 0.0, "he_volcano": 0.0, "he_landslide": 0.000264, "he_earthquake": 0.0, "name": "Linao"}, "PH072232008": {"water_access": 34.772182, "food_tenure": 50.0, "shelter_informal_settlers_nhts": 9.832134, "health_center_attendance": 98.859316, "educ_outofschool_all": 7.08502, "work_unemployment": 54.536772, "po_conflict": 0.0, "participation_assembly_attendance": 98.69585500000001, "sp_sss": 2.375407999999993, "he_risk": 20.086987, "shelter_electricity": 35.49160671, "health_center_attendance.1": 98.85931559, "work_farms": 16.80672269, "work_unskilled": 36.34453782, "health_programs": 77.69784173, "sp_philhealth": 22.302158270000007, "water_toilet": 28.05755396, "shelter_makeshift_nhts": 3.836930456, "food_malnourished": "", "health_child_death": "", "health_maternal_death": "", "he_flood": 0.0, "he_volcano": 0.0, "he_landslide": 0.001056, "he_earthquake": 0.0, "name": "Manduang"}, "PH072232009": {"water_access": 77.41935500000001, "food_tenure": 0.0, "shelter_informal_settlers_nhts": 0.5376340000000001, "health_center_attendance": 96.35722700000001, "educ_outofschool_all": 50.438596000000004, "work_unemployment": 78.181818, "po_conflict": 0.0, "participation_assembly_attendance": 99.739007, "sp_sss": 3.424548999999999, "he_risk": 30.309161, "shelter_electricity": 15.59139785, "health_center_attendance.1": 96.35722679, "work_farms": 0.0, "work_unskilled": 28.703703700000002, "health_programs": 94.08602151, "sp_philhealth": 5.913978490000005, "water_toilet": 59.67741935, "shelter_makeshift_nhts": 6.7204301079999995, "food_malnourished": "", "health_child_death": "", "health_maternal_death": "", "he_flood": 0.0, "he_volcano": 0.0, "he_landslide": 0.000264, "he_earthquake": 0.0, "name": "Pakigne"}, "PH072232010": {"water_access": 18.954248, "food_tenure": 0.0, "shelter_informal_settlers_nhts": 1.960784, "health_center_attendance": 98.02631600000001, "educ_outofschool_all": 2.409639, "work_unemployment": 54.820937, "po_conflict": 0.0, "participation_assembly_attendance": 95.831337, "sp_sss": 4.599904000000009, "he_risk": 21.152805999999998, "shelter_electricity": 11.76470588, "health_center_attendance.1": 98.02631579, "work_farms": 3.0487804880000002, "work_unskilled": 35.97560976, "health_programs": 85.62091503, "sp_philhealth": 14.379084969999994, "water_toilet": 0.0, "shelter_makeshift_nhts": 12.41830065, "food_malnourished": "",