{"PH076101001": {"water_access": 0.0, "food_tenure": 33.333333, "shelter_informal_settlers_nhts": 0.0, "health_center_attendance": 84.065934, "educ_outofschool_all": 13.333332999999998, "work_unemployment": 43.442623, "po_conflict": 0.0, "participation_assembly_attendance": 77.372263, "sp_sss": 98.540146, "he_risk": 0.11510699999999999, "shelter_electricity": 6.976744186, "health_center_attendance.1": 84.06593407, "work_farms": 37.68115942, "work_unskilled": 11.5942029, "health_programs": 44.18604651, "sp_philhealth": 44.18604651, "water_toilet": 0.0, "shelter_makeshift_nhts": 2.325581395, "food_malnourished": 4.3000002, "health_child_death": "", "health_maternal_death": 0.0, "he_flood": 0.0, "he_volcano": 0.0, "he_landslide": 0.001056, "he_earthquake": 0.0, "name": "Balolong"}, "PH076101002": {"water_access": 0.884956, "food_tenure": 20.0, "shelter_informal_settlers_nhts": 0.884956, "health_center_attendance": 90.64885500000001, "educ_outofschool_all": 5.405405, "work_unemployment": 51.941748, "po_conflict": 0.0, "participation_assembly_attendance": 87.284483, "sp_sss": 98.275862, "he_risk": 8.108572, "shelter_electricity": 9.734513274, "health_center_attendance.1": 90.64885496, "work_farms": 20.70707071, "work_unskilled": 35.85858586, "health_programs": 25.66371681, "sp_philhealth": 25.66371681, "water_toilet": 0.0, "shelter_makeshift_nhts": 0.442477876, "food_malnourished": 5.9000001, "health_child_death": "", "health_maternal_death": 0.0, "he_flood": 0.0, "he_volcano": 0.0, "he_landslide": 0.000264, "he_earthquake": 0.0, "name": "Bino-ongan"}, "PH076101003": {"water_access": 1.8867919999999998, "food_tenure": "", "shelter_informal_settlers_nhts": 0.628931, "health_center_attendance": 94.858612, "educ_outofschool_all": 2.547771, "work_unemployment": 57.952468, "po_conflict": 0.628931, "participation_assembly_attendance": 84.975962, "sp_sss": 97.235577, "he_risk": 8.498463000000001, "shelter_electricity": 14.46540881, "health_center_attendance.1": 94.85861183, "work_farms": 27.39130435, "work_unskilled": 33.04347826, "health_programs": 45.91194969, "sp_philhealth": 45.91194969, "water_toilet": 0.628930818, "shelter_makeshift_nhts": 3.459119497, "food_malnourished": 1.1, "health_child_death": "", "health_maternal_death": 0.0, "he_flood": 0.0, "he_volcano": 0.0, "he_landslide": 0.000264, "he_earthquake": 0.0, "name": "Bitaug"}, "PH076101004": {"water_access": 6.382979, "food_tenure": 14.285714000000002, "shelter_informal_settlers_nhts": 4.255319, "health_center_attendance": 69.191919, "educ_outofschool_all": 3.225806, "work_unemployment": 49.673203, "po_conflict": 0.0, "participation_assembly_attendance": 84.47205, "sp_sss": 98.136646, "he_risk": 0.105554, "shelter_electricity": 14.89361702, "health_center_attendance.1": 69.19191919, "work_farms": 35.06493506, "work_unskilled": 20.77922078, "health_programs": 48.93617021, "sp_philhealth": 48.93617021, "water_toilet": 0.0, "shelter_makeshift_nhts": 1.063829787, "food_malnourished": 0.0, "health_child_death": "", "health_maternal_death": 0.0, "he_flood": 0.0, "he_volcano": 0.0, "he_landslide": 0.000264, "he_earthquake": 0.0, "name": "Bolot"}, "PH076101005": {"water_access": 0.0, "food_tenure": 66.666667, "shelter_informal_settlers_nhts": 0.0, "health_center_attendance": 95.172414, "educ_outofschool_all": 6.0, "work_unemployment": 49.537037, "po_conflict": 0.0, "participation_assembly_attendance": 78.807947, "sp_sss": 97.682119, "he_risk": 8.087652, "shelter_electricity": 7.462686567, "health_center_attendance.1": 95.17241379, "work_farms": 24.770642199999998, "work_unskilled": 25.68807339, "health_programs": 26.86567164, "sp_philhealth": 26.86567164, "water_toilet": 0.0, "shelter_makeshift_nhts": 0.0, "food_malnourished": 0.0, "health_child_death": "", "health_maternal_death": 0.0, "he_flood": 0.0, "he_volcano": 0.0, "he_landslide": 0.000264, "he_earthquake": 0.0, "name": "Camogao"}, "PH076101006": {"water_access": 2.727273, "food_tenure": 19.047619, "shelter_informal_settlers_nhts": 1.818182, "health_center_attendance": 75.824176, "educ_outofschool_all": 2.7397259999999997, "work_unemployment": 51.176471, "po_conflict": 0.0, "participation_assembly_attendance": 82.648402, "sp_sss": 97.945205, "he_risk": 8.186341, "shelter_electricity": 20.0, "health_center_attendance.1": 75.82417582, "work_farms": 34.3373494, "work_unskilled": 21.08433735, "health_programs": 58.18181818, "sp_philhealth": 58.18181818, "water_toilet": 0.9090909090000001, "shelter_makeshift_nhts": 0.9090909090000001, "food_malnourished": 0.0, "health_child_death": "", "health_maternal_death": 0.0, "he_flood": 0.0, "he_volcano": 0.0, "he_landslide": 0.001056, "he_earthquake": 0.0, "name": "Cangmangki"}, "PH076101007": {"water_access": 1.4285709999999998, "food_tenure": 2.941176, "shelter_informal_settlers_nhts": 3.8095239999999997, "health_center_attendance": 70.710383, "educ_outofschool_all": 2.5, "work_unemployment": 49.626308, "po_conflict": 0.0, "participation_assembly_attendance": 76.794872, "sp_sss": 98.846154, "he_risk": 8.491295, "shelter_electricity": 20.47619048, "health_center_attendance.1": 70.71038251, "work_farms": 26.40949555, "work_unskilled": 25.81602374, "health_programs": 51.904761900000004, "sp_philhealth": 51.904761900000004, "water_toilet": 0.47619047600000003, "shelter_makeshift_nhts": 0.47619047600000003, "food_malnourished": 0.0, "health_child_death": "", "health_maternal_death": 0.0, "he_flood": 0.0, "he_volcano": 0.0, "he_landslide": 0.000264, "he_earthquake": 0.0, "name": "Libo"}, "PH076101008": {"water_access": 0.0, "food_tenure": 31.25, "shelter_informal_settlers_nhts": 1.9480520000000001, "health_center_attendance": 64.696486, "educ_outofschool_all": 4.5454550000000005, "work_unemployment": 42.640693, "po_conflict": 0.0, "participation_assembly_attendance": 86.581921, "sp_sss": 98.870056, "he_risk": 8.202197, "shelter_electricity": 20.77922078, "health_center_attendance.1": 64.69648562, "work_farms": 31.69811321, "work_unskilled": 29.05660377, "health_programs": 52.59740260000001, "sp_philhealth": 52.59740260000001, "water_toilet": 1.948051948, "shelter_makeshift_nhts": 1.298701299, "food_malnourished": 2.9000001, "health_child_death": "", "health_maternal_death": 100.0, "he_flood": 0.0, "he_volcano": 0.0, "he_landslide": 0.001056, "he_earthquake": 0.0, "name": "Lomangcapan"}, "PH076101009": {"water_access": 18.4, "food_tenure": 30.188678999999997, "shelter_informal_settlers_nhts": 1.6, "health_center_attendance": 84.201077, "educ_outofschool_all": 6.796117, "work_unemployment": 39.066339, "po_conflict": 0.0, "participation_assembly_attendance": 79.66805, "sp_sss": 98.96265600000001, "he_risk": 8.499255, "shelter_electricity": 16.8, "health_center_attendance.1": 84.2010772, "work_farms": 39.11290323, "work_unskilled": 18.548387100000003, "health_programs": 34.4, "sp_philhealth": 34.4, "water_toilet": 0.0, "shelter_makeshift_nhts": 0.0, "food_malnourished": 0.0, "health_child_death": "", "health_maternal_death": 0.0, "he_flood": 0.0, "he_volcano": 0.0, "he_landslide": 0.001056, "he_earthquake": 0.0, "name": "Lotloton"}, "PH076101010": {"water_access": 0.0, "food_tenure": 10.0, "shelter_informal_settlers_nhts": 0.0, "health_center_attendance": 97.41935500000001, "educ_outofschool_all": 0.0, "work_unemployment": 46.956522, "po_conflict": 0.0, "participation_assembly_attendance": 80.714286, "sp_sss": 97.14285699999999, "he_risk": 0.10227, "shelter_electricity": 18.91891892, "health_center_attendance.1": 97.41935484, "work_farms": 37.70491803, "work_unskilled": 26.229508199999998, "health_programs": 18.91891892, "sp_philhealth": 18.91891892, "water_toilet": 0.0, "shelter_makeshift_nhts": 1.351351351, "food_malnourished": 8.300000200000001, "health_child_death": "", "health_maternal_death": 0.0, "he_flood": 0.0, "he_volcano": 0.0, "he_landslide": 0.000264, "he_earthquake": 0.0, "name": "Manan-ao"}, "PH076101011": {"water_access": 1.9230770000000001, "food_tenure": 0.0, "shelter_informal_settlers_nhts": 0.0,