{"PH071201001": {"Water_Prop": 0.0, "Food_Prop": 100.0, "Shelter_Prop": 0.0, "Health_Prop": 54.15617099999999, "Education_Prop": 7.303371, "Work_Prop": 43.272727, "Peace_Prop": 0.0, "Participation_Prop": "", "SocialProtection_Prop": 97.090517, "Environment_Prop": 8.507996, "shelter_electricity": 6.586826347000001, "health_center_attendance": 54.15617128, "work_farms": 12.17948718, "work_unskilled": 28.84615385, "health_programs": 10.17964072, "sp_philhealth": 10.17964072, "water_toilet": 0.0, "shelter_makeshift_nhts": 0.0, "food_malnourished": 2.4, "health_child_death": 1.3, "health_maternal_death": 0.0, "he_flood": 0.0, "he_volcano": 0.0, "he_landslide": 0.0, "he_earthquake": 0.0}, "PH071201002": {"Water_Prop": 9.580838, "Food_Prop": 11.538461999999999, "Shelter_Prop": 0.5988020000000001, "Health_Prop": 85.267275, "Education_Prop": 4.6666669999999995, "Work_Prop": 41.208791, "Peace_Prop": 3.5928139999999997, "Participation_Prop": "", "SocialProtection_Prop": 97.604035, "Environment_Prop": 0.10593599999999999, "shelter_electricity": 9.580838323, "health_center_attendance": 85.26727509999999, "work_farms": 19.62616822, "work_unskilled": 23.98753894, "health_programs": 11.976047900000001, "sp_philhealth": 11.976047900000001, "water_toilet": 2.395209581, "shelter_makeshift_nhts": 2.694610778, "food_malnourished": 1.2, "health_child_death": 0.0, "health_maternal_death": 0.0, "he_flood": 0.0, "he_volcano": 0.0, "he_landslide": 0.0, "he_earthquake": 0.0}, "PH071201003": {"Water_Prop": 4.065041000000001, "Food_Prop": 23.529412, "Shelter_Prop": 0.0, "Health_Prop": 69.896194, "Education_Prop": 2.752294, "Work_Prop": 40.384615000000004, "Peace_Prop": 0.0, "Participation_Prop": "", "SocialProtection_Prop": 96.581197, "Environment_Prop": 0.095197, "shelter_electricity": 8.130081301, "health_center_attendance": 69.89619377, "work_farms": 32.66129032, "work_unskilled": 20.16129032, "health_programs": 17.07317073, "sp_philhealth": 17.07317073, "water_toilet": 1.62601626, "shelter_makeshift_nhts": 0.81300813, "food_malnourished": 1.4, "health_child_death": 0.0, "health_maternal_death": 0.0, "he_flood": 0.0, "he_volcano": 0.0, "he_landslide": 0.0, "he_earthquake": 0.0}, "PH071201004": {"Water_Prop": 6.25, "Food_Prop": 0.0, "Shelter_Prop": 0.0, "Health_Prop": 49.158879, "Education_Prop": 8.547009, "Work_Prop": 29.490616999999997, "Peace_Prop": 0.0, "Participation_Prop": "", "SocialProtection_Prop": 97.65929799999999, "Environment_Prop": 0.287058, "shelter_electricity": 15.17857143, "health_center_attendance": 49.1588785, "work_farms": 34.98098859, "work_unskilled": 39.54372624, "health_programs": 20.53571429, "sp_philhealth": 20.53571429, "water_toilet": 9.821428571, "shelter_makeshift_nhts": 0.892857143, "food_malnourished": 1.2, "health_child_death": 1.5, "health_maternal_death": 0.0, "he_flood": 0.0, "he_volcano": 0.0, "he_landslide": 0.0, "he_earthquake": 0.0}, "PH071201005": {"Water_Prop": 3.3898309999999996, "Food_Prop": 33.333333, "Shelter_Prop": 1.129944, "Health_Prop": 31.137725, "Education_Prop": 7.035176, "Work_Prop": 52.465483, "Peace_Prop": 0.0, "Participation_Prop": "", "SocialProtection_Prop": 97.214076, "Environment_Prop": 8.541381, "shelter_electricity": 7.90960452, "health_center_attendance": 31.13772455, "work_farms": 39.00414938, "work_unskilled": 34.85477178, "health_programs": 46.32768362, "sp_philhealth": 46.32768362, "water_toilet": 0.0, "shelter_makeshift_nhts": 0.564971751, "food_malnourished": 0.0, "health_child_death": 1.0, "health_maternal_death": 0.0, "he_flood": 0.0, "he_volcano": 0.0, "he_landslide": 0.0, "he_earthquake": 0.0}, "PH071201006": {"Water_Prop": 0.0, "Food_Prop": 50.0, "Shelter_Prop": 0.0, "Health_Prop": 75.534645, "Education_Prop": 7.586207000000001, "Work_Prop": 19.416244, "Peace_Prop": 0.0, "Participation_Prop": "", "SocialProtection_Prop": 98.612245, "Environment_Prop": 0.430874, "shelter_electricity": 12.99212598, "health_center_attendance": 75.534645, "work_farms": 3.3070866139999997, "work_unskilled": 63.149606299999995, "health_programs": 45.66929134, "sp_philhealth": 45.66929134, "water_toilet": 0.0, "shelter_makeshift_nhts": 0.19685039399999998, "food_malnourished": 3.7, "health_child_death": 0.0, "health_maternal_death": 0.0, "he_flood": 0.0, "he_volcano": 0.0, "he_landslide": 0.0, "he_earthquake": 0.0}, "PH071201007": {"Water_Prop": 0.735294, "Food_Prop": "", "Shelter_Prop": 0.735294, "Health_Prop": 94.793537, "Education_Prop": 4.3956040000000005, "Work_Prop": 47.652582, "Peace_Prop": 0.735294, "Participation_Prop": "", "SocialProtection_Prop": 98.731884, "Environment_Prop": 8.518521, "shelter_electricity": 11.02941176, "health_center_attendance": 94.7935368, "work_farms": 8.968609865, "work_unskilled": 27.80269058, "health_programs": 27.20588235, "sp_philhealth": 27.20588235, "water_toilet": 1.470588235, "shelter_makeshift_nhts": 4.4117647060000005, "food_malnourished": 2.0, "health_child_death": 0.0, "health_maternal_death": 0.0, "he_flood": 0.0, "he_volcano": 0.0, "he_landslide": 0.0, "he_earthquake": 0.0}, "PH071201008": {"Water_Prop": 0.442478, "Food_Prop": 12.5, "Shelter_Prop": 1.769912, "Health_Prop": 92.270059, "Education_Prop": 8.173077000000001, "Work_Prop": 40.247253, "Peace_Prop": 0.0, "Participation_Prop": "", "SocialProtection_Prop": 98.030635, "Environment_Prop": 8.399494, "shelter_electricity": 4.867256637, "health_center_attendance": 92.27005871, "work_farms": 14.25287356, "work_unskilled": 23.90804598, "health_programs": 46.01769912, "sp_philhealth": 46.01769912, "water_toilet": 0.0, "shelter_makeshift_nhts": 0.0, "food_malnourished": 0.0, "health_child_death": 0.0, "health_maternal_death": 0.0, "he_flood": 0.0, "he_volcano": 0.0, "he_landslide": 0.0, "he_earthquake": 0.0}, "PH071201009": {"Water_Prop": 15.5, "Food_Prop": 32.5, "Shelter_Prop": 0.5, "Health_Prop": 87.894737, "Education_Prop": 3.783784, "Work_Prop": 43.626062, "Peace_Prop": 0.5, "Participation_Prop": "", "SocialProtection_Prop": 95.963091, "Environment_Prop": 8.699424, "shelter_electricity": 9.5, "health_center_attendance": 87.89473684, "work_farms": 9.296482412000001, "work_unskilled": 34.42211055, "health_programs": 13.0, "sp_philhealth": 13.0, "water_toilet": 2.5, "shelter_makeshift_nhts": 1.75, "food_malnourished": 0.0, "health_child_death": 0.0, "health_maternal_death": 0.0, "he_flood": 0.0, "he_volcano": 0.0, "he_landslide": 0.0, "he_earthquake": 0.0}, "PH071201010": {"Water_Prop": 13.69863, "Food_Prop": 67.56756800000001, "Shelter_Prop": 0.684932, "Health_Prop": 66.26865699999999, "Education_Prop": 7.38255, "Work_Prop": 37.419354999999996, "Peace_Prop": 0.0, "Participation_Prop": "", "SocialProtection_Prop": 98.257373, "Environment_Prop": 0.39016799999999996, "shelter_electricity": 13.69863014, "health_center_attendance": 66.26865672, "work_farms": 15.80756014, "work_unskilled": 34.36426117, "health_programs": 17.80821918, "sp_philhealth": 17.80821918, "water_toilet": 2.054794521, "shelter_makeshift_nhts": 0.342465753, "food_malnourished": 1.4, "health_child_death": 0.0, "health_maternal_death": 0.0, "he_flood": 0.0, "he_volcano": 0.0, "he_landslide": 0.0, "he_earthquake": 0.0}, "PH071201011": {"Water_Prop": 15.0, "Food_Prop": 25.0, "Shelter_Prop": 1.666667, "Health_Prop": 40.545455, "Education_Prop": 6.299213, "Work_Prop": 51.98939, "Peace_Prop": 0.833333, "Participation_Prop": "", "SocialProtection_Prop": 97.847534, "Environment_Prop": 8.581621, "shelter_electricity": 16.66666667, "health_center_attendance": 40.54545455, "work_farms": 16.57458564, "work_unskilled": 35.91160221, "health_programs": 77.5, "sp_philhealth": 77.5, "water_toilet": 0.833333333, "shelter_makeshift_nhts": 2.083333333, "food_malnourished": 3.1, "health_child_death": 1.2, "health_maternal_death": 0.0, "he_flood": 0.0, "he_volcano": 0.0, "he_landslide": 0.0, "he_earthquake": 0.0}}