{"PH072236001": {"water_access": 3.225806, "food_tenure": 0.0, "shelter_informal_settlers_nhts": 3.225806, "health_center_attendance": 37.994723, "educ_outofschool_all": 2.597403, "work_unemployment": 52.692308, "po_conflict": 0.0, "participation_assembly_attendance": 84.347826, "sp_sss": 1.1594199999999972, "he_risk": 1.4203459999999999, "shelter_electricity": 20.43010753, "health_center_attendance.1": 37.99472296, "work_farms": 64.22764228, "work_unskilled": 5.691056911, "health_programs": 34.40860215, "sp_philhealth": 65.59139784999999, "water_toilet": 1.075268817, "shelter_makeshift_nhts": 2.150537634, "food_malnourished": "", "health_child_death": "", "health_maternal_death": "", "he_flood": 0.0, "he_volcano": 0.0, "he_landslide": 0.0, "he_earthquake": 0.0, "name": "Biasong"}, "PH072236002": {"water_access": 0.0, "food_tenure": 0.0, "shelter_informal_settlers_nhts": 1.6736400000000002, "health_center_attendance": 57.297883999999996, "educ_outofschool_all": 7.407407000000001, "work_unemployment": 53.52349, "po_conflict": 9.414226, "participation_assembly_attendance": 93.50649399999999, "sp_sss": 0.7792209999999926, "he_risk": 0.5687479999999999, "shelter_electricity": 37.0292887, "health_center_attendance.1": 57.29788389, "work_farms": 69.67509025, "work_unskilled": 8.844765342999999, "health_programs": 46.23430962, "sp_philhealth": 53.76569038, "water_toilet": 0.8368200840000001, "shelter_makeshift_nhts": 8.577405857999999, "food_malnourished": "", "health_child_death": "", "health_maternal_death": "", "he_flood": 0.0, "he_volcano": 0.0, "he_landslide": 0.0, "he_earthquake": 0.0, "name": "Cawit"}, "PH072236003": {"water_access": 0.0, "food_tenure": 0.0, "shelter_informal_settlers_nhts": 0.0, "health_center_attendance": 55.0, "educ_outofschool_all": 4.901961, "work_unemployment": 56.521739000000004, "po_conflict": 0.0, "participation_assembly_attendance": 76.376554, "sp_sss": 1.243339000000006, "he_risk": 0.850096, "shelter_electricity": 5.303030303, "health_center_attendance.1": 55.0, "work_farms": 42.5, "work_unskilled": 12.5, "health_programs": 46.96969697, "sp_philhealth": 53.03030303, "water_toilet": 0.757575758, "shelter_makeshift_nhts": 4.924242424, "food_malnourished": "", "health_child_death": "", "health_maternal_death": "", "he_flood": 0.0, "he_volcano": 0.0, "he_landslide": 0.0, "he_earthquake": 0.0, "name": "Dapdap"}, "PH072236004": {"water_access": 0.0, "food_tenure": 0.0, "shelter_informal_settlers_nhts": 2.139037, "health_center_attendance": 68.81868100000001, "educ_outofschool_all": 4.0, "work_unemployment": 51.851852, "po_conflict": 0.0, "participation_assembly_attendance": 84.662577, "sp_sss": 2.0858900000000062, "he_risk": 0.850259, "shelter_electricity": 14.97326203, "health_center_attendance.1": 68.81868132, "work_farms": 47.00854701, "work_unskilled": 10.68376068, "health_programs": 65.77540107, "sp_philhealth": 34.22459893, "water_toilet": 0.0, "shelter_makeshift_nhts": 2.9411764710000003, "food_malnourished": "", "health_child_death": "", "health_maternal_death": "", "he_flood": 0.0, "he_volcano": 0.0, "he_landslide": 0.0, "he_earthquake": 0.0, "name": "Esperanza"}, "PH072236005": {"water_access": 0.442478, "food_tenure": 0.0, "shelter_informal_settlers_nhts": 3.0973450000000002, "health_center_attendance": 81.547619, "educ_outofschool_all": 5.524862000000001, "work_unemployment": 55.149502000000005, "po_conflict": 0.0, "participation_assembly_attendance": 88.338192, "sp_sss": 1.0689990000000051, "he_risk": 1.702337, "shelter_electricity": 19.46902655, "health_center_attendance.1": 81.54761905, "work_farms": 40.0, "work_unskilled": 11.48148148, "health_programs": 60.17699115, "sp_philhealth": 39.82300885, "water_toilet": 0.0, "shelter_makeshift_nhts": 3.982300885, "food_malnourished": "", "health_child_death": "", "health_maternal_death": "", "he_flood": 0.0, "he_volcano": 0.0, "he_landslide": 0.0, "he_earthquake": 0.0, "name": "Lanao"}, "PH072236006": {"water_access": 0.0, "food_tenure": 0.0, "shelter_informal_settlers_nhts": 1.9867549999999998, "health_center_attendance": 70.978441, "educ_outofschool_all": 2.307692, "work_unemployment": 54.166667000000004, "po_conflict": 0.6622520000000001, "participation_assembly_attendance": 86.979866, "sp_sss": 1.6107379999999978, "he_risk": 1.133175, "shelter_electricity": 20.52980132, "health_center_attendance.1": 70.97844113, "work_farms": 32.0855615, "work_unskilled": 22.45989305, "health_programs": 47.68211921, "sp_philhealth": 52.31788079, "water_toilet": 0.662251656, "shelter_makeshift_nhts": 7.284768212, "food_malnourished": "", "health_child_death": "", "health_maternal_death": "", "he_flood": 0.0, "he_volcano": 0.0, "he_landslide": 0.0, "he_earthquake": 0.0, "name": "Lower Poblacion"}, "PH072236007": {"water_access": 0.0, "food_tenure": 0.0, "shelter_informal_settlers_nhts": 4.38247, "health_center_attendance": 57.912088, "educ_outofschool_all": 3.9215690000000003, "work_unemployment": 51.869919, "po_conflict": 0.0, "participation_assembly_attendance": 89.845261, "sp_sss": 1.2572530000000057, "he_risk": 1.1333790000000001, "shelter_electricity": 20.71713147, "health_center_attendance.1": 57.91208791, "work_farms": 60.13513514, "work_unskilled": 7.094594595, "health_programs": 48.20717131, "sp_philhealth": 51.79282869, "water_toilet": 0.398406375, "shelter_makeshift_nhts": 2.5896414340000002, "food_malnourished": "", "health_child_death": "", "health_maternal_death": "", "he_flood": 0.0, "he_volcano": 0.0, "he_landslide": 0.0, "he_earthquake": 0.0, "name": "Moabog"}, "PH072236008": {"water_access": 0.0, "food_tenure": 0.0, "shelter_informal_settlers_nhts": 0.340136, "health_center_attendance": 79.983036, "educ_outofschool_all": 5.536332, "work_unemployment": 50.761421, "po_conflict": 4.7619050000000005, "participation_assembly_attendance": 85.44093199999999, "sp_sss": 0.8319469999999995, "he_risk": 0.8518379999999999, "shelter_electricity": 32.99319728, "health_center_attendance.1": 79.98303647, "work_farms": 59.53608247, "work_unskilled": 8.762886598, "health_programs": 48.97959184, "sp_philhealth": 51.02040816, "water_toilet": 0.680272109, "shelter_makeshift_nhts": 6.632653061, "food_malnourished": "", "health_child_death": "", "health_maternal_death": "", "he_flood": 0.0, "he_volcano": 0.0, "he_landslide": 0.0, "he_earthquake": 0.0, "name": "Montserrat"}, "PH072236011": {"water_access": 1.587302, "food_tenure": 0.0, "shelter_informal_settlers_nhts": 6.349206, "health_center_attendance": 48.347107, "educ_outofschool_all": 1.9230770000000001, "work_unemployment": 52.212389, "po_conflict": 0.0, "participation_assembly_attendance": 80.912863, "sp_sss": 0.41493800000000647, "he_risk": 0.327779, "shelter_electricity": 8.73015873, "health_center_attendance.1": 48.34710744, "work_farms": 66.66666667, "work_unskilled": 10.49382716, "health_programs": 48.41269841, "sp_philhealth": 51.58730159, "water_toilet": 3.968253968, "shelter_makeshift_nhts": 5.555555556, "food_malnourished": "", "health_child_death": "", "health_maternal_death": "", "he_flood": 0.0, "he_volcano": 0.0, "he_landslide": 0.0, "he_earthquake": 0.0, "name": "San Isidro"}, "PH072236012": {"water_access": 0.0, "food_tenure": 0.0, "shelter_informal_settlers_nhts": 2.9761900000000003, "health_center_attendance": 65.813253, "educ_outofschool_all": 3.821656, "work_unemployment": 56.926407, "po_conflict": 0.595238, "participation_assembly_attendance": 86.027397, "sp_sss": 1.9178079999999937, "he_risk": 0.8503940000000001, "shelter_electricity": 9.523809523999999, "health_center_attendance.1": 65.81325301, "work_farms": 61.30653266, "work_unskilled": 8.040201005, "health_programs": 54.16666667, "sp_philhealth": 45.83333333, "water_toilet": 0.0, "shelter_makeshift_nhts": 4.166666667, "food_malnourished": "", "health_child_death": "", "health_maternal_death": "", "he_flood": 0.0, "he_volcano": 0.0, "he_landslide": 0.0, "he_earthquake": 0.0, "name": "San Juan"}, "PH072236013": {"water_access": 0.591716, "food_tenure": 0.0,