{"PH074624001": {"Water_Prop": 46.210046000000006, "Food_Prop": 0.0, "Shelter_Prop": 0.639269, "Health_Prop": 42.084168, "Education_Prop": 8.418367, "Work_Prop": 51.62278, "Peace_Prop": 0.091324, "Participation_Prop": 96.78265400000001, "SocialProtection_Prop": 98.758524, "Environment_Prop": 17.500519, "shelter_electricity": 33.60730594, "health_center_attendance": 42.08416834, "work_farms": 20.44303797, "work_unskilled": 47.40506329, "health_programs": 63.37899543, "sp_philhealth": 63.37899543, "water_toilet": 14.88584475, "shelter_makeshift_nhts": 1.506849315, "food_malnourished": "", "health_child_death": "", "health_maternal_death": "", "he_flood": "", "he_volcano": "", "he_landslide": "", "he_earthquake": "", "name": "Bagawines"}, "PH074624002": {"Water_Prop": 50.806452, "Food_Prop": 5.263158, "Shelter_Prop": 4.83871, "Health_Prop": 4.1431260000000005, "Education_Prop": 8.571429, "Work_Prop": 54.569892, "Peace_Prop": 0.0, "Participation_Prop": 87.843137, "SocialProtection_Prop": 98.235294, "Environment_Prop": 0.339351, "shelter_electricity": 57.25806452, "health_center_attendance": 4.143126177, "work_farms": 48.52071006, "work_unskilled": 25.44378698, "health_programs": 51.61290323, "sp_philhealth": 51.61290323, "water_toilet": 49.19354839, "shelter_makeshift_nhts": 2.016129032, "food_malnourished": "", "health_child_death": "", "health_maternal_death": "", "he_flood": "", "he_volcano": "", "he_landslide": "", "he_earthquake": "", "name": "Bairan"}, "PH074624003": {"Water_Prop": 31.805158000000002, "Food_Prop": 0.0, "Shelter_Prop": 1.4326649999999999, "Health_Prop": 67.18213100000001, "Education_Prop": 6.714628, "Work_Prop": 35.061510999999996, "Peace_Prop": 0.286533, "Participation_Prop": "", "SocialProtection_Prop": 98.668797, "Environment_Prop": 18.8785, "shelter_electricity": 31.51862464, "health_center_attendance": 67.18213058, "work_farms": 43.70771313, "work_unskilled": 24.62787551, "health_programs": 44.1260745, "sp_philhealth": 44.1260745, "water_toilet": 64.46991404, "shelter_makeshift_nhts": 1.5759312319999998, "food_malnourished": "", "health_child_death": "", "health_maternal_death": "", "he_flood": "", "he_volcano": "", "he_landslide": "", "he_earthquake": "", "name": "Don Espiridion Villegas"}, "PH074624004": {"Water_Prop": 47.942387, "Food_Prop": 62.711864, "Shelter_Prop": 0.617284, "Health_Prop": 72.45039200000001, "Education_Prop": 71.084337, "Work_Prop": 39.752407, "Peace_Prop": 0.41152299999999997, "Participation_Prop": 90.726202, "SocialProtection_Prop": 98.77330699999999, "Environment_Prop": 0.076147, "shelter_electricity": 78.60082305, "health_center_attendance": 72.45039225, "work_farms": 63.12785388, "work_unskilled": 20.89041096, "health_programs": 46.2962963, "sp_philhealth": 46.2962963, "water_toilet": 23.45679012, "shelter_makeshift_nhts": 6.275720165, "food_malnourished": "", "health_child_death": "", "health_maternal_death": "", "he_flood": "", "he_volcano": "", "he_landslide": "", "he_earthquake": "", "name": "Guba"}, "PH074624005": {"Water_Prop": 42.456140000000005, "Food_Prop": 87.387387, "Shelter_Prop": 2.105263, "Health_Prop": 30.695265999999997, "Education_Prop": 22.02381, "Work_Prop": 49.275362, "Peace_Prop": 0.350877, "Participation_Prop": 90.869248, "SocialProtection_Prop": 97.735573, "Environment_Prop": 0.307988, "shelter_electricity": 56.14035088, "health_center_attendance": 30.69526627, "work_farms": 44.17582418, "work_unskilled": 36.26373626, "health_programs": 53.68421053, "sp_philhealth": 53.68421053, "water_toilet": 47.36842105, "shelter_makeshift_nhts": 6.842105263, "food_malnourished": "", "health_child_death": "", "health_maternal_death": "", "he_flood": "", "he_volcano": "", "he_landslide": "", "he_earthquake": "", "name": "Cabulihan"}, "PH074624006": {"Water_Prop": 43.548387, "Food_Prop": 2.0, "Shelter_Prop": 0.0, "Health_Prop": 25.408348, "Education_Prop": 6.220096, "Work_Prop": 57.252888, "Peace_Prop": 0.40322600000000003, "Participation_Prop": 95.361166, "SocialProtection_Prop": 98.144467, "Environment_Prop": 16.49482, "shelter_electricity": 39.11290323, "health_center_attendance": 25.40834846, "work_farms": 17.41741742, "work_unskilled": 45.04504505, "health_programs": 70.56451613, "sp_philhealth": 70.56451613, "water_toilet": 14.11290323, "shelter_makeshift_nhts": 0.0, "food_malnourished": "", "health_child_death": "", "health_maternal_death": "", "he_flood": "", "he_volcano": "", "he_landslide": "", "he_earthquake": "", "name": "Macapso"}, "PH074624007": {"Water_Prop": 69.976359, "Food_Prop": 12.631578999999999, "Shelter_Prop": 30.260046999999997, "Health_Prop": 52.380952, "Education_Prop": 7.725322, "Work_Prop": 28.369321999999997, "Peace_Prop": 0.472813, "Participation_Prop": 95.50913800000001, "SocialProtection_Prop": 98.381201, "Environment_Prop": 0.162771, "shelter_electricity": 65.24822695, "health_center_attendance": 52.38095238, "work_farms": 48.96049896, "work_unskilled": 28.8981289, "health_programs": 49.88179669, "sp_philhealth": 49.88179669, "water_toilet": 88.88888889, "shelter_makeshift_nhts": 2.245862884, "food_malnourished": "", "health_child_death": "", "health_maternal_death": "", "he_flood": "", "he_volcano": "", "he_landslide": "", "he_earthquake": "", "name": "Malangsa"}, "PH074624008": {"Water_Prop": 60.635697, "Food_Prop": 0.0, "Shelter_Prop": 0.0, "Health_Prop": 73.477812, "Education_Prop": 11.353712, "Work_Prop": 40.412529, "Peace_Prop": 0.0, "Participation_Prop": 95.320197, "SocialProtection_Prop": 98.47290600000001, "Environment_Prop": 38.255552, "shelter_electricity": 65.03667482, "health_center_attendance": 73.47781218, "work_farms": 36.66666667, "work_unskilled": 32.69230769, "health_programs": 62.10268949, "sp_philhealth": 62.10268949, "water_toilet": 35.45232274, "shelter_makeshift_nhts": 1.344743276, "food_malnourished": "", "health_child_death": "", "health_maternal_death": "", "he_flood": "", "he_volcano": "", "he_landslide": "", "he_earthquake": "", "name": "Molobolo"}, "PH074624009": {"Water_Prop": 66.237942, "Food_Prop": 42.666667, "Shelter_Prop": 2.572347, "Health_Prop": 74.090572, "Education_Prop": 76.642336, "Work_Prop": 44.273128, "Peace_Prop": 0.643087, "Participation_Prop": 93.594574, "SocialProtection_Prop": 99.32177800000001, "Environment_Prop": 1.1899600000000001, "shelter_electricity": 54.34083601, "health_center_attendance": 74.09057164, "work_farms": 56.91699605, "work_unskilled": 24.11067194, "health_programs": 51.44694534, "sp_philhealth": 51.44694534, "water_toilet": 34.08360129, "shelter_makeshift_nhts": 1.286173633, "food_malnourished": "", "health_child_death": "", "health_maternal_death": "", "he_flood": "", "he_volcano": "", "he_landslide": "", "he_earthquake": "", "name": "Maglahos"}, "PH074624010": {"Water_Prop": 73.64161800000001, "Food_Prop": 1.626016, "Shelter_Prop": 0.809249, "Health_Prop": 71.82641, "Education_Prop": 61.05726899999999, "Work_Prop": 44.080417, "Peace_Prop": 0.23121399999999998, "Participation_Prop": "", "SocialProtection_Prop": 98.739688, "Environment_Prop": 0.622765, "shelter_electricity": 80.11560694, "health_center_attendance": 71.82640984, "work_farms": 62.64980027, "work_unskilled": 23.56857523, "health_programs": 46.12716763, "sp_philhealth": 46.12716763, "water_toilet": 12.71676301, "shelter_makeshift_nhts": 7.74566474, "food_malnourished": "", "health_child_death": "", "health_maternal_death": "", "he_flood": "", "he_volcano": "", "he_landslide": "", "he_earthquake": "", "name": "Pinocawan"}, "PH074624011": {"Water_Prop": 19.419923999999998, "Food_Prop": 0.0, "Shelter_Prop": 0.882724, "Health_Prop": 88.888889, "Education_Prop": 7.239264, "Work_Prop": 55.685618999999996, "Peace_Prop": 0.630517, "Participation_Prop": 95.399618, "SocialProtection_Prop": 98.113208, "Environment_Prop": 19.187785, "shelter_electricity": 19.79823455, "health_center_attendance": 88.88888889, "work_farms": 14.90566038, "work_unskilled": 50.37735849, "health_programs": 60.4035309, "sp_philhealth": 60.4035309,