{"PH083749001": {"Water_Prop": 72.413793, "Food_Prop": 0.0, "Shelter_Prop": 0.0, "Health_Prop": 82.997763, "Education_Prop": 3.8461540000000003, "Work_Prop": 51.578947, "Peace_Prop": 2.586207, "Participation_Prop": 97.55202, "SocialProtection_Prop": 99.020808, "Environment_Prop": 0.8110930000000001, "shelter_electricity": 35.34482759, "health_center_attendance": 82.99776286, "work_farms": 8.333333332999999, "work_unskilled": 36.95652174, "health_programs": 31.46551724, "sp_philhealth": 31.46551724, "water_toilet": 13.79310345, "shelter_makeshift_nhts": 10.56034483, "food_malnourished": 0.0, "health_child_death": "", "health_maternal_death": 0.0, "he_flood": 0.0, "he_volcano": 0.0, "he_landslide": 0.0, "he_earthquake": 0.0, "name": "Burak"}, "PH083749002": {"Water_Prop": 94.634146, "Food_Prop": 75.0, "Shelter_Prop": 0.9756100000000001, "Health_Prop": 85.38163, "Education_Prop": 4.945055, "Work_Prop": 50.813008, "Peace_Prop": 0.48780500000000004, "Participation_Prop": 90.41835400000001, "SocialProtection_Prop": 98.650472, "Environment_Prop": 0.710408, "shelter_electricity": 25.85365854, "health_center_attendance": 85.38163001, "work_farms": 35.12396694, "work_unskilled": 33.88429752, "health_programs": 26.82926829, "sp_philhealth": 26.82926829, "water_toilet": 15.609756099999998, "shelter_makeshift_nhts": 2.926829268, "food_malnourished": 2.0, "health_child_death": "", "health_maternal_death": 0.0, "he_flood": 0.0, "he_volcano": 0.0, "he_landslide": 0.001584, "he_earthquake": 0.0, "name": "Canmogsay"}, "PH083749003": {"Water_Prop": 86.826347, "Food_Prop": 86.363636, "Shelter_Prop": 0.5988020000000001, "Health_Prop": 80.880121, "Education_Prop": 4.72973, "Work_Prop": 55.955056000000006, "Peace_Prop": 0.5988020000000001, "Participation_Prop": 93.146417, "SocialProtection_Prop": 98.909657, "Environment_Prop": 0.732273, "shelter_electricity": 21.55688623, "health_center_attendance": 80.88012140000001, "work_farms": 20.40816327, "work_unskilled": 36.2244898, "health_programs": 30.53892216, "sp_philhealth": 30.53892216, "water_toilet": 13.17365269, "shelter_makeshift_nhts": 3.5928143710000002, "food_malnourished": 15.9, "health_child_death": "", "health_maternal_death": 0.0, "he_flood": 0.0, "he_volcano": 0.0, "he_landslide": 0.001584, "he_earthquake": 0.0, "name": "Cantariwis"}, "PH083749004": {"Water_Prop": 65.47619, "Food_Prop": 100.0, "Shelter_Prop": 5.952381, "Health_Prop": 50.328515, "Education_Prop": 3.684211, "Work_Prop": 51.172708, "Peace_Prop": 0.0, "Participation_Prop": "", "SocialProtection_Prop": 99.043716, "Environment_Prop": 0.130169, "shelter_electricity": 20.23809524, "health_center_attendance": 50.32851511, "work_farms": 2.620087336, "work_unskilled": 68.99563319, "health_programs": 1.19047619, "sp_philhealth": 1.19047619, "water_toilet": 0.0, "shelter_makeshift_nhts": 5.654761905, "food_malnourished": 6.599999900000001, "health_child_death": "", "health_maternal_death": 0.0, "he_flood": 0.0, "he_volcano": 0.0, "he_landslide": 0.001584, "he_earthquake": 0.0, "name": "Capangihan"}, "PH083749005": {"Water_Prop": 81.140351, "Food_Prop": 0.0, "Shelter_Prop": 1.754386, "Health_Prop": 61.279461, "Education_Prop": 4.571429, "Work_Prop": 53.246753000000005, "Peace_Prop": 0.0, "Participation_Prop": 93.655914, "SocialProtection_Prop": 98.494624, "Environment_Prop": 6.5706240000000005, "shelter_electricity": 30.70175439, "health_center_attendance": 61.27946128, "work_farms": 7.6388888889999995, "work_unskilled": 56.25, "health_programs": 3.070175439, "sp_philhealth": 3.070175439, "water_toilet": 0.8771929820000001, "shelter_makeshift_nhts": 8.771929825, "food_malnourished": 13.8, "health_child_death": "", "health_maternal_death": 0.0, "he_flood": 0.0, "he_volcano": 0.0, "he_landslide": 0.001584, "he_earthquake": 0.0, "name": "Malbog"}, "PH083749006": {"Water_Prop": 48.730964, "Food_Prop": 100.0, "Shelter_Prop": 1.522843, "Health_Prop": 89.74641700000001, "Education_Prop": 4.5454550000000005, "Work_Prop": 58.710801000000004, "Peace_Prop": 0.507614, "Participation_Prop": "", "SocialProtection_Prop": 98.90210400000001, "Environment_Prop": 20.515289000000003, "shelter_electricity": 21.82741117, "health_center_attendance": 89.74641676, "work_farms": 7.594936709, "work_unskilled": 40.08438819, "health_programs": 35.53299492, "sp_philhealth": 35.53299492, "water_toilet": 19.2893401, "shelter_makeshift_nhts": 14.72081218, "food_malnourished": 0.0, "health_child_death": "", "health_maternal_death": 0.0, "he_flood": 0.0, "he_volcano": 0.0, "he_landslide": 0.0, "he_earthquake": 0.0, "name": "Olot"}, "PH083749007": {"Water_Prop": 44.075829, "Food_Prop": 75.0, "Shelter_Prop": 1.184834, "Health_Prop": 92.604332, "Education_Prop": 6.465517, "Work_Prop": 53.304720999999994, "Peace_Prop": 3.0805689999999997, "Participation_Prop": 97.750331, "SocialProtection_Prop": 98.500221, "Environment_Prop": 19.109129, "shelter_electricity": 18.00947867, "health_center_attendance": 92.60433175, "work_farms": 13.23529412, "work_unskilled": 41.72794118, "health_programs": 14.4549763, "sp_philhealth": 14.4549763, "water_toilet": 3.791469194, "shelter_makeshift_nhts": 7.1090047389999995, "food_malnourished": 0.0, "health_child_death": "", "health_maternal_death": 0.0, "he_flood": 0.0, "he_volcano": 0.0, "he_landslide": 0.001584, "he_earthquake": 0.0, "name": "Opong"}, "PH083749008": {"Water_Prop": 30.526315999999998, "Food_Prop": "", "Shelter_Prop": 0.0, "Health_Prop": 95.32710300000001, "Education_Prop": 5.882353, "Work_Prop": 62.758621, "Peace_Prop": 1.052632, "Participation_Prop": 95.669291, "SocialProtection_Prop": 99.015748, "Environment_Prop": 24.157688, "shelter_electricity": 13.68421053, "health_center_attendance": 95.32710279999999, "work_farms": 3.7037037039999996, "work_unskilled": 29.62962963, "health_programs": 25.26315789, "sp_philhealth": 25.26315789, "water_toilet": 5.263157895, "shelter_makeshift_nhts": 6.315789474, "food_malnourished": 0.0, "health_child_death": "", "health_maternal_death": 0.0, "he_flood": 0.0, "he_volcano": 0.0, "he_landslide": 0.0, "he_earthquake": 0.0, "name": "Poblacion"}, "PH083749009": {"Water_Prop": 44.055944000000004, "Food_Prop": 40.0, "Shelter_Prop": 0.34965, "Health_Prop": 86.244726, "Education_Prop": 3.488372, "Work_Prop": 54.271356999999995, "Peace_Prop": 3.8461540000000003, "Participation_Prop": 96.744186, "SocialProtection_Prop": 99.136213, "Environment_Prop": 23.842479, "shelter_electricity": 18.53146853, "health_center_attendance": 86.24472574, "work_farms": 3.021978022, "work_unskilled": 36.81318681, "health_programs": 21.67832168, "sp_philhealth": 21.67832168, "water_toilet": 8.041958042000001, "shelter_makeshift_nhts": 8.566433566, "food_malnourished": 0.0, "health_child_death": "", "health_maternal_death": 0.0, "he_flood": 0.0, "he_volcano": 0.0, "he_landslide": 0.0, "he_earthquake": 0.0, "name": "Quilao"}, "PH083749010": {"Water_Prop": 39.043825, "Food_Prop": 47.435897, "Shelter_Prop": 0.664011, "Health_Prop": 89.066918, "Education_Prop": 9.315068, "Work_Prop": 51.311232000000004, "Peace_Prop": 1.7264279999999999, "Participation_Prop": "", "SocialProtection_Prop": 98.394818, "Environment_Prop": 19.077644, "shelter_electricity": 19.256308100000002, "health_center_attendance": 89.066918, "work_farms": 5.8943089429999995, "work_unskilled": 47.76422764, "health_programs": 26.29482072, "sp_philhealth": 26.29482072, "water_toilet": 6.905710491000001, "shelter_makeshift_nhts": 9.827357238, "food_malnourished": 0.0, "health_child_death": "", "health_maternal_death": 0.0, "he_flood": 0.0, "he_volcano": 0.0, "he_landslide": 0.001584, "he_earthquake": 0.0, "name": "San Roque"}, "PH083749011": {"Water_Prop": 59.45121999999999, "Food_Prop": 93.75, "Shelter_Prop": 3.6585370000000004, "Health_Prop": 70.321637, "Education_Prop": 4.195804, "Work_Prop": 50.491803000000004, "Peace_Prop": 0.6097560000000001, "Participation_Prop": "", "SocialProtection_Prop": 98.953301, "Environment_Prop": 0.144617, "shelter_electricity": 24.08536585,