{"PH086008001": {"Water_Prop": 3.529412, "Food_Prop": 100.0, "Shelter_Prop": 3.823529, "Health_Prop": 64.10077, "Education_Prop": 4.472843, "Work_Prop": 54.450262, "Peace_Prop": 0.5882350000000001, "Participation_Prop": "", "SocialProtection_Prop": 95.448461, "Environment_Prop": 10.236239, "shelter_electricity": 15.0, "health_center_attendance": 64.10076977, "work_farms": 24.13793103, "work_unskilled": 36.7816092, "health_programs": 81.76470588, "sp_philhealth": 81.76470588, "water_toilet": 7.941176471, "shelter_makeshift_nhts": 3.235294118, "food_malnourished": "", "health_child_death": "", "health_maternal_death": "", "he_flood": 0.0, "he_volcano": 0.0, "he_landslide": 0.000528, "he_earthquake": 0.0}, "PH086008002": {"Water_Prop": 1.204819, "Food_Prop": 0.0, "Shelter_Prop": 3.6144580000000004, "Health_Prop": 41.621621999999995, "Education_Prop": 5.434783, "Work_Prop": 47.186147, "Peace_Prop": 4.819277, "Participation_Prop": "", "SocialProtection_Prop": 98.489426, "Environment_Prop": 1.017391, "shelter_electricity": 19.27710843, "health_center_attendance": 41.62162162, "work_farms": 68.03278689, "work_unskilled": 13.114754099999999, "health_programs": 45.78313253, "sp_philhealth": 45.78313253, "water_toilet": 2.4096385540000003, "shelter_makeshift_nhts": 3.614457831, "food_malnourished": "", "health_child_death": "", "health_maternal_death": "", "he_flood": 0.0, "he_volcano": 0.0, "he_landslide": 0.010293, "he_earthquake": 0.0}, "PH086008003": {"Water_Prop": 33.333333, "Food_Prop": 0.0, "Shelter_Prop": 1.449275, "Health_Prop": 47.987615999999996, "Education_Prop": 7.692308000000001, "Work_Prop": 42.995169, "Peace_Prop": 2.898551, "Participation_Prop": "", "SocialProtection_Prop": 98.653199, "Environment_Prop": 0.594229, "shelter_electricity": 23.1884058, "health_center_attendance": 47.987616100000004, "work_farms": 40.6779661, "work_unskilled": 11.86440678, "health_programs": 59.42028986, "sp_philhealth": 59.42028986, "water_toilet": 13.04347826, "shelter_makeshift_nhts": 2.898550725, "food_malnourished": "", "health_child_death": "", "health_maternal_death": "", "he_flood": 0.0, "he_volcano": 0.0, "he_landslide": 0.001584, "he_earthquake": 0.0}, "PH086008004": {"Water_Prop": 14.102564000000001, "Food_Prop": 62.5, "Shelter_Prop": 8.974359, "Health_Prop": 55.440415, "Education_Prop": 6.930692999999999, "Work_Prop": 40.350877000000004, "Peace_Prop": 0.0, "Participation_Prop": "", "SocialProtection_Prop": 99.393939, "Environment_Prop": 1.160256, "shelter_electricity": 15.38461538, "health_center_attendance": 55.44041451, "work_farms": 83.82352941, "work_unskilled": 7.352941176, "health_programs": 51.28205128, "sp_philhealth": 51.28205128, "water_toilet": 8.974358974, "shelter_makeshift_nhts": 0.641025641, "food_malnourished": "", "health_child_death": "", "health_maternal_death": "", "he_flood": 0.0, "he_volcano": 0.0, "he_landslide": 0.001584, "he_earthquake": 0.0}, "PH086008005": {"Water_Prop": 18.75, "Food_Prop": "", "Shelter_Prop": 12.5, "Health_Prop": 43.359375, "Education_Prop": 1.538462, "Work_Prop": 36.305732, "Peace_Prop": 0.0, "Participation_Prop": "", "SocialProtection_Prop": 99.547511, "Environment_Prop": 1.255897, "shelter_electricity": 28.125, "health_center_attendance": 43.359375, "work_farms": 73.0, "work_unskilled": 5.0, "health_programs": 60.9375, "sp_philhealth": 60.9375, "water_toilet": 10.9375, "shelter_makeshift_nhts": 7.03125, "food_malnourished": "", "health_child_death": "", "health_maternal_death": "", "he_flood": 0.0, "he_volcano": 0.0, "he_landslide": 0.007443000000000001, "he_earthquake": 0.0}, "PH086008006": {"Water_Prop": 9.954751, "Food_Prop": 44.444444, "Shelter_Prop": 13.122172, "Health_Prop": 63.45776, "Education_Prop": 5.9259260000000005, "Work_Prop": 46.829268, "Peace_Prop": 1.357466, "Participation_Prop": "", "SocialProtection_Prop": 93.29852, "Environment_Prop": 9.631261, "shelter_electricity": 16.28959276, "health_center_attendance": 63.45776031, "work_farms": 31.49847095, "work_unskilled": 38.83792049, "health_programs": 64.70588235, "sp_philhealth": 64.70588235, "water_toilet": 3.1674208139999998, "shelter_makeshift_nhts": 6.787330317, "food_malnourished": "", "health_child_death": "", "health_maternal_death": "", "he_flood": 0.0, "he_volcano": 0.0, "he_landslide": 0.00132, "he_earthquake": 0.0}, "PH086008007": {"Water_Prop": 97.41935500000001, "Food_Prop": 90.17857099999999, "Shelter_Prop": 0.645161, "Health_Prop": 38.037634000000004, "Education_Prop": 6.965174, "Work_Prop": 46.636771, "Peace_Prop": 0.0, "Participation_Prop": "", "SocialProtection_Prop": 97.774687, "Environment_Prop": 2.0257970000000003, "shelter_electricity": 21.29032258, "health_center_attendance": 38.03763441, "work_farms": 69.74789916, "work_unskilled": 12.18487395, "health_programs": 56.77419355, "sp_philhealth": 56.77419355, "water_toilet": 9.032258065, "shelter_makeshift_nhts": 2.258064516, "food_malnourished": "", "health_child_death": "", "health_maternal_death": "", "he_flood": 0.0, "he_volcano": 0.0, "he_landslide": 0.001372, "he_earthquake": 0.07142899999999999}, "PH086008008": {"Water_Prop": 30.379747, "Food_Prop": "", "Shelter_Prop": 6.329114, "Health_Prop": 42.937853000000004, "Education_Prop": 10.185185, "Work_Prop": 46.445498, "Peace_Prop": 1.265823, "Participation_Prop": "", "SocialProtection_Prop": 99.669967, "Environment_Prop": 1.819964, "shelter_electricity": 25.3164557, "health_center_attendance": 42.93785311, "work_farms": 86.72566372, "work_unskilled": 6.194690265, "health_programs": 39.24050633, "sp_philhealth": 39.24050633, "water_toilet": 1.265822785, "shelter_makeshift_nhts": 4.430379747, "food_malnourished": "", "health_child_death": "", "health_maternal_death": "", "he_flood": 0.0, "he_volcano": 0.0, "he_landslide": 0.007443000000000001, "he_earthquake": 0.0}, "PH086008009": {"Water_Prop": 81.94444399999999, "Food_Prop": 20.0, "Shelter_Prop": 1.388889, "Health_Prop": 60.059172, "Education_Prop": 1.25, "Work_Prop": 40.0, "Peace_Prop": 0.0, "Participation_Prop": "", "SocialProtection_Prop": 99.39759000000001, "Environment_Prop": 3.778632, "shelter_electricity": 8.333333332999999, "health_center_attendance": 60.0591716, "work_farms": 74.60317459999999, "work_unskilled": 12.698412699999999, "health_programs": 55.55555556, "sp_philhealth": 55.55555556, "water_toilet": 22.22222222, "shelter_makeshift_nhts": 0.694444444, "food_malnourished": "", "health_child_death": "", "health_maternal_death": "", "he_flood": 0.0, "he_volcano": 0.0, "he_landslide": 0.003431, "he_earthquake": 0.14285699999999998}, "PH086008010": {"Water_Prop": 63.106795999999996, "Food_Prop": 76.923077, "Shelter_Prop": 0.970874, "Health_Prop": 48.962656, "Education_Prop": 4.255319, "Work_Prop": 49.262537, "Peace_Prop": 0.0, "Participation_Prop": "", "SocialProtection_Prop": 98.752599, "Environment_Prop": 16.515463, "shelter_electricity": 18.44660194, "health_center_attendance": 48.962655600000005, "work_farms": 15.11627907, "work_unskilled": 26.74418605, "health_programs": 65.04854369, "sp_philhealth": 65.04854369, "water_toilet": 18.44660194, "shelter_makeshift_nhts": 3.398058252, "food_malnourished": "", "health_child_death": "", "health_maternal_death": "", "he_flood": 0.0, "he_volcano": 0.0, "he_landslide": 0.001584, "he_earthquake": 0.0}, "PH086008012": {"Water_Prop": 0.0, "Food_Prop": 43.75, "Shelter_Prop": 0.0, "Health_Prop": 57.228916000000005, "Education_Prop": 2.857143, "Work_Prop": 48.695652, "Peace_Prop": 0.0, "Participation_Prop": "", "SocialProtection_Prop": 97.265625, "Environment_Prop": 0.380042, "shelter_electricity": 2.777777778, "health_center_attendance": 57.22891566, "work_farms": 15.25423729, "work_unskilled": 15.25423729, "health_programs": 88.88888889, "sp_philhealth": 88.88888889, "water_toilet": 0.0, "shelter_makeshift_nhts": 0.0, "food_malnourished": "", "health_child_death": "", "health_maternal_death": "", "he_flood": 0.0, "he_volcano": 0.0, "he_landslide": 0.001584, "he_earthquake": 0.0},