{"PH087804001": {"water_access": 10.191083, "food_tenure": 0.0, "shelter_informal_settlers_nhts": 0.0, "health_center_attendance": 96.774194, "educ_outofschool_all": 6.25, "work_unemployment": 56.475584, "po_conflict": 23.566879, "participation_assembly_attendance": 88.77551, "sp_sss": 99.617347, "he_risk": 0.1428, "shelter_electricity": 7.643312102, "health_center_attendance.1": 96.77419355, "work_farms": 44.3902439, "work_unskilled": 23.90243902, "health_programs": 62.42038217, "sp_philhealth": 62.42038217, "water_toilet": 4.458598726, "shelter_makeshift_nhts": 3.503184713, "food_malnourished": 0.0, "health_child_death": "", "health_maternal_death": 10.0, "he_flood": 0.0, "he_volcano": 0.0, "he_landslide": 0.008551000000000001, "he_earthquake": 0.0, "name": "Alegria"}, "PH087804002": {"water_access": 0.0, "food_tenure": "", "shelter_informal_settlers_nhts": 2.013423, "health_center_attendance": 93.072289, "educ_outofschool_all": 4.4692739999999995, "work_unemployment": 52.736318000000004, "po_conflict": 4.026846, "participation_assembly_attendance": 87.99283199999999, "sp_sss": "", "he_risk": 1.07507, "shelter_electricity": 14.09395973, "health_center_attendance.1": 93.07228916, "work_farms": 55.78947368, "work_unskilled": 18.94736842, "health_programs": 63.08724832, "sp_philhealth": 63.08724832, "water_toilet": 16.10738255, "shelter_makeshift_nhts": 14.09395973, "food_malnourished": 3.5, "health_child_death": "", "health_maternal_death": 0.0, "he_flood": 0.0, "he_volcano": 0.0, "he_landslide": 0.031459, "he_earthquake": 0.0, "name": "Asug"}, "PH087804003": {"water_access": 5.291005, "food_tenure": 15.909091, "shelter_informal_settlers_nhts": 0.0, "health_center_attendance": 90.2, "educ_outofschool_all": 6.367041, "work_unemployment": 52.236422, "po_conflict": 1.587302, "participation_assembly_attendance": 85.8393, "sp_sss": 98.488465, "he_risk": 1.615899, "shelter_electricity": 16.93121693, "health_center_attendance.1": 90.2, "work_farms": 42.14046823, "work_unskilled": 21.73913043, "health_programs": 59.78835979, "sp_philhealth": 59.78835979, "water_toilet": 33.33333333, "shelter_makeshift_nhts": 4.7619047619999995, "food_malnourished": 0.60000002, "health_child_death": "", "health_maternal_death": 0.0, "he_flood": 0.0, "he_volcano": 0.0, "he_landslide": 0.029769999999999998, "he_earthquake": 0.0, "name": "Bari-is"}, "PH087804004": {"water_access": 2.953586, "food_tenure": 19.186047, "shelter_informal_settlers_nhts": 0.843882, "health_center_attendance": 95.30315999999999, "educ_outofschool_all": 6.2068970000000006, "work_unemployment": 53.897849, "po_conflict": 6.329114, "participation_assembly_attendance": 92.14559399999999, "sp_sss": 99.425287, "he_risk": 1.160255, "shelter_electricity": 9.70464135, "health_center_attendance.1": 95.30315969, "work_farms": 21.57434402, "work_unskilled": 51.89504373, "health_programs": 59.91561181, "sp_philhealth": 59.91561181, "water_toilet": 33.75527426, "shelter_makeshift_nhts": 6.962025316, "food_malnourished": 0.0, "health_child_death": "", "health_maternal_death": 0.0, "he_flood": 0.0, "he_volcano": 0.0, "he_landslide": 0.001584, "he_earthquake": 0.0, "name": "Binohangan"}, "PH087804005": {"water_access": 4.297994, "food_tenure": 72.727273, "shelter_informal_settlers_nhts": 1.146132, "health_center_attendance": 92.55381, "educ_outofschool_all": 6.763285000000001, "work_unemployment": 55.680751, "po_conflict": 0.859599, "participation_assembly_attendance": 95.847953, "sp_sss": 99.590643, "he_risk": 3.5174339999999997, "shelter_electricity": 9.455587393, "health_center_attendance.1": 92.55381035, "work_farms": 27.33050847, "work_unskilled": 44.49152542, "health_programs": 69.62750716, "sp_philhealth": 69.62750716, "water_toilet": 30.37249284, "shelter_makeshift_nhts": 15.32951289, "food_malnourished": 0.0, "health_child_death": "", "health_maternal_death": 0.0, "he_flood": 0.0, "he_volcano": 0.0, "he_landslide": 0.007126, "he_earthquake": 0.0, "name": "Cabibihan"}, "PH087804006": {"water_access": 5.063291, "food_tenure": 11.538461999999999, "shelter_informal_settlers_nhts": 0.0, "health_center_attendance": 95.823666, "educ_outofschool_all": 6.25, "work_unemployment": 53.90625, "po_conflict": 0.0, "participation_assembly_attendance": 75.348837, "sp_sss": 99.069767, "he_risk": 1.2593219999999998, "shelter_electricity": 10.12658228, "health_center_attendance.1": 95.82366589, "work_farms": 33.89830508, "work_unskilled": 28.81355932, "health_programs": 70.88607595, "sp_philhealth": 70.88607595, "water_toilet": 30.37974684, "shelter_makeshift_nhts": 12.65822785, "food_malnourished": 0.0, "health_child_death": "", "health_maternal_death": 0.0, "he_flood": 0.0, "he_volcano": 0.0, "he_landslide": 0.007443000000000001, "he_earthquake": 0.0, "name": "Kawayanon"}, "PH087804007": {"water_access": 8.333333, "food_tenure": 11.111111, "shelter_informal_settlers_nhts": 1.666667, "health_center_attendance": 92.52669, "educ_outofschool_all": 5.806451999999999, "work_unemployment": 50.294118, "po_conflict": 7.5, "participation_assembly_attendance": 90.042674, "sp_sss": 99.71550500000001, "he_risk": 2.936527, "shelter_electricity": 16.66666667, "health_center_attendance.1": 92.52669039, "work_farms": 34.31952663, "work_unskilled": 28.99408284, "health_programs": 71.66666667, "sp_philhealth": 71.66666667, "water_toilet": 40.0, "shelter_makeshift_nhts": 5.416666667, "food_malnourished": 0.0, "health_child_death": "", "health_maternal_death": 0.0, "he_flood": 0.0, "he_volcano": 0.0, "he_landslide": 0.07658999999999999, "he_earthquake": 0.0, "name": "Looc"}, "PH087804009": {"water_access": 1.851852, "food_tenure": 25.0, "shelter_informal_settlers_nhts": 1.481481, "health_center_attendance": 90.929878, "educ_outofschool_all": 4.899135, "work_unemployment": 50.510203999999995, "po_conflict": 12.222222, "participation_assembly_attendance": 96.93430699999999, "sp_sss": 99.367397, "he_risk": 1.564592, "shelter_electricity": 12.22222222, "health_center_attendance.1": 90.92987805, "work_farms": 30.92783505, "work_unskilled": 34.53608247, "health_programs": 57.77777778, "sp_philhealth": 57.77777778, "water_toilet": 1.4814814809999999, "shelter_makeshift_nhts": 7.592592592999999, "food_malnourished": 0.0, "health_child_death": "", "health_maternal_death": 0.0, "he_flood": 0.0, "he_volcano": 0.0, "he_landslide": 0.026550999999999998, "he_earthquake": 0.0, "name": "Manlabang"}, "PH087804010": {"water_access": 0.0, "food_tenure": 23.529412, "shelter_informal_settlers_nhts": 0.0, "health_center_attendance": 96.787149, "educ_outofschool_all": 6.25, "work_unemployment": 53.465346999999994, "po_conflict": 0.0, "participation_assembly_attendance": 88.447653, "sp_sss": 98.194946, "he_risk": 1.008248, "shelter_electricity": 7.619047619, "health_center_attendance.1": 96.78714859, "work_farms": 15.60283688, "work_unskilled": 45.39007092, "health_programs": 65.71428571, "sp_philhealth": 65.71428571, "water_toilet": 49.52380952, "shelter_makeshift_nhts": 12.38095238, "food_malnourished": 1.8, "health_child_death": "", "health_maternal_death": 0.0, "he_flood": 0.0, "he_volcano": 0.0, "he_landslide": 0.008551000000000001, "he_earthquake": 0.0, "name": "Caulangohan (Marevil)"}, "PH087804011": {"water_access": 3.296703, "food_tenure": 50.0, "shelter_informal_settlers_nhts": 1.0989010000000001, "health_center_attendance": 91.336353, "educ_outofschool_all": 4.6875, "work_unemployment": 53.720693000000004, "po_conflict": 8.516484, "participation_assembly_attendance": 95.580405, "sp_sss": 99.520767, "he_risk": 2.406171, "shelter_electricity": 14.28571429, "health_center_attendance.1": 91.33635334, "work_farms": 46.69603524, "work_unskilled": 30.39647577, "health_programs": 59.34065934, "sp_philhealth": 59.34065934, "water_toilet": 2.472527473, "shelter_makeshift_nhts": 4.532967033, "food_malnourished": 0.0, "health_child_death": "", "health_maternal_death": 0.0, "he_flood": 0.0, "he_volcano": 0.0, "he_landslide": 0.025072999999999998, "he_earthquake": 0.0,