{"PH083733001": {"Water_Prop": 56.623931999999996, "Food_Prop": 77.966102, "Shelter_Prop": 0.854701, "Health_Prop": 90.182186, "Education_Prop": 3.534304, "Work_Prop": 58.642463, "Peace_Prop": 0.0, "Participation_Prop": 98.09291, "SocialProtection_Prop": 98.679707, "Environment_Prop": 0.343152, "shelter_electricity": 30.55555556, "health_center_attendance": 90.18218623, "work_farms": 57.44274809, "work_unskilled": 20.80152672, "health_programs": 37.39316239, "sp_philhealth": 37.39316239, "water_toilet": 46.58119658, "shelter_makeshift_nhts": 19.12393162, "food_malnourished": 0.0, "health_child_death": "", "health_maternal_death": 0.0, "he_flood": 0.0, "he_volcano": 0.0, "he_landslide": 0.001584, "he_earthquake": 0.0}, "PH083733002": {"Water_Prop": 24.0, "Food_Prop": "", "Shelter_Prop": 5.3333330000000005, "Health_Prop": 99.48096899999999, "Education_Prop": 10.218978, "Work_Prop": 58.055556, "Peace_Prop": 0.0, "Participation_Prop": 85.964912, "SocialProtection_Prop": 99.122807, "Environment_Prop": 0.31664899999999996, "shelter_electricity": 28.0, "health_center_attendance": 99.48096886, "work_farms": 55.62913907, "work_unskilled": 27.81456954, "health_programs": 19.33333333, "sp_philhealth": 19.33333333, "water_toilet": 48.0, "shelter_makeshift_nhts": 4.0, "food_malnourished": 0.0, "health_child_death": "", "health_maternal_death": 0.0, "he_flood": 0.0, "he_volcano": 0.0, "he_landslide": 0.001584, "he_earthquake": 0.0}, "PH083733003": {"Water_Prop": 58.333332999999996, "Food_Prop": 51.219512, "Shelter_Prop": 0.0, "Health_Prop": 88.747731, "Education_Prop": 13.675214000000002, "Work_Prop": 54.4, "Peace_Prop": 0.0, "Participation_Prop": 92.134831, "SocialProtection_Prop": 99.250936, "Environment_Prop": 0.591314, "shelter_electricity": 49.30555556, "health_center_attendance": 88.7477314, "work_farms": 59.64912281, "work_unskilled": 16.95906433, "health_programs": 74.30555556, "sp_philhealth": 74.30555556, "water_toilet": 20.83333333, "shelter_makeshift_nhts": 4.5138888889999995, "food_malnourished": 0.0, "health_child_death": "", "health_maternal_death": 0.0, "he_flood": 0.0, "he_volcano": 0.0, "he_landslide": 0.00132, "he_earthquake": 0.0}, "PH083733004": {"Water_Prop": 29.145729, "Food_Prop": 29.069767, "Shelter_Prop": 4.020101, "Health_Prop": 91.518468, "Education_Prop": 21.830986, "Work_Prop": 53.707415000000005, "Peace_Prop": 0.0, "Participation_Prop": 86.43853, "SocialProtection_Prop": 98.732573, "Environment_Prop": 0.711128, "shelter_electricity": 34.17085427, "health_center_attendance": 91.51846785, "work_farms": 45.45454545, "work_unskilled": 27.70562771, "health_programs": 76.88442211, "sp_philhealth": 76.88442211, "water_toilet": 13.5678392, "shelter_makeshift_nhts": 4.522613065, "food_malnourished": 0.0, "health_child_death": "", "health_maternal_death": 0.0, "he_flood": 0.0, "he_volcano": 0.0, "he_landslide": 0.008551000000000001, "he_earthquake": 0.0}, "PH083733005": {"Water_Prop": 28.048779999999997, "Food_Prop": 69.69697, "Shelter_Prop": 0.0, "Health_Prop": 97.712418, "Education_Prop": 16.129032000000002, "Work_Prop": 60.0, "Peace_Prop": 0.0, "Participation_Prop": 93.78612700000001, "SocialProtection_Prop": 98.84393100000001, "Environment_Prop": 0.458096, "shelter_electricity": 40.24390244, "health_center_attendance": 97.7124183, "work_farms": 53.65853659, "work_unskilled": 13.41463415, "health_programs": 68.29268293, "sp_philhealth": 68.29268293, "water_toilet": 1.219512195, "shelter_makeshift_nhts": 0.0, "food_malnourished": 27.5, "health_child_death": "", "health_maternal_death": 0.0, "he_flood": 0.0, "he_volcano": 0.0, "he_landslide": 0.010293, "he_earthquake": 0.0}, "PH083733006": {"Water_Prop": 15.189873, "Food_Prop": 25.0, "Shelter_Prop": 2.109705, "Health_Prop": 99.562842, "Education_Prop": 9.090909, "Work_Prop": 57.98319300000001, "Peace_Prop": 4.64135, "Participation_Prop": 92.741062, "SocialProtection_Prop": 98.591549, "Environment_Prop": 0.321226, "shelter_electricity": 24.05063291, "health_center_attendance": 99.56284153, "work_farms": 60.8, "work_unskilled": 19.2, "health_programs": 32.06751055, "sp_philhealth": 32.06751055, "water_toilet": 44.30379747, "shelter_makeshift_nhts": 2.953586498, "food_malnourished": 0.0, "health_child_death": "", "health_maternal_death": 0.0, "he_flood": 0.0, "he_volcano": 0.0, "he_landslide": 0.001584, "he_earthquake": 0.0}, "PH083733007": {"Water_Prop": 33.962264000000005, "Food_Prop": 3.333333, "Shelter_Prop": 0.0, "Health_Prop": 99.77064200000001, "Education_Prop": 9.615385, "Work_Prop": 61.564626000000004, "Peace_Prop": 0.9433959999999999, "Participation_Prop": 81.612091, "SocialProtection_Prop": 97.732997, "Environment_Prop": 1.2959889999999998, "shelter_electricity": 48.11320755, "health_center_attendance": 99.7706422, "work_farms": 79.6460177, "work_unskilled": 6.194690265, "health_programs": 32.0754717, "sp_philhealth": 32.0754717, "water_toilet": 49.05660377, "shelter_makeshift_nhts": 7.075471697999999, "food_malnourished": 0.0, "health_child_death": "", "health_maternal_death": 0.0, "he_flood": 0.0, "he_volcano": 0.0, "he_landslide": 0.009976, "he_earthquake": 0.0}, "PH083733008": {"Water_Prop": 14.705882, "Food_Prop": 95.652174, "Shelter_Prop": 0.0, "Health_Prop": 85.714286, "Education_Prop": 3.424658, "Work_Prop": 52.023121, "Peace_Prop": 0.0, "Participation_Prop": 78.448276, "SocialProtection_Prop": 98.965517, "Environment_Prop": 1.177826, "shelter_electricity": 34.55882353, "health_center_attendance": 85.71428571, "work_farms": 40.96385542, "work_unskilled": 28.91566265, "health_programs": 27.94117647, "sp_philhealth": 27.94117647, "water_toilet": 47.79411765, "shelter_makeshift_nhts": 21.32352941, "food_malnourished": 0.0, "health_child_death": "", "health_maternal_death": 0.0, "he_flood": 0.0, "he_volcano": 0.0, "he_landslide": 0.001584, "he_earthquake": 0.0}, "PH083733009": {"Water_Prop": 27.067669, "Food_Prop": 100.0, "Shelter_Prop": 0.0, "Health_Prop": 92.084942, "Education_Prop": 3.333333, "Work_Prop": 52.849741, "Peace_Prop": 0.0, "Participation_Prop": 86.477462, "SocialProtection_Prop": 97.66277099999999, "Environment_Prop": 0.043107, "shelter_electricity": 9.77443609, "health_center_attendance": 92.08494208, "work_farms": 37.91208791, "work_unskilled": 23.07692308, "health_programs": 33.08270677, "sp_philhealth": 33.08270677, "water_toilet": 24.06015038, "shelter_makeshift_nhts": 3.383458647, "food_malnourished": 8.199999799999999, "health_child_death": "", "health_maternal_death": 0.0, "he_flood": 0.0, "he_volcano": 0.0, "he_landslide": 0.001584, "he_earthquake": 0.0}, "PH083733010": {"Water_Prop": 26.778243, "Food_Prop": 78.26087, "Shelter_Prop": 0.41841000000000006, "Health_Prop": 91.253952, "Education_Prop": 4.115226, "Work_Prop": 50.242326, "Peace_Prop": 0.0, "Participation_Prop": 88.347965, "SocialProtection_Prop": 98.64325600000001, "Environment_Prop": 0.437123, "shelter_electricity": 16.73640167, "health_center_attendance": 91.25395153, "work_farms": 40.25974026, "work_unskilled": 23.37662338, "health_programs": 27.61506276, "sp_philhealth": 27.61506276, "water_toilet": 32.63598326, "shelter_makeshift_nhts": 0.8368200840000001, "food_malnourished": 0.0, "health_child_death": "", "health_maternal_death": 0.0, "he_flood": 0.0, "he_volcano": 0.0, "he_landslide": 0.008551000000000001, "he_earthquake": 0.0}, "PH083733011": {"Water_Prop": 4.310345, "Food_Prop": 40.0, "Shelter_Prop": 0.0, "Health_Prop": 99.324324, "Education_Prop": 14.0, "Work_Prop": 47.986577000000004, "Peace_Prop": 0.0, "Participation_Prop": 92.703349, "SocialProtection_Prop": 97.607656, "Environment_Prop": 0.158685, "shelter_electricity": 37.06896552, "health_center_attendance": 99.32432432, "work_farms": 42.58064516, "work_unskilled": 21.29032258, "health_programs": 3.448275862, "sp_philhealth": 3.448275862, "water_toilet": 58.62068966, "shelter_makeshift_nhts": 7.327586207, "food_malnourished": 0.0, "health_child_death": "", "health_maternal_death": 0.0, "he_flood": 0.0, "he_volcano": 0.0,