{"PH086416002": {"Water_Prop": 3.167421, "Food_Prop": 20.0, "Shelter_Prop": 0.45248900000000003, "Health_Prop": 88.276671, "Education_Prop": 4.5454550000000005, "Work_Prop": 40.680713, "Peace_Prop": 65.158371, "Participation_Prop": 81.939394, "SocialProtection_Prop": 99.272727, "Environment_Prop": 12.834019999999999, "shelter_electricity": 11.31221719, "health_center_attendance": 88.27667057, "work_farms": 40.71038251, "work_unskilled": 17.75956284, "health_programs": 23.98190045, "sp_philhealth": 23.98190045, "water_toilet": 9.049773756, "shelter_makeshift_nhts": 1.5837104069999999, "food_malnourished": "", "health_child_death": "", "health_maternal_death": "", "he_flood": 0.0, "he_volcano": 0.0, "he_landslide": 0.015888, "he_earthquake": 0.14285699999999998, "name": "Balagawan"}, "PH086416003": {"Water_Prop": 0.0, "Food_Prop": 10.526316, "Shelter_Prop": 3.8461540000000003, "Health_Prop": 87.962963, "Education_Prop": 4.1666669999999995, "Work_Prop": 37.878788, "Peace_Prop": 53.846154000000006, "Participation_Prop": 72.625698, "SocialProtection_Prop": 98.88268199999999, "Environment_Prop": 2.570465, "shelter_electricity": 23.07692308, "health_center_attendance": 87.96296296, "work_farms": 53.65853659, "work_unskilled": 19.51219512, "health_programs": 34.61538462, "sp_philhealth": 34.61538462, "water_toilet": 11.53846154, "shelter_makeshift_nhts": 0.0, "food_malnourished": "", "health_child_death": "", "health_maternal_death": "", "he_flood": 0.0, "he_volcano": 0.0, "he_landslide": 0.018844, "he_earthquake": 0.0, "name": "Catmon"}, "PH086416004": {"Water_Prop": 0.308642, "Food_Prop": 18.604651, "Shelter_Prop": 0.0, "Health_Prop": 82.289417, "Education_Prop": 6.185567, "Work_Prop": 43.863178999999995, "Peace_Prop": 22.222222, "Participation_Prop": 91.486184, "SocialProtection_Prop": 98.954444, "Environment_Prop": 10.373925, "shelter_electricity": 7.407407407000001, "health_center_attendance": 82.28941685, "work_farms": 28.853046600000003, "work_unskilled": 24.19354839, "health_programs": 27.4691358, "sp_philhealth": 27.4691358, "water_toilet": 6.481481481, "shelter_makeshift_nhts": 2.160493827, "food_malnourished": "", "health_child_death": "", "health_maternal_death": "", "he_flood": 0.0, "he_volcano": 0.0, "he_landslide": 0.016996999999999998, "he_earthquake": 0.0, "name": "Pob. District I"}, "PH086416005": {"Water_Prop": 0.0, "Food_Prop": 53.448276, "Shelter_Prop": 0.5797100000000001, "Health_Prop": 85.05263199999999, "Education_Prop": 7.446809, "Work_Prop": 44.685039, "Peace_Prop": 62.898551, "Participation_Prop": 91.96301600000001, "SocialProtection_Prop": 99.359886, "Environment_Prop": 13.548770000000001, "shelter_electricity": 7.536231883999999, "health_center_attendance": 85.05263158, "work_farms": 31.31672598, "work_unskilled": 17.43772242, "health_programs": 21.44927536, "sp_philhealth": 21.44927536, "water_toilet": 6.086956522, "shelter_makeshift_nhts": 0.869565217, "food_malnourished": "", "health_child_death": "", "health_maternal_death": "", "he_flood": 0.0, "he_volcano": 0.0, "he_landslide": 0.007443000000000001, "he_earthquake": 0.0, "name": "Pob. District II"}, "PH086416006": {"Water_Prop": 0.5797100000000001, "Food_Prop": 55.769231000000005, "Shelter_Prop": 3.4782610000000003, "Health_Prop": 90.996602, "Education_Prop": 3.679654, "Work_Prop": 44.47323, "Peace_Prop": 62.318841000000006, "Participation_Prop": 82.33912600000001, "SocialProtection_Prop": 98.82574, "Environment_Prop": 3.820336, "shelter_electricity": 10.72463768, "health_center_attendance": 90.99660249, "work_farms": 31.10419907, "work_unskilled": 31.88180404, "health_programs": 33.62318841, "sp_philhealth": 33.62318841, "water_toilet": 1.739130435, "shelter_makeshift_nhts": 0.7246376809999999, "food_malnourished": "", "health_child_death": "", "health_maternal_death": "", "he_flood": 0.0, "he_volcano": 0.0, "he_landslide": 0.007443000000000001, "he_earthquake": 0.07142899999999999, "name": "Hingatungan"}, "PH086416007": {"Water_Prop": 0.8264459999999999, "Food_Prop": 41.121495, "Shelter_Prop": 8.264463000000001, "Health_Prop": 86.409396, "Education_Prop": 0.689655, "Work_Prop": 43.920596, "Peace_Prop": 33.884298, "Participation_Prop": 80.305603, "SocialProtection_Prop": 98.981324, "Environment_Prop": 10.298341, "shelter_electricity": 6.611570248, "health_center_attendance": 86.40939597, "work_farms": 41.15044248, "work_unskilled": 30.53097345, "health_programs": 36.36363636, "sp_philhealth": 36.36363636, "water_toilet": 1.652892562, "shelter_makeshift_nhts": 0.0, "food_malnourished": "", "health_child_death": "", "health_maternal_death": "", "he_flood": 0.0, "he_volcano": 0.0, "he_landslide": 0.004328, "he_earthquake": 0.0, "name": "Katipunan"}, "PH086416008": {"Water_Prop": 0.0, "Food_Prop": 71.929825, "Shelter_Prop": 1.298701, "Health_Prop": 90.69767399999999, "Education_Prop": 4.255319, "Work_Prop": 41.188119, "Peace_Prop": 68.181818, "Participation_Prop": 82.75, "SocialProtection_Prop": 99.375, "Environment_Prop": 3.961161, "shelter_electricity": 14.93506494, "health_center_attendance": 90.69767442, "work_farms": 37.03703704, "work_unskilled": 29.96632997, "health_programs": 18.83116883, "sp_philhealth": 18.83116883, "water_toilet": 3.246753247, "shelter_makeshift_nhts": 2.597402597, "food_malnourished": "", "health_child_death": "", "health_maternal_death": "", "he_flood": 0.0, "he_volcano": 0.0, "he_landslide": 0.009026000000000001, "he_earthquake": 0.0, "name": "Laguma"}, "PH086416009": {"Water_Prop": 0.2079, "Food_Prop": 34.228188, "Shelter_Prop": 3.326403, "Health_Prop": 85.375693, "Education_Prop": 4.67033, "Work_Prop": 42.488103, "Peace_Prop": 52.806653000000004, "Participation_Prop": 89.51087, "SocialProtection_Prop": 99.076087, "Environment_Prop": 19.098539000000002, "shelter_electricity": 10.18711019, "health_center_attendance": 85.37569339, "work_farms": 38.88888889, "work_unskilled": 19.97635934, "health_programs": 34.92723493, "sp_philhealth": 34.92723493, "water_toilet": 2.9106029110000002, "shelter_makeshift_nhts": 0.311850312, "food_malnourished": "", "health_child_death": "", "health_maternal_death": "", "he_flood": 0.0, "he_volcano": 0.0, "he_landslide": 0.015888, "he_earthquake": 0.0, "name": "Mercedes"}, "PH086416010": {"Water_Prop": 0.0, "Food_Prop": 67.647059, "Shelter_Prop": 8.771930000000001, "Health_Prop": 86.220472, "Education_Prop": 1.351351, "Work_Prop": 43.506494, "Peace_Prop": 22.807018, "Participation_Prop": 87.640449, "SocialProtection_Prop": 99.719101, "Environment_Prop": 2.9045, "shelter_electricity": 14.03508772, "health_center_attendance": 86.22047244, "work_farms": 39.08045977, "work_unskilled": 24.13793103, "health_programs": 28.07017544, "sp_philhealth": 28.07017544, "water_toilet": 0.0, "shelter_makeshift_nhts": 0.0, "food_malnourished": "", "health_child_death": "", "health_maternal_death": "", "he_flood": 0.0, "he_volcano": 0.0, "he_landslide": 0.015888, "he_earthquake": 0.0, "name": "Puntana"}, "PH086416011": {"Water_Prop": 0.0, "Food_Prop": 89.61039, "Shelter_Prop": 0.653595, "Health_Prop": 88.491446, "Education_Prop": 3.703704, "Work_Prop": 42.105263, "Peace_Prop": 62.091503, "Participation_Prop": 87.383178, "SocialProtection_Prop": 98.286604, "Environment_Prop": 3.799408, "shelter_electricity": 8.496732026, "health_center_attendance": 88.49144635, "work_farms": 48.22134387, "work_unskilled": 25.29644269, "health_programs": 29.41176471, "sp_philhealth": 29.41176471, "water_toilet": 6.5359477120000005, "shelter_makeshift_nhts": 0.0, "food_malnourished": "", "health_child_death": "", "health_maternal_death": "", "he_flood": 0.0, "he_volcano": 0.0, "he_landslide": 0.009026000000000001, "he_earthquake": 0.0, "name": "Salvacion"}, "PH086416012": {"Water_Prop": 0.0, "Food_Prop": 33.898305, "Shelter_Prop": 0.0, "Health_Prop": 91.532258, "Education_Prop": 4.950495, "Work_Prop": 41.597796, "Peace_Prop": 57.264956999999995, "Participation_Prop": 83.415435, "SocialProtection_Prop": 98.686371, "Environment_Prop": 17.376713,