{"PH083721001": {"Water_Prop": 95.762712, "Food_Prop": 0.0, "Shelter_Prop": 0.0, "Health_Prop": 95.91141400000001, "Education_Prop": 7.042254, "Work_Prop": 48.186528, "Peace_Prop": 0.0, "Participation_Prop": "", "SocialProtection_Prop": 99.50495, "Environment_Prop": 0.058898, "shelter_electricity": 27.11864407, "health_center_attendance": 95.91141397, "work_farms": 63.0, "work_unskilled": 13.5, "health_programs": 36.44067797, "sp_philhealth": 36.44067797, "water_toilet": 2.542372881, "shelter_makeshift_nhts": 4.6610169489999995, "food_malnourished": 1.1, "health_child_death": "", "health_maternal_death": 0.0, "he_flood": 0.0, "he_volcano": 0.0, "he_landslide": 0.0, "he_earthquake": 0.0, "name": "Apid"}, "PH083721002": {"Water_Prop": 12.765957, "Food_Prop": 83.333333, "Shelter_Prop": 0.0, "Health_Prop": 97.926635, "Education_Prop": 8.860759, "Work_Prop": 40.801887, "Peace_Prop": 0.0, "Participation_Prop": 79.896907, "SocialProtection_Prop": 98.969072, "Environment_Prop": 2.598076, "shelter_electricity": 22.69503546, "health_center_attendance": 97.92663477, "work_farms": 54.58167331, "work_unskilled": 19.52191235, "health_programs": 51.77304965, "sp_philhealth": 51.77304965, "water_toilet": 3.5460992910000004, "shelter_makeshift_nhts": 1.773049645, "food_malnourished": 0.0, "health_child_death": "", "health_maternal_death": 0.0, "he_flood": 0.0, "he_volcano": 0.0, "he_landslide": 0.02048, "he_earthquake": 0.0, "name": "Cabulisan"}, "PH083721003": {"Water_Prop": 5.263158, "Food_Prop": 100.0, "Shelter_Prop": 0.0, "Health_Prop": 99.55357099999999, "Education_Prop": 10.0, "Work_Prop": 51.515152, "Peace_Prop": 0.0, "Participation_Prop": 79.824561, "SocialProtection_Prop": 99.122807, "Environment_Prop": 2.9224509999999997, "shelter_electricity": 35.087719299999996, "health_center_attendance": 99.55357143, "work_farms": 71.25, "work_unskilled": 8.75, "health_programs": 52.63157895, "sp_philhealth": 52.63157895, "water_toilet": 1.754385965, "shelter_makeshift_nhts": 0.0, "food_malnourished": 0.0, "health_child_death": "", "health_maternal_death": 0.0, "he_flood": 0.0, "he_volcano": 0.0, "he_landslide": 0.023066999999999997, "he_earthquake": 0.0, "name": "Caminto"}, "PH083721004": {"Water_Prop": 17.829457, "Food_Prop": 42.857143, "Shelter_Prop": 1.5503879999999999, "Health_Prop": 94.599303, "Education_Prop": 8.108108, "Work_Prop": 50.961538, "Peace_Prop": 3.8759690000000004, "Participation_Prop": 87.29198199999999, "SocialProtection_Prop": 99.09228399999999, "Environment_Prop": 0.02401, "shelter_electricity": 23.25581395, "health_center_attendance": 94.59930314, "work_farms": 45.09803922, "work_unskilled": 23.03921569, "health_programs": 37.20930233, "sp_philhealth": 37.20930233, "water_toilet": 10.85271318, "shelter_makeshift_nhts": 0.775193798, "food_malnourished": 0.0, "health_child_death": "", "health_maternal_death": 0.0, "he_flood": 0.0, "he_volcano": 0.0, "he_landslide": 0.000792, "he_earthquake": 0.0, "name": "Can-angay"}, "PH083721005": {"Water_Prop": 4.477612000000001, "Food_Prop": 73.611111, "Shelter_Prop": 1.492537, "Health_Prop": 97.222222, "Education_Prop": 11.267605999999999, "Work_Prop": 43.646409000000006, "Peace_Prop": 0.0, "Participation_Prop": "", "SocialProtection_Prop": 99.70760200000001, "Environment_Prop": 2.105608, "shelter_electricity": 19.40298507, "health_center_attendance": 97.22222222, "work_farms": 58.82352941, "work_unskilled": 8.823529412000001, "health_programs": 32.835820899999995, "sp_philhealth": 32.835820899999995, "water_toilet": 26.86567164, "shelter_makeshift_nhts": 1.4925373130000001, "food_malnourished": 0.0, "health_child_death": "", "health_maternal_death": 0.0, "he_flood": 0.0, "he_volcano": 0.0, "he_landslide": 0.007548, "he_earthquake": 0.0, "name": "Caulisihan"}, "PH083721006": {"Water_Prop": 5.027933, "Food_Prop": 31.446540999999996, "Shelter_Prop": 7.821229, "Health_Prop": 84.22065400000001, "Education_Prop": 4.416404, "Work_Prop": 56.355140000000006, "Peace_Prop": 2.513966, "Participation_Prop": 95.489079, "SocialProtection_Prop": 98.955366, "Environment_Prop": 8.767963, "shelter_electricity": 20.94972067, "health_center_attendance": 84.22065427, "work_farms": 33.61884368, "work_unskilled": 26.124197, "health_programs": 45.25139665, "sp_philhealth": 45.25139665, "water_toilet": 12.29050279, "shelter_makeshift_nhts": 1.675977654, "food_malnourished": 0.0, "health_child_death": "", "health_maternal_death": 0.0, "he_flood": 0.0, "he_volcano": 0.0, "he_landslide": 0.002639, "he_earthquake": 0.0, "name": "Conalum"}, "PH083721007": {"Water_Prop": 42.222221999999995, "Food_Prop": 33.333333, "Shelter_Prop": 0.0, "Health_Prop": 94.594595, "Education_Prop": 9.523810000000001, "Work_Prop": 48.387097, "Peace_Prop": 0.0, "Participation_Prop": 74.45652199999999, "SocialProtection_Prop": "", "Environment_Prop": 1.577707, "shelter_electricity": 40.0, "health_center_attendance": 94.59459459, "work_farms": 57.8125, "work_unskilled": 14.0625, "health_programs": 44.44444444, "sp_philhealth": 44.44444444, "water_toilet": 8.888888889, "shelter_makeshift_nhts": 2.222222222, "food_malnourished": 0.0, "health_child_death": "", "health_maternal_death": 0.0, "he_flood": 0.0, "he_volcano": 0.0, "he_landslide": 0.009976, "he_earthquake": 0.0, "name": "De los Santos (Mahilum)"}, "PH083721008": {"Water_Prop": 5.514705999999999, "Food_Prop": 66.666667, "Shelter_Prop": 0.735294, "Health_Prop": 94.991511, "Education_Prop": 5.944056, "Work_Prop": 56.870229, "Peace_Prop": 0.367647, "Participation_Prop": 92.98866899999999, "SocialProtection_Prop": 99.220963, "Environment_Prop": 8.150122, "shelter_electricity": 13.23529412, "health_center_attendance": 94.99151104, "work_farms": 30.97345133, "work_unskilled": 27.72861357, "health_programs": 53.30882353, "sp_philhealth": 53.30882353, "water_toilet": 1.470588235, "shelter_makeshift_nhts": 0.919117647, "food_malnourished": 1.7, "health_child_death": "", "health_maternal_death": 0.0, "he_flood": 0.0, "he_volcano": 0.0, "he_landslide": 0.002639, "he_earthquake": 0.0, "name": "Esperanza"}, "PH083721009": {"Water_Prop": 4.365079, "Food_Prop": 16.129032000000002, "Shelter_Prop": 0.0, "Health_Prop": 94.05560899999999, "Education_Prop": 4.661017, "Work_Prop": 49.729729999999996, "Peace_Prop": 0.396825, "Participation_Prop": 84.519231, "SocialProtection_Prop": 98.75, "Environment_Prop": 9.528986999999999, "shelter_electricity": 14.68253968, "health_center_attendance": 94.05560882, "work_farms": 27.68817204, "work_unskilled": 27.95698925, "health_programs": 41.66666667, "sp_philhealth": 41.66666667, "water_toilet": 3.571428571, "shelter_makeshift_nhts": 1.5873015869999998, "food_malnourished": "", "health_child_death": "", "health_maternal_death": "", "he_flood": 0.0, "he_volcano": 0.0, "he_landslide": 0.011085, "he_earthquake": 0.0, "name": "Guadalupe"}, "PH083721010": {"Water_Prop": 11.764706, "Food_Prop": 53.846154000000006, "Shelter_Prop": 0.0, "Health_Prop": 93.703704, "Education_Prop": 5.172414, "Work_Prop": 54.040404, "Peace_Prop": 0.0, "Participation_Prop": "", "SocialProtection_Prop": "", "Environment_Prop": 0.028175, "shelter_electricity": 16.17647059, "health_center_attendance": 93.7037037, "work_farms": 38.46153846, "work_unskilled": 25.27472527, "health_programs": 45.58823529, "sp_philhealth": 45.58823529, "water_toilet": 7.352941176, "shelter_makeshift_nhts": 1.470588235, "food_malnourished": 0.0, "health_child_death": "", "health_maternal_death": 0.0, "he_flood": 0.0, "he_volcano": 0.0, "he_landslide": 0.000792, "he_earthquake": 0.0, "name": "Guinsanga-an"}, "PH083721011": {"Water_Prop": 18.965517000000002, "Food_Prop": 43.055556, "Shelter_Prop": 1.7241380000000002, "Health_Prop": 97.297297, "Education_Prop": 10.204082000000001, "Work_Prop": 50.304878, "Peace_Prop": 0.8620690000000001, "Participation_Prop": 80.662983, "SocialProtection_Prop": 99.447514, "Environment_Prop": 0.42835500000000004, "shelter_electricity": 37.06896552, "health_center_attendance": 97.2972973,