{"PH082618001": {"Water_Prop": 4.411765, "Food_Prop": 52.173913, "Shelter_Prop": 0.735294, "Health_Prop": 9.239939999999999, "Education_Prop": 5.882353, "Work_Prop": 48.743719, "Peace_Prop": 0.0, "Participation_Prop": "", "SocialProtection_Prop": 98.793566, "Environment_Prop": 0.5867399999999999, "shelter_electricity": 17.64705882, "health_center_attendance": 9.239940387, "work_farms": 61.76470588, "work_unskilled": 14.21568627, "health_programs": 1.470588235, "sp_philhealth": 1.470588235, "water_toilet": 0.735294118, "shelter_makeshift_nhts": 0.0, "food_malnourished": 0.0, "health_child_death": 0.0, "health_maternal_death": 0.0, "he_flood": 0.0, "he_volcano": 0.0, "he_landslide": 0.001056, "he_earthquake": 0.0}, "PH082618002": {"Water_Prop": 4.739336, "Food_Prop": 66.666667, "Shelter_Prop": 0.473934, "Health_Prop": 2.915452, "Education_Prop": 8.582089999999999, "Work_Prop": 53.846154000000006, "Peace_Prop": 0.0, "Participation_Prop": "", "SocialProtection_Prop": 99.56140400000001, "Environment_Prop": 12.305742, "shelter_electricity": 8.530805687, "health_center_attendance": 2.915451895, "work_farms": 57.82312925, "work_unskilled": 12.92517007, "health_programs": 0.473933649, "sp_philhealth": 0.473933649, "water_toilet": 1.895734597, "shelter_makeshift_nhts": 0.236966825, "food_malnourished": 0.0, "health_child_death": 0.5, "health_maternal_death": 0.0, "he_flood": 0.0, "he_volcano": 0.0, "he_landslide": 0.001056, "he_earthquake": 0.0}, "PH082618003": {"Water_Prop": 0.0, "Food_Prop": 66.666667, "Shelter_Prop": 0.657895, "Health_Prop": 41.071428999999995, "Education_Prop": 10.322581, "Work_Prop": 52.727273, "Peace_Prop": 12.5, "Participation_Prop": "", "SocialProtection_Prop": 98.701299, "Environment_Prop": 6.845698, "shelter_electricity": 6.578947368, "health_center_attendance": 41.07142857, "work_farms": 27.35042735, "work_unskilled": 17.52136752, "health_programs": 5.263157895, "sp_philhealth": 5.263157895, "water_toilet": 3.947368421, "shelter_makeshift_nhts": 2.3026315790000003, "food_malnourished": 1.8, "health_child_death": 1.1, "health_maternal_death": 0.0, "he_flood": 0.0, "he_volcano": 0.0, "he_landslide": 0.001056, "he_earthquake": 0.0}, "PH082618004": {"Water_Prop": 0.0, "Food_Prop": "", "Shelter_Prop": 0.0, "Health_Prop": 10.880828999999999, "Education_Prop": 5.263158, "Work_Prop": 62.698413, "Peace_Prop": 0.0, "Participation_Prop": "", "SocialProtection_Prop": 98.663697, "Environment_Prop": 15.069324, "shelter_electricity": 0.0, "health_center_attendance": 10.88082902, "work_farms": 38.29787234, "work_unskilled": 31.91489362, "health_programs": 2.564102564, "sp_philhealth": 2.564102564, "water_toilet": 0.0, "shelter_makeshift_nhts": 0.0, "food_malnourished": 0.0, "health_child_death": 0.0, "health_maternal_death": 0.0, "he_flood": 0.0, "he_volcano": 0.0, "he_landslide": 0.0, "he_earthquake": 0.0}, "PH082618005": {"Water_Prop": 0.0, "Food_Prop": 100.0, "Shelter_Prop": 2.941176, "Health_Prop": 9.947644, "Education_Prop": 8.928571, "Work_Prop": 49.57265, "Peace_Prop": 0.0, "Participation_Prop": "", "SocialProtection_Prop": 98.626374, "Environment_Prop": 15.049643, "shelter_electricity": 20.58823529, "health_center_attendance": 9.947643979, "work_farms": 45.76271186, "work_unskilled": 28.81355932, "health_programs": 2.9411764710000003, "sp_philhealth": 2.9411764710000003, "water_toilet": 0.0, "shelter_makeshift_nhts": 4.4117647060000005, "food_malnourished": 0.0, "health_child_death": 3.7, "health_maternal_death": 0.0, "he_flood": 0.0, "he_volcano": 0.0, "he_landslide": 0.0, "he_earthquake": 0.0}, "PH082618006": {"Water_Prop": 0.0, "Food_Prop": "", "Shelter_Prop": 0.0, "Health_Prop": 6.122449, "Education_Prop": 3.8461540000000003, "Work_Prop": 50.877193, "Peace_Prop": 0.0, "Participation_Prop": "", "SocialProtection_Prop": 98.564593, "Environment_Prop": 6.625249, "shelter_electricity": 0.0, "health_center_attendance": 6.12244898, "work_farms": 25.0, "work_unskilled": 35.71428571, "health_programs": 7.142857143, "sp_philhealth": 7.142857143, "water_toilet": 0.0, "shelter_makeshift_nhts": 0.0, "food_malnourished": 0.0, "health_child_death": 0.0, "health_maternal_death": 0.0, "he_flood": 0.0, "he_volcano": 0.0, "he_landslide": 0.0, "he_earthquake": 0.0}, "PH082618007": {"Water_Prop": 0.0, "Food_Prop": 100.0, "Shelter_Prop": 0.0, "Health_Prop": 15.410959, "Education_Prop": 6.578947, "Work_Prop": 56.338028, "Peace_Prop": 0.0, "Participation_Prop": "", "SocialProtection_Prop": 99.317872, "Environment_Prop": 19.715934, "shelter_electricity": 12.5, "health_center_attendance": 15.4109589, "work_farms": 56.12903226, "work_unskilled": 22.58064516, "health_programs": 1.785714286, "sp_philhealth": 1.785714286, "water_toilet": 3.571428571, "shelter_makeshift_nhts": 2.6785714290000002, "food_malnourished": 0.0, "health_child_death": 4.8000002, "health_maternal_death": 25.0, "he_flood": 0.0, "he_volcano": 0.0, "he_landslide": 0.000528, "he_earthquake": 0.0}, "PH082618008": {"Water_Prop": 7.8125, "Food_Prop": "", "Shelter_Prop": 0.0, "Health_Prop": 0.7541479999999999, "Education_Prop": 5.16129, "Work_Prop": 52.83950600000001, "Peace_Prop": 0.0, "Participation_Prop": "", "SocialProtection_Prop": 98.699892, "Environment_Prop": 10.413283999999999, "shelter_electricity": 4.6875, "health_center_attendance": 0.754147813, "work_farms": 45.02617801, "work_unskilled": 17.80104712, "health_programs": 0.0, "sp_philhealth": 0.0, "water_toilet": 0.0, "shelter_makeshift_nhts": 0.0, "food_malnourished": 0.0, "health_child_death": 0.0, "health_maternal_death": 0.0, "he_flood": 0.0, "he_volcano": 0.0, "he_landslide": 0.000528, "he_earthquake": 0.0}, "PH082618009": {"Water_Prop": 91.891892, "Food_Prop": 100.0, "Shelter_Prop": 0.0, "Health_Prop": 4.790419, "Education_Prop": 0.0, "Work_Prop": 47.42268, "Peace_Prop": 0.0, "Participation_Prop": "", "SocialProtection_Prop": "", "Environment_Prop": 10.369752, "shelter_electricity": 18.91891892, "health_center_attendance": 4.790419162, "work_farms": 70.58823529, "work_unskilled": 3.921568627, "health_programs": 2.702702703, "sp_philhealth": 2.702702703, "water_toilet": 0.0, "shelter_makeshift_nhts": 0.0, "food_malnourished": 0.0, "health_child_death": 0.0, "health_maternal_death": 0.0, "he_flood": 0.0, "he_volcano": 0.0, "he_landslide": 0.001056, "he_earthquake": 0.0}, "PH082618010": {"Water_Prop": 100.0, "Food_Prop": 100.0, "Shelter_Prop": 0.0, "Health_Prop": 4.347826, "Education_Prop": 4.5454550000000005, "Work_Prop": 46.753246999999995, "Peace_Prop": 0.0, "Participation_Prop": "", "SocialProtection_Prop": "", "Environment_Prop": 2.012448, "shelter_electricity": 24.0, "health_center_attendance": 4.347826087, "work_farms": 70.73170732, "work_unskilled": 4.87804878, "health_programs": 0.0, "sp_philhealth": 0.0, "water_toilet": 0.0, "shelter_makeshift_nhts": 0.0, "food_malnourished": 0.0, "health_child_death": 0.0, "health_maternal_death": 0.0, "he_flood": 0.0, "he_volcano": 0.0, "he_landslide": 0.000528, "he_earthquake": 0.07142899999999999}, "PH082618011": {"Water_Prop": 12.068966, "Food_Prop": 83.333333, "Shelter_Prop": 0.0, "Health_Prop": 10.658307, "Education_Prop": 9.433962, "Work_Prop": 52.229299, "Peace_Prop": 0.0, "Participation_Prop": "", "SocialProtection_Prop": 99.681529, "Environment_Prop": 1.151508, "shelter_electricity": 18.96551724, "health_center_attendance": 10.65830721, "work_farms": 57.33333333, "work_unskilled": 25.33333333, "health_programs": 3.448275862, "sp_philhealth": 3.448275862, "water_toilet": 3.448275862, "shelter_makeshift_nhts": 0.0, "food_malnourished": 0.0, "health_child_death": 0.0, "health_maternal_death": 0.0, "he_flood": 0.0, "he_volcano": 0.0, "he_landslide": 0.001056, "he_earthquake": 0.0}, "PH082618012": {"Water_Prop": 91.17647099999999, "Food_Prop": 60.0, "Shelter_Prop": 0.0, "Health_Prop": 8.108108, "Education_Prop": 7.142857000000001, "Work_Prop": 43.68932, "Peace_Prop": 0.0, "Participation_Prop": "", "SocialProtection_Prop": "", "Environment_Prop": 2.304226,