{"PH084804001": {"Water_Prop": 21.686747, "Food_Prop": 58.854167000000004, "Shelter_Prop": 16.265060000000002, "Health_Prop": 98.482933, "Education_Prop": 4.950495, "Work_Prop": 62.350598, "Peace_Prop": 31.325301, "Participation_Prop": 93.243243, "SocialProtection_Prop": 99.7921, "Environment_Prop": 0.5747680000000001, "shelter_electricity": 54.81927711, "health_center_attendance": 98.482933, "work_farms": 60.84656085, "work_unskilled": 10.05291005, "health_programs": 36.74698795, "sp_philhealth": 36.74698795, "water_toilet": 12.04819277, "shelter_makeshift_nhts": 1.2048192770000001, "food_malnourished": 0.0, "health_child_death": "", "health_maternal_death": 0.0, "he_flood": 0.0, "he_volcano": 0.0, "he_landslide": 0.0, "he_earthquake": 0.0}, "PH084804003": {"Water_Prop": 0.0, "Food_Prop": 50.0, "Shelter_Prop": 5.263158, "Health_Prop": 99.07749100000001, "Education_Prop": 2.649007, "Work_Prop": 61.261261, "Peace_Prop": 45.263158000000004, "Participation_Prop": 94.247039, "SocialProtection_Prop": 99.830795, "Environment_Prop": 0.283613, "shelter_electricity": 27.36842105, "health_center_attendance": 99.07749077, "work_farms": 49.6124031, "work_unskilled": 20.15503876, "health_programs": 26.31578947, "sp_philhealth": 26.31578947, "water_toilet": 14.73684211, "shelter_makeshift_nhts": 1.5789473680000001, "food_malnourished": 0.0, "health_child_death": "", "health_maternal_death": 0.0, "he_flood": 0.0, "he_volcano": 0.0, "he_landslide": 0.0, "he_earthquake": 0.0}, "PH084804004": {"Water_Prop": 6.271776999999999, "Food_Prop": 90.63829799999999, "Shelter_Prop": 8.362369000000001, "Health_Prop": 99.488304, "Education_Prop": 3.179191, "Work_Prop": 65.217391, "Peace_Prop": 13.937282000000002, "Participation_Prop": 97.759674, "SocialProtection_Prop": 99.389002, "Environment_Prop": 0.299196, "shelter_electricity": 37.28222997, "health_center_attendance": 99.48830409, "work_farms": 62.17948718, "work_unskilled": 10.25641026, "health_programs": 37.28222997, "sp_philhealth": 37.28222997, "water_toilet": 11.14982578, "shelter_makeshift_nhts": 0.6968641109999999, "food_malnourished": 0.51020002, "health_child_death": "", "health_maternal_death": 0.0, "he_flood": 0.0, "he_volcano": 0.0, "he_landslide": 0.0, "he_earthquake": 0.0}, "PH084804005": {"Water_Prop": 1.234568, "Food_Prop": 94.11764699999999, "Shelter_Prop": 8.641975, "Health_Prop": 98.492462, "Education_Prop": 3.8647339999999994, "Work_Prop": 60.80808100000001, "Peace_Prop": 36.419753, "Participation_Prop": 94.893112, "SocialProtection_Prop": 99.64370500000001, "Environment_Prop": 0.297106, "shelter_electricity": 27.77777778, "health_center_attendance": 98.49246231, "work_farms": 54.12371134, "work_unskilled": 14.43298969, "health_programs": 35.80246914, "sp_philhealth": 35.80246914, "water_toilet": 11.11111111, "shelter_makeshift_nhts": 1.8518518519999998, "food_malnourished": 0.0, "health_child_death": "", "health_maternal_death": 0.0, "he_flood": 0.0, "he_volcano": 0.0, "he_landslide": 0.0, "he_earthquake": 0.0}, "PH084804006": {"Water_Prop": 2.941176, "Food_Prop": 86.206897, "Shelter_Prop": 4.411765, "Health_Prop": 94.171779, "Education_Prop": 5.0, "Work_Prop": 64.692982, "Peace_Prop": 8.823528999999999, "Participation_Prop": 95.31478800000001, "SocialProtection_Prop": 98.82869699999999, "Environment_Prop": 0.29501900000000003, "shelter_electricity": 25.0, "health_center_attendance": 94.17177914, "work_farms": 39.13043478, "work_unskilled": 14.28571429, "health_programs": 38.97058824, "sp_philhealth": 38.97058824, "water_toilet": 11.76470588, "shelter_makeshift_nhts": 0.0, "food_malnourished": 0.0, "health_child_death": "", "health_maternal_death": 0.0, "he_flood": 0.0, "he_volcano": 0.0, "he_landslide": 0.0, "he_earthquake": 0.0}, "PH084804007": {"Water_Prop": 2.654867, "Food_Prop": 82.352941, "Shelter_Prop": 2.654867, "Health_Prop": 97.837838, "Education_Prop": 0.746269, "Work_Prop": 61.43617, "Peace_Prop": 4.424779, "Participation_Prop": 96.289753, "SocialProtection_Prop": 99.64664300000001, "Environment_Prop": 0.066552, "shelter_electricity": 6.194690265, "health_center_attendance": 97.83783784, "work_farms": 35.86206897, "work_unskilled": 8.275862069, "health_programs": 24.77876106, "sp_philhealth": 24.77876106, "water_toilet": 24.77876106, "shelter_makeshift_nhts": 0.442477876, "food_malnourished": 0.0, "health_child_death": "", "health_maternal_death": 11.111111, "he_flood": 0.0, "he_volcano": 0.0, "he_landslide": 0.0, "he_earthquake": 0.0}, "PH084804008": {"Water_Prop": 2.173913, "Food_Prop": 68.421053, "Shelter_Prop": 5.434783, "Health_Prop": 95.62212, "Education_Prop": 6.122449, "Work_Prop": 72.63513499999999, "Peace_Prop": 31.521739, "Participation_Prop": 96.296296, "SocialProtection_Prop": 99.294533, "Environment_Prop": 0.077674, "shelter_electricity": 5.434782609, "health_center_attendance": 95.62211982, "work_farms": 30.86419753, "work_unskilled": 12.34567901, "health_programs": 44.56521739, "sp_philhealth": 44.56521739, "water_toilet": 7.608695652000001, "shelter_makeshift_nhts": 0.543478261, "food_malnourished": 6.5573802, "health_child_death": "", "health_maternal_death": 0.0, "he_flood": 0.0, "he_volcano": 0.0, "he_landslide": 0.0, "he_earthquake": 0.0}, "PH084804009": {"Water_Prop": 0.0, "Food_Prop": 100.0, "Shelter_Prop": 4.0, "Health_Prop": 79.180328, "Education_Prop": 3.947368, "Work_Prop": 68.457944, "Peace_Prop": 52.8, "Participation_Prop": 89.655172, "SocialProtection_Prop": 98.467433, "Environment_Prop": 0.399187, "shelter_electricity": 2.4, "health_center_attendance": 79.18032787, "work_farms": 26.66666667, "work_unskilled": 20.0, "health_programs": 44.0, "sp_philhealth": 44.0, "water_toilet": 8.8, "shelter_makeshift_nhts": 0.0, "food_malnourished": 1.92308, "health_child_death": "", "health_maternal_death": 0.0, "he_flood": 0.0, "he_volcano": 0.0, "he_landslide": 0.0, "he_earthquake": 0.0}, "PH084804010": {"Water_Prop": 10.588235000000001, "Food_Prop": 89.915966, "Shelter_Prop": 8.039216, "Health_Prop": 96.152238, "Education_Prop": 7.5125210000000004, "Work_Prop": 64.885993, "Peace_Prop": 36.27451, "Participation_Prop": 98.75229399999999, "SocialProtection_Prop": 99.449541, "Environment_Prop": 0.301475, "shelter_electricity": 41.17647059, "health_center_attendance": 96.15223756, "work_farms": 54.35992579, "work_unskilled": 14.84230056, "health_programs": 42.35294118, "sp_philhealth": 42.35294118, "water_toilet": 12.54901961, "shelter_makeshift_nhts": 0.68627451, "food_malnourished": 1.28205, "health_child_death": "", "health_maternal_death": 0.0, "he_flood": 0.0, "he_volcano": 0.0, "he_landslide": 0.0, "he_earthquake": 0.0}, "PH084804011": {"Water_Prop": 8.474575999999999, "Food_Prop": 100.0, "Shelter_Prop": 15.254237, "Health_Prop": 99.628253, "Education_Prop": 4.5454550000000005, "Work_Prop": 59.88700600000001, "Peace_Prop": 42.372881, "Participation_Prop": 87.636364, "SocialProtection_Prop": 99.636364, "Environment_Prop": 0.283702, "shelter_electricity": 57.62711864, "health_center_attendance": 99.62825279, "work_farms": 67.60563379999999, "work_unskilled": 4.2253521130000005, "health_programs": 37.28813559, "sp_philhealth": 37.28813559, "water_toilet": 6.7796610170000005, "shelter_makeshift_nhts": 4.237288136, "food_malnourished": 0.0, "health_child_death": "", "health_maternal_death": 0.0, "he_flood": 0.0, "he_volcano": 0.0, "he_landslide": 0.0, "he_earthquake": 0.0}, "PH084804012": {"Water_Prop": 21.890547, "Food_Prop": 52.678571, "Shelter_Prop": 7.21393, "Health_Prop": 99.207921, "Education_Prop": 3.225806, "Work_Prop": 63.06954399999999, "Peace_Prop": 32.338308000000005, "Participation_Prop": 98.38235300000001, "SocialProtection_Prop": 99.558824, "Environment_Prop": 0.572284, "shelter_electricity": 48.75621891, "health_center_attendance": 99.20792079, "work_farms": 58.22510823, "work_unskilled": 12.77056277, "health_programs": 37.06467662, "sp_philhealth": 37.06467662, "water_toilet": 10.19900498, "shelter_makeshift_nhts": 1.243781095, "food_malnourished": 1.04167,