{"PH083722001": {"Water_Prop": 47.368421000000005, "Food_Prop": "", "Shelter_Prop": 0.877193, "Health_Prop": 7.465619, "Education_Prop": 10.687023, "Work_Prop": 44.625407, "Peace_Prop": 0.0, "Participation_Prop": 95.121951, "SocialProtection_Prop": 97.425474, "Environment_Prop": 2.311514, "shelter_electricity": 27.19298246, "health_center_attendance": 7.465618861, "work_farms": 21.76470588, "work_unskilled": 40.0, "health_programs": 22.80701754, "sp_philhealth": 22.80701754, "water_toilet": 14.9122807, "shelter_makeshift_nhts": 10.087719300000002, "food_malnourished": "", "health_child_death": "", "health_maternal_death": "", "he_flood": 0.0, "he_volcano": 0.0, "he_landslide": 0.000792, "he_earthquake": 0.0}, "PH083722002": {"Water_Prop": 27.777778, "Food_Prop": 16.666667, "Shelter_Prop": 0.0, "Health_Prop": 98.050682, "Education_Prop": 4.0, "Work_Prop": 61.643836, "Peace_Prop": 2.380952, "Participation_Prop": 92.962357, "SocialProtection_Prop": 98.199673, "Environment_Prop": 0.288046, "shelter_electricity": 30.15873016, "health_center_attendance": 98.05068226, "work_farms": 29.28571429, "work_unskilled": 21.42857143, "health_programs": 40.47619048, "sp_philhealth": 40.47619048, "water_toilet": 13.49206349, "shelter_makeshift_nhts": 8.333333332999999, "food_malnourished": "", "health_child_death": "", "health_maternal_death": "", "he_flood": 0.0, "he_volcano": 0.0, "he_landslide": 0.0, "he_earthquake": 0.0}, "PH083722003": {"Water_Prop": 0.657895, "Food_Prop": 66.666667, "Shelter_Prop": 2.302632, "Health_Prop": 91.154791, "Education_Prop": 11.026616, "Work_Prop": 53.89294399999999, "Peace_Prop": 0.328947, "Participation_Prop": 97.766885, "SocialProtection_Prop": 97.27668800000001, "Environment_Prop": 8.39034, "shelter_electricity": 27.63157895, "health_center_attendance": 91.15479115, "work_farms": 20.84432718, "work_unskilled": 30.34300792, "health_programs": 55.26315789, "sp_philhealth": 55.26315789, "water_toilet": 4.934210526, "shelter_makeshift_nhts": 11.51315789, "food_malnourished": "", "health_child_death": "", "health_maternal_death": "", "he_flood": 0.0, "he_volcano": 0.0, "he_landslide": 0.000264, "he_earthquake": 0.0}, "PH083722004": {"Water_Prop": 18.091451, "Food_Prop": 0.0, "Shelter_Prop": 2.1868790000000002, "Health_Prop": 55.951265, "Education_Prop": 6.1702129999999995, "Work_Prop": 57.50350600000001, "Peace_Prop": 0.596421, "Participation_Prop": 98.50363399999999, "SocialProtection_Prop": 97.392048, "Environment_Prop": 0.9520719999999999, "shelter_electricity": 36.5805169, "health_center_attendance": 55.95126523, "work_farms": 27.72277228, "work_unskilled": 31.51815182, "health_programs": 2.7833001989999997, "sp_philhealth": 2.7833001989999997, "water_toilet": 2.584493042, "shelter_makeshift_nhts": 6.06361829, "food_malnourished": "", "health_child_death": "", "health_maternal_death": "", "he_flood": 0.0, "he_volcano": 0.0, "he_landslide": 0.0, "he_earthquake": 0.0}, "PH083722005": {"Water_Prop": 0.0, "Food_Prop": 21.428570999999998, "Shelter_Prop": 0.0, "Health_Prop": 0.0, "Education_Prop": 0.0, "Work_Prop": 0.0, "Peace_Prop": 0.0, "Participation_Prop": 94.879518, "SocialProtection_Prop": 98.94578299999999, "Environment_Prop": 0.496233, "shelter_electricity": 100.0, "health_center_attendance": 0.0, "work_farms": 0.0, "work_unskilled": 50.0, "health_programs": 0.0, "sp_philhealth": 0.0, "water_toilet": 0.0, "shelter_makeshift_nhts": 0.0, "food_malnourished": "", "health_child_death": "", "health_maternal_death": "", "he_flood": 0.0, "he_volcano": 0.0, "he_landslide": 0.000792, "he_earthquake": 0.0}, "PH083722006": {"Water_Prop": 0.0, "Food_Prop": "", "Shelter_Prop": 0.0, "Health_Prop": 3.225806, "Education_Prop": 16.666667, "Work_Prop": 42.857143, "Peace_Prop": 0.0, "Participation_Prop": 98.56303100000001, "SocialProtection_Prop": 96.309602, "Environment_Prop": 8.649791, "shelter_electricity": 0.0, "health_center_attendance": 3.225806452, "work_farms": 12.5, "work_unskilled": 37.5, "health_programs": 0.0, "sp_philhealth": 0.0, "water_toilet": 0.0, "shelter_makeshift_nhts": 0.0, "food_malnourished": "", "health_child_death": "", "health_maternal_death": "", "he_flood": 0.0, "he_volcano": 0.0, "he_landslide": 0.000264, "he_earthquake": 0.0}, "PH083722007": {"Water_Prop": 66.666667, "Food_Prop": "", "Shelter_Prop": 0.0, "Health_Prop": 5.263158, "Education_Prop": 0.0, "Work_Prop": 30.769231, "Peace_Prop": 0.0, "Participation_Prop": 92.195122, "SocialProtection_Prop": 99.02439, "Environment_Prop": 0.48848400000000003, "shelter_electricity": 33.33333333, "health_center_attendance": 5.263157895, "work_farms": 33.33333333, "work_unskilled": 44.44444444, "health_programs": 0.0, "sp_philhealth": 0.0, "water_toilet": 0.0, "shelter_makeshift_nhts": 16.66666667, "food_malnourished": "", "health_child_death": "", "health_maternal_death": "", "he_flood": 0.0, "he_volcano": 0.0, "he_landslide": 0.000264, "he_earthquake": 0.0}, "PH083722008": {"Water_Prop": 37.007874, "Food_Prop": 100.0, "Shelter_Prop": 3.1496060000000003, "Health_Prop": 8.880309, "Education_Prop": 8.527132, "Work_Prop": 50.152905, "Peace_Prop": 0.0, "Participation_Prop": 94.510386, "SocialProtection_Prop": 98.961424, "Environment_Prop": 1.345134, "shelter_electricity": 43.30708661, "health_center_attendance": 8.88030888, "work_farms": 45.39877301, "work_unskilled": 19.01840491, "health_programs": 3.1496062989999998, "sp_philhealth": 3.1496062989999998, "water_toilet": 1.57480315, "shelter_makeshift_nhts": 1.181102362, "food_malnourished": "", "health_child_death": "", "health_maternal_death": "", "he_flood": 0.0, "he_volcano": 0.0, "he_landslide": 0.000792, "he_earthquake": 0.0}, "PH083722009": {"Water_Prop": 92.771084, "Food_Prop": 14.285714000000002, "Shelter_Prop": 1.204819, "Health_Prop": 8.333333, "Education_Prop": 4.918033, "Work_Prop": 39.19598, "Peace_Prop": 0.0, "Participation_Prop": 91.34275600000001, "SocialProtection_Prop": 96.466431, "Environment_Prop": 0.496155, "shelter_electricity": 20.48192771, "health_center_attendance": 8.333333332999999, "work_farms": 19.83471074, "work_unskilled": 32.23140496, "health_programs": 3.614457831, "sp_philhealth": 3.614457831, "water_toilet": 0.0, "shelter_makeshift_nhts": 3.012048193, "food_malnourished": "", "health_child_death": "", "health_maternal_death": "", "he_flood": 0.0, "he_volcano": 0.0, "he_landslide": 0.000792, "he_earthquake": 0.0}, "PH083722011": {"Water_Prop": 100.0, "Food_Prop": 25.0, "Shelter_Prop": 0.0, "Health_Prop": 28.571429, "Education_Prop": 0.0, "Work_Prop": 33.333333, "Peace_Prop": 0.0, "Participation_Prop": 97.97449399999999, "SocialProtection_Prop": 95.79895, "Environment_Prop": 18.494842000000002, "shelter_electricity": 33.33333333, "health_center_attendance": 28.57142857, "work_farms": 0.0, "work_unskilled": 75.0, "health_programs": 0.0, "sp_philhealth": 0.0, "water_toilet": 0.0, "shelter_makeshift_nhts": 0.0, "food_malnourished": "", "health_child_death": "", "health_maternal_death": "", "he_flood": 0.0, "he_volcano": 0.0, "he_landslide": 0.000792, "he_earthquake": 0.0}, "PH083722012": {"Water_Prop": 20.0, "Food_Prop": 31.818182, "Shelter_Prop": 20.0, "Health_Prop": 0.0, "Education_Prop": 0.0, "Work_Prop": 50.0, "Peace_Prop": 0.0, "Participation_Prop": 97.664169, "SocialProtection_Prop": 96.606435, "Environment_Prop": 16.255704, "shelter_electricity": 0.0, "health_center_attendance": 0.0, "work_farms": 14.28571429, "work_unskilled": 14.28571429, "health_programs": 0.0, "sp_philhealth": 0.0, "water_toilet": 0.0, "shelter_makeshift_nhts": 10.0, "food_malnourished": "", "health_child_death": "", "health_maternal_death": "", "he_flood": 0.0, "he_volcano": 0.0, "he_landslide": 0.000792, "he_earthquake": 0.0}, "PH083722013": {"Water_Prop": 42.857143, "Food_Prop": 0.0, "Shelter_Prop": 14.285714000000002, "Health_Prop": 0.0, "Education_Prop": 21.73913, "Work_Prop": 50.909091, "Peace_Prop": 0.0, "Participation_Prop": 98.558515, "SocialProtection_Prop": 97.336917, "Environment_Prop": 14.497330999999999,