{"PH084817001": {"water_access": 16.5, "food_tenure": 100.0, "shelter_informal_settlers_nhts": 8.5, "health_center_attendance": 70.52631600000001, "educ_outofschool_all": 6.17284, "work_unemployment": 55.932203, "po_conflict": 1.0, "participation_assembly_attendance": 97.889447, "sp_sss": 99.49748699999999, "he_risk": 0.004454, "shelter_electricity": 10.5, "health_center_attendance.1": 70.52631579, "work_farms": 30.0, "work_unskilled": 28.46153846, "health_programs": 19.5, "sp_philhealth": 19.5, "water_toilet": 35.5, "shelter_makeshift_nhts": 1.0, "food_malnourished": 3.2258101000000003, "health_child_death": "", "health_maternal_death": 0.0, "he_flood": 0.0, "he_volcano": 0.0, "he_landslide": 0.0, "he_earthquake": 0.0, "name": "Burabod"}, "PH084817002": {"water_access": 50.887574, "food_tenure": 63.636364, "shelter_informal_settlers_nhts": 2.95858, "health_center_attendance": 70.801187, "educ_outofschool_all": 5.387931, "work_unemployment": 54.519774, "po_conflict": 0.591716, "participation_assembly_attendance": 97.75880500000001, "sp_sss": 99.306297, "he_risk": 1.146407, "shelter_electricity": 41.12426036, "health_center_attendance.1": 70.80118694, "work_farms": 35.19668737, "work_unskilled": 24.63768116, "health_programs": 14.20118343, "sp_philhealth": 14.20118343, "water_toilet": 30.76923077, "shelter_makeshift_nhts": 0.73964497, "food_malnourished": 0.93458003, "health_child_death": "", "health_maternal_death": 0.0, "he_flood": 0.0, "he_volcano": 0.0, "he_landslide": 0.0, "he_earthquake": 0.0, "name": "Dalupirit"}, "PH084817003": {"water_access": 7.692308000000001, "food_tenure": 100.0, "shelter_informal_settlers_nhts": 10.897436, "health_center_attendance": 69.70588199999999, "educ_outofschool_all": 2.857143, "work_unemployment": 59.01639300000001, "po_conflict": 1.9230770000000001, "participation_assembly_attendance": 96.840659, "sp_sss": 99.725275, "he_risk": 0.017278, "shelter_electricity": 21.15384615, "health_center_attendance.1": 69.70588235, "work_farms": 34.5, "work_unskilled": 17.0, "health_programs": 24.35897436, "sp_philhealth": 24.35897436, "water_toilet": 32.05128205, "shelter_makeshift_nhts": 1.9230769230000002, "food_malnourished": 21.052629, "health_child_death": "", "health_maternal_death": 0.0, "he_flood": 0.0, "he_volcano": 0.0, "he_landslide": 0.0, "he_earthquake": 0.0, "name": "Manraya"}, "PH084817005": {"water_access": 12.244898, "food_tenure": 21.212121, "shelter_informal_settlers_nhts": 9.523810000000001, "health_center_attendance": 69.150522, "educ_outofschool_all": 5.555556, "work_unemployment": 55.882353, "po_conflict": 0.0, "participation_assembly_attendance": 93.994413, "sp_sss": 98.603352, "he_risk": 0.297506, "shelter_electricity": 21.76870748, "health_center_attendance.1": 69.15052161, "work_farms": 41.53846154, "work_unskilled": 18.46153846, "health_programs": 30.612244899999997, "sp_philhealth": 30.612244899999997, "water_toilet": 38.095238099999996, "shelter_makeshift_nhts": 3.741496599, "food_malnourished": 7.2916698, "health_child_death": "", "health_maternal_death": 0.0, "he_flood": 0.0, "he_volcano": 0.0, "he_landslide": 0.0, "he_earthquake": 0.0, "name": "Pilar"}, "PH084817006": {"water_access": 11.917098, "food_tenure": 23.529412, "shelter_informal_settlers_nhts": 5.181347, "health_center_attendance": 69.69697, "educ_outofschool_all": 8.938547, "work_unemployment": 66.72185400000001, "po_conflict": 4.663212000000001, "participation_assembly_attendance": 97.463768, "sp_sss": 99.033816, "he_risk": 0.294123, "shelter_electricity": 21.24352332, "health_center_attendance.1": 69.69696970000001, "work_farms": 23.88059701, "work_unskilled": 25.87064677, "health_programs": 25.38860104, "sp_philhealth": 25.38860104, "water_toilet": 39.89637306, "shelter_makeshift_nhts": 1.554404145, "food_malnourished": 37.5, "health_child_death": "", "health_maternal_death": 0.0, "he_flood": 0.0, "he_volcano": 0.0, "he_landslide": 0.0, "he_earthquake": 0.0, "name": "Ward I (Pob.)"}, "PH084817007": {"water_access": 29.545455, "food_tenure": 0.0, "shelter_informal_settlers_nhts": 10.227273, "health_center_attendance": 51.404494, "educ_outofschool_all": 2.597403, "work_unemployment": 52.325581, "po_conflict": 1.136364, "participation_assembly_attendance": 89.52381, "sp_sss": "", "he_risk": 0.288745, "shelter_electricity": 34.09090909, "health_center_attendance.1": 51.40449438, "work_farms": 36.58536585, "work_unskilled": 14.63414634, "health_programs": 18.18181818, "sp_philhealth": 18.18181818, "water_toilet": 39.77272727, "shelter_makeshift_nhts": 1.136363636, "food_malnourished": 2.2222199000000002, "health_child_death": "", "health_maternal_death": 0.0, "he_flood": 0.0, "he_volcano": 0.0, "he_landslide": 0.0, "he_earthquake": 0.0, "name": "Rizal"}, "PH084817008": {"water_access": 66.346154, "food_tenure": 27.272727000000003, "shelter_informal_settlers_nhts": 7.692308000000001, "health_center_attendance": 63.061223999999996, "educ_outofschool_all": 2.362205, "work_unemployment": 54.82866, "po_conflict": 0.9615379999999999, "participation_assembly_attendance": 95.833333, "sp_sss": 98.809524, "he_risk": 0.853677, "shelter_electricity": 25.96153846, "health_center_attendance.1": 63.06122449, "work_farms": 40.68965517, "work_unskilled": 22.75862069, "health_programs": 20.19230769, "sp_philhealth": 20.19230769, "water_toilet": 24.03846154, "shelter_makeshift_nhts": 0.480769231, "food_malnourished": 15.87302, "health_child_death": "", "health_maternal_death": 0.0, "he_flood": 0.0, "he_volcano": 0.0, "he_landslide": 0.0, "he_earthquake": 0.0, "name": "San Nicolas"}, "PH084817009": {"water_access": 13.138685999999998, "food_tenure": 82.75862099999999, "shelter_informal_settlers_nhts": 3.649635, "health_center_attendance": 63.125948, "educ_outofschool_all": 6.285714, "work_unemployment": 54.477612, "po_conflict": 0.0, "participation_assembly_attendance": 97.34265699999999, "sp_sss": 99.58041999999999, "he_risk": 3.0823810000000003, "shelter_electricity": 32.84671533, "health_center_attendance.1": 63.12594841, "work_farms": 31.69398907, "work_unskilled": 28.41530055, "health_programs": 16.78832117, "sp_philhealth": 16.78832117, "water_toilet": 28.46715328, "shelter_makeshift_nhts": 1.459854015, "food_malnourished": 8.7378597, "health_child_death": "", "health_maternal_death": 8.333333, "he_flood": 0.0, "he_volcano": 0.0, "he_landslide": 0.0, "he_earthquake": 0.0, "name": "Vinisitahan"}, "PH084817010": {"water_access": 5.952381, "food_tenure": 90.625, "shelter_informal_settlers_nhts": 5.357143, "health_center_attendance": 78.953771, "educ_outofschool_all": 6.557377000000001, "work_unemployment": 60.733945, "po_conflict": 0.0, "participation_assembly_attendance": 95.679797, "sp_sss": 99.364676, "he_risk": 1.1415520000000001, "shelter_electricity": 13.69047619, "health_center_attendance.1": 78.95377129, "work_farms": 14.01869159, "work_unskilled": 21.96261682, "health_programs": 30.95238095, "sp_philhealth": 30.95238095, "water_toilet": 35.11904762, "shelter_makeshift_nhts": 4.7619047619999995, "food_malnourished": 12.22222, "health_child_death": "", "health_maternal_death": 0.0, "he_flood": 0.0, "he_volcano": 0.0, "he_landslide": 0.0, "he_earthquake": 0.0, "name": "Ward II (Pob.)"}, "PH084817011": {"water_access": 4.626335, "food_tenure": 0.0, "shelter_informal_settlers_nhts": 9.964413, "health_center_attendance": 69.732078, "educ_outofschool_all": 5.521472, "work_unemployment": 60.133630000000004, "po_conflict": 0.35587199999999997, "participation_assembly_attendance": 98.245614, "sp_sss": 98.99749399999999, "he_risk": 1.182135, "shelter_electricity": 12.8113879, "health_center_attendance.1": 69.7320782, "work_farms": 18.99441341, "work_unskilled": 25.97765363, "health_programs": 19.21708185, "sp_philhealth": 19.21708185, "water_toilet": 42.70462633, "shelter_makeshift_nhts": 4.982206406, "food_malnourished": 1.08696, "health_child_death": "", "health_maternal_death": 0.0, "he_flood": 0.0, "he_volcano": 0.0, "he_landslide": 0.0,