{"PH082614001": {"Water_Prop": 0.0, "Food_Prop": "", "Shelter_Prop": 0.0, "Health_Prop": 100.0, "Education_Prop": 4.210526, "Work_Prop": 62.5, "Peace_Prop": 92.1875, "Participation_Prop": "", "SocialProtection_Prop": "", "Environment_Prop": 1.153995, "shelter_electricity": 0.0, "health_center_attendance": 100.0, "work_farms": 65.21739129999999, "work_unskilled": 11.5942029, "health_programs": 1.5625, "sp_philhealth": 1.5625, "water_toilet": 1.5625, "shelter_makeshift_nhts": 0.0, "food_malnourished": 13.6, "health_child_death": 2.5999999, "health_maternal_death": 0.0, "he_flood": 0.0, "he_volcano": 0.0, "he_landslide": 0.001056, "he_earthquake": 0.0}, "PH082614003": {"Water_Prop": 4.629630000000001, "Food_Prop": 80.85106400000001, "Shelter_Prop": 0.0, "Health_Prop": 2.291667, "Education_Prop": 5.809129, "Work_Prop": 60.690789, "Peace_Prop": 94.44444399999999, "Participation_Prop": "", "SocialProtection_Prop": 99.65947800000001, "Environment_Prop": 7.20546, "shelter_electricity": 3.240740741, "health_center_attendance": 2.291666667, "work_farms": 73.64016736, "work_unskilled": 16.73640167, "health_programs": 2.314814815, "sp_philhealth": 2.314814815, "water_toilet": 0.9259259259999999, "shelter_makeshift_nhts": 0.694444444, "food_malnourished": 23.1, "health_child_death": 1.0, "health_maternal_death": 0.0, "he_flood": 0.0, "he_volcano": 0.0, "he_landslide": 0.003906, "he_earthquake": 0.214286}, "PH082614005": {"Water_Prop": 94.44444399999999, "Food_Prop": "", "Shelter_Prop": 0.0, "Health_Prop": 95.073892, "Education_Prop": 12.5, "Work_Prop": 53.448276, "Peace_Prop": 80.55555600000001, "Participation_Prop": "", "SocialProtection_Prop": "", "Environment_Prop": 3.153168, "shelter_electricity": 2.777777778, "health_center_attendance": 95.07389163, "work_farms": 74.07407407, "work_unskilled": 11.11111111, "health_programs": 2.777777778, "sp_philhealth": 2.777777778, "water_toilet": 25.0, "shelter_makeshift_nhts": 1.388888889, "food_malnourished": 30.0, "health_child_death": 0.0, "health_maternal_death": 0.0, "he_flood": 0.0, "he_volcano": 0.0, "he_landslide": 0.001056, "he_earthquake": 0.07142899999999999}, "PH082614006": {"Water_Prop": 91.666667, "Food_Prop": "", "Shelter_Prop": 0.0, "Health_Prop": 97.938144, "Education_Prop": 12.0, "Work_Prop": 58.823529, "Peace_Prop": 54.166667000000004, "Participation_Prop": "", "SocialProtection_Prop": "", "Environment_Prop": 2.0001900000000004, "shelter_electricity": 4.166666667, "health_center_attendance": 97.93814433, "work_farms": 64.28571429, "work_unskilled": 21.42857143, "health_programs": 20.83333333, "sp_philhealth": 20.83333333, "water_toilet": 0.0, "shelter_makeshift_nhts": 0.0, "food_malnourished": 0.0, "health_child_death": 0.0, "health_maternal_death": 0.0, "he_flood": 0.0, "he_volcano": 0.0, "he_landslide": 0.001056, "he_earthquake": 0.0}, "PH082614007": {"Water_Prop": 96.153846, "Food_Prop": 26.0, "Shelter_Prop": 1.282051, "Health_Prop": 98.133333, "Education_Prop": 7.76699, "Work_Prop": 54.761905000000006, "Peace_Prop": 85.897436, "Participation_Prop": "", "SocialProtection_Prop": "", "Environment_Prop": 1.717889, "shelter_electricity": 0.0, "health_center_attendance": 98.13333333, "work_farms": 65.26315789, "work_unskilled": 23.15789474, "health_programs": 3.8461538460000004, "sp_philhealth": 3.8461538460000004, "water_toilet": 10.25641026, "shelter_makeshift_nhts": 0.0, "food_malnourished": 13.5, "health_child_death": 4.3000002, "health_maternal_death": 0.0, "he_flood": 0.0, "he_volcano": 0.0, "he_landslide": 0.001056, "he_earthquake": 0.0}, "PH082614008": {"Water_Prop": 3.0, "Food_Prop": "", "Shelter_Prop": 3.0, "Health_Prop": 0.227273, "Education_Prop": 2.803738, "Work_Prop": 63.829786999999996, "Peace_Prop": 98.0, "Participation_Prop": "", "SocialProtection_Prop": "", "Environment_Prop": 0.000239, "shelter_electricity": 1.0, "health_center_attendance": 0.22727272699999998, "work_farms": 40.19607843, "work_unskilled": 11.76470588, "health_programs": 1.0, "sp_philhealth": 1.0, "water_toilet": 0.0, "shelter_makeshift_nhts": 4.0, "food_malnourished": 18.4, "health_child_death": 2.3, "health_maternal_death": 0.0, "he_flood": 0.0, "he_volcano": 0.0, "he_landslide": 0.0, "he_earthquake": 0.0}, "PH082614009": {"Water_Prop": 0.0, "Food_Prop": 62.5, "Shelter_Prop": 2.1538459999999997, "Health_Prop": 2.4128689999999997, "Education_Prop": 5.194805000000001, "Work_Prop": 62.394957999999995, "Peace_Prop": 89.846154, "Participation_Prop": "", "SocialProtection_Prop": 99.936346, "Environment_Prop": 0.9514530000000001, "shelter_electricity": 0.923076923, "health_center_attendance": 2.412868633, "work_farms": 56.70391061, "work_unskilled": 9.217877095, "health_programs": 1.5384615380000002, "sp_philhealth": 1.5384615380000002, "water_toilet": 1.230769231, "shelter_makeshift_nhts": 8.307692308, "food_malnourished": 9.6999998, "health_child_death": 1.3, "health_maternal_death": 0.0, "he_flood": 0.0, "he_volcano": 0.0, "he_landslide": 0.0, "he_earthquake": 0.0}, "PH082614010": {"Water_Prop": 0.0, "Food_Prop": 25.0, "Shelter_Prop": 0.0, "Health_Prop": 100.0, "Education_Prop": 2.083333, "Work_Prop": 63.39285699999999, "Peace_Prop": 100.0, "Participation_Prop": "", "SocialProtection_Prop": "", "Environment_Prop": 2.001738, "shelter_electricity": 2.3809523809999997, "health_center_attendance": 100.0, "work_farms": 80.48780488, "work_unskilled": 1.62601626, "health_programs": 0.0, "sp_philhealth": 0.0, "water_toilet": 29.36507937, "shelter_makeshift_nhts": 0.396825397, "food_malnourished": 16.9, "health_child_death": 0.0, "health_maternal_death": 0.0, "he_flood": 0.0, "he_volcano": 0.0, "he_landslide": 0.001056, "he_earthquake": 0.0}, "PH082614011": {"Water_Prop": 98.461538, "Food_Prop": 34.615384999999996, "Shelter_Prop": 1.538462, "Health_Prop": 100.0, "Education_Prop": 8.0, "Work_Prop": 45.238095, "Peace_Prop": 96.923077, "Participation_Prop": "", "SocialProtection_Prop": "", "Environment_Prop": 2.5873459999999997, "shelter_electricity": 1.5384615380000002, "health_center_attendance": 100.0, "work_farms": 52.17391304, "work_unskilled": 8.695652174, "health_programs": 0.0, "sp_philhealth": 0.0, "water_toilet": 24.61538462, "shelter_makeshift_nhts": 2.307692308, "food_malnourished": 15.9, "health_child_death": 0.0, "health_maternal_death": 0.0, "he_flood": 0.0, "he_volcano": 0.0, "he_landslide": 0.001056, "he_earthquake": 0.07142899999999999}, "PH082614012": {"Water_Prop": 1.7241380000000002, "Food_Prop": 53.333332999999996, "Shelter_Prop": 0.0, "Health_Prop": 99.156118, "Education_Prop": 5.357143, "Work_Prop": 55.797101, "Peace_Prop": 96.551724, "Participation_Prop": "", "SocialProtection_Prop": "", "Environment_Prop": 2.002055, "shelter_electricity": 3.448275862, "health_center_attendance": 99.15611814, "work_farms": 78.68852459, "work_unskilled": 3.278688525, "health_programs": 1.724137931, "sp_philhealth": 1.724137931, "water_toilet": 3.448275862, "shelter_makeshift_nhts": 1.724137931, "food_malnourished": 61.099998, "health_child_death": 0.0, "health_maternal_death": 0.0, "he_flood": 0.0, "he_volcano": 0.0, "he_landslide": 0.001056, "he_earthquake": 0.0}, "PH082614013": {"Water_Prop": 100.0, "Food_Prop": 24.242424, "Shelter_Prop": 0.0, "Health_Prop": 98.373984, "Education_Prop": 4.477612000000001, "Work_Prop": 58.99280600000001, "Peace_Prop": 100.0, "Participation_Prop": "", "SocialProtection_Prop": "", "Environment_Prop": 7.493636, "shelter_electricity": 5.555555556, "health_center_attendance": 98.37398374, "work_farms": 82.45614035, "work_unskilled": 0.0, "health_programs": 0.0, "sp_philhealth": 0.0, "water_toilet": 68.51851852, "shelter_makeshift_nhts": 6.481481481, "food_malnourished": 16.700001, "health_child_death": 0.0, "health_maternal_death": 0.0, "he_flood": 0.0, "he_volcano": 0.0, "he_landslide": 0.004222999999999999, "he_earthquake": 0.214286}, "PH082614014": {"Water_Prop": 0.0, "Food_Prop": 66.666667, "Shelter_Prop": 1.4084510000000001, "Health_Prop": 99.358974, "Education_Prop": 9.090909,