{"PH083745002": {"Water_Prop": 72.361809, "Food_Prop": 80.645161, "Shelter_Prop": 0.7537689999999999, "Health_Prop": 70.707071, "Education_Prop": 11.600928, "Work_Prop": 52.61121899999999, "Peace_Prop": 0.0, "Participation_Prop": 74.86170899999999, "SocialProtection_Prop": 99.754149, "Environment_Prop": 1.442609, "shelter_electricity": 75.87939698, "health_center_attendance": 70.70707071, "work_farms": 68.16326531, "work_unskilled": 18.7755102, "health_programs": 14.8241206, "sp_philhealth": 14.8241206, "water_toilet": 5.0251256280000005, "shelter_makeshift_nhts": 18.59296482, "food_malnourished": "", "health_child_death": "", "health_maternal_death": "", "he_flood": 0.0, "he_volcano": 0.0, "he_landslide": 0.001584, "he_earthquake": 0.0}, "PH083745003": {"Water_Prop": 97.991968, "Food_Prop": 86.666667, "Shelter_Prop": 2.811245, "Health_Prop": 57.025641, "Education_Prop": 11.392405, "Work_Prop": 36.912752000000005, "Peace_Prop": 0.8032130000000001, "Participation_Prop": 76.0181, "SocialProtection_Prop": "", "Environment_Prop": 1.163916, "shelter_electricity": 69.87951807, "health_center_attendance": 57.02564103, "work_farms": 77.92553191, "work_unskilled": 9.042553191, "health_programs": 13.25301205, "sp_philhealth": 13.25301205, "water_toilet": 3.2128514060000004, "shelter_makeshift_nhts": 22.89156627, "food_malnourished": "", "health_child_death": "", "health_maternal_death": "", "he_flood": 0.0, "he_volcano": 0.0, "he_landslide": 0.001584, "he_earthquake": 0.0}, "PH083745005": {"Water_Prop": 0.0, "Food_Prop": 97.222222, "Shelter_Prop": 25.0, "Health_Prop": 100.0, "Education_Prop": "", "Work_Prop": 100.0, "Peace_Prop": 0.0, "Participation_Prop": 91.152922, "SocialProtection_Prop": 99.119295, "Environment_Prop": 2.13373, "shelter_electricity": 100.0, "health_center_attendance": 100.0, "work_farms": "", "work_unskilled": "", "health_programs": 6.25, "sp_philhealth": 6.25, "water_toilet": 0.0, "shelter_makeshift_nhts": 3.125, "food_malnourished": "", "health_child_death": "", "health_maternal_death": "", "he_flood": 0.0, "he_volcano": 0.0, "he_landslide": 0.001584, "he_earthquake": 0.0}, "PH083745007": {"Water_Prop": 25.242718, "Food_Prop": 79.487179, "Shelter_Prop": 0.242718, "Health_Prop": 90.587673, "Education_Prop": 10.727969, "Work_Prop": 48.579752, "Peace_Prop": 16.504854, "Participation_Prop": 83.438819, "SocialProtection_Prop": 99.208861, "Environment_Prop": 8.408025, "shelter_electricity": 52.42718447, "health_center_attendance": 90.58767320000001, "work_farms": 41.50141643, "work_unskilled": 33.569405100000004, "health_programs": 26.21359223, "sp_philhealth": 26.21359223, "water_toilet": 23.30097087, "shelter_makeshift_nhts": 8.131067961, "food_malnourished": "", "health_child_death": "", "health_maternal_death": "", "he_flood": 0.0, "he_volcano": 0.0, "he_landslide": 0.001584, "he_earthquake": 0.0}, "PH083745008": {"Water_Prop": 58.695652, "Food_Prop": 100.0, "Shelter_Prop": 0.8695649999999999, "Health_Prop": 73.996466, "Education_Prop": 8.729389, "Work_Prop": 51.206323, "Peace_Prop": 0.108696, "Participation_Prop": 89.514066, "SocialProtection_Prop": 99.04673299999999, "Environment_Prop": 9.738254, "shelter_electricity": 39.13043478, "health_center_attendance": 73.99646554, "work_farms": 52.17391304, "work_unskilled": 23.27365729, "health_programs": 19.02173913, "sp_philhealth": 19.02173913, "water_toilet": 3.586956522, "shelter_makeshift_nhts": 19.72826087, "food_malnourished": "", "health_child_death": "", "health_maternal_death": "", "he_flood": 0.0, "he_volcano": 0.0, "he_landslide": 0.001584, "he_earthquake": 0.0}, "PH083745009": {"Water_Prop": 62.14285699999999, "Food_Prop": 91.712707, "Shelter_Prop": 0.23809499999999997, "Health_Prop": 95.703325, "Education_Prop": 10.412148, "Work_Prop": 49.524564, "Peace_Prop": 40.47619, "Participation_Prop": 91.85867900000001, "SocialProtection_Prop": 99.039939, "Environment_Prop": 0.314596, "shelter_electricity": 66.9047619, "health_center_attendance": 95.70332481, "work_farms": 57.45682889, "work_unskilled": 20.09419152, "health_programs": 22.61904762, "sp_philhealth": 22.61904762, "water_toilet": 10.0, "shelter_makeshift_nhts": 5.119047619, "food_malnourished": "", "health_child_death": "", "health_maternal_death": "", "he_flood": 0.0, "he_volcano": 0.0, "he_landslide": 0.001584, "he_earthquake": 0.0}, "PH083745010": {"Water_Prop": 40.0, "Food_Prop": 99.367089, "Shelter_Prop": 4.0, "Health_Prop": 72.998643, "Education_Prop": 8.805031, "Work_Prop": 53.715499, "Peace_Prop": 1.714286, "Participation_Prop": 94.177898, "SocialProtection_Prop": 98.652291, "Environment_Prop": 8.822434, "shelter_electricity": 32.0, "health_center_attendance": 72.99864315, "work_farms": 24.31192661, "work_unskilled": 33.94495413, "health_programs": 34.28571429, "sp_philhealth": 34.28571429, "water_toilet": 34.28571429, "shelter_makeshift_nhts": 6.285714286, "food_malnourished": "", "health_child_death": "", "health_maternal_death": "", "he_flood": 0.0, "he_volcano": 0.0, "he_landslide": 0.001584, "he_earthquake": 0.0}, "PH083745012": {"Water_Prop": 36.619718, "Food_Prop": 100.0, "Shelter_Prop": 1.877934, "Health_Prop": 56.942949, "Education_Prop": 6.437768, "Work_Prop": 52.061856, "Peace_Prop": 0.0, "Participation_Prop": 79.107505, "SocialProtection_Prop": 98.884381, "Environment_Prop": 0.406679, "shelter_electricity": 31.92488263, "health_center_attendance": 56.94294941, "work_farms": 38.70967742, "work_unskilled": 20.43010753, "health_programs": 42.72300469, "sp_philhealth": 42.72300469, "water_toilet": 31.45539906, "shelter_makeshift_nhts": 19.48356808, "food_malnourished": "", "health_child_death": "", "health_maternal_death": "", "he_flood": 0.0, "he_volcano": 0.0, "he_landslide": 0.000792, "he_earthquake": 0.0}, "PH083745013": {"Water_Prop": 71.42857099999999, "Food_Prop": 100.0, "Shelter_Prop": 0.0, "Health_Prop": 70.0, "Education_Prop": 25.0, "Work_Prop": 93.333333, "Peace_Prop": 14.285714000000002, "Participation_Prop": 95.132551, "SocialProtection_Prop": 98.783138, "Environment_Prop": 8.805064999999999, "shelter_electricity": 50.0, "health_center_attendance": 70.0, "work_farms": 100.0, "work_unskilled": 0.0, "health_programs": 35.71428571, "sp_philhealth": 35.71428571, "water_toilet": 42.85714286, "shelter_makeshift_nhts": 0.0, "food_malnourished": "", "health_child_death": "", "health_maternal_death": "", "he_flood": 0.0, "he_volcano": 0.0, "he_landslide": 0.000792, "he_earthquake": 0.0}, "PH083745014": {"Water_Prop": 31.560284000000003, "Food_Prop": 100.0, "Shelter_Prop": 2.1276599999999997, "Health_Prop": 71.935757, "Education_Prop": 7.8767119999999995, "Work_Prop": 49.516908, "Peace_Prop": 2.48227, "Participation_Prop": 84.678899, "SocialProtection_Prop": 98.71559599999999, "Environment_Prop": 3.0005439999999997, "shelter_electricity": 29.78723404, "health_center_attendance": 71.93575655, "work_farms": 47.6076555, "work_unskilled": 20.57416268, "health_programs": 40.78014184, "sp_philhealth": 40.78014184, "water_toilet": 22.34042553, "shelter_makeshift_nhts": 9.574468085, "food_malnourished": "", "health_child_death": "", "health_maternal_death": "", "he_flood": 0.0, "he_volcano": 0.0, "he_landslide": 0.002639, "he_earthquake": 0.0}}