{"PH087807001": {"Water_Prop": 33.057851, "Food_Prop": 10.0, "Shelter_Prop": 0.0, "Health_Prop": 96.64694300000001, "Education_Prop": 2.631579, "Work_Prop": 51.051051, "Peace_Prop": 34.710744, "Participation_Prop": 78.967495, "SocialProtection_Prop": 99.80879499999999, "Environment_Prop": 0.851361, "shelter_electricity": 20.66115702, "health_center_attendance": 96.64694279999999, "work_farms": 49.0797546, "work_unskilled": 17.79141104, "health_programs": 28.92561983, "sp_philhealth": 28.92561983, "water_toilet": 6.611570248, "shelter_makeshift_nhts": 0.826446281, "food_malnourished": 6.0, "health_child_death": "", "health_maternal_death": 0.0, "he_flood": 0.0, "he_volcano": 0.0, "he_landslide": 0.0, "he_earthquake": 0.0}, "PH087807002": {"Water_Prop": 15.254237, "Food_Prop": 16.666667, "Shelter_Prop": 0.0, "Health_Prop": 97.98995, "Education_Prop": 5.555556, "Work_Prop": 44.137931, "Peace_Prop": 47.457627, "Participation_Prop": 79.57446800000001, "SocialProtection_Prop": 99.14893599999999, "Environment_Prop": 0.583138, "shelter_electricity": 13.55932203, "health_center_attendance": 97.98994975, "work_farms": 49.38271605, "work_unskilled": 7.407407407000001, "health_programs": 18.644067800000002, "sp_philhealth": 18.644067800000002, "water_toilet": 1.694915254, "shelter_makeshift_nhts": 0.847457627, "food_malnourished": 0.0, "health_child_death": "", "health_maternal_death": 0.0, "he_flood": 0.0, "he_volcano": 0.0, "he_landslide": 0.0, "he_earthquake": 0.0}, "PH087807003": {"Water_Prop": 55.833332999999996, "Food_Prop": 66.666667, "Shelter_Prop": 0.833333, "Health_Prop": 95.471698, "Education_Prop": 6.060606, "Work_Prop": 51.086957, "Peace_Prop": 20.0, "Participation_Prop": 84.895833, "SocialProtection_Prop": 99.652778, "Environment_Prop": 0.862395, "shelter_electricity": 11.66666667, "health_center_attendance": 95.47169811, "work_farms": 46.66666667, "work_unskilled": 15.55555556, "health_programs": 33.33333333, "sp_philhealth": 33.33333333, "water_toilet": 5.833333333, "shelter_makeshift_nhts": 0.41666666700000005, "food_malnourished": 0.0, "health_child_death": "", "health_maternal_death": 0.0, "he_flood": 0.0, "he_volcano": 0.0, "he_landslide": 0.0, "he_earthquake": 0.0}, "PH087807004": {"Water_Prop": 44.086022, "Food_Prop": 10.0, "Shelter_Prop": 0.0, "Health_Prop": 98.232323, "Education_Prop": 4.123711, "Work_Prop": 49.04943, "Peace_Prop": 13.978495, "Participation_Prop": 83.693517, "SocialProtection_Prop": 99.803536, "Environment_Prop": 0.570503, "shelter_electricity": 3.225806452, "health_center_attendance": 98.23232323, "work_farms": 26.86567164, "work_unskilled": 21.64179104, "health_programs": 30.10752688, "sp_philhealth": 30.10752688, "water_toilet": 2.150537634, "shelter_makeshift_nhts": 0.0, "food_malnourished": 0.0, "health_child_death": "", "health_maternal_death": 0.0, "he_flood": 0.0, "he_volcano": 0.0, "he_landslide": 0.0, "he_earthquake": 0.0}, "PH087807005": {"Water_Prop": 31.944444, "Food_Prop": 0.0, "Shelter_Prop": 0.0, "Health_Prop": 95.384615, "Education_Prop": 6.122449, "Work_Prop": 48.691099, "Peace_Prop": 43.055556, "Participation_Prop": 84.551148, "SocialProtection_Prop": 98.956159, "Environment_Prop": 0.284418, "shelter_electricity": 19.44444444, "health_center_attendance": 95.38461538, "work_farms": 33.67346939, "work_unskilled": 32.65306122, "health_programs": 40.27777778, "sp_philhealth": 40.27777778, "water_toilet": 4.166666667, "shelter_makeshift_nhts": 0.0, "food_malnourished": 9.3999996, "health_child_death": "", "health_maternal_death": 0.0, "he_flood": 0.0, "he_volcano": 0.0, "he_landslide": 0.0, "he_earthquake": 0.0}, "PH087807008": {"Water_Prop": 0.0, "Food_Prop": 70.588235, "Shelter_Prop": 0.0, "Health_Prop": 77.777778, "Education_Prop": 0.0, "Work_Prop": 42.857143, "Peace_Prop": 0.0, "Participation_Prop": 69.36936899999999, "SocialProtection_Prop": 99.54955, "Environment_Prop": 0.850259, "shelter_electricity": 0.0, "health_center_attendance": 77.77777778, "work_farms": 75.0, "work_unskilled": 25.0, "health_programs": 50.0, "sp_philhealth": 50.0, "water_toilet": 0.0, "shelter_makeshift_nhts": 0.0, "food_malnourished": 4.3000002, "health_child_death": "", "health_maternal_death": 0.0, "he_flood": 0.0, "he_volcano": 0.0, "he_landslide": 0.0, "he_earthquake": 0.0}, "PH087807010": {"Water_Prop": 16.27907, "Food_Prop": 22.222222, "Shelter_Prop": 0.0, "Health_Prop": 96.984925, "Education_Prop": 4.0, "Work_Prop": 42.372881, "Peace_Prop": 53.488372, "Participation_Prop": 77.52809, "SocialProtection_Prop": 99.157303, "Environment_Prop": 0.297244, "shelter_electricity": 27.90697674, "health_center_attendance": 96.98492462, "work_farms": 39.70588235, "work_unskilled": 23.52941176, "health_programs": 11.62790698, "sp_philhealth": 11.62790698, "water_toilet": 2.325581395, "shelter_makeshift_nhts": 2.325581395, "food_malnourished": 7.6999998, "health_child_death": "", "health_maternal_death": 0.0, "he_flood": 0.0, "he_volcano": 0.0, "he_landslide": 0.0, "he_earthquake": 0.0}, "PH087807011": {"Water_Prop": 14.285714000000002, "Food_Prop": 50.0, "Shelter_Prop": 0.0, "Health_Prop": 42.307691999999996, "Education_Prop": 0.0, "Work_Prop": 55.555556, "Peace_Prop": 0.0, "Participation_Prop": 87.935035, "SocialProtection_Prop": 99.535963, "Environment_Prop": 0.850709, "shelter_electricity": 0.0, "health_center_attendance": 42.30769231, "work_farms": 50.0, "work_unskilled": 37.5, "health_programs": 28.57142857, "sp_philhealth": 28.57142857, "water_toilet": 0.0, "shelter_makeshift_nhts": 0.0, "food_malnourished": 3.2, "health_child_death": "", "health_maternal_death": 0.0, "he_flood": 0.0, "he_volcano": 0.0, "he_landslide": 0.0, "he_earthquake": 0.0}, "PH087807012": {"Water_Prop": 47.826087, "Food_Prop": 0.0, "Shelter_Prop": 0.0, "Health_Prop": 98.606272, "Education_Prop": 5.084746, "Work_Prop": 55.172414, "Peace_Prop": 26.086957, "Participation_Prop": 84.313725, "SocialProtection_Prop": 99.346405, "Environment_Prop": 0.888502, "shelter_electricity": 5.7971014489999995, "health_center_attendance": 98.60627178, "work_farms": 37.36263736, "work_unskilled": 17.58241758, "health_programs": 18.84057971, "sp_philhealth": 18.84057971, "water_toilet": 1.4492753619999998, "shelter_makeshift_nhts": 0.7246376809999999, "food_malnourished": 14.3, "health_child_death": "", "health_maternal_death": 0.0, "he_flood": 0.0, "he_volcano": 0.0, "he_landslide": 0.0, "he_earthquake": 0.0}, "PH087807014": {"Water_Prop": 0.0, "Food_Prop": 0.0, "Shelter_Prop": 0.0, "Health_Prop": 77.777778, "Education_Prop": 0.0, "Work_Prop": 50.0, "Peace_Prop": 0.0, "Participation_Prop": 79.005525, "SocialProtection_Prop": "", "Environment_Prop": 0.5764100000000001, "shelter_electricity": 0.0, "health_center_attendance": 77.77777778, "work_farms": 66.66666667, "work_unskilled": 0.0, "health_programs": 33.33333333, "sp_philhealth": 33.33333333, "water_toilet": 0.0, "shelter_makeshift_nhts": 0.0, "food_malnourished": 7.5, "health_child_death": "", "health_maternal_death": 0.0, "he_flood": 0.0, "he_volcano": 0.0, "he_landslide": 0.0, "he_earthquake": 0.0}, "PH087807015": {"Water_Prop": 0.0, "Food_Prop": 0.0, "Shelter_Prop": 0.0, "Health_Prop": 89.285714, "Education_Prop": 0.0, "Work_Prop": 59.090908999999996, "Peace_Prop": 0.0, "Participation_Prop": 81.929556, "SocialProtection_Prop": 99.081164, "Environment_Prop": 0.306699, "shelter_electricity": 0.0, "health_center_attendance": 89.28571429, "work_farms": 44.44444444, "work_unskilled": 0.0, "health_programs": 0.0, "sp_philhealth": 0.0, "water_toilet": 0.0, "shelter_makeshift_nhts": 0.0, "food_malnourished": 7.8000002, "health_child_death": "", "health_maternal_death": 0.0, "he_flood": 0.0, "he_volcano": 0.0, "he_landslide": 0.0, "he_earthquake": 0.0}, "PH087807016": {"Water_Prop": 0.0, "Food_Prop": 31.578946999999996, "Shelter_Prop": 0.0, "Health_Prop": 63.157894999999996, "Education_Prop": 0.0, "Work_Prop": 41.176471, "Peace_Prop": 0.0, "Participation_Prop": 90.080972, "SocialProtection_Prop": 99.392713,