{"PH087802001": {"water_access": 2.446483, "food_tenure": 66.666667, "shelter_informal_settlers_nhts": 0.0, "health_center_attendance": 60.27210899999999, "educ_outofschool_all": 7.38255, "work_unemployment": 51.129363, "po_conflict": 5.810398, "participation_assembly_attendance": 89.442815, "sp_sss": 99.296188, "he_risk": 0.593019, "shelter_electricity": 12.5382263, "health_center_attendance.1": 60.27210884, "work_farms": 39.28571429, "work_unskilled": 33.61344538, "health_programs": 61.46788991, "sp_philhealth": 61.46788991, "water_toilet": 12.2324159, "shelter_makeshift_nhts": 5.198776758, "food_malnourished": 17.9, "health_child_death": "", "health_maternal_death": 0.0, "he_flood": 0.0, "he_volcano": 0.0, "he_landslide": 0.001584, "he_earthquake": 0.0, "name": "Bato"}, "PH087802002": {"water_access": 0.819672, "food_tenure": 71.621622, "shelter_informal_settlers_nhts": 0.5464479999999999, "health_center_attendance": 61.622209999999995, "educ_outofschool_all": 5.773672, "work_unemployment": 57.608695999999995, "po_conflict": 0.0, "participation_assembly_attendance": 91.84921, "sp_sss": 98.522669, "he_risk": 0.404769, "shelter_electricity": 13.66120219, "health_center_attendance.1": 61.62221013, "work_farms": 32.14990138, "work_unskilled": 34.51676529, "health_programs": 71.03825137, "sp_philhealth": 71.03825137, "water_toilet": 10.10928962, "shelter_makeshift_nhts": 9.699453552, "food_malnourished": 4.3000002, "health_child_death": "", "health_maternal_death": 0.0, "he_flood": 0.0, "he_volcano": 0.0, "he_landslide": 0.001584, "he_earthquake": 0.0, "name": "Burabod"}, "PH087802003": {"water_access": 0.314465, "food_tenure": 34.482759, "shelter_informal_settlers_nhts": 0.628931, "health_center_attendance": 58.986815, "educ_outofschool_all": 4.94186, "work_unemployment": 52.864865, "po_conflict": 0.628931, "participation_assembly_attendance": 91.448276, "sp_sss": 99.172414, "he_risk": 0.311865, "shelter_electricity": 8.490566037999999, "health_center_attendance.1": 58.98681471, "work_farms": 40.59633028, "work_unskilled": 29.35779817, "health_programs": 68.86792453, "sp_philhealth": 68.86792453, "water_toilet": 11.94968553, "shelter_makeshift_nhts": 9.119496855, "food_malnourished": 0.0, "health_child_death": "", "health_maternal_death": 0.0, "he_flood": 0.0, "he_volcano": 0.0, "he_landslide": 0.001584, "he_earthquake": 0.0, "name": "Busali"}, "PH087802004": {"water_access": 0.529101, "food_tenure": 70.642202, "shelter_informal_settlers_nhts": 0.529101, "health_center_attendance": 50.391937, "educ_outofschool_all": 7.5471699999999995, "work_unemployment": 52.325581, "po_conflict": 0.0, "participation_assembly_attendance": 83.570646, "sp_sss": 99.233297, "he_risk": 1.948323, "shelter_electricity": 8.994708995, "health_center_attendance.1": 50.39193729, "work_farms": 53.31010453, "work_unskilled": 26.13240418, "health_programs": 55.02645503, "sp_philhealth": 55.02645503, "water_toilet": 10.58201058, "shelter_makeshift_nhts": 9.523809523999999, "food_malnourished": 13.5, "health_child_death": "", "health_maternal_death": 0.0, "he_flood": 0.0, "he_volcano": 0.0, "he_landslide": 0.026550999999999998, "he_earthquake": 0.0, "name": "Hugpa"}, "PH087802005": {"water_access": 0.5194810000000001, "food_tenure": 77.777778, "shelter_informal_settlers_nhts": 1.038961, "health_center_attendance": 47.300337, "educ_outofschool_all": 7.534247, "work_unemployment": 53.905579, "po_conflict": 0.25974, "participation_assembly_attendance": 91.827957, "sp_sss": 99.516129, "he_risk": 1.5521909999999999, "shelter_electricity": 12.46753247, "health_center_attendance.1": 47.30033746, "work_farms": 48.97579143, "work_unskilled": 30.91247672, "health_programs": 52.72727273, "sp_philhealth": 52.72727273, "water_toilet": 8.831168831, "shelter_makeshift_nhts": 14.41558442, "food_malnourished": 10.4, "health_child_death": "", "health_maternal_death": 0.0, "he_flood": 0.0, "he_volcano": 0.0, "he_landslide": 0.024017, "he_earthquake": 0.0, "name": "Julita"}, "PH087802006": {"water_access": 0.0, "food_tenure": 21.428570999999998, "shelter_informal_settlers_nhts": 0.564972, "health_center_attendance": 58.89328100000001, "educ_outofschool_all": 3.6144580000000004, "work_unemployment": 51.650484999999996, "po_conflict": 0.564972, "participation_assembly_attendance": 83.085714, "sp_sss": 99.657143, "he_risk": 1.4533, "shelter_electricity": 13.55932203, "health_center_attendance.1": 58.89328063, "work_farms": 62.65060241, "work_unskilled": 24.09638554, "health_programs": 66.10169492, "sp_philhealth": 66.10169492, "water_toilet": 9.039548023, "shelter_makeshift_nhts": 15.53672316, "food_malnourished": 5.4000001, "health_child_death": "", "health_maternal_death": 0.0, "he_flood": 0.0, "he_volcano": 0.0, "he_landslide": 0.019688999999999998, "he_earthquake": 0.0, "name": "Canila"}, "PH087802007": {"water_access": 0.5524859999999999, "food_tenure": 8.450704, "shelter_informal_settlers_nhts": 1.1049719999999998, "health_center_attendance": 60.344828, "educ_outofschool_all": 10.502283, "work_unemployment": 55.97148000000001, "po_conflict": 2.7624310000000003, "participation_assembly_attendance": 90.023474, "sp_sss": 99.88262900000001, "he_risk": 2.4905060000000003, "shelter_electricity": 17.67955801, "health_center_attendance.1": 60.34482759, "work_farms": 68.42105263, "work_unskilled": 14.97975709, "health_programs": 50.27624309, "sp_philhealth": 50.27624309, "water_toilet": 16.02209945, "shelter_makeshift_nhts": 9.116022099, "food_malnourished": 0.0, "health_child_death": "", "health_maternal_death": 0.0, "he_flood": 0.0, "he_volcano": 0.0, "he_landslide": 0.012457, "he_earthquake": 0.07142899999999999, "name": "Pinangumhan"}, "PH087802008": {"water_access": 2.750491, "food_tenure": 90.09009, "shelter_informal_settlers_nhts": 0.39292699999999997, "health_center_attendance": 64.59373599999999, "educ_outofschool_all": 6.493506, "work_unemployment": 55.440771, "po_conflict": 0.0, "participation_assembly_attendance": 96.753247, "sp_sss": 99.008886, "he_risk": 4.406743, "shelter_electricity": 9.430255403, "health_center_attendance.1": 64.59373581, "work_farms": 28.74806801, "work_unskilled": 42.9675425, "health_programs": 68.36935167, "sp_philhealth": 68.36935167, "water_toilet": 11.39489195, "shelter_makeshift_nhts": 10.5108055, "food_malnourished": 1.5, "health_child_death": "", "health_maternal_death": 0.0, "he_flood": 0.0, "he_volcano": 0.0, "he_landslide": 0.001584, "he_earthquake": 0.0, "name": "San Isidro (Pob.)"}, "PH087802009": {"water_access": 0.0, "food_tenure": 10.294118, "shelter_informal_settlers_nhts": 0.0, "health_center_attendance": 78.431373, "educ_outofschool_all": 25.0, "work_unemployment": 23.255814, "po_conflict": 0.0, "participation_assembly_attendance": 96.869783, "sp_sss": 98.747913, "he_risk": 10.508357, "shelter_electricity": 0.0, "health_center_attendance.1": 78.43137255, "work_farms": 21.21212121, "work_unskilled": 27.27272727, "health_programs": 100.0, "sp_philhealth": 100.0, "water_toilet": 12.5, "shelter_makeshift_nhts": 3.125, "food_malnourished": 5.9000001, "health_child_death": "", "health_maternal_death": 0.0, "he_flood": 0.0, "he_volcano": 0.0, "he_landslide": 0.001584, "he_earthquake": 0.0, "name": "San Roque (Pob.)"}, "PH087802010": {"water_access": 0.680272, "food_tenure": 71.875, "shelter_informal_settlers_nhts": 0.0, "health_center_attendance": 60.406504000000005, "educ_outofschool_all": 9.504132, "work_unemployment": 52.863962, "po_conflict": 0.0, "participation_assembly_attendance": 60.299296, "sp_sss": 99.207746, "he_risk": 0.199405, "shelter_electricity": 12.58503401, "health_center_attendance.1": 60.40650407, "work_farms": 32.91139241, "work_unskilled": 32.65822785, "health_programs": 57.82312925, "sp_philhealth": 57.82312925, "water_toilet": 10.88435374, "shelter_makeshift_nhts": 10.54421769, "food_malnourished": 2.2, "health_child_death": "", "health_maternal_death": 0.0, "he_flood": 0.0, "he_volcano": 0.0, "he_landslide": 0.00644,