{"PH083744001": {"Water_Prop": 65.384615, "Food_Prop": 70.238095, "Shelter_Prop": 1.0989010000000001, "Health_Prop": 66.09929100000001, "Education_Prop": 5.303030000000001, "Work_Prop": 50.823045, "Peace_Prop": 0.0, "Participation_Prop": 77.247191, "SocialProtection_Prop": 99.297753, "Environment_Prop": 0.098768, "shelter_electricity": 31.86813187, "health_center_attendance": 66.09929078, "work_farms": 6.276150628, "work_unskilled": 66.52719665, "health_programs": 28.02197802, "sp_philhealth": 28.02197802, "water_toilet": 1.098901099, "shelter_makeshift_nhts": 6.868131868, "food_malnourished": "", "health_child_death": "", "health_maternal_death": "", "he_flood": 0.0, "he_volcano": 0.0, "he_landslide": 0.0, "he_earthquake": 0.0}, "PH083744002": {"Water_Prop": 86.503067, "Food_Prop": 10.0, "Shelter_Prop": 0.6134970000000001, "Health_Prop": 82.253886, "Education_Prop": 10.0, "Work_Prop": 42.827003999999995, "Peace_Prop": 0.0, "Participation_Prop": 87.377279, "SocialProtection_Prop": 99.719495, "Environment_Prop": 2.339095, "shelter_electricity": 9.202453988, "health_center_attendance": 82.25388601, "work_farms": 5.5350553510000005, "work_unskilled": 65.68265683, "health_programs": 39.87730061, "sp_philhealth": 39.87730061, "water_toilet": 0.613496933, "shelter_makeshift_nhts": 25.4601227, "food_malnourished": "", "health_child_death": "", "health_maternal_death": "", "he_flood": 0.0, "he_volcano": 0.0, "he_landslide": 0.001584, "he_earthquake": 0.0}, "PH083744003": {"Water_Prop": 16.393442999999998, "Food_Prop": 92.0, "Shelter_Prop": 0.0, "Health_Prop": 78.125, "Education_Prop": 9.714286, "Work_Prop": 48.638838, "Peace_Prop": 0.5464479999999999, "Participation_Prop": 92.709467, "SocialProtection_Prop": 98.911861, "Environment_Prop": 0.5026229999999999, "shelter_electricity": 19.12568306, "health_center_attendance": 78.125, "work_farms": 8.833922261, "work_unskilled": 63.25088339, "health_programs": 39.89071038, "sp_philhealth": 39.89071038, "water_toilet": 0.546448087, "shelter_makeshift_nhts": 19.67213115, "food_malnourished": "", "health_child_death": "", "health_maternal_death": "", "he_flood": 0.0, "he_volcano": 0.0, "he_landslide": 0.0, "he_earthquake": 0.0}, "PH083744004": {"Water_Prop": 0.917431, "Food_Prop": 87.5, "Shelter_Prop": 0.0, "Health_Prop": 54.918032999999994, "Education_Prop": 4.918033, "Work_Prop": 50.896057, "Peace_Prop": 0.0, "Participation_Prop": 87.559809, "SocialProtection_Prop": 98.883573, "Environment_Prop": 0.488203, "shelter_electricity": 24.770642199999998, "health_center_attendance": 54.91803279, "work_farms": 6.569343066, "work_unskilled": 67.88321168, "health_programs": 32.11009174, "sp_philhealth": 32.11009174, "water_toilet": 0.0, "shelter_makeshift_nhts": 7.798165138, "food_malnourished": "", "health_child_death": "", "health_maternal_death": "", "he_flood": 0.0, "he_volcano": 0.0, "he_landslide": 0.0, "he_earthquake": 0.0}, "PH083744005": {"Water_Prop": 68.83116899999999, "Food_Prop": 80.0, "Shelter_Prop": 0.0, "Health_Prop": 89.20765, "Education_Prop": 5.3763440000000005, "Work_Prop": 52.204176000000004, "Peace_Prop": 0.649351, "Participation_Prop": 89.515331, "SocialProtection_Prop": 98.813056, "Environment_Prop": 8.171908, "shelter_electricity": 27.92207792, "health_center_attendance": 89.20765027, "work_farms": 7.766990291, "work_unskilled": 66.01941748, "health_programs": 36.36363636, "sp_philhealth": 36.36363636, "water_toilet": 1.948051948, "shelter_makeshift_nhts": 7.467532468, "food_malnourished": "", "health_child_death": "", "health_maternal_death": "", "he_flood": 0.0, "he_volcano": 0.0, "he_landslide": 0.0, "he_earthquake": 0.0}, "PH083744006": {"Water_Prop": 71.12299499999999, "Food_Prop": 70.833333, "Shelter_Prop": 1.069519, "Health_Prop": 70.6621, "Education_Prop": 11.737089, "Work_Prop": 43.52518, "Peace_Prop": 0.534759, "Participation_Prop": 91.435464, "SocialProtection_Prop": 98.6731, "Environment_Prop": 17.470558999999998, "shelter_electricity": 22.99465241, "health_center_attendance": 70.66210046, "work_farms": 23.88535032, "work_unskilled": 32.48407643, "health_programs": 29.41176471, "sp_philhealth": 29.41176471, "water_toilet": 1.069518717, "shelter_makeshift_nhts": 21.92513369, "food_malnourished": 38.095238, "health_child_death": "", "health_maternal_death": 6.25, "he_flood": 0.0, "he_volcano": 0.0, "he_landslide": 0.0, "he_earthquake": 0.0}, "PH083744007": {"Water_Prop": 75.71885, "Food_Prop": 10.833333, "Shelter_Prop": 2.236422, "Health_Prop": 69.527897, "Education_Prop": 8.761329, "Work_Prop": 47.465438, "Peace_Prop": 0.0, "Participation_Prop": 93.08437099999999, "SocialProtection_Prop": 98.616874, "Environment_Prop": 18.498520000000003, "shelter_electricity": 23.32268371, "health_center_attendance": 69.527897, "work_farms": 7.456140351, "work_unskilled": 66.44736842, "health_programs": 35.7827476, "sp_philhealth": 35.7827476, "water_toilet": 2.555910543, "shelter_makeshift_nhts": 21.88498403, "food_malnourished": "", "health_child_death": "", "health_maternal_death": "", "he_flood": 0.0, "he_volcano": 0.0, "he_landslide": 0.0, "he_earthquake": 0.0}, "PH083744008": {"Water_Prop": 34.0, "Food_Prop": 77.192982, "Shelter_Prop": 0.0, "Health_Prop": 60.16129, "Education_Prop": 5.6737589999999996, "Work_Prop": 51.482479999999995, "Peace_Prop": 0.0, "Participation_Prop": 83.180428, "SocialProtection_Prop": "", "Environment_Prop": 0.10122300000000001, "shelter_electricity": 34.66666667, "health_center_attendance": 60.16129032, "work_farms": 4.444444444, "work_unskilled": 73.33333333, "health_programs": 22.66666667, "sp_philhealth": 22.66666667, "water_toilet": 2.0, "shelter_makeshift_nhts": 7.333333333, "food_malnourished": "", "health_child_death": "", "health_maternal_death": "", "he_flood": 0.0, "he_volcano": 0.0, "he_landslide": 0.0, "he_earthquake": 0.0}, "PH083744009": {"Water_Prop": 38.095238, "Food_Prop": 62.264151, "Shelter_Prop": 2.380952, "Health_Prop": 77.720871, "Education_Prop": 2.247191, "Work_Prop": 51.778656, "Peace_Prop": 0.0, "Participation_Prop": 92.39500600000001, "SocialProtection_Prop": 98.183882, "Environment_Prop": 28.057793, "shelter_electricity": 11.30952381, "health_center_attendance": 77.72087068, "work_farms": 9.836065574, "work_unskilled": 50.81967213, "health_programs": 24.404761899999997, "sp_philhealth": 24.404761899999997, "water_toilet": 7.738095238, "shelter_makeshift_nhts": 14.28571429, "food_malnourished": "", "health_child_death": "", "health_maternal_death": "", "he_flood": 0.0, "he_volcano": 0.0, "he_landslide": 0.0, "he_earthquake": 0.0}, "PH083744010": {"Water_Prop": 27.472527000000003, "Food_Prop": 95.454545, "Shelter_Prop": 2.7472529999999997, "Health_Prop": 68.164794, "Education_Prop": 0.568182, "Work_Prop": 56.203008, "Peace_Prop": 0.0, "Participation_Prop": 82.492582, "SocialProtection_Prop": 98.41740899999999, "Environment_Prop": 29.344958000000002, "shelter_electricity": 15.38461538, "health_center_attendance": 68.16479401, "work_farms": 12.01716738, "work_unskilled": 40.77253219, "health_programs": 21.97802198, "sp_philhealth": 21.97802198, "water_toilet": 19.78021978, "shelter_makeshift_nhts": 10.43956044, "food_malnourished": "", "health_child_death": "", "health_maternal_death": "", "he_flood": 0.0, "he_volcano": 0.0, "he_landslide": 0.0, "he_earthquake": 0.0}, "PH083744011": {"Water_Prop": 37.5, "Food_Prop": 69.44444399999999, "Shelter_Prop": 0.625, "Health_Prop": 80.79096, "Education_Prop": 2.7972029999999997, "Work_Prop": 53.971486999999996, "Peace_Prop": 0.0, "Participation_Prop": 87.610619, "SocialProtection_Prop": 98.482933, "Environment_Prop": 20.407165, "shelter_electricity": 14.375, "health_center_attendance": 80.79096045, "work_farms": 9.292035398, "work_unskilled": 52.21238938, "health_programs": 27.5, "sp_philhealth": 27.5, "water_toilet": 11.875, "shelter_makeshift_nhts": 6.875, "food_malnourished": "", "health_child_death": "", "health_maternal_death": "", "he_flood": 0.0, "he_volcano": 0.0, "he_landslide": 0.0,