{"PH086413001": {"water_access": 1.3157889999999999, "food_tenure": 27.027027, "shelter_informal_settlers_nhts": 0.0, "health_center_attendance": 55.858311, "educ_outofschool_all": 22.666667, "work_unemployment": 66.159696, "po_conflict": 0.0, "participation_assembly_attendance": 87.234043, "sp_sss": 98.480243, "he_risk": 8.643688000000001, "shelter_electricity": 15.78947368, "health_center_attendance.1": 55.85831063, "work_farms": 32.58426966, "work_unskilled": 23.59550562, "health_programs": 59.21052632, "sp_philhealth": 59.21052632, "water_toilet": 2.631578947, "shelter_makeshift_nhts": 0.657894737, "food_malnourished": 7.099999900000001, "health_child_death": 0.0, "health_maternal_death": 0.0, "he_flood": 0.0, "he_volcano": 0.0, "he_landslide": 0.002639, "he_earthquake": 0.0, "name": "Anislagon"}, "PH086413002": {"water_access": 0.0, "food_tenure": 49.264706, "shelter_informal_settlers_nhts": 0.5780350000000001, "health_center_attendance": 58.640227, "educ_outofschool_all": 25.0, "work_unemployment": 60.081466000000006, "po_conflict": 0.0, "participation_assembly_attendance": 85.733333, "sp_sss": 99.2, "he_risk": 8.42624, "shelter_electricity": 5.202312139, "health_center_attendance.1": 58.64022663, "work_farms": 33.67346939, "work_unskilled": 20.40816327, "health_programs": 46.24277457, "sp_philhealth": 46.24277457, "water_toilet": 0.5780346820000001, "shelter_makeshift_nhts": 0.28901734100000004, "food_malnourished": 17.0, "health_child_death": 1.3, "health_maternal_death": 0.0, "he_flood": 0.0, "he_volcano": 0.0, "he_landslide": 0.002639, "he_earthquake": 0.0, "name": "Bongbong"}, "PH086413003": {"water_access": 0.48076899999999995, "food_tenure": 68.181818, "shelter_informal_settlers_nhts": 0.48076899999999995, "health_center_attendance": 57.906977000000005, "educ_outofschool_all": 7.103825, "work_unemployment": 57.686212, "po_conflict": 0.0, "participation_assembly_attendance": 91.811024, "sp_sss": 98.897638, "he_risk": 8.658623, "shelter_electricity": 8.173076923, "health_center_attendance.1": 57.90697674, "work_farms": 17.97752809, "work_unskilled": 25.84269663, "health_programs": 47.11538462, "sp_philhealth": 47.11538462, "water_toilet": 3.8461538460000004, "shelter_makeshift_nhts": 1.201923077, "food_malnourished": 14.6, "health_child_death": 0.0, "health_maternal_death": 0.0, "he_flood": 0.0, "he_volcano": 0.0, "he_landslide": 0.0, "he_earthquake": 0.0, "name": "Central (Pob.)"}, "PH086413004": {"water_access": 11.926606, "food_tenure": 71.42857099999999, "shelter_informal_settlers_nhts": 0.0, "health_center_attendance": 39.976134, "educ_outofschool_all": 1.851852, "work_unemployment": 59.06822, "po_conflict": 0.458716, "participation_assembly_attendance": 82.452642, "sp_sss": 98.504487, "he_risk": 8.468779, "shelter_electricity": 11.00917431, "health_center_attendance.1": 39.97613365, "work_farms": 28.45528455, "work_unskilled": 22.76422764, "health_programs": 38.53211009, "sp_philhealth": 38.53211009, "water_toilet": 3.6697247710000003, "shelter_makeshift_nhts": 0.0, "food_malnourished": 10.7, "health_child_death": 2.4000001, "health_maternal_death": 0.0, "he_flood": 0.0, "he_volcano": 0.0, "he_landslide": 0.002639, "he_earthquake": 0.0, "name": "Dakit (Pob.)"}, "PH086413005": {"water_access": 0.917431, "food_tenure": 14.285714000000002, "shelter_informal_settlers_nhts": 0.917431, "health_center_attendance": 49.519231, "educ_outofschool_all": 25.531914999999998, "work_unemployment": 58.561643999999994, "po_conflict": 0.917431, "participation_assembly_attendance": 85.611511, "sp_sss": 98.741007, "he_risk": 8.469824000000001, "shelter_electricity": 0.0, "health_center_attendance.1": 49.51923077, "work_farms": 27.27272727, "work_unskilled": 12.39669421, "health_programs": 44.03669725, "sp_philhealth": 44.03669725, "water_toilet": 1.834862385, "shelter_makeshift_nhts": 0.917431193, "food_malnourished": 9.3000002, "health_child_death": 0.0, "health_maternal_death": 0.0, "he_flood": 0.0, "he_volcano": 0.0, "he_landslide": 0.000792, "he_earthquake": 0.0, "name": "Habay"}, "PH086413006": {"water_access": 1.4354069999999999, "food_tenure": 23.287671, "shelter_informal_settlers_nhts": 0.956938, "health_center_attendance": 56.167979, "educ_outofschool_all": 1.149425, "work_unemployment": 62.570888000000004, "po_conflict": 0.0, "participation_assembly_attendance": 80.94028, "sp_sss": 98.348158, "he_risk": 8.276809, "shelter_electricity": 4.784688995, "health_center_attendance.1": 56.167979, "work_farms": 23.23232323, "work_unskilled": 25.75757576, "health_programs": 33.01435407, "sp_philhealth": 33.01435407, "water_toilet": 2.870813397, "shelter_makeshift_nhts": 0.9569377990000001, "food_malnourished": 14.7, "health_child_death": 0.0, "health_maternal_death": 0.0, "he_flood": 0.0, "he_volcano": 0.0, "he_landslide": 0.011085, "he_earthquake": 0.0, "name": "Marayag"}, "PH086413007": {"water_access": 6.451613, "food_tenure": 18.867925, "shelter_informal_settlers_nhts": 0.0, "health_center_attendance": 60.72144300000001, "educ_outofschool_all": 19.642857, "work_unemployment": 61.318052, "po_conflict": 0.0, "participation_assembly_attendance": 89.71486800000001, "sp_sss": 99.490835, "he_risk": 1.785782, "shelter_electricity": 7.258064516, "health_center_attendance.1": 60.72144289, "work_farms": 39.25925926, "work_unskilled": 12.59259259, "health_programs": 46.77419355, "sp_philhealth": 46.77419355, "water_toilet": 5.64516129, "shelter_makeshift_nhts": 1.2096774190000001, "food_malnourished": 8.1000004, "health_child_death": 0.0, "health_maternal_death": 0.0, "he_flood": 0.0, "he_volcano": 0.0, "he_landslide": 0.000264, "he_earthquake": 0.0, "name": "Napantao"}, "PH086413008": {"water_access": 0.574713, "food_tenure": 61.111111, "shelter_informal_settlers_nhts": 0.0, "health_center_attendance": 61.878453, "educ_outofschool_all": 3.267974, "work_unemployment": 55.870445, "po_conflict": 0.574713, "participation_assembly_attendance": 89.82360899999999, "sp_sss": 99.321574, "he_risk": 8.267267, "shelter_electricity": 13.2183908, "health_center_attendance.1": 61.87845304, "work_farms": 35.32110092, "work_unskilled": 25.229357800000002, "health_programs": 25.28735632, "sp_philhealth": 25.28735632, "water_toilet": 0.574712644, "shelter_makeshift_nhts": 0.574712644, "food_malnourished": 29.6, "health_child_death": 0.0, "health_maternal_death": 0.0, "he_flood": 0.0, "he_volcano": 0.0, "he_landslide": 0.011085, "he_earthquake": 0.0, "name": "Pinamudlan"}, "PH086413009": {"water_access": 0.5988020000000001, "food_tenure": 37.5, "shelter_informal_settlers_nhts": 1.197605, "health_center_attendance": 55.64784100000001, "educ_outofschool_all": 13.207547, "work_unemployment": 59.913793000000005, "po_conflict": 0.0, "participation_assembly_attendance": 90.89635899999999, "sp_sss": 97.75910400000001, "he_risk": 8.3944, "shelter_electricity": 10.17964072, "health_center_attendance.1": 55.64784053, "work_farms": 21.50537634, "work_unskilled": 21.50537634, "health_programs": 49.700598799999995, "sp_philhealth": 49.700598799999995, "water_toilet": 1.19760479, "shelter_makeshift_nhts": 0.598802395, "food_malnourished": 4.3000002, "health_child_death": 0.0, "health_maternal_death": 0.0, "he_flood": 0.0, "he_volcano": 0.0, "he_landslide": 0.000792, "he_earthquake": 0.0, "name": "Santa Paz Norte"}, "PH086413010": {"water_access": 0.0, "food_tenure": 21.875, "shelter_informal_settlers_nhts": 0.0, "health_center_attendance": 62.98850600000001, "educ_outofschool_all": 31.25, "work_unemployment": 62.214983999999994, "po_conflict": 0.0, "participation_assembly_attendance": 81.94130899999999, "sp_sss": 98.871332, "he_risk": 0.012919, "shelter_electricity": 6.8627450979999995, "health_center_attendance.1": 62.98850575, "work_farms": 21.55172414, "work_unskilled": 25.86206897, "health_programs": 50.98039216, "sp_philhealth": 50.98039216, "water_toilet": 0.980392157, "shelter_makeshift_nhts": 0.980392157, "food_malnourished": 0.0, "health_child_death": 0.0,