{"PH084820001": {"water_access": 20.253165, "food_tenure": 72.413793, "shelter_informal_settlers_nhts": 8.438819, "health_center_attendance": 57.083332999999996, "educ_outofschool_all": 7.210031, "work_unemployment": 52.387640000000005, "po_conflict": 33.333333, "participation_assembly_attendance": 94.428152, "sp_sss": 99.120235, "he_risk": 0.326781, "shelter_electricity": 18.98734177, "health_center_attendance.1": 57.08333333, "work_farms": 51.32743363, "work_unskilled": 22.71386431, "health_programs": 42.19409283, "sp_philhealth": 42.19409283, "water_toilet": 37.55274262, "shelter_makeshift_nhts": 2.7426160339999996, "food_malnourished": 0.0, "health_child_death": "", "health_maternal_death": 0.0, "he_flood": 0.0, "he_volcano": 0.0, "he_landslide": 0.001584, "he_earthquake": 0.0, "name": "Balnasan"}, "PH084820002": {"water_access": 1.324503, "food_tenure": 91.304348, "shelter_informal_settlers_nhts": 3.311258, "health_center_attendance": 98.878924, "educ_outofschool_all": 6.048387, "work_unemployment": 54.69061899999999, "po_conflict": 4.635762000000001, "participation_assembly_attendance": 89.673913, "sp_sss": 99.673913, "he_risk": 2.8622009999999998, "shelter_electricity": 29.8013245, "health_center_attendance.1": 98.87892377, "work_farms": 41.85022026, "work_unskilled": 33.03964758, "health_programs": 53.64238411, "sp_philhealth": 53.64238411, "water_toilet": 21.19205298, "shelter_makeshift_nhts": 5.629139072999999, "food_malnourished": 1.8867900000000002, "health_child_death": "", "health_maternal_death": 0.0, "he_flood": 0.0, "he_volcano": 0.0, "he_landslide": 0.001584, "he_earthquake": 0.0, "name": "Balud"}, "PH084820003": {"water_access": 1.655629, "food_tenure": 18.181818, "shelter_informal_settlers_nhts": 16.225166, "health_center_attendance": 97.21514, "educ_outofschool_all": 10.479705000000001, "work_unemployment": 54.472329, "po_conflict": 2.428256, "participation_assembly_attendance": 96.71630400000001, "sp_sss": 99.15998499999999, "he_risk": 3.5365339999999996, "shelter_electricity": 20.41942605, "health_center_attendance.1": 97.21514022, "work_farms": 36.74911661, "work_unskilled": 22.40282686, "health_programs": 63.24503311, "sp_philhealth": 63.24503311, "water_toilet": 18.10154525, "shelter_makeshift_nhts": 4.580573951, "food_malnourished": 2.5974, "health_child_death": "", "health_maternal_death": 1.0, "he_flood": 0.0, "he_volcano": 0.0, "he_landslide": 0.001584, "he_earthquake": 0.0, "name": "Bantayan"}, "PH084820004": {"water_access": 2.6402639999999997, "food_tenure": 40.0, "shelter_informal_settlers_nhts": 4.950495, "health_center_attendance": 61.236702, "educ_outofschool_all": 9.090909, "work_unemployment": 49.834983, "po_conflict": 37.293729, "participation_assembly_attendance": 94.47205, "sp_sss": 99.875776, "he_risk": 4.864546, "shelter_electricity": 10.2310231, "health_center_attendance.1": 61.23670213, "work_farms": 47.14912281, "work_unskilled": 22.14912281, "health_programs": 47.85478548, "sp_philhealth": 47.85478548, "water_toilet": 50.82508251, "shelter_makeshift_nhts": 2.1452145209999998, "food_malnourished": 21.71946, "health_child_death": "", "health_maternal_death": 0.0, "he_flood": 0.0, "he_volcano": 0.0, "he_landslide": 0.001584, "he_earthquake": 0.07142899999999999, "name": "Coroconog"}, "PH084820005": {"water_access": 2.4390240000000003, "food_tenure": 85.0, "shelter_informal_settlers_nhts": 2.845528, "health_center_attendance": 99.297753, "educ_outofschool_all": 9.285714, "work_unemployment": 56.082725, "po_conflict": 1.2195120000000002, "participation_assembly_attendance": 96.384764, "sp_sss": 99.096191, "he_risk": 1.627708, "shelter_electricity": 21.54471545, "health_center_attendance.1": 99.29775281, "work_farms": 18.00554017, "work_unskilled": 34.07202216, "health_programs": 53.65853659, "sp_philhealth": 53.65853659, "water_toilet": 17.88617886, "shelter_makeshift_nhts": 3.658536585, "food_malnourished": 2.0100501, "health_child_death": "", "health_maternal_death": 0.0, "he_flood": 0.0, "he_volcano": 0.0, "he_landslide": 0.0, "he_earthquake": 0.0, "name": "Dale"}, "PH084820006": {"water_access": 96.315789, "food_tenure": 23.636364, "shelter_informal_settlers_nhts": 17.368420999999998, "health_center_attendance": 93.60068299999999, "educ_outofschool_all": 23.717949, "work_unemployment": 56.129985, "po_conflict": 0.526316, "participation_assembly_attendance": 89.344262, "sp_sss": "", "he_risk": 6.298676, "shelter_electricity": 23.68421053, "health_center_attendance.1": 93.60068259, "work_farms": 74.07407407, "work_unskilled": 10.77441077, "health_programs": 60.0, "sp_philhealth": 60.0, "water_toilet": 37.36842105, "shelter_makeshift_nhts": 3.157894737, "food_malnourished": 3.0973498999999998, "health_child_death": "", "health_maternal_death": 0.0, "he_flood": 0.0, "he_volcano": 0.0, "he_landslide": 0.001584, "he_earthquake": 0.14285699999999998, "name": "Ginagdanan"}, "PH084820007": {"water_access": 3.1055900000000003, "food_tenure": 0.0, "shelter_informal_settlers_nhts": 16.149068, "health_center_attendance": 98.752834, "educ_outofschool_all": 5.104408, "work_unemployment": 54.881266000000004, "po_conflict": 4.037267, "participation_assembly_attendance": 92.84974100000001, "sp_sss": 99.63730600000001, "he_risk": 3.298344, "shelter_electricity": 9.937888199, "health_center_attendance.1": 98.75283447, "work_farms": 30.604288500000003, "work_unskilled": 35.67251462, "health_programs": 60.55900621, "sp_philhealth": 60.55900621, "water_toilet": 14.28571429, "shelter_makeshift_nhts": 4.50310559, "food_malnourished": 0.0, "health_child_death": "", "health_maternal_death": 0.0, "he_flood": 0.0, "he_volcano": 0.0, "he_landslide": 0.0, "he_earthquake": 0.0, "name": "Lao-angan"}, "PH084820008": {"water_access": 80.88235300000001, "food_tenure": 20.833333, "shelter_informal_settlers_nhts": 11.029411999999999, "health_center_attendance": 50.344828, "educ_outofschool_all": 10.994764, "work_unemployment": 51.100244, "po_conflict": 44.117647, "participation_assembly_attendance": 95.94936700000001, "sp_sss": 99.873418, "he_risk": 1.444331, "shelter_electricity": 17.64705882, "health_center_attendance.1": 50.34482759, "work_farms": 67.0, "work_unskilled": 19.0, "health_programs": 52.20588235, "sp_philhealth": 52.20588235, "water_toilet": 38.97058824, "shelter_makeshift_nhts": 2.9411764710000003, "food_malnourished": 0.0, "health_child_death": "", "health_maternal_death": 0.0, "he_flood": 0.0, "he_volcano": 0.0, "he_landslide": 0.001584, "he_earthquake": 0.0, "name": "Lawaan"}, "PH084820009": {"water_access": 19.811321, "food_tenure": 28.0, "shelter_informal_settlers_nhts": 21.226415, "health_center_attendance": 92.227564, "educ_outofschool_all": 14.942529, "work_unemployment": 62.290503, "po_conflict": 2.830189, "participation_assembly_attendance": 90.92319599999999, "sp_sss": 99.61210200000001, "he_risk": 2.582368, "shelter_electricity": 24.05660377, "health_center_attendance.1": 92.2275641, "work_farms": 66.66666667, "work_unskilled": 7.407407407000001, "health_programs": 52.35849057, "sp_philhealth": 52.35849057, "water_toilet": 25.94339623, "shelter_makeshift_nhts": 10.14150943, "food_malnourished": 0.80645001, "health_child_death": "", "health_maternal_death": 0.0, "he_flood": 0.0, "he_volcano": 0.0, "he_landslide": 0.001584, "he_earthquake": 0.0, "name": "Malobago"}, "PH084820010": {"water_access": 18.122977, "food_tenure": 28.0, "shelter_informal_settlers_nhts": 16.18123, "health_center_attendance": 58.064516000000005, "educ_outofschool_all": 7.710843, "work_unemployment": 58.061002, "po_conflict": 36.245955, "participation_assembly_attendance": 97.511312, "sp_sss": 99.773756, "he_risk": 2.297177, "shelter_electricity": 35.9223301, "health_center_attendance.1": 58.06451613, "work_farms": 69.09090909, "work_unskilled": 10.12987013, "health_programs": 62.78317152, "sp_philhealth": 62.78317152, "water_toilet": 48.54368932, "shelter_makeshift_nhts": 2.2653721680000003, "food_malnourished": 0.0,