{"PH084820001": {"Water_Prop": 20.253165, "Food_Prop": 72.413793, "Shelter_Prop": 8.438819, "Health_Prop": 57.083332999999996, "Education_Prop": 7.210031, "Work_Prop": 52.387640000000005, "Peace_Prop": 33.333333, "Participation_Prop": 94.428152, "SocialProtection_Prop": 99.120235, "Environment_Prop": 0.326781, "shelter_electricity": 18.98734177, "health_center_attendance": 57.08333333, "work_farms": 51.32743363, "work_unskilled": 22.71386431, "health_programs": 42.19409283, "sp_philhealth": 42.19409283, "water_toilet": 37.55274262, "shelter_makeshift_nhts": 2.7426160339999996, "food_malnourished": 0.0, "health_child_death": "", "health_maternal_death": 0.0, "he_flood": 0.0, "he_volcano": 0.0, "he_landslide": 0.001584, "he_earthquake": 0.0, "name": "Balnasan"}, "PH084820002": {"Water_Prop": 1.324503, "Food_Prop": 91.304348, "Shelter_Prop": 3.311258, "Health_Prop": 98.878924, "Education_Prop": 6.048387, "Work_Prop": 54.69061899999999, "Peace_Prop": 4.635762000000001, "Participation_Prop": 89.673913, "SocialProtection_Prop": 99.673913, "Environment_Prop": 2.8622009999999998, "shelter_electricity": 29.8013245, "health_center_attendance": 98.87892377, "work_farms": 41.85022026, "work_unskilled": 33.03964758, "health_programs": 53.64238411, "sp_philhealth": 53.64238411, "water_toilet": 21.19205298, "shelter_makeshift_nhts": 5.629139072999999, "food_malnourished": 1.8867900000000002, "health_child_death": "", "health_maternal_death": 0.0, "he_flood": 0.0, "he_volcano": 0.0, "he_landslide": 0.001584, "he_earthquake": 0.0, "name": "Balud"}, "PH084820003": {"Water_Prop": 1.655629, "Food_Prop": 18.181818, "Shelter_Prop": 16.225166, "Health_Prop": 97.21514, "Education_Prop": 10.479705000000001, "Work_Prop": 54.472329, "Peace_Prop": 2.428256, "Participation_Prop": 96.71630400000001, "SocialProtection_Prop": 99.15998499999999, "Environment_Prop": 3.5365339999999996, "shelter_electricity": 20.41942605, "health_center_attendance": 97.21514022, "work_farms": 36.74911661, "work_unskilled": 22.40282686, "health_programs": 63.24503311, "sp_philhealth": 63.24503311, "water_toilet": 18.10154525, "shelter_makeshift_nhts": 4.580573951, "food_malnourished": 2.5974, "health_child_death": "", "health_maternal_death": 1.0, "he_flood": 0.0, "he_volcano": 0.0, "he_landslide": 0.001584, "he_earthquake": 0.0, "name": "Bantayan"}, "PH084820004": {"Water_Prop": 2.6402639999999997, "Food_Prop": 40.0, "Shelter_Prop": 4.950495, "Health_Prop": 61.236702, "Education_Prop": 9.090909, "Work_Prop": 49.834983, "Peace_Prop": 37.293729, "Participation_Prop": 94.47205, "SocialProtection_Prop": 99.875776, "Environment_Prop": 4.864546, "shelter_electricity": 10.2310231, "health_center_attendance": 61.23670213, "work_farms": 47.14912281, "work_unskilled": 22.14912281, "health_programs": 47.85478548, "sp_philhealth": 47.85478548, "water_toilet": 50.82508251, "shelter_makeshift_nhts": 2.1452145209999998, "food_malnourished": 21.71946, "health_child_death": "", "health_maternal_death": 0.0, "he_flood": 0.0, "he_volcano": 0.0, "he_landslide": 0.001584, "he_earthquake": 0.07142899999999999, "name": "Coroconog"}, "PH084820005": {"Water_Prop": 2.4390240000000003, "Food_Prop": 85.0, "Shelter_Prop": 2.845528, "Health_Prop": 99.297753, "Education_Prop": 9.285714, "Work_Prop": 56.082725, "Peace_Prop": 1.2195120000000002, "Participation_Prop": 96.384764, "SocialProtection_Prop": 99.096191, "Environment_Prop": 1.627708, "shelter_electricity": 21.54471545, "health_center_attendance": 99.29775281, "work_farms": 18.00554017, "work_unskilled": 34.07202216, "health_programs": 53.65853659, "sp_philhealth": 53.65853659, "water_toilet": 17.88617886, "shelter_makeshift_nhts": 3.658536585, "food_malnourished": 2.0100501, "health_child_death": "", "health_maternal_death": 0.0, "he_flood": 0.0, "he_volcano": 0.0, "he_landslide": 0.0, "he_earthquake": 0.0, "name": "Dale"}, "PH084820006": {"Water_Prop": 96.315789, "Food_Prop": 23.636364, "Shelter_Prop": 17.368420999999998, "Health_Prop": 93.60068299999999, "Education_Prop": 23.717949, "Work_Prop": 56.129985, "Peace_Prop": 0.526316, "Participation_Prop": 89.344262, "SocialProtection_Prop": "", "Environment_Prop": 6.298676, "shelter_electricity": 23.68421053, "health_center_attendance": 93.60068259, "work_farms": 74.07407407, "work_unskilled": 10.77441077, "health_programs": 60.0, "sp_philhealth": 60.0, "water_toilet": 37.36842105, "shelter_makeshift_nhts": 3.157894737, "food_malnourished": 3.0973498999999998, "health_child_death": "", "health_maternal_death": 0.0, "he_flood": 0.0, "he_volcano": 0.0, "he_landslide": 0.001584, "he_earthquake": 0.14285699999999998, "name": "Ginagdanan"}, "PH084820007": {"Water_Prop": 3.1055900000000003, "Food_Prop": 0.0, "Shelter_Prop": 16.149068, "Health_Prop": 98.752834, "Education_Prop": 5.104408, "Work_Prop": 54.881266000000004, "Peace_Prop": 4.037267, "Participation_Prop": 92.84974100000001, "SocialProtection_Prop": 99.63730600000001, "Environment_Prop": 3.298344, "shelter_electricity": 9.937888199, "health_center_attendance": 98.75283447, "work_farms": 30.604288500000003, "work_unskilled": 35.67251462, "health_programs": 60.55900621, "sp_philhealth": 60.55900621, "water_toilet": 14.28571429, "shelter_makeshift_nhts": 4.50310559, "food_malnourished": 0.0, "health_child_death": "", "health_maternal_death": 0.0, "he_flood": 0.0, "he_volcano": 0.0, "he_landslide": 0.0, "he_earthquake": 0.0, "name": "Lao-angan"}, "PH084820008": {"Water_Prop": 80.88235300000001, "Food_Prop": 20.833333, "Shelter_Prop": 11.029411999999999, "Health_Prop": 50.344828, "Education_Prop": 10.994764, "Work_Prop": 51.100244, "Peace_Prop": 44.117647, "Participation_Prop": 95.94936700000001, "SocialProtection_Prop": 99.873418, "Environment_Prop": 1.444331, "shelter_electricity": 17.64705882, "health_center_attendance": 50.34482759, "work_farms": 67.0, "work_unskilled": 19.0, "health_programs": 52.20588235, "sp_philhealth": 52.20588235, "water_toilet": 38.97058824, "shelter_makeshift_nhts": 2.9411764710000003, "food_malnourished": 0.0, "health_child_death": "", "health_maternal_death": 0.0, "he_flood": 0.0, "he_volcano": 0.0, "he_landslide": 0.001584, "he_earthquake": 0.0, "name": "Lawaan"}, "PH084820009": {"Water_Prop": 19.811321, "Food_Prop": 28.0, "Shelter_Prop": 21.226415, "Health_Prop": 92.227564, "Education_Prop": 14.942529, "Work_Prop": 62.290503, "Peace_Prop": 2.830189, "Participation_Prop": 90.92319599999999, "SocialProtection_Prop": 99.61210200000001, "Environment_Prop": 2.582368, "shelter_electricity": 24.05660377, "health_center_attendance": 92.2275641, "work_farms": 66.66666667, "work_unskilled": 7.407407407000001, "health_programs": 52.35849057, "sp_philhealth": 52.35849057, "water_toilet": 25.94339623, "shelter_makeshift_nhts": 10.14150943, "food_malnourished": 0.80645001, "health_child_death": "", "health_maternal_death": 0.0, "he_flood": 0.0, "he_volcano": 0.0, "he_landslide": 0.001584, "he_earthquake": 0.0, "name": "Malobago"}, "PH084820010": {"Water_Prop": 18.122977, "Food_Prop": 28.0, "Shelter_Prop": 16.18123, "Health_Prop": 58.064516000000005, "Education_Prop": 7.710843, "Work_Prop": 58.061002, "Peace_Prop": 36.245955, "Participation_Prop": 97.511312, "SocialProtection_Prop": 99.773756, "Environment_Prop": 2.297177, "shelter_electricity": 35.9223301, "health_center_attendance": 58.06451613, "work_farms": 69.09090909, "work_unskilled": 10.12987013, "health_programs": 62.78317152, "sp_philhealth": 62.78317152, "water_toilet": 48.54368932, "shelter_makeshift_nhts": 2.2653721680000003, "food_malnourished": 0.0, "health_child_death": "", "health_maternal_death": 0.0, "he_flood": 0.0, "he_volcano": 0.0, "he_landslide": 0.001584, "he_earthquake": 0.0, "name": "Pagsang-an"}, "PH084820011": {"Water_Prop": 1.4044940000000001, "Food_Prop": 20.0, "Shelter_Prop": 3.230337, "Health_Prop": 62.143451, "Education_Prop": 7.392996000000001, "Work_Prop": 49.857414, "Peace_Prop": 32.584270000000004, "Participation_Prop": 98.78428000000001,