{"PH084816001": {"water_access": 23.809524, "food_tenure": 46.666667, "shelter_informal_settlers_nhts": 0.0, "health_center_attendance": 20.535714000000002, "educ_outofschool_all": 1.492537, "work_unemployment": 57.777778000000005, "po_conflict": 33.333333, "participation_assembly_attendance": 84.83754499999999, "sp_sss": 99.638989, "he_risk": 1.437094, "shelter_electricity": 35.71428571, "health_center_attendance.1": 20.53571429, "work_farms": 54.38596491, "work_unskilled": 26.31578947, "health_programs": 16.66666667, "sp_philhealth": 16.66666667, "water_toilet": 4.7619047619999995, "shelter_makeshift_nhts": 5.952380952, "food_malnourished": 0.0, "health_child_death": "", "health_maternal_death": 0.0, "he_flood": 0.0, "he_volcano": 0.0, "he_landslide": 0.0, "he_earthquake": 0.07142899999999999, "name": "Aguada"}, "PH084816002": {"water_access": 45.106383, "food_tenure": 27.272727000000003, "shelter_informal_settlers_nhts": 3.4042550000000005, "health_center_attendance": 14.371773000000001, "educ_outofschool_all": 1.791045, "work_unemployment": 51.239669, "po_conflict": 2.978723, "participation_assembly_attendance": 93.579454, "sp_sss": 99.277689, "he_risk": 0.28791, "shelter_electricity": 19.57446809, "health_center_attendance.1": 14.37177281, "work_farms": 32.76836158, "work_unskilled": 32.20338983, "health_programs": 17.0212766, "sp_philhealth": 17.0212766, "water_toilet": 5.9574468089999995, "shelter_makeshift_nhts": 1.276595745, "food_malnourished": 3.2432401, "health_child_death": "", "health_maternal_death": 0.0, "he_flood": 0.0, "he_volcano": 0.0, "he_landslide": 0.0, "he_earthquake": 0.0, "name": "Buenavista"}, "PH084816003": {"water_access": 77.5, "food_tenure": 91.666667, "shelter_informal_settlers_nhts": 0.833333, "health_center_attendance": 26.955075, "educ_outofschool_all": 5.7692309999999996, "work_unemployment": 53.719007999999995, "po_conflict": 30.833333000000003, "participation_assembly_attendance": 84.448463, "sp_sss": 99.276673, "he_risk": 0.005804999999999999, "shelter_electricity": 17.5, "health_center_attendance.1": 26.95507488, "work_farms": 45.23809524, "work_unskilled": 26.78571429, "health_programs": 12.5, "sp_philhealth": 12.5, "water_toilet": 7.5, "shelter_makeshift_nhts": 5.0, "food_malnourished": 0.0, "health_child_death": "", "health_maternal_death": 0.0, "he_flood": 0.0, "he_volcano": 0.0, "he_landslide": 0.0, "he_earthquake": 0.0, "name": "Jamoog"}, "PH084816005": {"water_access": 29.323308, "food_tenure": 73.333333, "shelter_informal_settlers_nhts": 2.255639, "health_center_attendance": 33.800841999999996, "educ_outofschool_all": 4.347826, "work_unemployment": 53.026633999999994, "po_conflict": 31.578946999999996, "participation_assembly_attendance": 91.2, "sp_sss": 98.8, "he_risk": 0.001294, "shelter_electricity": 30.82706767, "health_center_attendance.1": 33.80084151, "work_farms": 47.93814433, "work_unskilled": 23.71134021, "health_programs": 10.52631579, "sp_philhealth": 10.52631579, "water_toilet": 6.015037594, "shelter_makeshift_nhts": 3.007518797, "food_malnourished": 0.0, "health_child_death": "", "health_maternal_death": 0.0, "he_flood": 0.0, "he_volcano": 0.0, "he_landslide": 0.0, "he_earthquake": 0.0, "name": "Ligaya"}, "PH084816006": {"water_access": 28.484848, "food_tenure": "", "shelter_informal_settlers_nhts": 0.0, "health_center_attendance": 11.651729, "educ_outofschool_all": 0.0, "work_unemployment": 53.088803000000006, "po_conflict": 46.060606, "participation_assembly_attendance": 89.869609, "sp_sss": 98.595787, "he_risk": 0.310523, "shelter_electricity": 8.484848485, "health_center_attendance.1": 11.65172855, "work_farms": 16.87242798, "work_unskilled": 39.50617284, "health_programs": 9.090909091, "sp_philhealth": 9.090909091, "water_toilet": 7.272727272999999, "shelter_makeshift_nhts": 1.8181818180000002, "food_malnourished": 0.68493003, "health_child_death": "", "health_maternal_death": 0.0, "he_flood": 0.0, "he_volcano": 0.0, "he_landslide": 0.001584, "he_earthquake": 0.0, "name": "Poblacion"}, "PH084816007": {"water_access": 9.740260000000001, "food_tenure": "", "shelter_informal_settlers_nhts": 0.649351, "health_center_attendance": 30.649351, "educ_outofschool_all": 2.722772, "work_unemployment": 54.153845999999994, "po_conflict": 43.506494, "participation_assembly_attendance": 96.03498499999999, "sp_sss": 98.717201, "he_risk": 8.71722, "shelter_electricity": 20.45454545, "health_center_attendance.1": 30.64935065, "work_farms": 27.06935123, "work_unskilled": 27.51677852, "health_programs": 9.415584416, "sp_philhealth": 9.415584416, "water_toilet": 8.766233766000001, "shelter_makeshift_nhts": 3.4090909089999997, "food_malnourished": 0.46729001, "health_child_death": "", "health_maternal_death": 0.0, "he_flood": 0.0, "he_volcano": 0.0, "he_landslide": 0.001584, "he_earthquake": 0.0, "name": "Salhag"}, "PH084816008": {"water_access": 16.243655, "food_tenure": 100.0, "shelter_informal_settlers_nhts": 1.522843, "health_center_attendance": 12.231558999999999, "educ_outofschool_all": 4.868914, "work_unemployment": 57.66423399999999, "po_conflict": 61.928934, "participation_assembly_attendance": 92.006395, "sp_sss": 99.360512, "he_risk": 10.253382, "shelter_electricity": 23.35025381, "health_center_attendance.1": 12.23155929, "work_farms": 36.55172414, "work_unskilled": 31.03448276, "health_programs": 6.5989847720000006, "sp_philhealth": 6.5989847720000006, "water_toilet": 8.629441624, "shelter_makeshift_nhts": 3.553299492, "food_malnourished": 0.0, "health_child_death": "", "health_maternal_death": 0.0, "he_flood": 0.0, "he_volcano": 0.0, "he_landslide": 0.001584, "he_earthquake": 0.0, "name": "San Lorenzo"}, "PH084816009": {"water_access": 81.25, "food_tenure": 100.0, "shelter_informal_settlers_nhts": 0.0, "health_center_attendance": 26.200873, "educ_outofschool_all": 2.061856, "work_unemployment": 55.610973, "po_conflict": 32.03125, "participation_assembly_attendance": 89.20187800000001, "sp_sss": 99.530516, "he_risk": 10.560845, "shelter_electricity": 17.1875, "health_center_attendance.1": 26.20087336, "work_farms": 27.52808989, "work_unskilled": 35.39325843, "health_programs": 10.15625, "sp_philhealth": 10.15625, "water_toilet": 6.25, "shelter_makeshift_nhts": 6.25, "food_malnourished": 0.0, "health_child_death": "", "health_maternal_death": 0.0, "he_flood": 0.0, "he_volcano": 0.0, "he_landslide": 0.001584, "he_earthquake": 0.0, "name": "Bantolinao"}, "PH084816010": {"water_access": 52.173913, "food_tenure": 100.0, "shelter_informal_settlers_nhts": 2.028986, "health_center_attendance": 6.796117, "educ_outofschool_all": 2.845528, "work_unemployment": 55.503293000000006, "po_conflict": 50.434783, "participation_assembly_attendance": 96.014308, "sp_sss": 99.080225, "he_risk": 10.291015, "shelter_electricity": 24.05797101, "health_center_attendance.1": 6.796116505, "work_farms": 36.36363636, "work_unskilled": 36.15221987, "health_programs": 8.695652174, "sp_philhealth": 8.695652174, "water_toilet": 6.956521738999999, "shelter_makeshift_nhts": 3.333333333, "food_malnourished": 0.0, "health_child_death": "", "health_maternal_death": 3.8461537000000003, "he_flood": 0.0, "he_volcano": 0.0, "he_landslide": 0.001584, "he_earthquake": 0.0, "name": "Commonwealth"}, "PH084816011": {"water_access": 59.574468, "food_tenure": 55.172414, "shelter_informal_settlers_nhts": 15.425532, "health_center_attendance": 7.563851, "educ_outofschool_all": 4.0133779999999994, "work_unemployment": 49.739129999999996, "po_conflict": 0.5319149999999999, "participation_assembly_attendance": 90.877993, "sp_sss": 99.657925, "he_risk": 1.444692, "shelter_electricity": 61.70212766, "health_center_attendance.1": 7.563850688, "work_farms": 66.43598616, "work_unskilled": 11.07266436, "health_programs": 29.78723404, "sp_philhealth": 29.78723404, "water_toilet": 12.76595745, "shelter_makeshift_nhts": 1.595744681, "food_malnourished": 2.1977999, "health_child_death": "", "health_maternal_death": 0.0, "he_flood": 0.0, "he_volcano": 0.0,