{"PH083714001": {"Water_Prop": 48.177083, "Food_Prop": 29.591836999999998, "Shelter_Prop": 5.2083330000000005, "Health_Prop": 72.963186, "Education_Prop": 8.375635, "Work_Prop": 63.030888, "Peace_Prop": 1.822917, "Participation_Prop": 93.152375, "SocialProtection_Prop": 98.951265, "Environment_Prop": 0.235659, "shelter_electricity": 29.94791667, "health_center_attendance": 72.96318648, "work_farms": 31.07049608, "work_unskilled": 35.50913838, "health_programs": 66.40625, "sp_philhealth": 66.40625, "water_toilet": 9.375, "shelter_makeshift_nhts": 4.947916667, "food_malnourished": "", "health_child_death": "", "health_maternal_death": "", "he_flood": 0.0, "he_volcano": 0.0, "he_landslide": 0.007443000000000001, "he_earthquake": 0.0, "name": "Balucanad"}, "PH083714002": {"Water_Prop": 57.512116000000006, "Food_Prop": 8.333333, "Shelter_Prop": 4.361873999999999, "Health_Prop": 74.970986, "Education_Prop": 12.743363, "Work_Prop": 62.304574, "Peace_Prop": 8.562197, "Participation_Prop": 93.439153, "SocialProtection_Prop": 98.80070500000001, "Environment_Prop": 8.720403999999998, "shelter_electricity": 21.64781906, "health_center_attendance": 74.97098646, "work_farms": 33.48694316, "work_unskilled": 24.88479263, "health_programs": 66.72051696, "sp_philhealth": 66.72051696, "water_toilet": 13.24717286, "shelter_makeshift_nhts": 9.369951535, "food_malnourished": "", "health_child_death": "", "health_maternal_death": "", "he_flood": 0.0, "he_volcano": 0.0, "he_landslide": 0.001056, "he_earthquake": 0.0, "name": "Balud"}, "PH083714003": {"Water_Prop": 48.837209, "Food_Prop": 7.692308000000001, "Shelter_Prop": 20.930232999999998, "Health_Prop": 100.0, "Education_Prop": 28.26087, "Work_Prop": 64.224138, "Peace_Prop": 1.162791, "Participation_Prop": 65.311653, "SocialProtection_Prop": 99.457995, "Environment_Prop": 16.740826000000002, "shelter_electricity": 45.34883721, "health_center_attendance": 100.0, "work_farms": 59.03614458, "work_unskilled": 24.09638554, "health_programs": 77.90697674, "sp_philhealth": 77.90697674, "water_toilet": 10.46511628, "shelter_makeshift_nhts": 11.62790698, "food_malnourished": "", "health_child_death": "", "health_maternal_death": "", "he_flood": 0.0, "he_volcano": 0.0, "he_landslide": 0.001584, "he_earthquake": 0.0, "name": "Balugo"}, "PH083714004": {"Water_Prop": 15.957447, "Food_Prop": 12.5, "Shelter_Prop": 7.180851, "Health_Prop": 99.120235, "Education_Prop": 5.919662000000001, "Work_Prop": 60.230548, "Peace_Prop": 1.0638299999999998, "Participation_Prop": 91.355499, "SocialProtection_Prop": 99.283887, "Environment_Prop": 8.408875, "shelter_electricity": 38.03191489, "health_center_attendance": 99.12023459999999, "work_farms": 45.65217391, "work_unskilled": 27.77777778, "health_programs": 59.84042553, "sp_philhealth": 59.84042553, "water_toilet": 47.60638298, "shelter_makeshift_nhts": 8.244680851, "food_malnourished": "", "health_child_death": "", "health_maternal_death": "", "he_flood": 0.0, "he_volcano": 0.0, "he_landslide": 0.001584, "he_earthquake": 0.0, "name": "Cabul-an"}, "PH083714006": {"Water_Prop": 33.333333, "Food_Prop": 16.666667, "Shelter_Prop": 8.333333, "Health_Prop": 88.403361, "Education_Prop": 5.3333330000000005, "Work_Prop": 57.03125, "Peace_Prop": 6.944444, "Participation_Prop": 75.62254300000001, "SocialProtection_Prop": 99.21363000000001, "Environment_Prop": 0.154385, "shelter_electricity": 39.58333333, "health_center_attendance": 88.40336134, "work_farms": 58.78787879, "work_unskilled": 20.0, "health_programs": 60.41666667, "sp_philhealth": 60.41666667, "water_toilet": 20.83333333, "shelter_makeshift_nhts": 4.166666667, "food_malnourished": "", "health_child_death": "", "health_maternal_death": "", "he_flood": 0.0, "he_volcano": 0.0, "he_landslide": 0.009501, "he_earthquake": 0.0, "name": "Gayad"}, "PH083714007": {"Water_Prop": 22.291667, "Food_Prop": 20.0, "Shelter_Prop": 5.4166669999999995, "Health_Prop": 97.99544399999999, "Education_Prop": 8.994709, "Work_Prop": 60.830189000000004, "Peace_Prop": 2.083333, "Participation_Prop": 94.656747, "SocialProtection_Prop": 98.917822, "Environment_Prop": 8.105048, "shelter_electricity": 37.5, "health_center_attendance": 97.99544419, "work_farms": 32.75529865, "work_unskilled": 33.52601156, "health_programs": 54.79166667, "sp_philhealth": 54.79166667, "water_toilet": 36.45833333, "shelter_makeshift_nhts": 5.9375, "food_malnourished": "", "health_child_death": "", "health_maternal_death": "", "he_flood": 0.0, "he_volcano": 0.0, "he_landslide": 0.001584, "he_earthquake": 0.0, "name": "Culasian"}, "PH083714008": {"Water_Prop": 1.183432, "Food_Prop": 77.777778, "Shelter_Prop": 0.591716, "Health_Prop": 99.85632199999999, "Education_Prop": 3.8043480000000005, "Work_Prop": 58.389262, "Peace_Prop": 0.0, "Participation_Prop": 89.52234200000001, "SocialProtection_Prop": 99.845917, "Environment_Prop": 0.404898, "shelter_electricity": 53.25443787, "health_center_attendance": 99.85632184, "work_farms": 59.13978495, "work_unskilled": 11.29032258, "health_programs": 60.35502959, "sp_philhealth": 60.35502959, "water_toilet": 42.603550299999995, "shelter_makeshift_nhts": 15.088757399999999, "food_malnourished": "", "health_child_death": "", "health_maternal_death": "", "he_flood": 0.0, "he_volcano": 0.0, "he_landslide": 0.007443000000000001, "he_earthquake": 0.0, "name": "Guinadiongan"}, "PH083714009": {"Water_Prop": 32.409012, "Food_Prop": 28.813559, "Shelter_Prop": 9.012132000000001, "Health_Prop": 84.440079, "Education_Prop": 7.027817999999999, "Work_Prop": 55.446836, "Peace_Prop": 0.8665510000000001, "Participation_Prop": 92.45418599999999, "SocialProtection_Prop": 98.850162, "Environment_Prop": 8.142677, "shelter_electricity": 33.62218371, "health_center_attendance": 84.44007859, "work_farms": 34.99267936, "work_unskilled": 32.50366032, "health_programs": 45.2339688, "sp_philhealth": 45.2339688, "water_toilet": 22.01039861, "shelter_makeshift_nhts": 15.7712305, "food_malnourished": "", "health_child_death": "", "health_maternal_death": "", "he_flood": 0.0, "he_volcano": 0.0, "he_landslide": 0.001584, "he_earthquake": 0.0, "name": "Lemon"}, "PH083714010": {"Water_Prop": 44.318182, "Food_Prop": 20.0, "Shelter_Prop": 20.075758, "Health_Prop": 99.548736, "Education_Prop": 3.041825, "Work_Prop": 66.30136999999999, "Peace_Prop": 1.136364, "Participation_Prop": 86.97183100000001, "SocialProtection_Prop": 98.855634, "Environment_Prop": 0.429972, "shelter_electricity": 41.28787879, "health_center_attendance": 99.54873646, "work_farms": 75.20325203, "work_unskilled": 12.60162602, "health_programs": 67.04545455, "sp_philhealth": 67.04545455, "water_toilet": 66.28787879, "shelter_makeshift_nhts": 13.06818182, "food_malnourished": "", "health_child_death": "", "health_maternal_death": "", "he_flood": 0.0, "he_volcano": 0.0, "he_landslide": 0.009026000000000001, "he_earthquake": 0.0, "name": "Libertad"}, "PH083714011": {"Water_Prop": 44.516129, "Food_Prop": 45.901639, "Shelter_Prop": 2.580645, "Health_Prop": 84.470247, "Education_Prop": 6.741573, "Work_Prop": 53.73494, "Peace_Prop": 4.516129, "Participation_Prop": 89.61039, "SocialProtection_Prop": 98.701299, "Environment_Prop": 1.352773, "shelter_electricity": 40.64516129, "health_center_attendance": 84.47024673, "work_farms": 46.35416667, "work_unskilled": 25.0, "health_programs": 36.77419355, "sp_philhealth": 36.77419355, "water_toilet": 40.0, "shelter_makeshift_nhts": 9.35483871, "food_malnourished": "", "health_child_death": "", "health_maternal_death": "", "he_flood": 0.0, "he_volcano": 0.0, "he_landslide": 0.007443000000000001, "he_earthquake": 0.0, "name": "Manloy"}, "PH083714012": {"Water_Prop": 57.657658, "Food_Prop": 26.923077000000003, "Shelter_Prop": 6.306306, "Health_Prop": 85.503686, "Education_Prop": 7.142857000000001, "Work_Prop": 62.121212, "Peace_Prop": 0.9009010000000001, "Participation_Prop": 80.779944, "SocialProtection_Prop": 98.88579399999999, "Environment_Prop": 0.143989, "shelter_electricity": 35.13513514,