{"PH098303001": {"water_access": 18.965517000000002, "food_tenure": 90.967742, "shelter_informal_settlers_nhts": 4.525862, "health_center_attendance": 82.001756, "educ_outofschool_all": 21.837088, "work_unemployment": 56.798867, "po_conflict": 0.21551700000000001, "participation_assembly_attendance": "", "sp_sss": 0.37830999999999904, "he_risk": 11.611526, "shelter_electricity": 39.00862069, "health_center_attendance.1": 82.00175593, "work_farms": 17.70491803, "work_unskilled": 65.40983607, "health_programs": 42.24137931, "sp_philhealth": 57.75862069, "water_toilet": 12.5, "shelter_makeshift_nhts": 2.909482759, "food_malnourished": "", "health_child_death": "", "health_maternal_death": "", "he_flood": 0.0, "he_volcano": 0.0, "he_landslide": 0.001056, "he_earthquake": 0.0, "name": "Balangao"}, "PH098303003": {"water_access": 6.23053, "food_tenure": 85.08771899999999, "shelter_informal_settlers_nhts": 13.084112, "health_center_attendance": 82.266372, "educ_outofschool_all": 4.8701300000000005, "work_unemployment": 53.442240000000005, "po_conflict": 0.0, "participation_assembly_attendance": "", "sp_sss": 0.8244020000000063, "he_risk": 16.157057000000002, "shelter_electricity": 26.79127726, "health_center_attendance.1": 82.26637233, "work_farms": 14.78696742, "work_unskilled": 70.17543859999999, "health_programs": 49.84423676, "sp_philhealth": 50.15576324, "water_toilet": 9.657320872, "shelter_makeshift_nhts": 3.894080997, "food_malnourished": "", "health_child_death": "", "health_maternal_death": "", "he_flood": 0.0, "he_volcano": 0.0, "he_landslide": 0.0, "he_earthquake": 0.0, "name": "Pilar"}, "PH098303004": {"water_access": 61.702128, "food_tenure": 94.44444399999999, "shelter_informal_settlers_nhts": 3.427896, "health_center_attendance": 32.146739000000004, "educ_outofschool_all": 8.756345, "work_unemployment": 49.893208, "po_conflict": 0.236407, "participation_assembly_attendance": "", "sp_sss": 1.3863219999999927, "he_risk": 18.100177, "shelter_electricity": 12.88416076, "health_center_attendance.1": 32.14673913, "work_farms": 7.075873828, "work_unskilled": 28.21824382, "health_programs": 68.91252955, "sp_philhealth": 31.087470449999998, "water_toilet": 8.510638298, "shelter_makeshift_nhts": 0.531914894, "food_malnourished": "", "health_child_death": "", "health_maternal_death": "", "he_flood": 0.0, "he_volcano": 0.0, "he_landslide": 0.001056, "he_earthquake": 0.0, "name": "Poblacion (Diplahan)"}, "PH098303005": {"water_access": 44.328098, "food_tenure": 72.222222, "shelter_informal_settlers_nhts": 1.396161, "health_center_attendance": 92.621723, "educ_outofschool_all": 15.728477, "work_unemployment": 59.555815, "po_conflict": 0.17452, "participation_assembly_attendance": "", "sp_sss": 0.5666790000000077, "he_risk": 0.076458, "shelter_electricity": 39.79057592, "health_center_attendance.1": 92.62172285, "work_farms": 40.89595376, "work_unskilled": 40.89595376, "health_programs": 51.13438045, "sp_philhealth": 48.86561955, "water_toilet": 17.10296684, "shelter_makeshift_nhts": 3.3158813260000004, "food_malnourished": "", "health_child_death": "", "health_maternal_death": "", "he_flood": 0.0, "he_volcano": 0.0, "he_landslide": 0.004487, "he_earthquake": 0.0, "name": "Ditay"}, "PH098303006": {"water_access": 12.103746000000001, "food_tenure": 15.151515, "shelter_informal_settlers_nhts": 3.746398, "health_center_attendance": 83.073798, "educ_outofschool_all": 8.536585, "work_unemployment": 57.523030000000006, "po_conflict": 0.0, "participation_assembly_attendance": "", "sp_sss": 1.123595999999992, "he_risk": 16.175173, "shelter_electricity": 32.5648415, "health_center_attendance.1": 83.07379824, "work_farms": 17.8313253, "work_unskilled": 56.38554217, "health_programs": 42.07492795, "sp_philhealth": 57.92507205, "water_toilet": 6.628242075, "shelter_makeshift_nhts": 1.8731988469999998, "food_malnourished": "", "health_child_death": "", "health_maternal_death": "", "he_flood": 0.0, "he_volcano": 0.0, "he_landslide": 0.001056, "he_earthquake": 0.0, "name": "Gaulan"}, "PH098303007": {"water_access": 18.103448, "food_tenure": 65.384615, "shelter_informal_settlers_nhts": 0.8620690000000001, "health_center_attendance": 38.958333, "educ_outofschool_all": 4.5454550000000005, "work_unemployment": 50.853242, "po_conflict": 0.0, "participation_assembly_attendance": "", "sp_sss": 1.0273969999999935, "he_risk": 0.026826999999999997, "shelter_electricity": 26.72413793, "health_center_attendance.1": 38.95833333, "work_farms": 9.722222222000001, "work_unskilled": 63.19444444, "health_programs": 34.48275862, "sp_philhealth": 65.51724138, "water_toilet": 8.620689655, "shelter_makeshift_nhts": 0.0, "food_malnourished": "", "health_child_death": "", "health_maternal_death": "", "he_flood": 0.0, "he_volcano": 0.0, "he_landslide": 0.001056, "he_earthquake": 0.0, "name": "Goling"}, "PH098303008": {"water_access": 41.966894, "food_tenure": 70.95709599999999, "shelter_informal_settlers_nhts": 7.1080820000000005, "health_center_attendance": 84.38886600000001, "educ_outofschool_all": 9.966777, "work_unemployment": 55.444555, "po_conflict": 0.389484, "participation_assembly_attendance": "", "sp_sss": 0.804828999999998, "he_risk": 0.062335, "shelter_electricity": 54.81986368, "health_center_attendance.1": 84.38886648, "work_farms": 32.13751868, "work_unskilled": 48.95366218, "health_programs": 51.50925024, "sp_philhealth": 48.49074976, "water_toilet": 23.46640701, "shelter_makeshift_nhts": 0.9250243429999999, "food_malnourished": "", "health_child_death": "", "health_maternal_death": "", "he_flood": 0.0, "he_volcano": 0.0, "he_landslide": 0.0036950000000000004, "he_earthquake": 0.0, "name": "Guinoman"}, "PH098303010": {"water_access": 60.472972999999996, "food_tenure": 8.333333, "shelter_informal_settlers_nhts": 3.040541, "health_center_attendance": 44.093303000000006, "educ_outofschool_all": 5.65371, "work_unemployment": 53.007946, "po_conflict": 0.0, "participation_assembly_attendance": "", "sp_sss": 1.7261220000000037, "he_risk": 16.265662, "shelter_electricity": 15.54054054, "health_center_attendance.1": 44.09330324, "work_farms": 5.555555556, "work_unskilled": 31.40096618, "health_programs": 57.77027027, "sp_philhealth": 42.22972973, "water_toilet": 5.067567568, "shelter_makeshift_nhts": 0.0, "food_malnourished": "", "health_child_death": "", "health_maternal_death": "", "he_flood": 0.0, "he_volcano": 0.0, "he_landslide": 0.001056, "he_earthquake": 0.0, "name": "Kauswagan"}, "PH098303011": {"water_access": 54.6875, "food_tenure": 35.897436, "shelter_informal_settlers_nhts": 13.020833, "health_center_attendance": 80.856124, "educ_outofschool_all": 6.060606, "work_unemployment": 52.788844999999995, "po_conflict": 0.0, "participation_assembly_attendance": "", "sp_sss": 0.8620689999999911, "he_risk": 0.03478, "shelter_electricity": 39.0625, "health_center_attendance.1": 80.85612366, "work_farms": 21.09704641, "work_unskilled": 51.47679325, "health_programs": 47.91666667, "sp_philhealth": 52.08333333, "water_toilet": 10.41666667, "shelter_makeshift_nhts": 0.78125, "food_malnourished": "", "health_child_death": "", "health_maternal_death": "", "he_flood": 0.0, "he_volcano": 0.0, "he_landslide": 0.001056, "he_earthquake": 0.0, "name": "Lindang"}, "PH098303012": {"water_access": 62.352941, "food_tenure": 80.434783, "shelter_informal_settlers_nhts": 0.0, "health_center_attendance": 33.810888, "educ_outofschool_all": 7.317073, "work_unemployment": 50.884956, "po_conflict": 0.0, "participation_assembly_attendance": "", "sp_sss": 0.7462689999999981, "he_risk": 3.0570459999999997, "shelter_electricity": 31.76470588, "health_center_attendance.1": 33.81088825, "work_farms": 6.306306306000001, "work_unskilled": 67.56756757, "health_programs": 44.70588235, "sp_philhealth": 55.29411765, "water_toilet": 3.529411765, "shelter_makeshift_nhts": 0.0, "food_malnourished": "", "health_child_death": "", "health_maternal_death": "", "he_flood": 0.0, "he_volcano": 0.0, "he_landslide": 0.001056,