{"PH097313002": {"Water_Prop": 19.498607, "Food_Prop": 21.052632, "Shelter_Prop": 2.785515, "Health_Prop": 85.587863, "Education_Prop": 9.162303999999999, "Work_Prop": 37.247353000000004, "Peace_Prop": 0.0, "Participation_Prop": 83.215434, "SocialProtection_Prop": 98.97106099999999, "Environment_Prop": 8.109361999999999, "shelter_electricity": 41.50417827, "health_center_attendance": 85.58786346, "work_farms": 41.41104294, "work_unskilled": 18.09815951, "health_programs": 40.38997214, "sp_philhealth": 40.38997214, "water_toilet": 4.735376045, "shelter_makeshift_nhts": 0.557103064, "food_malnourished": 0.0, "health_child_death": 0.0, "health_maternal_death": 0.0, "he_flood": 0.0, "he_volcano": 0.0, "he_landslide": 0.001056, "he_earthquake": 0.0, "name": "Bulawan"}, "PH097313003": {"Water_Prop": 46.814403999999996, "Food_Prop": 85.849057, "Shelter_Prop": 2.770083, "Health_Prop": 86.543062, "Education_Prop": 10.669975, "Work_Prop": 32.792792999999996, "Peace_Prop": 1.108033, "Participation_Prop": 87.205602, "SocialProtection_Prop": 99.427116, "Environment_Prop": 0.040636, "shelter_electricity": 59.55678670000001, "health_center_attendance": 86.5430622, "work_farms": 47.05093834, "work_unskilled": 19.30294906, "health_programs": 34.07202216, "sp_philhealth": 34.07202216, "water_toilet": 16.06648199, "shelter_makeshift_nhts": 0.415512465, "food_malnourished": 0.0, "health_child_death": 0.0, "health_maternal_death": 0.0, "he_flood": 0.0, "he_volcano": 0.0, "he_landslide": 0.001056, "he_earthquake": 0.0, "name": "Carpoc"}, "PH097313004": {"Water_Prop": 15.957447, "Food_Prop": "", "Shelter_Prop": 1.595745, "Health_Prop": 88.147296, "Education_Prop": 11.374408, "Work_Prop": 45.026178, "Peace_Prop": 0.0, "Participation_Prop": 84.993532, "SocialProtection_Prop": 98.965071, "Environment_Prop": 1.265388, "shelter_electricity": 98.40425532, "health_center_attendance": 88.14729574, "work_farms": 58.73015873, "work_unskilled": 18.095238100000003, "health_programs": 28.19148936, "sp_philhealth": 28.19148936, "water_toilet": 4.255319149, "shelter_makeshift_nhts": 1.063829787, "food_malnourished": 0.0, "health_child_death": 1.1, "health_maternal_death": 0.0, "he_flood": 0.0, "he_volcano": 0.0, "he_landslide": 0.000264, "he_earthquake": 0.07142899999999999, "name": "Danganan"}, "PH097313005": {"Water_Prop": 53.714286, "Food_Prop": 33.333333, "Shelter_Prop": 1.714286, "Health_Prop": 97.16646999999999, "Education_Prop": 9.787234, "Work_Prop": 28.542509999999996, "Peace_Prop": 0.0, "Participation_Prop": 73.76058, "SocialProtection_Prop": 99.63724300000001, "Environment_Prop": 0.023873, "shelter_electricity": 66.85714286, "health_center_attendance": 97.16646989, "work_farms": 56.94050992, "work_unskilled": 15.29745042, "health_programs": 28.57142857, "sp_philhealth": 28.57142857, "water_toilet": 14.85714286, "shelter_makeshift_nhts": 0.0, "food_malnourished": 0.60000002, "health_child_death": 1.5, "health_maternal_death": 0.0, "he_flood": 0.0, "he_volcano": 0.0, "he_landslide": 0.001056, "he_earthquake": 0.0, "name": "Dansal"}, "PH097313007": {"Water_Prop": 17.948718, "Food_Prop": 91.891892, "Shelter_Prop": 2.564103, "Health_Prop": 74.80315, "Education_Prop": 15.740741, "Work_Prop": 35.670732, "Peace_Prop": 0.854701, "Participation_Prop": 78.060046, "SocialProtection_Prop": 99.307159, "Environment_Prop": 0.341954, "shelter_electricity": 41.88034188, "health_center_attendance": 74.80314961, "work_farms": 68.2464455, "work_unskilled": 12.79620853, "health_programs": 41.02564103, "sp_philhealth": 41.02564103, "water_toilet": 19.65811966, "shelter_makeshift_nhts": 0.854700855, "food_malnourished": 0.0, "health_child_death": 0.0, "health_maternal_death": 0.0, "he_flood": 0.0, "he_volcano": 0.0, "he_landslide": 0.015202, "he_earthquake": 0.0, "name": "Dumara"}, "PH097313010": {"Water_Prop": 35.078534000000005, "Food_Prop": 2.631579, "Shelter_Prop": 3.664921, "Health_Prop": 90.815155, "Education_Prop": 14.977974, "Work_Prop": 44.552529, "Peace_Prop": 0.52356, "Participation_Prop": 85.846868, "SocialProtection_Prop": 99.767981, "Environment_Prop": 1.424916, "shelter_electricity": 93.71727749, "health_center_attendance": 90.81515499, "work_farms": 51.57894737, "work_unskilled": 19.29824561, "health_programs": 28.27225131, "sp_philhealth": 28.27225131, "water_toilet": 7.329842932, "shelter_makeshift_nhts": 1.832460733, "food_malnourished": 18.5, "health_child_death": 3.0, "health_maternal_death": 0.0, "he_flood": 0.0, "he_volcano": 0.0, "he_landslide": 0.0, "he_earthquake": 0.0, "name": "Linokmadalum"}, "PH097313011": {"Water_Prop": 46.078431, "Food_Prop": 0.0, "Shelter_Prop": 4.901961, "Health_Prop": 85.828343, "Education_Prop": 14.876032999999998, "Work_Prop": 40.123457, "Peace_Prop": 0.0, "Participation_Prop": 50.465115999999995, "SocialProtection_Prop": 99.767442, "Environment_Prop": 0.142541, "shelter_electricity": 93.13725490000002, "health_center_attendance": 85.82834331, "work_farms": 58.24742268, "work_unskilled": 25.77319588, "health_programs": 28.43137255, "sp_philhealth": 28.43137255, "water_toilet": 16.66666667, "shelter_makeshift_nhts": 0.0, "food_malnourished": 6.3000002, "health_child_death": 2.7, "health_maternal_death": 0.0, "he_flood": 0.0, "he_volcano": 0.0, "he_landslide": 0.002639, "he_earthquake": 0.0, "name": "Luanan"}, "PH097313012": {"Water_Prop": 37.668161, "Food_Prop": 0.0, "Shelter_Prop": 1.345291, "Health_Prop": 87.312687, "Education_Prop": 12.408759, "Work_Prop": 38.448845, "Peace_Prop": 0.0, "Participation_Prop": 83.075523, "SocialProtection_Prop": 99.181074, "Environment_Prop": 0.070488, "shelter_electricity": 69.05829596, "health_center_attendance": 87.31268731, "work_farms": 61.12600536, "work_unskilled": 16.08579088, "health_programs": 33.632287, "sp_philhealth": 33.632287, "water_toilet": 4.484304933, "shelter_makeshift_nhts": 1.34529148, "food_malnourished": 1.3, "health_child_death": 0.0, "health_maternal_death": 0.0, "he_flood": 0.0, "he_volcano": 0.0, "he_landslide": 0.004064, "he_earthquake": 0.0, "name": "Lubusan"}, "PH097313013": {"Water_Prop": 73.214286, "Food_Prop": "", "Shelter_Prop": 2.678571, "Health_Prop": 84.361233, "Education_Prop": 14.545454999999999, "Work_Prop": 27.210884000000004, "Peace_Prop": 0.892857, "Participation_Prop": 56.167401, "SocialProtection_Prop": 99.559471, "Environment_Prop": 0.015996, "shelter_electricity": 74.10714286, "health_center_attendance": 84.36123348, "work_farms": 52.80373832, "work_unskilled": 23.36448598, "health_programs": 18.75, "sp_philhealth": 18.75, "water_toilet": 22.32142857, "shelter_makeshift_nhts": 0.892857143, "food_malnourished": 6.0999999, "health_child_death": 1.9, "health_maternal_death": 0.0, "he_flood": 0.0, "he_volcano": 0.0, "he_landslide": 0.000792, "he_earthquake": 0.0, "name": "Mahalingeb"}, "PH097313014": {"Water_Prop": 15.748031, "Food_Prop": 4.1666669999999995, "Shelter_Prop": 0.787402, "Health_Prop": 88.60759499999999, "Education_Prop": 16.428570999999998, "Work_Prop": 34.285714, "Peace_Prop": 2.362205, "Participation_Prop": 79.032258, "SocialProtection_Prop": 99.19354799999999, "Environment_Prop": 0.142269, "shelter_electricity": 96.06299213, "health_center_attendance": 88.60759494, "work_farms": 59.56521739, "work_unskilled": 17.82608696, "health_programs": 32.28346457, "sp_philhealth": 32.28346457, "water_toilet": 22.04724409, "shelter_makeshift_nhts": 4.7244094489999995, "food_malnourished": 0.0, "health_child_death": 1.6, "health_maternal_death": 0.0, "he_flood": 0.0, "he_volcano": 0.0, "he_landslide": 0.002639, "he_earthquake": 0.0, "name": "Mandeg"}, "PH097313015": {"Water_Prop": 35.333333, "Food_Prop": 100.0, "Shelter_Prop": 4.0, "Health_Prop": 88.130081, "Education_Prop": 14.197531, "Work_Prop": 34.316354, "Peace_Prop": 0.666667, "Participation_Prop": 71.95121999999999, "SocialProtection_Prop": "", "Environment_Prop": 0.06425700000000001, "shelter_electricity": 68.66666667, "health_center_attendance": 88.1300813, "work_farms": 66.93877551,