{"PH098314001": {"Water_Prop": 35.294118, "Food_Prop": 95.0, "Shelter_Prop": 4.705882, "Health_Prop": 62.729659, "Education_Prop": 12.037037, "Work_Prop": 47.706421999999996, "Peace_Prop": 0.0, "Participation_Prop": 83.806344, "SocialProtection_Prop": 99.499165, "Environment_Prop": 1.6490759999999998, "shelter_electricity": 58.82352941, "health_center_attendance": 62.72965879, "work_farms": 55.26315789, "work_unskilled": 25.43859649, "health_programs": 58.82352941, "sp_philhealth": 58.82352941, "water_toilet": 64.70588235, "shelter_makeshift_nhts": 3.529411765, "food_malnourished": 5.0, "health_child_death": 0.0, "health_maternal_death": 0.0, "he_flood": 0.0, "he_volcano": 0.0, "he_landslide": 0.0, "he_earthquake": 0.07142899999999999, "name": "Aurora"}, "PH098314002": {"Water_Prop": 66.847826, "Food_Prop": 100.0, "Shelter_Prop": 1.086957, "Health_Prop": 57.011796, "Education_Prop": 8.292683, "Work_Prop": 57.849462, "Peace_Prop": 0.0, "Participation_Prop": 94.602552, "SocialProtection_Prop": 99.70559399999999, "Environment_Prop": 2.4337880000000003, "shelter_electricity": 19.56521739, "health_center_attendance": 57.01179554, "work_farms": 54.08163265, "work_unskilled": 14.79591837, "health_programs": 54.34782609, "sp_philhealth": 54.34782609, "water_toilet": 47.282608700000004, "shelter_makeshift_nhts": 0.0, "food_malnourished": 0.0, "health_child_death": 2.1, "health_maternal_death": 0.0, "he_flood": 0.0, "he_volcano": 0.0, "he_landslide": 0.0, "he_earthquake": 0.0, "name": "Baganipay"}, "PH098314003": {"Water_Prop": 20.168067, "Food_Prop": 0.0, "Shelter_Prop": 0.0, "Health_Prop": 64.646465, "Education_Prop": 8.943089, "Work_Prop": 51.960784000000004, "Peace_Prop": 0.0, "Participation_Prop": 83.596598, "SocialProtection_Prop": 99.756987, "Environment_Prop": 0.396293, "shelter_electricity": 31.93277311, "health_center_attendance": 64.64646465, "work_farms": 57.14285714, "work_unskilled": 22.44897959, "health_programs": 60.50420168, "sp_philhealth": 60.50420168, "water_toilet": 68.06722689, "shelter_makeshift_nhts": 0.42016806700000003, "food_malnourished": 4.3, "health_child_death": 1.7, "health_maternal_death": 0.0, "he_flood": 0.0, "he_volcano": 0.0, "he_landslide": 0.000264, "he_earthquake": 0.0, "name": "Bolingan"}, "PH098314004": {"Water_Prop": 23.404255, "Food_Prop": 20.0, "Shelter_Prop": 0.0, "Health_Prop": 66.410256, "Education_Prop": 9.375, "Work_Prop": 51.315789, "Peace_Prop": 0.0, "Participation_Prop": 91.08825999999999, "SocialProtection_Prop": 99.742931, "Environment_Prop": 3.911292, "shelter_electricity": 27.65957447, "health_center_attendance": 66.41025641, "work_farms": 56.75675676, "work_unskilled": 23.42342342, "health_programs": 43.61702128, "sp_philhealth": 43.61702128, "water_toilet": 62.76595745, "shelter_makeshift_nhts": 1.595744681, "food_malnourished": 2.8, "health_child_death": 8.5, "health_maternal_death": 10.0, "he_flood": 0.0, "he_volcano": 0.0, "he_landslide": 0.0, "he_earthquake": 0.0, "name": "Bualan"}, "PH098314005": {"Water_Prop": 39.555556, "Food_Prop": 96.491228, "Shelter_Prop": 0.0, "Health_Prop": 67.564403, "Education_Prop": 8.376963, "Work_Prop": 51.979346, "Peace_Prop": 0.0, "Participation_Prop": 91.153616, "SocialProtection_Prop": 99.760909, "Environment_Prop": 0.21185, "shelter_electricity": 36.88888889, "health_center_attendance": 67.56440281, "work_farms": 38.35125448, "work_unskilled": 43.01075269, "health_programs": 51.11111111, "sp_philhealth": 51.11111111, "water_toilet": 62.22222222, "shelter_makeshift_nhts": 0.0, "food_malnourished": 1.0, "health_child_death": 0.0, "health_maternal_death": 0.0, "he_flood": 0.0, "he_volcano": 0.0, "he_landslide": 0.000264, "he_earthquake": 0.0, "name": "Cawilan"}, "PH098314006": {"Water_Prop": 49.324324, "Food_Prop": 100.0, "Shelter_Prop": 2.702703, "Health_Prop": 76.683938, "Education_Prop": 7.042254, "Work_Prop": 54.569191000000004, "Peace_Prop": 0.0, "Participation_Prop": 88.64970600000001, "SocialProtection_Prop": 99.739074, "Environment_Prop": 0.1204, "shelter_electricity": 41.21621622, "health_center_attendance": 76.68393782, "work_farms": 51.72413793, "work_unskilled": 7.471264368, "health_programs": 69.59459459, "sp_philhealth": 69.59459459, "water_toilet": 33.10810811, "shelter_makeshift_nhts": 1.013513514, "food_malnourished": 1.2, "health_child_death": 4.3, "health_maternal_death": 0.0, "he_flood": 0.0, "he_volcano": 0.0, "he_landslide": 0.0, "he_earthquake": 0.0, "name": "Florida"}, "PH098314007": {"Water_Prop": 64.49704100000001, "Food_Prop": 95.121951, "Shelter_Prop": 1.775148, "Health_Prop": 65.565438, "Education_Prop": 18.518519, "Work_Prop": 50.0, "Peace_Prop": 0.0, "Participation_Prop": 88.40490799999999, "SocialProtection_Prop": 99.815951, "Environment_Prop": 2.959404, "shelter_electricity": 36.09467456, "health_center_attendance": 65.56543837, "work_farms": 46.33027523, "work_unskilled": 33.48623853, "health_programs": 57.3964497, "sp_philhealth": 57.3964497, "water_toilet": 68.63905325, "shelter_makeshift_nhts": 1.183431953, "food_malnourished": 2.9, "health_child_death": 1.7, "health_maternal_death": 0.0, "he_flood": 0.0, "he_volcano": 0.0, "he_landslide": 0.0, "he_earthquake": 0.0, "name": "Kasigpitan"}, "PH098314008": {"Water_Prop": 24.853801, "Food_Prop": 86.885246, "Shelter_Prop": 0.584795, "Health_Prop": 63.319386, "Education_Prop": 20.424403, "Work_Prop": 54.152824, "Peace_Prop": 0.0, "Participation_Prop": 93.397478, "SocialProtection_Prop": 99.668215, "Environment_Prop": 0.130377, "shelter_electricity": 26.02339181, "health_center_attendance": 63.31938633, "work_farms": 58.21256039, "work_unskilled": 14.73429952, "health_programs": 42.98245614, "sp_philhealth": 42.98245614, "water_toilet": 43.85964912, "shelter_makeshift_nhts": 0.0, "food_malnourished": 0.0, "health_child_death": 2.0, "health_maternal_death": 0.0, "he_flood": 0.0, "he_volcano": 0.0, "he_landslide": 0.0, "he_earthquake": 0.0, "name": "Laparay"}, "PH098314009": {"Water_Prop": 68.707483, "Food_Prop": 89.285714, "Shelter_Prop": 6.122449, "Health_Prop": 62.689076, "Education_Prop": 5.737705, "Work_Prop": 58.333332999999996, "Peace_Prop": 0.680272, "Participation_Prop": 85.132743, "SocialProtection_Prop": 99.64601800000001, "Environment_Prop": 0.21055300000000002, "shelter_electricity": 33.33333333, "health_center_attendance": 62.68907563, "work_farms": 40.0, "work_unskilled": 27.27272727, "health_programs": 61.22448979999999, "sp_philhealth": 61.22448979999999, "water_toilet": 44.21768707, "shelter_makeshift_nhts": 1.7006802719999998, "food_malnourished": 1.2, "health_child_death": 0.0, "health_maternal_death": 0.0, "he_flood": 0.0, "he_volcano": 0.0, "he_landslide": 0.0, "he_earthquake": 0.0, "name": "Mahayahay"}, "PH098314010": {"Water_Prop": 72.30046899999999, "Food_Prop": 20.689655, "Shelter_Prop": 1.877934, "Health_Prop": 68.16685, "Education_Prop": 6.751055, "Work_Prop": 54.11985, "Peace_Prop": 0.0, "Participation_Prop": 94.70124, "SocialProtection_Prop": 99.88726, "Environment_Prop": 4.6609370000000006, "shelter_electricity": 33.33333333, "health_center_attendance": 68.16684962, "work_farms": 54.69387755, "work_unskilled": 26.12244898, "health_programs": 45.07042254, "sp_philhealth": 45.07042254, "water_toilet": 69.95305164, "shelter_makeshift_nhts": 0.704225352, "food_malnourished": 0.7, "health_child_death": 0.0, "health_maternal_death": 0.0, "he_flood": 0.0, "he_volcano": 0.0, "he_landslide": 0.000264, "he_earthquake": 0.0, "name": "Moalboal"}, "PH098314011": {"Water_Prop": 47.2, "Food_Prop": 93.333333, "Shelter_Prop": 1.6, "Health_Prop": 57.659574, "Education_Prop": 6.976744, "Work_Prop": 49.615975, "Peace_Prop": 0.0, "Participation_Prop": 87.5, "SocialProtection_Prop": 99.53488399999999, "Environment_Prop": 0.202351, "shelter_electricity": 30.8, "health_center_attendance": 57.65957447, "work_farms": 48.47560976, "work_unskilled": 28.04878049, "health_programs": 53.6, "sp_philhealth": 53.6, "water_toilet": 44.0, "shelter_makeshift_nhts": 1.2,