{"PH098301001": {"Water_Prop": 33.950617, "Food_Prop": 86.206897, "Shelter_Prop": 3.703704, "Health_Prop": 39.586207, "Education_Prop": 30.898876, "Work_Prop": 60.633483999999996, "Peace_Prop": 0.0, "Participation_Prop": 84.533333, "SocialProtection_Prop": 98.93333299999999, "Environment_Prop": 0.033238, "shelter_electricity": 54.32098765, "health_center_attendance": 39.58620689999999, "work_farms": 81.03448276, "work_unskilled": 6.32183908, "health_programs": 37.65432099, "sp_philhealth": 37.65432099, "water_toilet": 38.88888889, "shelter_makeshift_nhts": 4.320987654, "food_malnourished": "", "health_child_death": "", "health_maternal_death": "", "he_flood": 0.0, "he_volcano": 0.0, "he_landslide": 0.000792, "he_earthquake": 0.0}, "PH098301002": {"Water_Prop": 39.650146, "Food_Prop": 17.741935, "Shelter_Prop": 2.623907, "Health_Prop": 18.116976, "Education_Prop": 11.184211, "Work_Prop": 29.766949, "Peace_Prop": 0.291545, "Participation_Prop": 92.23684200000001, "SocialProtection_Prop": 98.94736800000001, "Environment_Prop": 0.094698, "shelter_electricity": 45.48104956, "health_center_attendance": 18.11697575, "work_farms": 39.66817496, "work_unskilled": 15.38461538, "health_programs": 34.40233236, "sp_philhealth": 34.40233236, "water_toilet": 21.86588921, "shelter_makeshift_nhts": 0.5830903789999999, "food_malnourished": "", "health_child_death": "", "health_maternal_death": "", "he_flood": 0.0, "he_volcano": 0.0, "he_landslide": 0.000792, "he_earthquake": 0.0}, "PH098301004": {"Water_Prop": 43.729904, "Food_Prop": 39.344262, "Shelter_Prop": 2.572347, "Health_Prop": 21.689498, "Education_Prop": 18.327973999999998, "Work_Prop": 58.71670699999999, "Peace_Prop": 0.0, "Participation_Prop": 89.673913, "SocialProtection_Prop": 98.98097800000001, "Environment_Prop": 0.024613999999999997, "shelter_electricity": 38.26366559, "health_center_attendance": 21.68949772, "work_farms": 52.49266862, "work_unskilled": 19.06158358, "health_programs": 40.19292605, "sp_philhealth": 40.19292605, "water_toilet": 31.83279743, "shelter_makeshift_nhts": 0.643086817, "food_malnourished": "", "health_child_death": "", "health_maternal_death": "", "he_flood": 0.0, "he_volcano": 0.0, "he_landslide": 0.000792, "he_earthquake": 0.0}, "PH098301005": {"Water_Prop": 43.41637, "Food_Prop": 77.777778, "Shelter_Prop": 3.914591, "Health_Prop": 8.263773, "Education_Prop": 5.7239059999999995, "Work_Prop": 35.244755, "Peace_Prop": 0.0, "Participation_Prop": 81.953028, "SocialProtection_Prop": 98.516687, "Environment_Prop": 0.048374, "shelter_electricity": 58.71886121, "health_center_attendance": 8.263772955, "work_farms": 47.08423326, "work_unskilled": 20.30237581, "health_programs": 35.23131673, "sp_philhealth": 35.23131673, "water_toilet": 24.55516014, "shelter_makeshift_nhts": 2.31316726, "food_malnourished": "", "health_child_death": "", "health_maternal_death": "", "he_flood": 0.0, "he_volcano": 0.0, "he_landslide": 0.002639, "he_earthquake": 0.0}, "PH098301006": {"Water_Prop": 16.163142, "Food_Prop": 94.230769, "Shelter_Prop": 15.558912, "Health_Prop": 54.150746999999996, "Education_Prop": 19.286658, "Work_Prop": 40.0906, "Peace_Prop": 0.0, "Participation_Prop": 92.216711, "SocialProtection_Prop": 99.46585300000001, "Environment_Prop": 0.111403, "shelter_electricity": 22.65861027, "health_center_attendance": 54.15074679, "work_farms": 55.29300567, "work_unskilled": 12.28733459, "health_programs": 40.48338369, "sp_philhealth": 40.48338369, "water_toilet": 48.18731118, "shelter_makeshift_nhts": 2.945619335, "food_malnourished": "", "health_child_death": "", "health_maternal_death": "", "he_flood": 0.0, "he_volcano": 0.0, "he_landslide": 0.0, "he_earthquake": 0.0}, "PH098301007": {"Water_Prop": 40.363636, "Food_Prop": 84.615385, "Shelter_Prop": 20.363636, "Health_Prop": 51.854905, "Education_Prop": 7.619047999999999, "Work_Prop": 35.335196, "Peace_Prop": 0.0, "Participation_Prop": 91.062802, "SocialProtection_Prop": 99.11433199999999, "Environment_Prop": 0.12208599999999999, "shelter_electricity": 42.18181818, "health_center_attendance": 51.85490519, "work_farms": 52.05183585, "work_unskilled": 18.35853132, "health_programs": 29.09090909, "sp_philhealth": 29.09090909, "water_toilet": 47.63636364, "shelter_makeshift_nhts": 1.454545455, "food_malnourished": "", "health_child_death": "", "health_maternal_death": "", "he_flood": 0.0, "he_volcano": 0.0, "he_landslide": 0.001056, "he_earthquake": 0.0}, "PH098301008": {"Water_Prop": 43.225806, "Food_Prop": 83.333333, "Shelter_Prop": 0.645161, "Health_Prop": 3.4795760000000002, "Education_Prop": 5.806451999999999, "Work_Prop": 55.035129000000005, "Peace_Prop": 0.0, "Participation_Prop": 79.644588, "SocialProtection_Prop": 99.030695, "Environment_Prop": 0.018768, "shelter_electricity": 46.45161289999999, "health_center_attendance": 3.479576399, "work_farms": 62.5, "work_unskilled": 8.854166667000001, "health_programs": 34.19354839, "sp_philhealth": 34.19354839, "water_toilet": 32.25806452, "shelter_makeshift_nhts": 2.903225806, "food_malnourished": "", "health_child_death": "", "health_maternal_death": "", "he_flood": 0.0, "he_volcano": 0.0, "he_landslide": 0.000792, "he_earthquake": 0.0}, "PH098301009": {"Water_Prop": 42.226890999999995, "Food_Prop": 69.354839, "Shelter_Prop": 5.252101000000001, "Health_Prop": 55.194805, "Education_Prop": 9.033613, "Work_Prop": 42.222221999999995, "Peace_Prop": 0.0, "Participation_Prop": 92.919496, "SocialProtection_Prop": 99.22405400000001, "Environment_Prop": 0.12296900000000001, "shelter_electricity": 34.45378151, "health_center_attendance": 55.19480519, "work_farms": 41.24668435, "work_unskilled": 21.75066313, "health_programs": 32.35294118, "sp_philhealth": 32.35294118, "water_toilet": 27.73109244, "shelter_makeshift_nhts": 1.785714286, "food_malnourished": "", "health_child_death": "", "health_maternal_death": "", "he_flood": 0.0, "he_volcano": 0.0, "he_landslide": 0.001056, "he_earthquake": 0.0}, "PH098301010": {"Water_Prop": 25.949367000000002, "Food_Prop": 33.333333, "Shelter_Prop": 2.531646, "Health_Prop": 6.024096, "Education_Prop": 12.318841, "Work_Prop": 43.851508, "Peace_Prop": 0.0, "Participation_Prop": 84.20348100000001, "SocialProtection_Prop": 99.330656, "Environment_Prop": 0.044575, "shelter_electricity": 45.56962025, "health_center_attendance": 6.024096386, "work_farms": 62.39669421, "work_unskilled": 11.57024793, "health_programs": 27.84810127, "sp_philhealth": 27.84810127, "water_toilet": 33.5443038, "shelter_makeshift_nhts": 1.582278481, "food_malnourished": "", "health_child_death": "", "health_maternal_death": "", "he_flood": 0.0, "he_volcano": 0.0, "he_landslide": 0.002639, "he_earthquake": 0.0}, "PH098301011": {"Water_Prop": 72.527473, "Food_Prop": 100.0, "Shelter_Prop": 32.234432, "Health_Prop": 50.0, "Education_Prop": 9.493671, "Work_Prop": 37.249666, "Peace_Prop": 0.0, "Participation_Prop": 93.71980699999999, "SocialProtection_Prop": 99.37888199999999, "Environment_Prop": 0.38566999999999996, "shelter_electricity": 62.63736264, "health_center_attendance": 50.0, "work_farms": 58.29787234, "work_unskilled": 12.9787234, "health_programs": 22.71062271, "sp_philhealth": 22.71062271, "water_toilet": 68.13186813, "shelter_makeshift_nhts": 1.098901099, "food_malnourished": "", "health_child_death": "", "health_maternal_death": "", "he_flood": 0.0, "he_volcano": 0.0, "he_landslide": 0.0, "he_earthquake": 0.0}, "PH098301012": {"Water_Prop": 21.03321, "Food_Prop": 37.5, "Shelter_Prop": 1.4760149999999999, "Health_Prop": 27.115987, "Education_Prop": 24.067797, "Work_Prop": 41.344955999999996, "Peace_Prop": 0.0, "Participation_Prop": 90.51446899999999, "SocialProtection_Prop": 98.151125, "Environment_Prop": 8.125879, "shelter_electricity": 48.33948339, "health_center_attendance": 27.11598746, "work_farms": 27.38853503, "work_unskilled": 32.27176221, "health_programs": 27.67527675, "sp_philhealth": 27.67527675, "water_toilet": 19.92619926, "shelter_makeshift_nhts": 1.291512915,