{"PH097207002": {"water_access": 64.93055600000001, "food_tenure": 38.095238, "shelter_informal_settlers_nhts": 0.347222, "health_center_attendance": 72.992701, "educ_outofschool_all": 7.9545449999999995, "work_unemployment": 43.962485, "po_conflict": 0.0, "participation_assembly_attendance": 84.150943, "sp_sss": 99.54717, "he_risk": 0.310638, "shelter_electricity": 39.58333333, "health_center_attendance.1": 72.99270073, "work_farms": 51.67364017, "work_unskilled": 21.33891213, "health_programs": 43.40277778, "sp_philhealth": 43.40277778, "water_toilet": 13.19444444, "shelter_makeshift_nhts": 0.173611111, "food_malnourished": "", "health_child_death": "", "health_maternal_death": "", "he_flood": 0.0, "he_volcano": 0.0, "he_landslide": 0.001056, "he_earthquake": 0.0, "name": "Dipane"}, "PH097207003": {"water_access": 31.121281, "food_tenure": 83.13253, "shelter_informal_settlers_nhts": 0.686499, "health_center_attendance": 54.948980000000006, "educ_outofschool_all": 8.928571, "work_unemployment": 45.418951, "po_conflict": 0.45766599999999996, "participation_assembly_attendance": 72.468917, "sp_sss": 98.934281, "he_risk": 16.283273, "shelter_electricity": 24.48512586, "health_center_attendance.1": 54.94897959, "work_farms": 48.63701578, "work_unskilled": 29.9856528, "health_programs": 45.08009153, "sp_philhealth": 45.08009153, "water_toilet": 6.407322654, "shelter_makeshift_nhts": 6.750572082000001, "food_malnourished": "", "health_child_death": "", "health_maternal_death": "", "he_flood": 0.0, "he_volcano": 0.0, "he_landslide": 0.00132, "he_earthquake": 0.0, "name": "Disakan"}, "PH097207004": {"water_access": 79.83870999999999, "food_tenure": 75.0, "shelter_informal_settlers_nhts": 0.40322600000000003, "health_center_attendance": 71.159284, "educ_outofschool_all": 14.457831, "work_unemployment": 42.674253, "po_conflict": 0.0, "participation_assembly_attendance": 75.831703, "sp_sss": 99.41291600000001, "he_risk": 0.027186000000000002, "shelter_electricity": 39.11290323, "health_center_attendance.1": 71.15928369, "work_farms": 64.26799007, "work_unskilled": 15.63275434, "health_programs": 44.35483871, "sp_philhealth": 44.35483871, "water_toilet": 5.64516129, "shelter_makeshift_nhts": 0.806451613, "food_malnourished": "", "health_child_death": "", "health_maternal_death": "", "he_flood": 0.0, "he_volcano": 0.0, "he_landslide": 0.001056, "he_earthquake": 0.0, "name": "Gupot"}, "PH097207005": {"water_access": 73.834197, "food_tenure": 26.767677000000003, "shelter_informal_settlers_nhts": 4.145078, "health_center_attendance": 96.948052, "educ_outofschool_all": 11.783439, "work_unemployment": 39.906542, "po_conflict": 5.699482, "participation_assembly_attendance": "", "sp_sss": 98.747237, "he_risk": 0.452298, "shelter_electricity": 37.8238342, "health_center_attendance.1": 96.94805195, "work_farms": 65.62986003, "work_unskilled": 12.59720062, "health_programs": 49.22279793, "sp_philhealth": 49.22279793, "water_toilet": 7.772020725, "shelter_makeshift_nhts": 5.440414508, "food_malnourished": "", "health_child_death": "", "health_maternal_death": "", "he_flood": 0.0, "he_volcano": 0.0, "he_landslide": 0.004064, "he_earthquake": 0.0, "name": "Libuton"}, "PH097207006": {"water_access": 34.897361, "food_tenure": 53.424657999999994, "shelter_informal_settlers_nhts": 0.5865100000000001, "health_center_attendance": 58.147631999999994, "educ_outofschool_all": 6.3253010000000005, "work_unemployment": 50.106609999999996, "po_conflict": 0.0, "participation_assembly_attendance": 89.328859, "sp_sss": 98.456376, "he_risk": 16.263014000000002, "shelter_electricity": 22.87390029, "health_center_attendance.1": 58.14763231, "work_farms": 43.37606838, "work_unskilled": 24.57264957, "health_programs": 62.75659824, "sp_philhealth": 62.75659824, "water_toilet": 6.744868035, "shelter_makeshift_nhts": 6.744868035, "food_malnourished": "", "health_child_death": "", "health_maternal_death": "", "he_flood": 0.0, "he_volcano": 0.0, "he_landslide": 0.001056, "he_earthquake": 0.0, "name": "Linay"}, "PH097207007": {"water_access": 52.100840000000005, "food_tenure": 23.809524, "shelter_informal_settlers_nhts": 0.8403360000000001, "health_center_attendance": 71.252205, "educ_outofschool_all": 16.37931, "work_unemployment": 45.974026, "po_conflict": 0.8403360000000001, "participation_assembly_attendance": "", "sp_sss": 99.323181, "he_risk": 0.306483, "shelter_electricity": 38.65546218, "health_center_attendance.1": 71.25220459, "work_farms": 60.57692308, "work_unskilled": 14.42307692, "health_programs": 34.45378151, "sp_philhealth": 34.45378151, "water_toilet": 36.13445378, "shelter_makeshift_nhts": 1.680672269, "food_malnourished": "", "health_child_death": "", "health_maternal_death": "", "he_flood": 0.0, "he_volcano": 0.0, "he_landslide": 0.001056, "he_earthquake": 0.0, "name": "Lupasang"}, "PH097207010": {"water_access": 77.862595, "food_tenure": 19.879518, "shelter_informal_settlers_nhts": 1.9083970000000001, "health_center_attendance": 95.546559, "educ_outofschool_all": 12.367491000000001, "work_unemployment": 43.68932, "po_conflict": 1.526718, "participation_assembly_attendance": "", "sp_sss": 98.730396, "he_risk": 0.40277199999999996, "shelter_electricity": 52.29007634, "health_center_attendance.1": 95.5465587, "work_farms": 64.00862069, "work_unskilled": 17.02586207, "health_programs": 41.60305344, "sp_philhealth": 41.60305344, "water_toilet": 14.50381679, "shelter_makeshift_nhts": 2.480916031, "food_malnourished": 8.0, "health_child_death": "", "health_maternal_death": 0.0, "he_flood": 0.0, "he_volcano": 0.0, "he_landslide": 0.001056, "he_earthquake": 0.0, "name": "Mate"}, "PH097207011": {"water_access": 15.284360000000001, "food_tenure": 71.42857099999999, "shelter_informal_settlers_nhts": 4.976303, "health_center_attendance": 66.22460500000001, "educ_outofschool_all": 7.926024000000001, "work_unemployment": 53.366583999999996, "po_conflict": 2.132701, "participation_assembly_attendance": 92.428198, "sp_sss": 98.31474, "he_risk": 23.15182, "shelter_electricity": 12.67772512, "health_center_attendance.1": 66.22460497, "work_farms": 20.58823529, "work_unskilled": 28.07486631, "health_programs": 58.649289100000004, "sp_philhealth": 58.649289100000004, "water_toilet": 2.132701422, "shelter_makeshift_nhts": 5.154028436, "food_malnourished": "", "health_child_death": "", "health_maternal_death": "", "he_flood": 0.0, "he_volcano": 0.0, "he_landslide": 0.001056, "he_earthquake": 0.0, "name": "Poblacion"}, "PH097207013": {"water_access": 43.75, "food_tenure": 72.727273, "shelter_informal_settlers_nhts": 1.953125, "health_center_attendance": 70.418848, "educ_outofschool_all": 8.713693, "work_unemployment": 51.232166, "po_conflict": 0.0, "participation_assembly_attendance": 84.765343, "sp_sss": 99.06137199999999, "he_risk": 0.030655, "shelter_electricity": 35.546875, "health_center_attendance.1": 70.41884817, "work_farms": 45.4787234, "work_unskilled": 23.67021277, "health_programs": 41.796875, "sp_philhealth": 41.796875, "water_toilet": 13.28125, "shelter_makeshift_nhts": 1.171875, "food_malnourished": "", "health_child_death": "", "health_maternal_death": "", "he_flood": 0.0, "he_volcano": 0.0, "he_landslide": 0.001056, "he_earthquake": 0.0, "name": "Saluyong"}, "PH097207014": {"water_access": 71.646341, "food_tenure": 10.344828, "shelter_informal_settlers_nhts": 4.268293, "health_center_attendance": 95.491547, "educ_outofschool_all": 4.8843190000000005, "work_unemployment": 54.705881999999995, "po_conflict": 2.134146, "participation_assembly_attendance": 71.907216, "sp_sss": 99.033505, "he_risk": 0.6432329999999999, "shelter_electricity": 70.12195122, "health_center_attendance.1": 95.49154665, "work_farms": 75.97402597, "work_unskilled": 9.956709957000001, "health_programs": 30.48780488, "sp_philhealth": 30.48780488, "water_toilet": 24.69512195, "shelter_makeshift_nhts": 1.37195122, "food_malnourished": "", "health_child_death": "", "health_maternal_death": "", "he_flood": 0.0,