{"PH097305001": {"Water_Prop": 21.700879999999998, "Food_Prop": 98.93616999999999, "Shelter_Prop": 0.29325500000000004, "Health_Prop": 98.616352, "Education_Prop": 6.862744999999999, "Work_Prop": 56.876939, "Peace_Prop": 0.0, "Participation_Prop": 94.78315500000001, "SocialProtection_Prop": 99.308611, "Environment_Prop": 0.097384, "shelter_electricity": 54.25219941, "health_center_attendance": 98.6163522, "work_farms": 63.78896882, "work_unskilled": 11.27098321, "health_programs": 39.58944282, "sp_philhealth": 39.58944282, "water_toilet": 3.225806452, "shelter_makeshift_nhts": 0.146627566, "food_malnourished": "", "health_child_death": "", "health_maternal_death": "", "he_flood": 0.0, "he_volcano": 0.0, "he_landslide": 0.0, "he_earthquake": 0.0, "name": "Bacayawan"}, "PH097305002": {"Water_Prop": 85.416667, "Food_Prop": 90.243902, "Shelter_Prop": 4.1666669999999995, "Health_Prop": 90.11764699999999, "Education_Prop": 16.129032000000002, "Work_Prop": 52.296820000000004, "Peace_Prop": 0.0, "Participation_Prop": 80.09828, "SocialProtection_Prop": "", "Environment_Prop": 0.018369999999999997, "shelter_electricity": 63.54166667, "health_center_attendance": 90.11764706, "work_farms": 74.81481481, "work_unskilled": 13.33333333, "health_programs": 40.625, "sp_philhealth": 40.625, "water_toilet": 1.041666667, "shelter_makeshift_nhts": 0.0, "food_malnourished": "", "health_child_death": "", "health_maternal_death": "", "he_flood": 0.0, "he_volcano": 0.0, "he_landslide": 0.000792, "he_earthquake": 0.0, "name": "Baha"}, "PH097305005": {"Water_Prop": 22.47191, "Food_Prop": 15.328467000000002, "Shelter_Prop": 2.247191, "Health_Prop": 90.430622, "Education_Prop": 5.978261, "Work_Prop": 58.289703, "Peace_Prop": 0.0, "Participation_Prop": 85.29411800000001, "SocialProtection_Prop": 99.208145, "Environment_Prop": 0.050375, "shelter_electricity": 34.83146067, "health_center_attendance": 90.43062201, "work_farms": 53.9748954, "work_unskilled": 20.92050209, "health_programs": 30.33707865, "sp_philhealth": 30.33707865, "water_toilet": 0.0, "shelter_makeshift_nhts": 1.6853932580000002, "food_malnourished": "", "health_child_death": "", "health_maternal_death": "", "he_flood": 0.0, "he_volcano": 0.0, "he_landslide": 0.002639, "he_earthquake": 0.0, "name": "Baluno"}, "PH097305006": {"Water_Prop": 46.190476000000004, "Food_Prop": 26.88172, "Shelter_Prop": 6.428571, "Health_Prop": 82.802198, "Education_Prop": 5.852417, "Work_Prop": 42.981072999999995, "Peace_Prop": 0.23809499999999997, "Participation_Prop": 86.40878199999999, "SocialProtection_Prop": 99.477261, "Environment_Prop": 0.057155, "shelter_electricity": 36.904761900000004, "health_center_attendance": 82.8021978, "work_farms": 53.80359613, "work_unskilled": 24.34301521, "health_programs": 45.95238095, "sp_philhealth": 45.95238095, "water_toilet": 6.428571429, "shelter_makeshift_nhts": 5.714285714, "food_malnourished": "", "health_child_death": "", "health_maternal_death": "", "he_flood": 0.0, "he_volcano": 0.0, "he_landslide": 0.002639, "he_earthquake": 0.0, "name": "Binuay"}, "PH097305007": {"Water_Prop": 48.333333, "Food_Prop": 100.0, "Shelter_Prop": 5.3333330000000005, "Health_Prop": 89.93576, "Education_Prop": 5.5900620000000005, "Work_Prop": 47.597765, "Peace_Prop": 0.333333, "Participation_Prop": 90.52774000000001, "SocialProtection_Prop": 98.443843, "Environment_Prop": 0.394658, "shelter_electricity": 29.66666667, "health_center_attendance": 89.93576017, "work_farms": 54.58422175, "work_unskilled": 24.09381663, "health_programs": 44.33333333, "sp_philhealth": 44.33333333, "water_toilet": 5.333333333, "shelter_makeshift_nhts": 3.666666667, "food_malnourished": "", "health_child_death": "", "health_maternal_death": "", "he_flood": 0.0, "he_volcano": 0.0, "he_landslide": 0.000792, "he_earthquake": 0.0, "name": "Buburay"}, "PH097305009": {"Water_Prop": 3.49345, "Food_Prop": 100.0, "Shelter_Prop": 3.930131, "Health_Prop": 58.006363, "Education_Prop": 7.142857000000001, "Work_Prop": 46.801871999999996, "Peace_Prop": 0.0, "Participation_Prop": 93.089431, "SocialProtection_Prop": 99.49186999999999, "Environment_Prop": 0.044442, "shelter_electricity": 51.9650655, "health_center_attendance": 58.00636267, "work_farms": 71.26099707, "work_unskilled": 14.95601173, "health_programs": 43.23144105, "sp_philhealth": 43.23144105, "water_toilet": 4.80349345, "shelter_makeshift_nhts": 1.310043668, "food_malnourished": "", "health_child_death": "", "health_maternal_death": "", "he_flood": 0.0, "he_volcano": 0.0, "he_landslide": 0.002639, "he_earthquake": 0.0, "name": "Grap"}, "PH097305010": {"Water_Prop": 12.897527, "Food_Prop": 89.74359, "Shelter_Prop": 1.4134280000000001, "Health_Prop": 94.269663, "Education_Prop": 8.399366, "Work_Prop": 52.239674, "Peace_Prop": 0.0, "Participation_Prop": 89.783962, "SocialProtection_Prop": 99.04796800000001, "Environment_Prop": 9.445076, "shelter_electricity": 31.44876325, "health_center_attendance": 94.26966292, "work_farms": 44.70158343, "work_unskilled": 18.27040195, "health_programs": 36.04240283, "sp_philhealth": 36.04240283, "water_toilet": 1.590106007, "shelter_makeshift_nhts": 0.618374558, "food_malnourished": "", "health_child_death": "", "health_maternal_death": "", "he_flood": 0.0, "he_volcano": 0.0, "he_landslide": 0.000792, "he_earthquake": 0.07142899999999999, "name": "Kagawasan"}, "PH097305012": {"Water_Prop": 96.850394, "Food_Prop": 100.0, "Shelter_Prop": 10.23622, "Health_Prop": 76.845638, "Education_Prop": 7.947019999999999, "Work_Prop": 43.410853, "Peace_Prop": 0.0, "Participation_Prop": 85.66494, "SocialProtection_Prop": 99.309154, "Environment_Prop": 0.05065, "shelter_electricity": 48.03149606, "health_center_attendance": 76.84563758, "work_farms": 63.92694064, "work_unskilled": 23.28767123, "health_programs": 33.07086614, "sp_philhealth": 33.07086614, "water_toilet": 0.787401575, "shelter_makeshift_nhts": 7.874015748, "food_malnourished": "", "health_child_death": "", "health_maternal_death": "", "he_flood": 0.0, "he_volcano": 0.0, "he_landslide": 0.002639, "he_earthquake": 0.0, "name": "Lalab"}, "PH097305014": {"Water_Prop": 8.823528999999999, "Food_Prop": 12.921348, "Shelter_Prop": 4.044118, "Health_Prop": 86.086249, "Education_Prop": 4.508197, "Work_Prop": 55.99078299999999, "Peace_Prop": 0.0, "Participation_Prop": 88.83025500000001, "SocialProtection_Prop": 98.85664, "Environment_Prop": 0.060666, "shelter_electricity": 23.89705882, "health_center_attendance": 86.08624898, "work_farms": 49.47643979, "work_unskilled": 19.10994764, "health_programs": 41.17647059, "sp_philhealth": 41.17647059, "water_toilet": 2.573529412, "shelter_makeshift_nhts": 1.1029411759999999, "food_malnourished": "", "health_child_death": "", "health_maternal_death": "", "he_flood": 0.0, "he_volcano": 0.0, "he_landslide": 0.002903, "he_earthquake": 0.0, "name": "Libertad"}, "PH097305017": {"Water_Prop": 29.777778, "Food_Prop": 90.0, "Shelter_Prop": 12.888889, "Health_Prop": 88.22975500000001, "Education_Prop": 9.677419, "Work_Prop": 45.929339, "Peace_Prop": 0.0, "Participation_Prop": 91.038251, "SocialProtection_Prop": 99.562842, "Environment_Prop": 8.103007, "shelter_electricity": 51.11111111, "health_center_attendance": 88.22975518, "work_farms": 54.26136364, "work_unskilled": 27.27272727, "health_programs": 50.66666667, "sp_philhealth": 50.66666667, "water_toilet": 22.66666667, "shelter_makeshift_nhts": 14.0, "food_malnourished": "", "health_child_death": "", "health_maternal_death": "", "he_flood": 0.0, "he_volcano": 0.0, "he_landslide": 0.001056, "he_earthquake": 0.0, "name": "Mahayag"}, "PH097305021": {"Water_Prop": 11.133201, "Food_Prop": 92.307692, "Shelter_Prop": 1.689861, "Health_Prop": 94.365572, "Education_Prop": 14.550265, "Work_Prop": 56.534296, "Peace_Prop": 0.298211, "Participation_Prop": 92.868645, "SocialProtection_Prop": 99.424891, "Environment_Prop": 8.102686, "shelter_electricity": 44.53280318, "health_center_attendance": 94.36557232, "work_farms": 60.3820598,