{"PH097221001": {"Water_Prop": 86.111111, "Food_Prop": 54.166667000000004, "Shelter_Prop": 1.388889, "Health_Prop": 73.846154, "Education_Prop": 11.538461999999999, "Work_Prop": 43.27957, "Peace_Prop": 0.0, "Participation_Prop": "", "SocialProtection_Prop": 99.357326, "Environment_Prop": 0.025116, "shelter_electricity": 20.13888889, "health_center_attendance": 73.84615385, "work_farms": 9.004739336, "work_unskilled": 73.93364929, "health_programs": 53.47222222, "sp_philhealth": 53.47222222, "water_toilet": 11.80555556, "shelter_makeshift_nhts": 1.388888889, "food_malnourished": "", "health_child_death": "", "health_maternal_death": "", "he_flood": 0.0, "he_volcano": 0.0, "he_landslide": 0.001056, "he_earthquake": 0.0, "name": "Cabong"}, "PH097221002": {"Water_Prop": 47.42268, "Food_Prop": 66.666667, "Shelter_Prop": 2.5773200000000003, "Health_Prop": 70.57324799999999, "Education_Prop": 7.028753999999999, "Work_Prop": 46.987952, "Peace_Prop": 0.257732, "Participation_Prop": "", "SocialProtection_Prop": 98.867925, "Environment_Prop": 0.023159, "shelter_electricity": 29.89690722, "health_center_attendance": 70.57324841, "work_farms": 13.63636364, "work_unskilled": 54.8951049, "health_programs": 55.92783505, "sp_philhealth": 55.92783505, "water_toilet": 13.65979381, "shelter_makeshift_nhts": 0.515463918, "food_malnourished": "", "health_child_death": "", "health_maternal_death": "", "he_flood": 0.0, "he_volcano": 0.0, "he_landslide": 0.001056, "he_earthquake": 0.0, "name": "Galingon"}, "PH097221003": {"Water_Prop": 87.75510200000001, "Food_Prop": 41.269841, "Shelter_Prop": 3.061224, "Health_Prop": 40.217391, "Education_Prop": 13.114754000000001, "Work_Prop": 54.381753, "Peace_Prop": 0.680272, "Participation_Prop": "", "SocialProtection_Prop": 99.516908, "Environment_Prop": 0.100997, "shelter_electricity": 45.57823129, "health_center_attendance": 40.217391299999996, "work_farms": 48.68421053, "work_unskilled": 27.89473684, "health_programs": 40.81632653, "sp_philhealth": 40.81632653, "water_toilet": 27.55102041, "shelter_makeshift_nhts": 1.360544218, "food_malnourished": "", "health_child_death": "", "health_maternal_death": "", "he_flood": 0.0, "he_volcano": 0.0, "he_landslide": 0.0, "he_earthquake": 0.0, "name": "Lawaan"}, "PH097221004": {"Water_Prop": 67.449664, "Food_Prop": 22.222222, "Shelter_Prop": 2.348993, "Health_Prop": 52.37366, "Education_Prop": 10.963455, "Work_Prop": 58.333332999999996, "Peace_Prop": 0.33557, "Participation_Prop": "", "SocialProtection_Prop": 98.90023599999999, "Environment_Prop": 16.151929, "shelter_electricity": 32.2147651, "health_center_attendance": 52.37366003, "work_farms": 49.42857143, "work_unskilled": 26.85714286, "health_programs": 45.63758389, "sp_philhealth": 45.63758389, "water_toilet": 15.10067114, "shelter_makeshift_nhts": 1.845637584, "food_malnourished": "", "health_child_death": "", "health_maternal_death": "", "he_flood": 0.0, "he_volcano": 0.0, "he_landslide": 0.0, "he_earthquake": 0.0, "name": "Molos"}, "PH097221005": {"Water_Prop": 72.695035, "Food_Prop": 70.37037, "Shelter_Prop": 1.77305, "Health_Prop": 49.585406, "Education_Prop": 21.621622, "Work_Prop": 59.41255, "Peace_Prop": 0.70922, "Participation_Prop": "", "SocialProtection_Prop": 99.435427, "Environment_Prop": 0.101893, "shelter_electricity": 40.78014184, "health_center_attendance": 49.585406299999995, "work_farms": 46.38157895, "work_unskilled": 34.53947368, "health_programs": 53.90070922, "sp_philhealth": 53.90070922, "water_toilet": 20.56737589, "shelter_makeshift_nhts": 2.659574468, "food_malnourished": "", "health_child_death": "", "health_maternal_death": "", "he_flood": 0.0, "he_volcano": 0.0, "he_landslide": 0.0, "he_earthquake": 0.0, "name": "New Dapitan"}, "PH097221006": {"Water_Prop": 47.567568, "Food_Prop": 18.867925, "Shelter_Prop": 1.891892, "Health_Prop": 63.985149, "Education_Prop": 9.836066, "Work_Prop": 44.064577, "Peace_Prop": 0.5405409999999999, "Participation_Prop": "", "SocialProtection_Prop": 99.39759000000001, "Environment_Prop": 0.022578, "shelter_electricity": 30.27027027, "health_center_attendance": 63.98514851, "work_farms": 28.18336163, "work_unskilled": 49.06621392, "health_programs": 39.72972973, "sp_philhealth": 39.72972973, "water_toilet": 20.81081081, "shelter_makeshift_nhts": 3.243243243, "food_malnourished": "", "health_child_death": "", "health_maternal_death": "", "he_flood": 0.0, "he_volcano": 0.0, "he_landslide": 0.001056, "he_earthquake": 0.0, "name": "Situbo"}, "PH097221007": {"Water_Prop": 53.189578000000004, "Food_Prop": 2.916667, "Shelter_Prop": 1.347709, "Health_Prop": 52.433679000000005, "Education_Prop": 11.974789999999999, "Work_Prop": 52.77585, "Peace_Prop": 0.179695, "Participation_Prop": "", "SocialProtection_Prop": 98.992213, "Environment_Prop": 18.538413000000002, "shelter_electricity": 15.90296496, "health_center_attendance": 52.43367935, "work_farms": 22.703894199999997, "work_unskilled": 26.59808964, "health_programs": 68.19407008, "sp_philhealth": 68.19407008, "water_toilet": 5.570530099, "shelter_makeshift_nhts": 1.8418688230000002, "food_malnourished": "", "health_child_death": "", "health_maternal_death": "", "he_flood": 0.0, "he_volcano": 0.0, "he_landslide": 0.0, "he_earthquake": 0.0, "name": "Poblacion (Tampilisan)"}, "PH097221008": {"Water_Prop": 40.837696, "Food_Prop": 76.666667, "Shelter_Prop": 0.0, "Health_Prop": 69.481303, "Education_Prop": 10.798122, "Work_Prop": 47.563353, "Peace_Prop": 0.0, "Participation_Prop": "", "SocialProtection_Prop": 99.214366, "Environment_Prop": 0.024324000000000002, "shelter_electricity": 38.743455499999996, "health_center_attendance": 69.48130277, "work_farms": 21.18959108, "work_unskilled": 63.56877323, "health_programs": 35.07853403, "sp_philhealth": 35.07853403, "water_toilet": 25.65445026, "shelter_makeshift_nhts": 2.356020942, "food_malnourished": "", "health_child_death": "", "health_maternal_death": "", "he_flood": 0.0, "he_volcano": 0.0, "he_landslide": 0.001056, "he_earthquake": 0.0, "name": "Balacbaan"}, "PH097221009": {"Water_Prop": 48.341232, "Food_Prop": 32.701421999999994, "Shelter_Prop": 2.843602, "Health_Prop": 62.296983999999995, "Education_Prop": 4.4198900000000005, "Work_Prop": 44.464286, "Peace_Prop": 0.0, "Participation_Prop": "", "SocialProtection_Prop": 99.509323, "Environment_Prop": 0.078248, "shelter_electricity": 35.5450237, "health_center_attendance": 62.29698376, "work_farms": 13.18327974, "work_unskilled": 70.73954984, "health_programs": 39.81042654, "sp_philhealth": 39.81042654, "water_toilet": 27.01421801, "shelter_makeshift_nhts": 1.184834123, "food_malnourished": "", "health_child_death": "", "health_maternal_death": "", "he_flood": 0.0, "he_volcano": 0.0, "he_landslide": 0.004487, "he_earthquake": 0.0, "name": "Banbanan"}, "PH097221010": {"Water_Prop": 61.403509, "Food_Prop": "", "Shelter_Prop": 1.3157889999999999, "Health_Prop": 48.715084000000004, "Education_Prop": 9.375, "Work_Prop": 53.379549, "Peace_Prop": 0.438596, "Participation_Prop": "", "SocialProtection_Prop": 99.57686899999999, "Environment_Prop": 0.099789, "shelter_electricity": 25.0, "health_center_attendance": 48.7150838, "work_farms": 68.02973978, "work_unskilled": 19.33085502, "health_programs": 40.35087719, "sp_philhealth": 40.35087719, "water_toilet": 17.10526316, "shelter_makeshift_nhts": 1.0964912279999999, "food_malnourished": "", "health_child_death": "", "health_maternal_death": "", "he_flood": 0.0, "he_volcano": 0.0, "he_landslide": 0.0, "he_earthquake": 0.0, "name": "Barili"}, "PH097221011": {"Water_Prop": 21.974522, "Food_Prop": 10.0, "Shelter_Prop": 0.636943, "Health_Prop": 44.557328999999996, "Education_Prop": 12.422360000000001, "Work_Prop": 57.126031000000005, "Peace_Prop": 1.273885, "Participation_Prop": "", "SocialProtection_Prop": 99.122165, "Environment_Prop": 17.400573, "shelter_electricity": 34.713375799999994, "health_center_attendance": 44.55732946, "work_farms": 51.37362637, "work_unskilled": 21.42857143,