{"PH097213001": {"water_access": 20.547945000000002, "food_tenure": 50.0, "shelter_informal_settlers_nhts": 1.3698629999999998, "health_center_attendance": 9.520401, "educ_outofschool_all": 3.061224, "work_unemployment": 45.041321999999994, "po_conflict": 0.0, "participation_assembly_attendance": 58.029196999999996, "sp_sss": 97.883212, "he_risk": 8.09385, "shelter_electricity": 17.80821918, "health_center_attendance.1": 9.520400859, "work_farms": 38.34586466, "work_unskilled": 17.48120301, "health_programs": 57.80821918, "sp_philhealth": 57.80821918, "water_toilet": 70.1369863, "shelter_makeshift_nhts": 0.136986301, "food_malnourished": 8.300000200000001, "health_child_death": "", "health_maternal_death": 0.0, "he_flood": 0.0, "he_volcano": 0.0, "he_landslide": 0.001056, "he_earthquake": 0.0, "name": "Bacong"}, "PH097213002": {"water_access": 38.12709, "food_tenure": 26.666666999999997, "shelter_informal_settlers_nhts": 1.003344, "health_center_attendance": 48.058671000000004, "educ_outofschool_all": 5.185185, "work_unemployment": 35.076531, "po_conflict": 0.668896, "participation_assembly_attendance": 77.954145, "sp_sss": 99.206349, "he_risk": 0.008836, "shelter_electricity": 18.72909699, "health_center_attendance.1": 48.05867127, "work_farms": 47.54420432, "work_unskilled": 9.233791749, "health_programs": 58.52842809, "sp_philhealth": 58.52842809, "water_toilet": 20.06688963, "shelter_makeshift_nhts": 0.16722408, "food_malnourished": 0.80000001, "health_child_death": "", "health_maternal_death": 0.0, "he_flood": 0.0, "he_volcano": 0.0, "he_landslide": 0.0, "he_earthquake": 0.0, "name": "Balakan"}, "PH097213004": {"water_access": 38.931298, "food_tenure": 58.333332999999996, "shelter_informal_settlers_nhts": 1.526718, "health_center_attendance": 32.332268, "educ_outofschool_all": 4.33526, "work_unemployment": 19.925857, "po_conflict": 0.763359, "participation_assembly_attendance": 84.903047, "sp_sss": 98.476454, "he_risk": 16.171598, "shelter_electricity": 33.58778626, "health_center_attendance.1": 32.33226837, "work_farms": 62.61574074, "work_unskilled": 10.87962963, "health_programs": 44.78371501, "sp_philhealth": 44.78371501, "water_toilet": 12.21374046, "shelter_makeshift_nhts": 1.145038168, "food_malnourished": "", "health_child_death": "", "health_maternal_death": "", "he_flood": 0.0, "he_volcano": 0.0, "he_landslide": 0.001161, "he_earthquake": 0.0, "name": "Binoni"}, "PH097213006": {"water_access": 95.47511300000001, "food_tenure": 18.181818, "shelter_informal_settlers_nhts": 0.904977, "health_center_attendance": 25.457875, "educ_outofschool_all": 12.140575, "work_unemployment": 22.364217, "po_conflict": 0.45248900000000003, "participation_assembly_attendance": 73.36405500000001, "sp_sss": 99.170507, "he_risk": 0.021551, "shelter_electricity": 68.77828054, "health_center_attendance.1": 25.45787546, "work_farms": 86.00823045, "work_unskilled": 5.9670781889999995, "health_programs": 37.1040724, "sp_philhealth": 37.1040724, "water_toilet": 42.08144796, "shelter_makeshift_nhts": 0.452488688, "food_malnourished": 4.5999999, "health_child_death": "", "health_maternal_death": 0.0, "he_flood": 0.0, "he_volcano": 0.0, "he_landslide": 0.001056, "he_earthquake": 0.0, "name": "Calucap"}, "PH097213007": {"water_access": 42.207792, "food_tenure": 22.680412, "shelter_informal_settlers_nhts": 0.649351, "health_center_attendance": 7.004219, "educ_outofschool_all": 8.171206, "work_unemployment": 45.308642, "po_conflict": 0.0, "participation_assembly_attendance": 68.56568399999999, "sp_sss": 98.994638, "he_risk": 10.759153, "shelter_electricity": 33.44155844, "health_center_attendance.1": 7.004219409, "work_farms": 44.24379233, "work_unskilled": 16.25282167, "health_programs": 60.06493506, "sp_philhealth": 60.06493506, "water_toilet": 80.84415584, "shelter_makeshift_nhts": 1.298701299, "food_malnourished": 0.0, "health_child_death": "", "health_maternal_death": 0.0, "he_flood": 0.0, "he_volcano": 0.0, "he_landslide": 0.001056, "he_earthquake": 0.0, "name": "Canawan"}, "PH097213008": {"water_access": 29.959514000000002, "food_tenure": 40.0, "shelter_informal_settlers_nhts": 1.754386, "health_center_attendance": 45.376418, "educ_outofschool_all": 5.89198, "work_unemployment": 29.829984999999997, "po_conflict": 0.269906, "participation_assembly_attendance": 82.105988, "sp_sss": 99.070888, "he_risk": 9.627488, "shelter_electricity": 18.89338731, "health_center_attendance.1": 45.37641801, "work_farms": 34.87518355, "work_unskilled": 14.31718062, "health_programs": 54.11605938, "sp_philhealth": 54.11605938, "water_toilet": 15.11470985, "shelter_makeshift_nhts": 1.349527665, "food_malnourished": 1.8, "health_child_death": "", "health_maternal_death": 0.0, "he_flood": 0.0, "he_volcano": 0.0, "he_landslide": 0.001056, "he_earthquake": 0.0, "name": "Caracol"}, "PH097213009": {"water_access": 53.170731999999994, "food_tenure": 43.157895, "shelter_informal_settlers_nhts": 0.48780500000000004, "health_center_attendance": 61.0, "educ_outofschool_all": 6.486486, "work_unemployment": 28.761905, "po_conflict": 0.0, "participation_assembly_attendance": 75.675676, "sp_sss": 99.459459, "he_risk": 16.263749, "shelter_electricity": 35.12195122, "health_center_attendance.1": 61.0, "work_farms": 51.87165775, "work_unskilled": 6.684491979, "health_programs": 59.51219512, "sp_philhealth": 59.51219512, "water_toilet": 21.46341463, "shelter_makeshift_nhts": 0.243902439, "food_malnourished": 1.1, "health_child_death": "", "health_maternal_death": 0.0, "he_flood": 0.0, "he_volcano": 0.0, "he_landslide": 0.0, "he_earthquake": 0.0, "name": "Danao"}, "PH097213010": {"water_access": 39.552239, "food_tenure": 43.68932, "shelter_informal_settlers_nhts": 4.104478, "health_center_attendance": 49.42832, "educ_outofschool_all": 19.557195999999998, "work_unemployment": 27.746478999999997, "po_conflict": 0.0, "participation_assembly_attendance": 74.488802, "sp_sss": 99.221032, "he_risk": 0.021018000000000002, "shelter_electricity": 47.76119403, "health_center_attendance.1": 49.42832014, "work_farms": 63.54775828, "work_unskilled": 8.187134503, "health_programs": 53.73134328, "sp_philhealth": 53.73134328, "water_toilet": 32.08955224, "shelter_makeshift_nhts": 0.18656716399999998, "food_malnourished": 2.0999999, "health_child_death": "", "health_maternal_death": 0.0, "he_flood": 0.0, "he_volcano": 0.0, "he_landslide": 0.001056, "he_earthquake": 0.0, "name": "Dinoan"}, "PH097213011": {"water_access": 67.0, "food_tenure": 21.212121, "shelter_informal_settlers_nhts": 2.5, "health_center_attendance": 42.857143, "educ_outofschool_all": 12.962963, "work_unemployment": 29.113924, "po_conflict": 0.0, "participation_assembly_attendance": 80.27365999999999, "sp_sss": 98.859749, "he_risk": 0.017312, "shelter_electricity": 48.5, "health_center_attendance.1": 42.85714286, "work_farms": 75.0, "work_unskilled": 9.183673469, "health_programs": 45.0, "sp_philhealth": 45.0, "water_toilet": 25.5, "shelter_makeshift_nhts": 1.0, "food_malnourished": 11.5, "health_child_death": "", "health_maternal_death": 0.0, "he_flood": 0.0, "he_volcano": 0.0, "he_landslide": 0.001056, "he_earthquake": 0.0, "name": "Dipolod"}, "PH097213013": {"water_access": 90.052356, "food_tenure": 30.0, "shelter_informal_settlers_nhts": 1.04712, "health_center_attendance": 47.110141999999996, "educ_outofschool_all": 10.526316, "work_unemployment": 35.869565, "po_conflict": 0.52356, "participation_assembly_attendance": 88.74104399999999, "sp_sss": 99.897646, "he_risk": 0.019767, "shelter_electricity": 78.01047120000001, "health_center_attendance.1": 47.11014177, "work_farms": 77.96610169, "work_unskilled": 7.627118643999999, "health_programs": 45.54973822, "sp_philhealth": 45.54973822, "water_toilet": 51.83246073, "shelter_makeshift_nhts": 1.047120419, "food_malnourished": "", "health_child_death": "", "health_maternal_death": "", "he_flood": 0.0, "he_volcano": 0.0, "he_landslide": 0.001056, "he_earthquake": 0.0, "name": "Fatima (Pogan)"},