{"PH097343001": {"Water_Prop": 27.676240000000004, "Food_Prop": 83.333333, "Shelter_Prop": 2.349869, "Health_Prop": 61.296533999999994, "Education_Prop": 6.1946900000000005, "Work_Prop": 57.792207999999995, "Peace_Prop": 0.0, "Participation_Prop": 84.068627, "SocialProtection_Prop": 98.590686, "Environment_Prop": 8.113055000000001, "shelter_electricity": 15.92689295, "health_center_attendance": 61.29653402, "work_farms": 47.25274725, "work_unskilled": 16.92307692, "health_programs": 71.27937337, "sp_philhealth": 71.27937337, "water_toilet": 1.3054830290000001, "shelter_makeshift_nhts": 0.522193211, "food_malnourished": 0.0, "health_child_death": 0.60000002, "health_maternal_death": 0.0, "he_flood": 0.0, "he_volcano": 0.0, "he_landslide": 0.001056, "he_earthquake": 0.0, "name": "Bagong Oroquieta"}, "PH097343002": {"Water_Prop": 28.472222, "Food_Prop": 39.84375, "Shelter_Prop": 0.347222, "Health_Prop": 68.323978, "Education_Prop": 6.299213, "Work_Prop": 58.343194999999994, "Peace_Prop": 0.0, "Participation_Prop": 87.61904799999999, "SocialProtection_Prop": 98.888889, "Environment_Prop": 0.072052, "shelter_electricity": 51.04166667, "health_center_attendance": 68.32397755, "work_farms": 61.07954545, "work_unskilled": 13.63636364, "health_programs": 70.83333333, "sp_philhealth": 70.83333333, "water_toilet": 2.777777778, "shelter_makeshift_nhts": 0.520833333, "food_malnourished": 0.0, "health_child_death": 0.0, "health_maternal_death": 0.0, "he_flood": 0.0, "he_volcano": 0.0, "he_landslide": 0.004064, "he_earthquake": 0.0, "name": "Baguitan"}, "PH097343003": {"Water_Prop": 13.203463000000001, "Food_Prop": 67.79661, "Shelter_Prop": 3.463203, "Health_Prop": 86.26703, "Education_Prop": 11.363636, "Work_Prop": 60.649248, "Peace_Prop": 0.0, "Participation_Prop": 92.978208, "SocialProtection_Prop": 98.062954, "Environment_Prop": 8.094877, "shelter_electricity": 24.67532468, "health_center_attendance": 86.26702997, "work_farms": 48.89336016, "work_unskilled": 17.10261569, "health_programs": 82.46753247, "sp_philhealth": 82.46753247, "water_toilet": 1.298701299, "shelter_makeshift_nhts": 0.757575758, "food_malnourished": 0.0, "health_child_death": 0.0, "health_maternal_death": 0.0, "he_flood": 0.0, "he_volcano": 0.0, "he_landslide": 0.001056, "he_earthquake": 0.0, "name": "Balongating"}, "PH097343004": {"Water_Prop": 3.554502, "Food_Prop": 62.5, "Shelter_Prop": 1.658768, "Health_Prop": 78.813989, "Education_Prop": 13.452914999999999, "Work_Prop": 59.206587, "Peace_Prop": 0.0, "Participation_Prop": 90.341463, "SocialProtection_Prop": 98.536585, "Environment_Prop": 8.094074, "shelter_electricity": 24.17061611, "health_center_attendance": 78.81398885, "work_farms": 37.6146789, "work_unskilled": 21.28440367, "health_programs": 71.32701422, "sp_philhealth": 71.32701422, "water_toilet": 2.606635071, "shelter_makeshift_nhts": 0.236966825, "food_malnourished": 0.0, "health_child_death": 0.0, "health_maternal_death": 0.0, "he_flood": 0.0, "he_volcano": 0.0, "he_landslide": 0.001056, "he_earthquake": 0.0, "name": "Canunan"}, "PH097343005": {"Water_Prop": 36.521739000000004, "Food_Prop": 53.846154000000006, "Shelter_Prop": 1.7391299999999998, "Health_Prop": 17.029703, "Education_Prop": 4.950495, "Work_Prop": 56.01173000000001, "Peace_Prop": 0.8695649999999999, "Participation_Prop": 77.023499, "SocialProtection_Prop": 98.172324, "Environment_Prop": 0.072931, "shelter_electricity": 60.86956522, "health_center_attendance": 17.02970297, "work_farms": 78.0, "work_unskilled": 6.666666667, "health_programs": 67.82608696, "sp_philhealth": 67.82608696, "water_toilet": 20.0, "shelter_makeshift_nhts": 0.869565217, "food_malnourished": 3.4000001, "health_child_death": 0.0, "health_maternal_death": 0.0, "he_flood": 0.0, "he_volcano": 0.0, "he_landslide": 0.004487, "he_earthquake": 0.0, "name": "Dacsol"}, "PH097343006": {"Water_Prop": 13.513514, "Food_Prop": 82.352941, "Shelter_Prop": 2.702703, "Health_Prop": 1.6923080000000001, "Education_Prop": 7.432432, "Work_Prop": 53.902439, "Peace_Prop": 0.0, "Participation_Prop": 85.12747900000001, "SocialProtection_Prop": 99.008499, "Environment_Prop": 0.018518, "shelter_electricity": 35.13513514, "health_center_attendance": 1.692307692, "work_farms": 58.201058200000006, "work_unskilled": 13.22751323, "health_programs": 60.13513514, "sp_philhealth": 60.13513514, "water_toilet": 3.3783783780000003, "shelter_makeshift_nhts": 0.33783783799999995, "food_malnourished": 0.0, "health_child_death": 0.0, "health_maternal_death": 0.0, "he_flood": 0.0, "he_volcano": 0.0, "he_landslide": 0.001056, "he_earthquake": 0.0, "name": "Dagohoy"}, "PH097343007": {"Water_Prop": 14.204545000000001, "Food_Prop": 30.555556, "Shelter_Prop": 2.272727, "Health_Prop": 33.090909, "Education_Prop": 26.046512, "Work_Prop": 56.614785999999995, "Peace_Prop": 1.136364, "Participation_Prop": 76.87991, "SocialProtection_Prop": 99.551066, "Environment_Prop": 1.171289, "shelter_electricity": 35.22727273, "health_center_attendance": 33.09090909, "work_farms": 77.57847534, "work_unskilled": 7.174887892, "health_programs": 44.88636364, "sp_philhealth": 44.88636364, "water_toilet": 10.79545455, "shelter_makeshift_nhts": 1.420454545, "food_malnourished": 0.0, "health_child_death": 0.0, "health_maternal_death": 0.0, "he_flood": 0.0, "he_volcano": 0.0, "he_landslide": 0.001056, "he_earthquake": 0.07142899999999999, "name": "Dalapang"}, "PH097343008": {"Water_Prop": 26.190476, "Food_Prop": 30.232558, "Shelter_Prop": 1.587302, "Health_Prop": 21.710526, "Education_Prop": 17.391304, "Work_Prop": 52.380952, "Peace_Prop": 0.793651, "Participation_Prop": 68.55828199999999, "SocialProtection_Prop": 99.079755, "Environment_Prop": 0.060371, "shelter_electricity": 61.11111111, "health_center_attendance": 21.71052632, "work_farms": 82.77777778, "work_unskilled": 7.777777778, "health_programs": 53.96825397, "sp_philhealth": 53.96825397, "water_toilet": 12.698412699999999, "shelter_makeshift_nhts": 0.396825397, "food_malnourished": 0.89999998, "health_child_death": 1.0, "health_maternal_death": 0.0, "he_flood": 0.0, "he_volcano": 0.0, "he_landslide": 0.0036950000000000004, "he_earthquake": 0.0, "name": "Datagan"}, "PH097343009": {"Water_Prop": 5.800464, "Food_Prop": 27.777778, "Shelter_Prop": 0.696056, "Health_Prop": 9.517425999999999, "Education_Prop": 10.545455, "Work_Prop": 56.037277, "Peace_Prop": 0.232019, "Participation_Prop": 94.86768199999999, "SocialProtection_Prop": 98.576584, "Environment_Prop": 8.109072, "shelter_electricity": 21.46171694, "health_center_attendance": 9.517426273, "work_farms": 37.05069124, "work_unskilled": 10.23041475, "health_programs": 73.66589327, "sp_philhealth": 73.66589327, "water_toilet": 1.50812065, "shelter_makeshift_nhts": 0.232018561, "food_malnourished": 0.0, "health_child_death": 0.30000001, "health_maternal_death": 0.0, "he_flood": 0.0, "he_volcano": 0.0, "he_landslide": 0.001056, "he_earthquake": 0.0, "name": "Poblacion (Guipos)"}, "PH097343010": {"Water_Prop": 28.753994, "Food_Prop": 90.721649, "Shelter_Prop": 1.277955, "Health_Prop": 64.690722, "Education_Prop": 4.204204, "Work_Prop": 59.498554000000006, "Peace_Prop": 0.31948899999999997, "Participation_Prop": 91.904485, "SocialProtection_Prop": 98.835178, "Environment_Prop": 0.038502, "shelter_electricity": 34.82428115, "health_center_attendance": 64.69072165, "work_farms": 52.14285714, "work_unskilled": 16.66666667, "health_programs": 58.14696486, "sp_philhealth": 58.14696486, "water_toilet": 1.277955272, "shelter_makeshift_nhts": 0.0, "food_malnourished": 0.0, "health_child_death": 0.0, "health_maternal_death": 0.0, "he_flood": 0.0, "he_volcano": 0.0, "he_landslide": 0.001372, "he_earthquake": 0.0, "name": "Guling"}, "PH097343011": {"Water_Prop": 23.181818, "Food_Prop": 100.0, "Shelter_Prop": 0.0, "Health_Prop": 7.814045, "Education_Prop": 21.259843, "Work_Prop": 61.538462, "Peace_Prop": 0.0, "Participation_Prop": 87.931034, "SocialProtection_Prop": 99.00181500000001, "Environment_Prop": 8.096931,