{"PH097324002": {"water_access": 73.66946800000001, "food_tenure": 75.0, "shelter_informal_settlers_nhts": 1.40056, "health_center_attendance": 7.560356, "educ_outofschool_all": 7.1979429999999995, "work_unemployment": 46.946946999999994, "po_conflict": 0.0, "participation_assembly_attendance": 90.396927, "sp_sss": 99.167734, "he_risk": 8.128160000000001, "shelter_electricity": 26.33053221, "health_center_attendance.1": 7.560355781, "work_farms": 37.9245283, "work_unskilled": 21.88679245, "health_programs": 56.30252101, "sp_philhealth": 56.30252101, "water_toilet": 7.56302521, "shelter_makeshift_nhts": 2.661064426, "food_malnourished": 0.0, "health_child_death": 1.4, "health_maternal_death": 0.0, "he_flood": 0.0, "he_volcano": 0.0, "he_landslide": 0.001056, "he_earthquake": 0.0, "name": "Betinan"}, "PH097324003": {"water_access": 43.644068, "food_tenure": 82.608696, "shelter_informal_settlers_nhts": 3.3898309999999996, "health_center_attendance": 23.686920999999998, "educ_outofschool_all": 16.431925, "work_unemployment": 46.757164, "po_conflict": 0.0, "participation_assembly_attendance": 80.414508, "sp_sss": 98.549223, "he_risk": 8.092260000000001, "shelter_electricity": 38.13559322, "health_center_attendance.1": 23.686920699999998, "work_farms": 54.95750708, "work_unskilled": 15.01416431, "health_programs": 60.16949153, "sp_philhealth": 60.16949153, "water_toilet": 13.98305085, "shelter_makeshift_nhts": 3.177966102, "food_malnourished": 0.0, "health_child_death": 0.0, "health_maternal_death": 0.0, "he_flood": 0.0, "he_volcano": 0.0, "he_landslide": 0.001056, "he_earthquake": 0.0, "name": "Bulawan"}, "PH097324004": {"water_access": 39.622642, "food_tenure": 33.333333, "shelter_informal_settlers_nhts": 1.257862, "health_center_attendance": 18.121693, "educ_outofschool_all": 5.7692309999999996, "work_unemployment": 50.652174, "po_conflict": 0.0, "participation_assembly_attendance": 76.803395, "sp_sss": 99.29278599999999, "he_risk": 0.025356999999999998, "shelter_electricity": 49.05660377, "health_center_attendance.1": 18.12169312, "work_farms": 68.28193833, "work_unskilled": 14.0969163, "health_programs": 44.65408805, "sp_philhealth": 44.65408805, "water_toilet": 18.86792453, "shelter_makeshift_nhts": 1.5723270440000001, "food_malnourished": 0.89999998, "health_child_death": 1.1, "health_maternal_death": 0.0, "he_flood": 0.0, "he_volcano": 0.0, "he_landslide": 0.001056, "he_earthquake": 0.0, "name": "Calube"}, "PH097324005": {"water_access": 59.52381, "food_tenure": 91.044776, "shelter_informal_settlers_nhts": 5.555556, "health_center_attendance": 14.539579999999999, "educ_outofschool_all": 7.006369, "work_unemployment": 43.442623, "po_conflict": 0.0, "participation_assembly_attendance": 66.030534, "sp_sss": 99.618321, "he_risk": 0.022986000000000003, "shelter_electricity": 68.25396825, "health_center_attendance.1": 14.53957997, "work_farms": 73.91304348, "work_unskilled": 7.246376812, "health_programs": 35.71428571, "sp_philhealth": 35.71428571, "water_toilet": 26.19047619, "shelter_makeshift_nhts": 1.19047619, "food_malnourished": 0.0, "health_child_death": 0.0, "health_maternal_death": 0.0, "he_flood": 0.0, "he_volcano": 0.0, "he_landslide": 0.001056, "he_earthquake": 0.0, "name": "Concepcion"}, "PH097324007": {"water_access": 37.643678, "food_tenure": 100.0, "shelter_informal_settlers_nhts": 2.298851, "health_center_attendance": 11.230666000000001, "educ_outofschool_all": 10.92437, "work_unemployment": 47.772021, "po_conflict": 0.287356, "participation_assembly_attendance": 91.21830600000001, "sp_sss": 97.52628299999999, "he_risk": 9.342017, "shelter_electricity": 37.35632184, "health_center_attendance.1": 11.23066577, "work_farms": 61.70634921, "work_unskilled": 11.9047619, "health_programs": 56.89655172, "sp_philhealth": 56.89655172, "water_toilet": 11.781609199999998, "shelter_makeshift_nhts": 0.718390805, "food_malnourished": 0.5, "health_child_death": 0.0, "health_maternal_death": 0.0, "he_flood": 0.0, "he_volcano": 0.0, "he_landslide": 0.001056, "he_earthquake": 0.07142899999999999, "name": "Dao-an"}, "PH097324008": {"water_access": 56.410256000000004, "food_tenure": 84.90566, "shelter_informal_settlers_nhts": 5.128205, "health_center_attendance": 13.168724, "educ_outofschool_all": 4.787234, "work_unemployment": 48.036952, "po_conflict": 5.128205, "participation_assembly_attendance": 75.223881, "sp_sss": 99.701493, "he_risk": 0.075331, "shelter_electricity": 53.20512821, "health_center_attendance.1": 13.16872428, "work_farms": 76.44444444, "work_unskilled": 7.555555556, "health_programs": 33.33333333, "sp_philhealth": 33.33333333, "water_toilet": 17.94871795, "shelter_makeshift_nhts": 2.243589744, "food_malnourished": 0.0, "health_child_death": 0.0, "health_maternal_death": 0.0, "he_flood": 0.0, "he_volcano": 0.0, "he_landslide": 0.004487, "he_earthquake": 0.0, "name": "Dumalian"}, "PH097324009": {"water_access": 35.151515, "food_tenure": 88.356164, "shelter_informal_settlers_nhts": 6.6666669999999995, "health_center_attendance": 16.601307000000002, "educ_outofschool_all": 6.930692999999999, "work_unemployment": 46.563193, "po_conflict": 0.606061, "participation_assembly_attendance": 80.417755, "sp_sss": 98.82506500000001, "he_risk": 0.027192, "shelter_electricity": 52.12121212, "health_center_attendance.1": 16.60130719, "work_farms": 74.27385892, "work_unskilled": 6.22406639, "health_programs": 46.66666667, "sp_philhealth": 46.66666667, "water_toilet": 19.39393939, "shelter_makeshift_nhts": 0.303030303, "food_malnourished": 3.3, "health_child_death": 0.0, "health_maternal_death": 0.0, "he_flood": 0.0, "he_volcano": 0.0, "he_landslide": 0.001056, "he_earthquake": 0.0, "name": "Fatima"}, "PH097324012": {"water_access": 77.981651, "food_tenure": 94.782609, "shelter_informal_settlers_nhts": 5.045872, "health_center_attendance": 31.161781, "educ_outofschool_all": 14.732142999999999, "work_unemployment": 44.60177, "po_conflict": 0.917431, "participation_assembly_attendance": 87.697517, "sp_sss": 99.435666, "he_risk": 0.024369, "shelter_electricity": 71.10091743, "health_center_attendance.1": 31.16178067, "work_farms": 73.80191693, "work_unskilled": 9.904153355, "health_programs": 52.75229358, "sp_philhealth": 52.75229358, "water_toilet": 27.06422018, "shelter_makeshift_nhts": 3.211009174, "food_malnourished": 0.0, "health_child_death": 0.0, "health_maternal_death": 0.0, "he_flood": 0.0, "he_volcano": 0.0, "he_landslide": 0.001056, "he_earthquake": 0.0, "name": "Langilan"}, "PH097324013": {"water_access": 23.076923, "food_tenure": 24.576271, "shelter_informal_settlers_nhts": 1.648352, "health_center_attendance": 9.585492, "educ_outofschool_all": 4.5, "work_unemployment": 46.900826, "po_conflict": 0.549451, "participation_assembly_attendance": 88.0, "sp_sss": 99.314286, "he_risk": 0.074586, "shelter_electricity": 43.95604396, "health_center_attendance.1": 9.585492228, "work_farms": 67.31517509999999, "work_unskilled": 8.171206226, "health_programs": 43.40659341, "sp_philhealth": 43.40659341, "water_toilet": 19.78021978, "shelter_makeshift_nhts": 1.098901099, "food_malnourished": 0.80000001, "health_child_death": 0.0, "health_maternal_death": 0.0, "he_flood": 0.0, "he_volcano": 0.0, "he_landslide": 0.004064, "he_earthquake": 0.0, "name": "Lantawan"}, "PH097324014": {"water_access": 48.091603000000006, "food_tenure": 84.615385, "shelter_informal_settlers_nhts": 4.580153, "health_center_attendance": 14.424951, "educ_outofschool_all": 8.181818, "work_unemployment": 46.728972, "po_conflict": 0.763359, "participation_assembly_attendance": 79.674797, "sp_sss": 98.98374, "he_risk": 0.023159, "shelter_electricity": 60.30534351, "health_center_attendance.1": 14.42495127, "work_farms": 73.68421053, "work_unskilled": 9.941520468, "health_programs": 52.67175573, "sp_philhealth": 52.67175573, "water_toilet": 18.32061069, "shelter_makeshift_nhts": 2.290076336, "food_malnourished": 0.0, "health_child_death": 0.0, "health_maternal_death": 0.0, "he_flood": 0.0,