{"PH097224001": {"water_access": 67.634855, "food_tenure": 60.975609999999996, "shelter_informal_settlers_nhts": 0.41493800000000003, "health_center_attendance": 81.945838, "educ_outofschool_all": 10.887097, "work_unemployment": 43.668831, "po_conflict": 1.244813, "participation_assembly_attendance": 89.255014, "sp_sss": 0.5730659999999972, "he_risk": 0.585489, "shelter_electricity": 38.17427386, "health_center_attendance.1": 81.94583751, "work_farms": 66.57060519, "work_unskilled": 20.74927954, "health_programs": 50.20746888, "sp_philhealth": 49.79253112, "water_toilet": 7.468879668, "shelter_makeshift_nhts": 0.622406639, "food_malnourished": 4.9000001, "health_child_death": "", "health_maternal_death": 0.0, "he_flood": 0.0, "he_volcano": 0.0, "he_landslide": 0.000792, "he_earthquake": 0.0, "name": "Alegria"}, "PH097224002": {"water_access": 74.545455, "food_tenure": 20.0, "shelter_informal_settlers_nhts": 0.0, "health_center_attendance": 76.190476, "educ_outofschool_all": 20.0, "work_unemployment": 50.299401, "po_conflict": 3.636364, "participation_assembly_attendance": 73.4375, "sp_sss": 0.2604170000000039, "he_risk": 0.28970799999999997, "shelter_electricity": 58.18181818, "health_center_attendance.1": 76.19047619, "work_farms": 74.69879518, "work_unskilled": 12.04819277, "health_programs": 61.81818182, "sp_philhealth": 38.18181818, "water_toilet": 60.0, "shelter_makeshift_nhts": 0.0, "food_malnourished": "", "health_child_death": "", "health_maternal_death": "", "he_flood": 0.0, "he_volcano": 0.0, "he_landslide": 0.000264, "he_earthquake": 0.0, "name": "Diangas"}, "PH097224003": {"water_access": 56.796117, "food_tenure": "", "shelter_informal_settlers_nhts": 2.427184, "health_center_attendance": 70.653266, "educ_outofschool_all": 10.931174, "work_unemployment": 49.920255, "po_conflict": 0.0, "participation_assembly_attendance": "", "sp_sss": 0.7376189999999951, "he_risk": 1.1657819999999999, "shelter_electricity": 50.97087379, "health_center_attendance.1": 70.65326633, "work_farms": 61.14649682, "work_unskilled": 17.8343949, "health_programs": 48.05825243, "sp_philhealth": 51.94174757, "water_toilet": 13.59223301, "shelter_makeshift_nhts": 0.485436893, "food_malnourished": "", "health_child_death": "", "health_maternal_death": "", "he_flood": 0.0, "he_volcano": 0.0, "he_landslide": 0.000264, "he_earthquake": 0.07142899999999999, "name": "Diculom"}, "PH097224004": {"water_access": 78.82352900000001, "food_tenure": "", "shelter_informal_settlers_nhts": 3.529412, "health_center_attendance": 59.857482, "educ_outofschool_all": 4.2372879999999995, "work_unemployment": 49.173553999999996, "po_conflict": 3.529412, "participation_assembly_attendance": 74.412533, "sp_sss": "", "he_risk": 0.007427, "shelter_electricity": 44.70588235, "health_center_attendance.1": 59.85748219, "work_farms": 76.42276423, "work_unskilled": 12.19512195, "health_programs": 62.35294118, "sp_philhealth": 37.64705882, "water_toilet": 20.0, "shelter_makeshift_nhts": 0.0, "food_malnourished": "", "health_child_death": "", "health_maternal_death": "", "he_flood": 0.0, "he_volcano": 0.0, "he_landslide": 0.000264, "he_earthquake": 0.0, "name": "Guimotan"}, "PH097224005": {"water_access": 5.6980059999999995, "food_tenure": 2.083333, "shelter_informal_settlers_nhts": 11.111111, "health_center_attendance": 51.915456, "educ_outofschool_all": 10.614525, "work_unemployment": 43.717001, "po_conflict": 1.709402, "participation_assembly_attendance": 93.488109, "sp_sss": 0.7361269999999962, "he_risk": 0.014173, "shelter_electricity": 45.01424501, "health_center_attendance.1": 51.91545575, "work_farms": 51.59474672, "work_unskilled": 22.13883677, "health_programs": 52.70655271, "sp_philhealth": 47.29344729, "water_toilet": 12.25071225, "shelter_makeshift_nhts": 1.282051282, "food_malnourished": "", "health_child_death": "", "health_maternal_death": "", "he_flood": 0.0, "he_volcano": 0.0, "he_landslide": 0.000264, "he_earthquake": 0.0, "name": "Kauswagan"}, "PH097224006": {"water_access": 62.31454, "food_tenure": 100.0, "shelter_informal_settlers_nhts": 1.4836799999999999, "health_center_attendance": 69.0374, "educ_outofschool_all": 15.196078, "work_unemployment": 40.315789, "po_conflict": 0.593472, "participation_assembly_attendance": "", "sp_sss": 0.2617800000000017, "he_risk": 0.295358, "shelter_electricity": 58.16023739, "health_center_attendance.1": 69.03740037, "work_farms": 72.31040564, "work_unskilled": 12.52204586, "health_programs": 58.45697329, "sp_philhealth": 41.54302671, "water_toilet": 28.48664688, "shelter_makeshift_nhts": 1.483679525, "food_malnourished": "", "health_child_death": "", "health_maternal_death": "", "he_flood": 0.0, "he_volcano": 0.0, "he_landslide": 0.000528, "he_earthquake": 0.0, "name": "Kilalaban"}, "PH097224007": {"water_access": 83.81502900000001, "food_tenure": 58.823529, "shelter_informal_settlers_nhts": 1.734104, "health_center_attendance": 58.367587, "educ_outofschool_all": 35.320088, "work_unemployment": 41.330645000000004, "po_conflict": 5.202312, "participation_assembly_attendance": 94.379935, "sp_sss": 0.04644700000000057, "he_risk": 16.744920999999998, "shelter_electricity": 93.06358382, "health_center_attendance.1": 58.36758661, "work_farms": 78.69415808, "work_unskilled": 9.621993127, "health_programs": 57.51445087, "sp_philhealth": 42.48554913, "water_toilet": 23.41040462, "shelter_makeshift_nhts": 0.7225433529999999, "food_malnourished": "", "health_child_death": "", "health_maternal_death": "", "he_flood": 0.0, "he_volcano": 0.0, "he_landslide": 0.002006, "he_earthquake": 0.0, "name": "Linay"}, "PH097224008": {"water_access": 48.795181, "food_tenure": 2.941176, "shelter_informal_settlers_nhts": 0.60241, "health_center_attendance": 70.187166, "educ_outofschool_all": 6.077348000000001, "work_unemployment": 43.708609, "po_conflict": 0.0, "participation_assembly_attendance": 89.310689, "sp_sss": 0.6993010000000055, "he_risk": 0.01238, "shelter_electricity": 46.38554217, "health_center_attendance.1": 70.18716578, "work_farms": 37.64705882, "work_unskilled": 46.66666667, "health_programs": 42.77108434, "sp_philhealth": 57.22891566, "water_toilet": 40.36144578, "shelter_makeshift_nhts": 0.0, "food_malnourished": 4.0, "health_child_death": "", "health_maternal_death": 0.0, "he_flood": 0.0, "he_volcano": 0.0, "he_landslide": 0.000264, "he_earthquake": 0.0, "name": "Lumay"}, "PH097224009": {"water_access": 17.759563, "food_tenure": 0.0, "shelter_informal_settlers_nhts": 1.0928959999999999, "health_center_attendance": 70.489914, "educ_outofschool_all": 10.328638, "work_unemployment": 45.96929, "po_conflict": 1.912568, "participation_assembly_attendance": 92.611795, "sp_sss": 1.2961760000000027, "he_risk": 16.174989, "shelter_electricity": 46.17486339, "health_center_attendance.1": 70.48991354, "work_farms": 64.8312611, "work_unskilled": 22.20248668, "health_programs": 40.43715847, "sp_philhealth": 59.56284153, "water_toilet": 14.48087432, "shelter_makeshift_nhts": 1.092896175, "food_malnourished": "", "health_child_death": "", "health_maternal_death": "", "he_flood": 0.0, "he_volcano": 0.0, "he_landslide": 0.000792, "he_earthquake": 0.0, "name": "Malinao"}, "PH097224010": {"water_access": 10.918114, "food_tenure": 0.0, "shelter_informal_settlers_nhts": 0.0, "health_center_attendance": 64.735658, "educ_outofschool_all": 9.513274000000001, "work_unemployment": 46.802595000000004, "po_conflict": 0.744417, "participation_assembly_attendance": 93.439014, "sp_sss": 0.48436800000000346, "he_risk": 0.580194, "shelter_electricity": 24.06947891, "health_center_attendance.1": 64.73565804, "work_farms": 57.14285714, "work_unskilled": 24.390243899999998, "health_programs": 46.89826303, "sp_philhealth": 53.10173697, "water_toilet": 10.17369727, "shelter_makeshift_nhts": 0.24813895800000002, "food_malnourished": 0.5, "health_child_death": "", "health_maternal_death": 0.0, "he_flood": 0.0, "he_volcano": 0.0, "he_landslide": 0.000264, "he_earthquake": 0.0,