{"PH101311001": {"water_access": 50.268336, "food_tenure": 18.333333, "shelter_informal_settlers_nhts": 1.610018, "health_center_attendance": 36.359706, "educ_outofschool_all": 22.061483, "work_unemployment": 50.698603000000006, "po_conflict": 0.536673, "participation_assembly_attendance": 71.403432, "sp_sss": 1.5838099999999997, "he_risk": 0.040373, "shelter_electricity": 69.05187835, "health_center_attendance.1": 36.35970601, "work_farms": 27.53036437, "work_unskilled": 59.37921727, "health_programs": 51.69946333, "sp_philhealth": 48.30053667, "water_toilet": 42.57602862, "shelter_makeshift_nhts": 14.13237925, "food_malnourished": "", "health_child_death": "", "health_maternal_death": "", "he_flood": 0.0, "he_volcano": 0.0, "he_landslide": 0.002006, "he_earthquake": 0.0, "name": "Capihan"}, "PH101311002": {"water_access": 20.100503, "food_tenure": 10.344828, "shelter_informal_settlers_nhts": 1.256281, "health_center_attendance": 50.133492, "educ_outofschool_all": 12.077295, "work_unemployment": 52.184874, "po_conflict": 0.0, "participation_assembly_attendance": 94.888598, "sp_sss": 3.189166, "he_risk": 0.979032, "shelter_electricity": 16.33165829, "health_center_attendance.1": 50.13349155, "work_farms": 3.866432337, "work_unskilled": 50.0, "health_programs": 65.82914573, "sp_philhealth": 34.17085427000001, "water_toilet": 6.281407035, "shelter_makeshift_nhts": 2.575376884, "food_malnourished": "", "health_child_death": "", "health_maternal_death": "", "he_flood": 0.0, "he_volcano": 0.0, "he_landslide": 0.0008449999999999999, "he_earthquake": 0.0, "name": "Crossing"}, "PH101311003": {"water_access": 31.370826, "food_tenure": 61.702128, "shelter_informal_settlers_nhts": 3.4270650000000002, "health_center_attendance": 40.501044, "educ_outofschool_all": 19.357639000000002, "work_unemployment": 49.670264, "po_conflict": 1.493849, "participation_assembly_attendance": 93.520168, "sp_sss": 0.8909770000000066, "he_risk": 1.6427470000000002, "shelter_electricity": 23.022847100000003, "health_center_attendance.1": 40.50104384, "work_farms": 11.37581894, "work_unskilled": 56.104824300000004, "health_programs": 67.13532513, "sp_philhealth": 32.86467487, "water_toilet": 14.05975395, "shelter_makeshift_nhts": 6.370826011, "food_malnourished": "", "health_child_death": "", "health_maternal_death": "", "he_flood": 0.0, "he_volcano": 0.0, "he_landslide": 0.000897, "he_earthquake": 0.0, "name": "Gango"}, "PH101311004": {"water_access": 10.291262, "food_tenure": 56.42201800000001, "shelter_informal_settlers_nhts": 2.1359220000000003, "health_center_attendance": 38.208821, "educ_outofschool_all": 18.918919, "work_unemployment": 50.269542, "po_conflict": 1.165049, "participation_assembly_attendance": 89.164599, "sp_sss": 1.3234080000000006, "he_risk": 8.109248, "shelter_electricity": 27.57281553, "health_center_attendance.1": 38.20882088, "work_farms": 9.078590786, "work_unskilled": 58.67208672, "health_programs": 65.63106796, "sp_philhealth": 34.368932040000004, "water_toilet": 10.67961165, "shelter_makeshift_nhts": 5.631067961, "food_malnourished": "", "health_child_death": "", "health_maternal_death": "", "he_flood": 0.0, "he_volcano": 0.0, "he_landslide": 0.0019, "he_earthquake": 0.0, "name": "Kiliog"}, "PH101311005": {"water_access": 18.965517000000002, "food_tenure": 71.859296, "shelter_informal_settlers_nhts": 2.9094830000000003, "health_center_attendance": 42.364532000000004, "educ_outofschool_all": 20.498301, "work_unemployment": 48.226164000000004, "po_conflict": 0.5387930000000001, "participation_assembly_attendance": 87.789266, "sp_sss": 2.9049729999999983, "he_risk": 0.51327, "shelter_electricity": 26.72413793, "health_center_attendance.1": 42.36453202, "work_farms": 12.63383298, "work_unskilled": 52.67665953, "health_programs": 68.31896552, "sp_philhealth": 31.681034479999994, "water_toilet": 7.9741379310000005, "shelter_makeshift_nhts": 3.448275862, "food_malnourished": "", "health_child_death": "", "health_maternal_death": "", "he_flood": 0.0, "he_volcano": 0.0, "he_landslide": 0.001847, "he_earthquake": 0.0, "name": "Kinawe"}, "PH101311006": {"water_access": 11.502783, "food_tenure": 3.891051, "shelter_informal_settlers_nhts": 2.040816, "health_center_attendance": 46.552428000000006, "educ_outofschool_all": 20.37037, "work_unemployment": 50.912301, "po_conflict": 0.185529, "participation_assembly_attendance": 92.79125400000001, "sp_sss": 2.528186000000005, "he_risk": 1.737689, "shelter_electricity": 23.74768089, "health_center_attendance.1": 46.55242758, "work_farms": 4.79616307, "work_unskilled": 52.27817746, "health_programs": 60.85343228, "sp_philhealth": 39.14656772, "water_toilet": 5.565862709, "shelter_makeshift_nhts": 3.06122449, "food_malnourished": "", "health_child_death": "", "health_maternal_death": "", "he_flood": 0.0, "he_volcano": 0.0, "he_landslide": 0.000897, "he_earthquake": 0.0, "name": "Laturan"}, "PH101311007": {"water_access": 22.02729, "food_tenure": 10.869565, "shelter_informal_settlers_nhts": 1.364522, "health_center_attendance": 52.535587, "educ_outofschool_all": 18.650794, "work_unemployment": 43.584379, "po_conflict": 0.584795, "participation_assembly_attendance": 85.52925400000001, "sp_sss": 2.054489000000004, "he_risk": 0.396627, "shelter_electricity": 43.66471735, "health_center_attendance.1": 52.53558719, "work_farms": 11.61928307, "work_unskilled": 71.56983931, "health_programs": 52.2417154, "sp_philhealth": 47.7582846, "water_toilet": 20.27290448, "shelter_makeshift_nhts": 7.01754386, "food_malnourished": "", "health_child_death": "", "health_maternal_death": "", "he_flood": 0.0, "he_volcano": 0.0, "he_landslide": 0.000792, "he_earthquake": 0.0, "name": "Maambong"}, "PH101311008": {"water_access": 36.687631, "food_tenure": 0.0, "shelter_informal_settlers_nhts": 1.6771490000000002, "health_center_attendance": 39.736148, "educ_outofschool_all": 21.190476, "work_unemployment": 49.726349, "po_conflict": 0.628931, "participation_assembly_attendance": 73.766816, "sp_sss": 1.9618830000000003, "he_risk": 12.594623, "shelter_electricity": 55.76519916, "health_center_attendance.1": 39.73614776, "work_farms": 11.97511664, "work_unskilled": 71.53965785, "health_programs": 50.31446541, "sp_philhealth": 49.68553459, "water_toilet": 22.64150943, "shelter_makeshift_nhts": 5.870020964, "food_malnourished": "", "health_child_death": "", "health_maternal_death": "", "he_flood": 0.0, "he_volcano": 0.0, "he_landslide": 0.0008449999999999999, "he_earthquake": 0.0, "name": "Nangka"}, "PH101311009": {"water_access": 23.575129999999998, "food_tenure": 6.25, "shelter_informal_settlers_nhts": 2.3316060000000003, "health_center_attendance": 47.851187, "educ_outofschool_all": 14.769231, "work_unemployment": 46.229186999999996, "po_conflict": 0.0, "participation_assembly_attendance": 95.608532, "sp_sss": 3.324968999999996, "he_risk": 1.436304, "shelter_electricity": 32.9015544, "health_center_attendance.1": 47.85118666, "work_farms": 7.103825137, "work_unskilled": 70.67395264, "health_programs": 51.29533679, "sp_philhealth": 48.70466321, "water_toilet": 11.13989637, "shelter_makeshift_nhts": 1.8134715030000002, "food_malnourished": "", "health_child_death": "", "health_maternal_death": "", "he_flood": 0.0, "he_volcano": 0.0, "he_landslide": 0.000792, "he_earthquake": 0.0, "name": "Palabucan"}, "PH101311010": {"water_access": 30.211082, "food_tenure": 10.416667, "shelter_informal_settlers_nhts": 4.221636, "health_center_attendance": 51.581666, "educ_outofschool_all": 12.55814, "work_unemployment": 47.138047, "po_conflict": 0.6596310000000001, "participation_assembly_attendance": 86.833765, "sp_sss": 2.5352919999999983, "he_risk": 8.822555, "shelter_electricity": 34.69656992, "health_center_attendance.1": 51.58166559, "work_farms": 7.279344859, "work_unskilled": 67.06096451, "health_programs": 51.97889182, "sp_philhealth": 48.02110818, "water_toilet": 13.32453826, "shelter_makeshift_nhts": 0.857519789, "food_malnourished": "",