{"PH101318001": {"Water_Prop": 64.70588199999999, "Food_Prop": 82.439024, "Shelter_Prop": 6.896552000000001, "Health_Prop": 32.351648, "Education_Prop": 13.522013000000001, "Work_Prop": 38.924559, "Peace_Prop": 0.811359, "Participation_Prop": 77.878331, "SocialProtection_Prop": 99.648064, "Environment_Prop": 17.566637, "shelter_electricity": 61.86612576, "health_center_attendance": 32.35164835, "work_farms": 29.04073587, "work_unskilled": 62.02365309, "health_programs": 45.84178499, "sp_philhealth": 45.84178499, "water_toilet": 55.78093306, "shelter_makeshift_nhts": 8.31643002, "food_malnourished": "", "health_child_death": "", "health_maternal_death": "", "he_flood": 0.0, "he_volcano": 0.0, "he_landslide": 0.005067, "he_earthquake": 0.0, "name": "Bonacao"}, "PH101318002": {"Water_Prop": 80.874317, "Food_Prop": 91.304348, "Shelter_Prop": 0.5464479999999999, "Health_Prop": 15.246098000000002, "Education_Prop": 15.533980999999999, "Work_Prop": 32.327586, "Peace_Prop": 1.0928959999999999, "Participation_Prop": 68.89952199999999, "SocialProtection_Prop": 99.880383, "Environment_Prop": 16.240814999999998, "shelter_electricity": 72.67759563, "health_center_attendance": 15.24609844, "work_farms": 49.04458599, "work_unskilled": 42.3566879, "health_programs": 49.18032787, "sp_philhealth": 49.18032787, "water_toilet": 63.38797814, "shelter_makeshift_nhts": 0.546448087, "food_malnourished": "", "health_child_death": "", "health_maternal_death": "", "he_flood": 0.0, "he_volcano": 0.0, "he_landslide": 0.005806, "he_earthquake": 0.0, "name": "Cabuling"}, "PH101318003": {"Water_Prop": 30.861244, "Food_Prop": 83.240223, "Shelter_Prop": 2.870813, "Health_Prop": 61.31013299999999, "Education_Prop": 9.482759, "Work_Prop": 38.25, "Peace_Prop": 0.239234, "Participation_Prop": 85.03936999999999, "SocialProtection_Prop": 99.32508399999999, "Environment_Prop": 0.159896, "shelter_electricity": 54.54545455, "health_center_attendance": 61.31013306, "work_farms": 27.80026991, "work_unskilled": 56.68016194, "health_programs": 30.14354067, "sp_philhealth": 30.14354067, "water_toilet": 33.97129187, "shelter_makeshift_nhts": 2.392344498, "food_malnourished": "", "health_child_death": "", "health_maternal_death": "", "he_flood": 0.0, "he_volcano": 0.0, "he_landslide": 0.004012, "he_earthquake": 0.0, "name": "Kawayan"}, "PH101318004": {"Water_Prop": 53.429603, "Food_Prop": 90.344828, "Shelter_Prop": 3.249097, "Health_Prop": 62.354764, "Education_Prop": 25.230769, "Work_Prop": 48.665820000000004, "Peace_Prop": 5.4151620000000005, "Participation_Prop": 75.309598, "SocialProtection_Prop": 99.22600600000001, "Environment_Prop": 16.220665, "shelter_electricity": 61.73285199, "health_center_attendance": 62.35476375, "work_farms": 24.25742574, "work_unskilled": 61.38613861, "health_programs": 49.45848375, "sp_philhealth": 49.45848375, "water_toilet": 19.49458484, "shelter_makeshift_nhts": 2.707581227, "food_malnourished": "", "health_child_death": "", "health_maternal_death": "", "he_flood": 0.0, "he_volcano": 0.0, "he_landslide": 0.004381, "he_earthquake": 0.0, "name": "Cayaga"}, "PH101318005": {"Water_Prop": 3.3613449999999996, "Food_Prop": 100.0, "Shelter_Prop": 0.0, "Health_Prop": 61.27839399999999, "Education_Prop": 15.61939, "Work_Prop": 28.757515, "Peace_Prop": 2.80112, "Participation_Prop": 86.525892, "SocialProtection_Prop": 99.899447, "Environment_Prop": 2.526648, "shelter_electricity": 70.86834734, "health_center_attendance": 61.27839408, "work_farms": 40.92827004, "work_unskilled": 45.14767932, "health_programs": 43.69747899, "sp_philhealth": 43.69747899, "water_toilet": 31.37254902, "shelter_makeshift_nhts": 13.86554622, "food_malnourished": "", "health_child_death": "", "health_maternal_death": "", "he_flood": 0.0, "he_volcano": 0.0, "he_landslide": 0.014780000000000001, "he_earthquake": 0.0, "name": "Dao"}, "PH101318007": {"Water_Prop": 66.028708, "Food_Prop": 97.959184, "Shelter_Prop": 0.956938, "Health_Prop": 20.06079, "Education_Prop": 11.24498, "Work_Prop": 39.310345, "Peace_Prop": 1.4354069999999999, "Participation_Prop": 86.28866, "SocialProtection_Prop": 99.690722, "Environment_Prop": 16.341426000000002, "shelter_electricity": 55.98086124, "health_center_attendance": 20.06079027, "work_farms": 49.71590909, "work_unskilled": 41.19318182, "health_programs": 45.93301435, "sp_philhealth": 45.93301435, "water_toilet": 50.23923445, "shelter_makeshift_nhts": 1.674641148, "food_malnourished": "", "health_child_death": "", "health_maternal_death": "", "he_flood": 0.0, "he_volcano": 0.0, "he_landslide": 0.012034999999999999, "he_earthquake": 0.0, "name": "Durian"}, "PH101318009": {"Water_Prop": 16.30094, "Food_Prop": 67.777778, "Shelter_Prop": 1.8808779999999998, "Health_Prop": 75.649968, "Education_Prop": 9.501188, "Work_Prop": 34.384858, "Peace_Prop": 1.253918, "Participation_Prop": 86.18988900000001, "SocialProtection_Prop": 99.815043, "Environment_Prop": 3.325016, "shelter_electricity": 55.79937304, "health_center_attendance": 75.64996829, "work_farms": 37.5, "work_unskilled": 49.35897436, "health_programs": 29.78056426, "sp_philhealth": 29.78056426, "water_toilet": 39.4984326, "shelter_makeshift_nhts": 2.194357367, "food_malnourished": "", "health_child_death": "", "health_maternal_death": "", "he_flood": 0.0, "he_volcano": 0.0, "he_landslide": 0.022697, "he_earthquake": 0.0, "name": "Iglugsad"}, "PH101318010": {"Water_Prop": 57.663629, "Food_Prop": 67.647059, "Shelter_Prop": 1.077051, "Health_Prop": 20.191966, "Education_Prop": 15.305466000000001, "Work_Prop": 38.846641, "Peace_Prop": 0.91135, "Participation_Prop": 82.438499, "SocialProtection_Prop": 99.497217, "Environment_Prop": 16.337675, "shelter_electricity": 64.54018227, "health_center_attendance": 20.19196587, "work_farms": 39.58549223, "work_unskilled": 45.44041451, "health_programs": 35.7912179, "sp_philhealth": 35.7912179, "water_toilet": 44.4076222, "shelter_makeshift_nhts": 3.686826843, "food_malnourished": "", "health_child_death": "", "health_maternal_death": "", "he_flood": 0.0, "he_volcano": 0.0, "he_landslide": 0.011665, "he_earthquake": 0.0, "name": "Kalagangan"}, "PH101318014": {"Water_Prop": 71.648352, "Food_Prop": 99.653979, "Shelter_Prop": 1.538462, "Health_Prop": 44.676978999999996, "Education_Prop": 15.079365, "Work_Prop": 35.359589, "Peace_Prop": 1.7582419999999999, "Participation_Prop": 83.927649, "SocialProtection_Prop": "", "Environment_Prop": 1.7421389999999999, "shelter_electricity": 75.16483516, "health_center_attendance": 44.67697907, "work_farms": 39.33774834, "work_unskilled": 54.70198676, "health_programs": 48.13186813, "sp_philhealth": 48.13186813, "water_toilet": 67.03296703, "shelter_makeshift_nhts": 5.9340659339999995, "food_malnourished": "", "health_child_death": "", "health_maternal_death": "", "he_flood": 0.0, "he_volcano": 0.0, "he_landslide": 0.012088, "he_earthquake": 0.07142899999999999, "name": "Kibongcog"}, "PH101318016": {"Water_Prop": 41.731602, "Food_Prop": 84.328358, "Shelter_Prop": 2.424242, "Health_Prop": 65.985167, "Education_Prop": 6.70194, "Work_Prop": 40.547422, "Peace_Prop": 0.34631999999999996, "Participation_Prop": 92.26655699999999, "SocialProtection_Prop": 98.889346, "Environment_Prop": 0.195819, "shelter_electricity": 39.22077922, "health_center_attendance": 65.98516737, "work_farms": 24.30406852, "work_unskilled": 56.63811563, "health_programs": 38.18181818, "sp_philhealth": 38.18181818, "water_toilet": 48.74458874, "shelter_makeshift_nhts": 3.03030303, "food_malnourished": "", "health_child_death": "", "health_maternal_death": "", "he_flood": 0.0, "he_volcano": 0.0, "he_landslide": 0.005965, "he_earthquake": 0.0, "name": "Little Baguio"}, "PH101318019": {"Water_Prop": 83.333333, "Food_Prop": 96.727273, "Shelter_Prop": 1.633987, "Health_Prop": 46.094946, "Education_Prop": 9.969789, "Work_Prop": 38.770389, "Peace_Prop": 0.653595, "Participation_Prop": 78.32, "SocialProtection_Prop": 99.52, "Environment_Prop": 0.051676, "shelter_electricity": 52.61437909,