{"PH103503001": {"water_access": 75.247525, "food_tenure": 100.0, "shelter_informal_settlers_nhts": 1.980198, "health_center_attendance": 96.8, "educ_outofschool_all": 14.583332999999998, "work_unemployment": 56.849315000000004, "po_conflict": 0.0, "participation_assembly_attendance": 84.615385, "sp_sss": 2.197801999999996, "he_risk": 0.207918, "shelter_electricity": 28.71287129, "health_center_attendance.1": 96.8, "work_farms": 15.07936508, "work_unskilled": 67.46031746, "health_programs": 42.57425743, "sp_philhealth": 57.42574257, "water_toilet": 20.79207921, "shelter_makeshift_nhts": 10.3960396, "food_malnourished": "", "health_child_death": "", "health_maternal_death": "", "he_flood": 0.0, "he_volcano": 0.0, "he_landslide": 0.001056, "he_earthquake": 0.0, "name": "Andil"}, "PH103503002": {"water_access": 2.358491, "food_tenure": 75.0, "shelter_informal_settlers_nhts": 3.3018870000000002, "health_center_attendance": 61.776403, "educ_outofschool_all": 8.539325999999999, "work_unemployment": 54.045306999999994, "po_conflict": 0.0, "participation_assembly_attendance": 90.265487, "sp_sss": 2.831857999999997, "he_risk": 18.656214000000002, "shelter_electricity": 13.52201258, "health_center_attendance.1": 61.776403, "work_farms": 7.746478872999999, "work_unskilled": 52.53521127, "health_programs": 71.3836478, "sp_philhealth": 28.616352199999994, "water_toilet": 18.08176101, "shelter_makeshift_nhts": 4.088050314, "food_malnourished": "", "health_child_death": "", "health_maternal_death": "", "he_flood": 0.0, "he_volcano": 0.0, "he_landslide": 0.0, "he_earthquake": 0.0, "name": "Bagong Dawis"}, "PH103503003": {"water_access": 8.433735, "food_tenure": 100.0, "shelter_informal_settlers_nhts": 2.108434, "health_center_attendance": 93.48331999999999, "educ_outofschool_all": 8.856089, "work_unemployment": 50.569476, "po_conflict": 0.0, "participation_assembly_attendance": 84.848485, "sp_sss": 2.607469999999992, "he_risk": 4.979987, "shelter_electricity": 16.86746988, "health_center_attendance.1": 93.4833204, "work_farms": 32.71889401, "work_unskilled": 40.55299539, "health_programs": 45.78313253, "sp_philhealth": 54.21686747, "water_toilet": 29.51807229, "shelter_makeshift_nhts": 17.77108434, "food_malnourished": "", "health_child_death": "", "health_maternal_death": "", "he_flood": 0.0, "he_volcano": 0.0, "he_landslide": 0.0, "he_earthquake": 0.0, "name": "Baroy Daku"}, "PH103503004": {"water_access": 89.655172, "food_tenure": 100.0, "shelter_informal_settlers_nhts": 1.7241380000000002, "health_center_attendance": 53.752534999999995, "educ_outofschool_all": 13.675214000000002, "work_unemployment": 53.49544100000001, "po_conflict": 0.8620690000000001, "participation_assembly_attendance": 81.954887, "sp_sss": 2.5062659999999966, "he_risk": 0.122222, "shelter_electricity": 28.44827586, "health_center_attendance.1": 53.7525355, "work_farms": 25.49019608, "work_unskilled": 55.55555556, "health_programs": 53.44827586, "sp_philhealth": 46.55172414, "water_toilet": 43.96551724, "shelter_makeshift_nhts": 0.8620689659999999, "food_malnourished": "", "health_child_death": "", "health_maternal_death": "", "he_flood": 0.0, "he_volcano": 0.0, "he_landslide": 0.001056, "he_earthquake": 0.0, "name": "Bato"}, "PH103503005": {"water_access": 21.487603, "food_tenure": 100.0, "shelter_informal_settlers_nhts": 0.0, "health_center_attendance": 57.708332999999996, "educ_outofschool_all": 18.627451, "work_unemployment": 58.204333999999996, "po_conflict": 0.0, "participation_assembly_attendance": 84.782609, "sp_sss": 3.0434780000000075, "he_risk": 0.120351, "shelter_electricity": 28.92561983, "health_center_attendance.1": 57.70833333, "work_farms": 8.888888889, "work_unskilled": 79.25925926, "health_programs": 77.68595041, "sp_philhealth": 22.314049589999996, "water_toilet": 42.97520661, "shelter_makeshift_nhts": 7.024793387999999, "food_malnourished": "", "health_child_death": "", "health_maternal_death": "", "he_flood": 0.0, "he_volcano": 0.0, "he_landslide": 0.001056, "he_earthquake": 0.0, "name": "Cabasagan"}, "PH103503006": {"water_access": 18.068535999999998, "food_tenure": 40.0, "shelter_informal_settlers_nhts": 0.0, "health_center_attendance": 82.749787, "educ_outofschool_all": 13.122172, "work_unemployment": 55.889724, "po_conflict": 0.0, "participation_assembly_attendance": 85.49746999999999, "sp_sss": 2.360877000000002, "he_risk": 0.14092000000000002, "shelter_electricity": 18.06853583, "health_center_attendance.1": 82.74978651, "work_farms": 13.92045455, "work_unskilled": 65.05681818, "health_programs": 75.07788162, "sp_philhealth": 24.92211838, "water_toilet": 21.18380062, "shelter_makeshift_nhts": 9.034267912999999, "food_malnourished": "", "health_child_death": "", "health_maternal_death": "", "he_flood": 0.0, "he_volcano": 0.0, "he_landslide": 0.001056, "he_earthquake": 0.0, "name": "Dalama"}, "PH103503007": {"water_access": 25.954198, "food_tenure": "", "shelter_informal_settlers_nhts": 2.290076, "health_center_attendance": 45.01992, "educ_outofschool_all": 8.910891000000001, "work_unemployment": 51.987768, "po_conflict": 3.053435, "participation_assembly_attendance": 81.601732, "sp_sss": 2.164501999999999, "he_risk": 0.11874000000000001, "shelter_electricity": 27.48091603, "health_center_attendance.1": 45.01992032, "work_farms": 19.74522293, "work_unskilled": 56.05095541, "health_programs": 48.09160305, "sp_philhealth": 51.90839695, "water_toilet": 54.19847328, "shelter_makeshift_nhts": 2.290076336, "food_malnourished": "", "health_child_death": "", "health_maternal_death": "", "he_flood": 0.0, "he_volcano": 0.0, "he_landslide": 0.001056, "he_earthquake": 0.0, "name": "Libertad"}, "PH103503008": {"water_access": 77.69784200000001, "food_tenure": 95.0, "shelter_informal_settlers_nhts": 0.0, "health_center_attendance": 96.37404599999999, "educ_outofschool_all": 16.822429999999997, "work_unemployment": 55.587393000000006, "po_conflict": 0.0, "participation_assembly_attendance": 78.224101, "sp_sss": 8.033827000000002, "he_risk": 2.686361, "shelter_electricity": 25.17985612, "health_center_attendance.1": 96.3740458, "work_farms": 10.96774194, "work_unskilled": 65.80645161, "health_programs": 44.60431655, "sp_philhealth": 55.39568345, "water_toilet": 10.07194245, "shelter_makeshift_nhts": 6.474820144, "food_malnourished": "", "health_child_death": "", "health_maternal_death": "", "he_flood": 0.0, "he_volcano": 0.0, "he_landslide": 0.001056, "he_earthquake": 0.0, "name": "Limwag"}, "PH103503009": {"water_access": 21.827410999999998, "food_tenure": 95.061728, "shelter_informal_settlers_nhts": 2.030457, "health_center_attendance": 93.405405, "educ_outofschool_all": 11.282051, "work_unemployment": 56.456954, "po_conflict": 0.507614, "participation_assembly_attendance": 85.328638, "sp_sss": 4.460093999999998, "he_risk": 0.123832, "shelter_electricity": 12.69035533, "health_center_attendance.1": 93.40540541, "work_farms": 4.182509506000001, "work_unskilled": 66.92015209, "health_programs": 47.20812183, "sp_philhealth": 52.79187817, "water_toilet": 27.41116751, "shelter_makeshift_nhts": 2.791878173, "food_malnourished": "", "health_child_death": "", "health_maternal_death": "", "he_flood": 0.0, "he_volcano": 0.0, "he_landslide": 0.001056, "he_earthquake": 0.0, "name": "Lindongan"}, "PH103503011": {"water_access": 26.666666999999997, "food_tenure": 100.0, "shelter_informal_settlers_nhts": 0.0, "health_center_attendance": 67.27467800000001, "educ_outofschool_all": 8.62069, "work_unemployment": 53.451043000000006, "po_conflict": 0.39215700000000003, "participation_assembly_attendance": 90.979381, "sp_sss": 1.8041240000000016, "he_risk": 0.11863399999999999, "shelter_electricity": 22.35294118, "health_center_attendance.1": 67.27467811, "work_farms": 13.44827586, "work_unskilled": 70.0, "health_programs": 65.09803922, "sp_philhealth": 34.901960779999996, "water_toilet": 29.41176471, "shelter_makeshift_nhts": 2.352941176, "food_malnourished": "", "health_child_death": "",