{"PH104310001": {"water_access": 16.776316, "food_tenure": 54.464286, "shelter_informal_settlers_nhts": 1.3157889999999999, "health_center_attendance": 68.22134399999999, "educ_outofschool_all": 8.571429, "work_unemployment": 47.861272, "po_conflict": 0.0, "participation_assembly_attendance": 90.68323000000001, "sp_sss": 98.757764, "he_risk": 0.340344, "shelter_electricity": 27.96052632, "health_center_attendance.1": 68.22134387, "work_farms": 12.86031042, "work_unskilled": 66.29711752, "health_programs": 29.93421053, "sp_philhealth": 29.93421053, "water_toilet": 13.48684211, "shelter_makeshift_nhts": 1.315789474, "food_malnourished": "", "health_child_death": "", "health_maternal_death": "", "he_flood": 0.0, "he_volcano": 0.0, "he_landslide": 0.00322, "he_earthquake": 0.0, "name": "Aluna"}, "PH104310002": {"water_access": 8.571429, "food_tenure": 0.0, "shelter_informal_settlers_nhts": 0.47618999999999995, "health_center_attendance": 80.764774, "educ_outofschool_all": 6.091371, "work_unemployment": 46.678321999999994, "po_conflict": 0.0, "participation_assembly_attendance": 88.913043, "sp_sss": 98.804348, "he_risk": 0.017141, "shelter_electricity": 13.80952381, "health_center_attendance.1": 80.76477404, "work_farms": 7.868852459, "work_unskilled": 63.93442623, "health_programs": 40.0, "sp_philhealth": 40.0, "water_toilet": 12.38095238, "shelter_makeshift_nhts": 0.47619047600000003, "food_malnourished": "", "health_child_death": "", "health_maternal_death": "", "he_flood": 0.0, "he_volcano": 0.0, "he_landslide": 0.000528, "he_earthquake": 0.0, "name": "Andales"}, "PH104310003": {"water_access": 16.819572, "food_tenure": 20.114943, "shelter_informal_settlers_nhts": 0.917431, "health_center_attendance": 71.495327, "educ_outofschool_all": 8.494208, "work_unemployment": 43.948296, "po_conflict": 0.0, "participation_assembly_attendance": 87.876182, "sp_sss": 98.796217, "he_risk": 0.346573, "shelter_electricity": 10.09174312, "health_center_attendance.1": 71.4953271, "work_farms": 2.7253668760000003, "work_unskilled": 64.57023061, "health_programs": 31.19266055, "sp_philhealth": 31.19266055, "water_toilet": 5.810397554, "shelter_makeshift_nhts": 1.22324159, "food_malnourished": "", "health_child_death": "", "health_maternal_death": "", "he_flood": 0.0, "he_volcano": 0.0, "he_landslide": 0.003167, "he_earthquake": 0.0, "name": "Apas"}, "PH104310004": {"water_access": 22.180451, "food_tenure": 6.060606, "shelter_informal_settlers_nhts": 0.37594, "health_center_attendance": 47.700631, "educ_outofschool_all": 10.0, "work_unemployment": 48.840382, "po_conflict": 0.37594, "participation_assembly_attendance": 92.963576, "sp_sss": 99.25496700000001, "he_risk": 0.343116, "shelter_electricity": 22.18045113, "health_center_attendance.1": 47.700631200000004, "work_farms": 6.666666667, "work_unskilled": 71.2, "health_programs": 42.10526316, "sp_philhealth": 42.10526316, "water_toilet": 18.42105263, "shelter_makeshift_nhts": 1.127819549, "food_malnourished": "", "health_child_death": "", "health_maternal_death": "", "he_flood": 0.0, "he_volcano": 0.0, "he_landslide": 0.003167, "he_earthquake": 0.0, "name": "Calacapan"}, "PH104310005": {"water_access": 8.723747999999999, "food_tenure": 36.666667, "shelter_informal_settlers_nhts": 3.5541199999999997, "health_center_attendance": 65.241271, "educ_outofschool_all": 5.806451999999999, "work_unemployment": 50.482133000000005, "po_conflict": 0.646204, "participation_assembly_attendance": 91.304348, "sp_sss": 98.796584, "he_risk": 16.523687, "shelter_electricity": 11.308562199999999, "health_center_attendance.1": 65.24127109, "work_farms": 4.581901489, "work_unskilled": 60.02290951, "health_programs": 44.58804523, "sp_philhealth": 44.58804523, "water_toilet": 6.4620355410000005, "shelter_makeshift_nhts": 0.726978998, "food_malnourished": 1.1, "health_child_death": 0.4, "health_maternal_death": 0.0, "he_flood": 0.0, "he_volcano": 0.0, "he_landslide": 0.00132, "he_earthquake": 0.0, "name": "Gimangpang"}, "PH104310006": {"water_access": 0.8064520000000001, "food_tenure": 20.930232999999998, "shelter_informal_settlers_nhts": 1.008065, "health_center_attendance": 75.976845, "educ_outofschool_all": 2.6431720000000003, "work_unemployment": 47.894737, "po_conflict": 1.2096770000000001, "participation_assembly_attendance": 89.783427, "sp_sss": 98.917137, "he_risk": 16.21658, "shelter_electricity": 9.072580645, "health_center_attendance.1": 75.97684515, "work_farms": 3.318903319, "work_unskilled": 57.86435786, "health_programs": 42.54032258, "sp_philhealth": 42.54032258, "water_toilet": 2.016129032, "shelter_makeshift_nhts": 1.310483871, "food_malnourished": 1.3, "health_child_death": 0.0, "health_maternal_death": 0.0, "he_flood": 0.0, "he_volcano": 0.0, "he_landslide": 0.00132, "he_earthquake": 0.0, "name": "Jampason"}, "PH104310007": {"water_access": 9.717868, "food_tenure": 14.159292, "shelter_informal_settlers_nhts": 1.253918, "health_center_attendance": 49.273021, "educ_outofschool_all": 5.490196, "work_unemployment": 47.156397999999996, "po_conflict": 1.253918, "participation_assembly_attendance": 78.297162, "sp_sss": 98.247078, "he_risk": 0.344499, "shelter_electricity": 30.09404389, "health_center_attendance.1": 49.273021, "work_farms": 9.192825112000001, "work_unskilled": 71.07623318, "health_programs": 36.67711599, "sp_philhealth": 36.67711599, "water_toilet": 17.86833856, "shelter_makeshift_nhts": 0.626959248, "food_malnourished": "", "health_child_death": "", "health_maternal_death": "", "he_flood": 0.0, "he_volcano": 0.0, "he_landslide": 0.003167, "he_earthquake": 0.0, "name": "Kamelon"}, "PH104310008": {"water_access": 1.061008, "food_tenure": 100.0, "shelter_informal_settlers_nhts": 1.32626, "health_center_attendance": 83.377309, "educ_outofschool_all": 8.707865, "work_unemployment": 47.1875, "po_conflict": 1.061008, "participation_assembly_attendance": 92.926829, "sp_sss": 99.45121999999999, "he_risk": 0.02553, "shelter_electricity": 19.36339523, "health_center_attendance.1": 83.37730871, "work_farms": 2.366863905, "work_unskilled": 68.83629191, "health_programs": 44.82758621, "sp_philhealth": 44.82758621, "water_toilet": 5.570291777, "shelter_makeshift_nhts": 0.39787798399999996, "food_malnourished": "", "health_child_death": "", "health_maternal_death": "", "he_flood": 0.0, "he_volcano": 0.0, "he_landslide": 0.000528, "he_earthquake": 0.0, "name": "Kanitoan"}, "PH104310009": {"water_access": 32.083333, "food_tenure": 95.04950500000001, "shelter_informal_settlers_nhts": 1.666667, "health_center_attendance": 32.538955, "educ_outofschool_all": 4.924242, "work_unemployment": 49.644381, "po_conflict": 0.0, "participation_assembly_attendance": 80.590717, "sp_sss": 98.417722, "he_risk": 0.055824, "shelter_electricity": 14.58333333, "health_center_attendance.1": 32.53895509, "work_farms": 5.649717514, "work_unskilled": 71.75141243, "health_programs": 31.25, "sp_philhealth": 31.25, "water_toilet": 10.41666667, "shelter_makeshift_nhts": 0.208333333, "food_malnourished": "", "health_child_death": "", "health_maternal_death": "", "he_flood": 0.0, "he_volcano": 0.0, "he_landslide": 0.00322, "he_earthquake": 0.0, "name": "Oguis"}, "PH104310010": {"water_access": 1.8867919999999998, "food_tenure": 0.0, "shelter_informal_settlers_nhts": 0.0, "health_center_attendance": 62.533215000000006, "educ_outofschool_all": 8.208955, "work_unemployment": 47.092199, "po_conflict": 0.37735799999999997, "participation_assembly_attendance": 85.196078, "sp_sss": 99.01960799999999, "he_risk": 16.519146, "shelter_electricity": 11.32075472, "health_center_attendance.1": 62.53321523, "work_farms": 1.876675603, "work_unskilled": 67.2922252, "health_programs": 44.90566038, "sp_philhealth": 44.90566038, "water_toilet": 2.264150943, "shelter_makeshift_nhts": 1.698113208, "food_malnourished": 3.0, "health_child_death": 0.0, "health_maternal_death": 0.0, "he_flood": 0.0, "he_volcano": 0.0, "he_landslide": 0.001056, "he_earthquake": 0.0, "name": "Pagahan"},