{"PH104307001": {"Water_Prop": 2.085747, "Food_Prop": 65.822785, "Shelter_Prop": 12.16686, "Health_Prop": 87.489734, "Education_Prop": 4.826733, "Work_Prop": 48.375, "Peace_Prop": 5.909618, "Participation_Prop": 96.45996099999999, "SocialProtection_Prop": 97.68066400000001, "Environment_Prop": 18.029447, "shelter_electricity": 24.33371958, "health_center_attendance": 87.48973446, "work_farms": 8.878127522, "work_unskilled": 56.41646489, "health_programs": 49.47856315, "sp_philhealth": 49.47856315, "water_toilet": 22.82734647, "shelter_makeshift_nhts": 2.607184241, "food_malnourished": "", "health_child_death": "", "health_maternal_death": "", "he_flood": 0.0, "he_volcano": 0.0, "he_landslide": 0.001056, "he_earthquake": 0.0, "name": "Amoros"}, "PH104307002": {"Water_Prop": 3.289474, "Food_Prop": 17.346939000000003, "Shelter_Prop": 2.631579, "Health_Prop": 97.443842, "Education_Prop": 7.407407000000001, "Work_Prop": 47.897196, "Peace_Prop": 0.328947, "Participation_Prop": 93.04175, "SocialProtection_Prop": 98.144467, "Environment_Prop": 1.245258, "shelter_electricity": 27.63157895, "health_center_attendance": 97.44384198, "work_farms": 8.968609865, "work_unskilled": 62.10762332, "health_programs": 38.48684211, "sp_philhealth": 38.48684211, "water_toilet": 8.552631579, "shelter_makeshift_nhts": 1.315789474, "food_malnourished": "", "health_child_death": "", "health_maternal_death": "", "he_flood": 0.0, "he_volcano": 0.0, "he_landslide": 0.0, "he_earthquake": 0.0, "name": "Bolisong"}, "PH104307003": {"Water_Prop": 2.588556, "Food_Prop": 66.666667, "Shelter_Prop": 2.316076, "Health_Prop": 94.658385, "Education_Prop": 5.2238809999999996, "Work_Prop": 50.069995, "Peace_Prop": 9.945504, "Participation_Prop": 91.02839399999999, "SocialProtection_Prop": 97.94798399999999, "Environment_Prop": 24.872298, "shelter_electricity": 9.945504087, "health_center_attendance": 94.65838509, "work_farms": 1.775700935, "work_unskilled": 57.75700935, "health_programs": 58.17438692, "sp_philhealth": 58.17438692, "water_toilet": 3.6784741139999997, "shelter_makeshift_nhts": 1.771117166, "food_malnourished": "", "health_child_death": "", "health_maternal_death": "", "he_flood": 0.0, "he_volcano": 0.0, "he_landslide": 0.001056, "he_earthquake": 0.0, "name": "Bolobolo"}, "PH104307004": {"Water_Prop": 12.051282, "Food_Prop": 9.745763, "Shelter_Prop": 1.538462, "Health_Prop": 82.611592, "Education_Prop": 10.451977000000001, "Work_Prop": 48.194014, "Peace_Prop": 1.282051, "Participation_Prop": 93.831391, "SocialProtection_Prop": 99.314599, "Environment_Prop": 0.6235689999999999, "shelter_electricity": 39.23076923, "health_center_attendance": 82.61159227, "work_farms": 10.55776892, "work_unskilled": 73.90438247, "health_programs": 46.41025641, "sp_philhealth": 46.41025641, "water_toilet": 16.66666667, "shelter_makeshift_nhts": 0.641025641, "food_malnourished": "", "health_child_death": "", "health_maternal_death": "", "he_flood": 0.0, "he_volcano": 0.0, "he_landslide": 0.00322, "he_earthquake": 0.0, "name": "Calongonan"}, "PH104307006": {"Water_Prop": 4.946237, "Food_Prop": 12.807882000000001, "Shelter_Prop": 1.2903229999999999, "Health_Prop": 97.36580500000001, "Education_Prop": 7.727272999999999, "Work_Prop": 49.812453000000005, "Peace_Prop": 0.215054, "Participation_Prop": 85.878004, "SocialProtection_Prop": 97.781885, "Environment_Prop": 4.038755, "shelter_electricity": 19.78494624, "health_center_attendance": 97.36580517, "work_farms": 8.968609865, "work_unskilled": 62.33183857, "health_programs": 40.86021505, "sp_philhealth": 40.86021505, "water_toilet": 2.795698925, "shelter_makeshift_nhts": 1.505376344, "food_malnourished": "", "health_child_death": "", "health_maternal_death": "", "he_flood": 0.0, "he_volcano": 0.0, "he_landslide": 0.001056, "he_earthquake": 0.0, "name": "Cogon"}, "PH104307007": {"Water_Prop": 7.832897999999999, "Food_Prop": 18.108107999999998, "Shelter_Prop": 1.8276759999999999, "Health_Prop": 97.128271, "Education_Prop": 4.5454550000000005, "Work_Prop": 46.660305, "Peace_Prop": 0.7832899999999999, "Participation_Prop": 93.322204, "SocialProtection_Prop": 98.55314399999999, "Environment_Prop": 1.454379, "shelter_electricity": 10.18276762, "health_center_attendance": 97.12827058, "work_farms": 13.95348837, "work_unskilled": 61.53846154, "health_programs": 44.38642298, "sp_philhealth": 44.38642298, "water_toilet": 14.36031332, "shelter_makeshift_nhts": 2.480417755, "food_malnourished": "", "health_child_death": "", "health_maternal_death": "", "he_flood": 0.0, "he_volcano": 0.0, "he_landslide": 0.001056, "he_earthquake": 0.0, "name": "Himaya"}, "PH104307008": {"Water_Prop": 14.663461999999999, "Food_Prop": 5.882353, "Shelter_Prop": 1.2019229999999999, "Health_Prop": 97.94285699999999, "Education_Prop": 4.012346, "Work_Prop": 46.843854, "Peace_Prop": 0.240385, "Participation_Prop": 82.847341, "SocialProtection_Prop": 98.056032, "Environment_Prop": 0.12154100000000001, "shelter_electricity": 25.72115385, "health_center_attendance": 97.94285714, "work_farms": 18.28125, "work_unskilled": 61.25, "health_programs": 34.61538462, "sp_philhealth": 34.61538462, "water_toilet": 15.38461538, "shelter_makeshift_nhts": 0.360576923, "food_malnourished": "", "health_child_death": "", "health_maternal_death": "", "he_flood": 0.0, "he_volcano": 0.0, "he_landslide": 0.001056, "he_earthquake": 0.0, "name": "Hinigdaan"}, "PH104307010": {"Water_Prop": 4.601227, "Food_Prop": 67.484663, "Shelter_Prop": 0.6134970000000001, "Health_Prop": 94.865526, "Education_Prop": 4.743083, "Work_Prop": 54.411765, "Peace_Prop": 0.0, "Participation_Prop": 77.805695, "SocialProtection_Prop": 97.571189, "Environment_Prop": 1.153092, "shelter_electricity": 21.779141100000004, "health_center_attendance": 94.86552567, "work_farms": 2.956989247, "work_unskilled": 77.68817204, "health_programs": 36.19631902, "sp_philhealth": 36.19631902, "water_toilet": 7.9754601229999995, "shelter_makeshift_nhts": 0.306748466, "food_malnourished": "", "health_child_death": "", "health_maternal_death": "", "he_flood": 0.0, "he_volcano": 0.0, "he_landslide": 0.0, "he_earthquake": 0.0, "name": "Kalabaylabay"}, "PH104307011": {"Water_Prop": 6.404833999999999, "Food_Prop": 11.538461999999999, "Shelter_Prop": 5.256798000000001, "Health_Prop": 91.787646, "Education_Prop": 8.722527000000001, "Work_Prop": 54.071383, "Peace_Prop": 12.205438000000001, "Participation_Prop": 97.85721099999999, "SocialProtection_Prop": 97.468474, "Environment_Prop": 19.42331, "shelter_electricity": 11.48036254, "health_center_attendance": 91.78764589, "work_farms": 3.350395533, "work_unskilled": 58.95765472, "health_programs": 52.80966767, "sp_philhealth": 52.80966767, "water_toilet": 11.17824773, "shelter_makeshift_nhts": 2.9909365560000003, "food_malnourished": "", "health_child_death": "", "health_maternal_death": "", "he_flood": 0.0, "he_volcano": 0.0, "he_landslide": 0.001056, "he_earthquake": 0.0, "name": "Molugan"}, "PH104307012": {"Water_Prop": 2.250489, "Food_Prop": 13.333332999999998, "Shelter_Prop": 1.272016, "Health_Prop": 88.512284, "Education_Prop": 2.7950310000000003, "Work_Prop": 50.931459000000004, "Peace_Prop": 0.097847, "Participation_Prop": 95.604396, "SocialProtection_Prop": 97.611085, "Environment_Prop": 27.872906, "shelter_electricity": 12.81800391, "health_center_attendance": 88.51228389, "work_farms": 1.217765043, "work_unskilled": 58.45272206, "health_programs": 63.11154599, "sp_philhealth": 63.11154599, "water_toilet": 0.782778865, "shelter_makeshift_nhts": 2.005870841, "food_malnourished": "", "health_child_death": "", "health_maternal_death": "", "he_flood": 0.0, "he_volcano": 0.0, "he_landslide": 0.001056, "he_earthquake": 0.0, "name": "Poblacion"}, "PH104307013": {"Water_Prop": 1.158301, "Food_Prop": 81.818182, "Shelter_Prop": 2.316602, "Health_Prop": 85.22304799999999, "Education_Prop": 4.065041000000001, "Work_Prop": 52.116788, "Peace_Prop": 0.3861, "Participation_Prop": 93.209518,