{"PH101314001": {"Water_Prop": 5.862647, "Food_Prop": 7.407407000000001, "Shelter_Prop": 1.675042, "Health_Prop": 53.075630000000004, "Education_Prop": 23.482428, "Work_Prop": 57.03479599999999, "Peace_Prop": 0.502513, "Participation_Prop": "", "SocialProtection_Prop": 96.93540300000001, "Environment_Prop": 4.224767, "shelter_electricity": 19.26298157, "health_center_attendance": 53.07563025, "work_farms": 4.342723005, "work_unskilled": 24.88262911, "health_programs": 58.123953099999994, "sp_philhealth": 58.123953099999994, "water_toilet": 24.79061977, "shelter_makeshift_nhts": 15.82914573, "food_malnourished": 3.4000001, "health_child_death": "", "health_maternal_death": 0.0, "he_flood": 0.0, "he_volcano": 0.0, "he_landslide": 0.000792, "he_earthquake": 0.0, "name": "Agusan Canyon"}, "PH101314002": {"Water_Prop": 14.342179999999999, "Food_Prop": 21.186441000000002, "Shelter_Prop": 3.8961040000000002, "Health_Prop": 73.139551, "Education_Prop": 18.234165, "Work_Prop": 48.230641, "Peace_Prop": 0.282326, "Participation_Prop": 98.292282, "SocialProtection_Prop": 96.168582, "Environment_Prop": 17.659193, "shelter_electricity": 15.86674195, "health_center_attendance": 73.13955053, "work_farms": 4.1013269, "work_unskilled": 54.92561319, "health_programs": 82.04404291, "sp_philhealth": 82.04404291, "water_toilet": 6.267645397999999, "shelter_makeshift_nhts": 2.428006776, "food_malnourished": "", "health_child_death": "", "health_maternal_death": "", "he_flood": 0.0, "he_volcano": 0.0, "he_landslide": 0.0008449999999999999, "he_earthquake": 0.0, "name": "Alae"}, "PH101314003": {"Water_Prop": 11.407767, "Food_Prop": 0.0, "Shelter_Prop": 1.6990290000000001, "Health_Prop": 73.752202, "Education_Prop": 14.685315, "Work_Prop": 40.578265, "Peace_Prop": 0.728155, "Participation_Prop": 92.484223, "SocialProtection_Prop": 97.590361, "Environment_Prop": 0.421113, "shelter_electricity": 48.78640777, "health_center_attendance": 73.752202, "work_farms": 10.23489933, "work_unskilled": 71.1409396, "health_programs": 70.14563107, "sp_philhealth": 70.14563107, "water_toilet": 21.11650485, "shelter_makeshift_nhts": 4.611650485, "food_malnourished": 7.0, "health_child_death": "", "health_maternal_death": 0.0, "he_flood": 0.0, "he_volcano": 0.0, "he_landslide": 0.0022170000000000002, "he_earthquake": 0.0, "name": "Dahilayan"}, "PH101314004": {"Water_Prop": 20.669856, "Food_Prop": 23.495701999999998, "Shelter_Prop": 1.913876, "Health_Prop": 95.16165500000001, "Education_Prop": 11.220472000000001, "Work_Prop": 47.977489, "Peace_Prop": 0.76555, "Participation_Prop": 91.370768, "SocialProtection_Prop": 97.502064, "Environment_Prop": 38.253161, "shelter_electricity": 41.14832536, "health_center_attendance": 95.16165499, "work_farms": 17.17376606, "work_unskilled": 50.16903313, "health_programs": 51.96172249, "sp_philhealth": 51.96172249, "water_toilet": 14.44976077, "shelter_makeshift_nhts": 2.200956938, "food_malnourished": "", "health_child_death": "", "health_maternal_death": "", "he_flood": 0.0, "he_volcano": 0.0, "he_landslide": 0.002111, "he_earthquake": 0.0, "name": "Dalirig"}, "PH101314005": {"Water_Prop": 5.269608, "Food_Prop": 4.6511629999999995, "Shelter_Prop": 3.676471, "Health_Prop": 57.006048, "Education_Prop": 25.238095, "Work_Prop": 55.634358, "Peace_Prop": 0.490196, "Participation_Prop": 97.89123199999999, "SocialProtection_Prop": 95.688551, "Environment_Prop": 5.1131269999999995, "shelter_electricity": 26.10294118, "health_center_attendance": 57.00604839, "work_farms": 3.463587922, "work_unskilled": 24.77797513, "health_programs": 62.37745098, "sp_philhealth": 62.37745098, "water_toilet": 18.01470588, "shelter_makeshift_nhts": 12.56127451, "food_malnourished": "", "health_child_death": "", "health_maternal_death": "", "he_flood": 0.0, "he_volcano": 0.0, "he_landslide": 0.000528, "he_earthquake": 0.0, "name": "Damilag"}, "PH101314006": {"Water_Prop": 9.472422, "Food_Prop": 17.961165, "Shelter_Prop": 1.798561, "Health_Prop": 78.89639, "Education_Prop": 8.849558, "Work_Prop": 51.608806, "Peace_Prop": 0.0, "Participation_Prop": 90.825688, "SocialProtection_Prop": 96.67741099999999, "Environment_Prop": 18.659827, "shelter_electricity": 11.39088729, "health_center_attendance": 78.89638979, "work_farms": 5.511811024, "work_unskilled": 48.03149606, "health_programs": 81.17505995, "sp_philhealth": 81.17505995, "water_toilet": 3.117505995, "shelter_makeshift_nhts": 1.858513189, "food_malnourished": "", "health_child_death": "", "health_maternal_death": "", "he_flood": 0.0, "he_volcano": 0.0, "he_landslide": 0.0008449999999999999, "he_earthquake": 0.0, "name": "Diclum"}, "PH101314007": {"Water_Prop": 18.852459, "Food_Prop": 83.157895, "Shelter_Prop": 0.819672, "Health_Prop": 65.092074, "Education_Prop": 11.671924, "Work_Prop": 41.832669, "Peace_Prop": 11.885246, "Participation_Prop": 88.372093, "SocialProtection_Prop": 98.716921, "Environment_Prop": 4.154704, "shelter_electricity": 74.59016393, "health_center_attendance": 65.09207366, "work_farms": 63.24200913, "work_unskilled": 19.17808219, "health_programs": 27.04918033, "sp_philhealth": 27.04918033, "water_toilet": 30.32786885, "shelter_makeshift_nhts": 1.43442623, "food_malnourished": "", "health_child_death": "", "health_maternal_death": "", "he_flood": 0.0, "he_volcano": 0.0, "he_landslide": 0.014568000000000001, "he_earthquake": 0.0, "name": "Guilang-guilang"}, "PH101314008": {"Water_Prop": 31.699847, "Food_Prop": 4.4, "Shelter_Prop": 0.612557, "Health_Prop": 45.865885, "Education_Prop": 12.601626, "Work_Prop": 52.60688199999999, "Peace_Prop": 0.0, "Participation_Prop": 94.08251899999999, "SocialProtection_Prop": 97.23127, "Environment_Prop": 2.347191, "shelter_electricity": 52.37366003, "health_center_attendance": 45.86588542, "work_farms": 28.16281628, "work_unskilled": 23.54235424, "health_programs": 49.77029096, "sp_philhealth": 49.77029096, "water_toilet": 67.22817764, "shelter_makeshift_nhts": 9.264931087, "food_malnourished": "", "health_child_death": "", "health_maternal_death": "", "he_flood": 0.0, "he_volcano": 0.0, "he_landslide": 0.0035369999999999998, "he_earthquake": 0.0, "name": "Kalugmanan"}, "PH101314009": {"Water_Prop": 21.978022, "Food_Prop": 22.093023000000002, "Shelter_Prop": 2.417582, "Health_Prop": 40.18358, "Education_Prop": 10.11236, "Work_Prop": 45.329001, "Peace_Prop": 0.0, "Participation_Prop": 94.236559, "SocialProtection_Prop": 97.763441, "Environment_Prop": 4.020994, "shelter_electricity": 44.395604399999996, "health_center_attendance": 40.18357981, "work_farms": 16.04754829, "work_unskilled": 28.97473997, "health_programs": 56.48351648, "sp_philhealth": 56.48351648, "water_toilet": 45.93406593, "shelter_makeshift_nhts": 8.461538462, "food_malnourished": "", "health_child_death": "", "health_maternal_death": "", "he_flood": 0.0, "he_volcano": 0.0, "he_landslide": 0.000528, "he_earthquake": 0.0, "name": "Lindaban"}, "PH101314010": {"Water_Prop": 31.790122999999998, "Food_Prop": 10.434783, "Shelter_Prop": 1.234568, "Health_Prop": 68.32040400000001, "Education_Prop": 10.568455, "Work_Prop": 49.609157, "Peace_Prop": 0.154321, "Participation_Prop": 97.537879, "SocialProtection_Prop": 98.32701999999999, "Environment_Prop": 17.680557999999998, "shelter_electricity": 33.56481481, "health_center_attendance": 68.32040411, "work_farms": 12.409972300000002, "work_unskilled": 52.46537396, "health_programs": 49.07407407, "sp_philhealth": 49.07407407, "water_toilet": 10.57098765, "shelter_makeshift_nhts": 2.854938272, "food_malnourished": "", "health_child_death": "", "health_maternal_death": "", "he_flood": 0.0, "he_volcano": 0.0, "he_landslide": 0.001953, "he_earthquake": 0.0, "name": "Lingion"}, "PH101314011": {"Water_Prop": 18.699732, "Food_Prop": 5.882353, "Shelter_Prop": 2.680965, "Health_Prop": 86.767095, "Education_Prop": 9.733939, "Work_Prop": 49.52381, "Peace_Prop": 0.268097, "Participation_Prop": 96.664852, "SocialProtection_Prop": 97.413558, "Environment_Prop": 16.949,