{"PH101315001": {"water_access": 30.546075, "food_tenure": 26.470588, "shelter_informal_settlers_nhts": 1.8771330000000002, "health_center_attendance": 77.839233, "educ_outofschool_all": 10.616438, "work_unemployment": 49.107657, "po_conflict": 0.170648, "participation_assembly_attendance": 88.72679000000001, "sp_sss": 1.425729000000004, "he_risk": 19.224453, "shelter_electricity": 27.98634812, "health_center_attendance.1": 77.83923304, "work_farms": 8.936651584, "work_unskilled": 55.42986425, "health_programs": 45.39249147, "sp_philhealth": 54.60750853, "water_toilet": 10.40955631, "shelter_makeshift_nhts": 1.535836177, "food_malnourished": 1.8, "health_child_death": "", "health_maternal_death": 0.0, "he_flood": 0.0, "he_volcano": 0.0, "he_landslide": 0.000792, "he_earthquake": 0.0, "name": "Anahawon"}, "PH101315002": {"water_access": 51.519244, "food_tenure": 65.243902, "shelter_informal_settlers_nhts": 2.228224, "health_center_attendance": 54.464822999999996, "educ_outofschool_all": 10.131108, "work_unemployment": 45.804541, "po_conflict": 0.877785, "participation_assembly_attendance": 96.036465, "sp_sss": 1.638261, "he_risk": 8.288657, "shelter_electricity": 33.01823093, "health_center_attendance.1": 54.46482261, "work_farms": 5.7377049179999995, "work_unskilled": 71.12932605, "health_programs": 52.39702903, "sp_philhealth": 47.60297097, "water_toilet": 24.5104659, "shelter_makeshift_nhts": 1.7893315330000001, "food_malnourished": 5.0, "health_child_death": "", "health_maternal_death": 0.0, "he_flood": 0.0, "he_volcano": 0.0, "he_landslide": 0.0008449999999999999, "he_earthquake": 0.0, "name": "Base Camp"}, "PH101315003": {"water_access": 37.704918, "food_tenure": 39.344262, "shelter_informal_settlers_nhts": 0.491803, "health_center_attendance": 29.255319, "educ_outofschool_all": 9.553158999999999, "work_unemployment": 44.525546999999996, "po_conflict": 1.967213, "participation_assembly_attendance": 90.865912, "sp_sss": 1.534526999999997, "he_risk": 35.241848, "shelter_electricity": 23.770491800000002, "health_center_attendance.1": 29.25531915, "work_farms": 12.75303644, "work_unskilled": 52.8340081, "health_programs": 34.09836066, "sp_philhealth": 65.90163934, "water_toilet": 17.86885246, "shelter_makeshift_nhts": 0.327868852, "food_malnourished": 4.0, "health_child_death": "", "health_maternal_death": 1.9, "he_flood": 0.0, "he_volcano": 1.0, "he_landslide": 0.001056, "he_earthquake": 0.0, "name": "Bayabason (Spring)"}, "PH101315004": {"water_access": 31.189084, "food_tenure": 9.345794, "shelter_informal_settlers_nhts": 4.288499, "health_center_attendance": 79.76878599999999, "educ_outofschool_all": 9.014085000000001, "work_unemployment": 44.532740000000004, "po_conflict": 3.9961010000000003, "participation_assembly_attendance": 95.877988, "sp_sss": 1.64880500000001, "he_risk": 23.582545, "shelter_electricity": 16.56920078, "health_center_attendance.1": 79.76878613, "work_farms": 6.991404011, "work_unskilled": 47.56446991, "health_programs": 40.15594542, "sp_philhealth": 59.84405458, "water_toilet": 9.356725146, "shelter_makeshift_nhts": 2.972709552, "food_malnourished": 1.4, "health_child_death": "", "health_maternal_death": 2.5999999, "he_flood": 0.0, "he_volcano": 0.0, "he_landslide": 0.001056, "he_earthquake": 0.07142899999999999, "name": "Camp I"}, "PH101315005": {"water_access": 40.677966, "food_tenure": 0.0, "shelter_informal_settlers_nhts": 4.872881, "health_center_attendance": 78.428638, "educ_outofschool_all": 10.991379, "work_unemployment": 42.804967, "po_conflict": 0.0, "participation_assembly_attendance": 92.954071, "sp_sss": 2.922756000000007, "he_risk": 8.207352, "shelter_electricity": 24.36440678, "health_center_attendance.1": 78.42863784, "work_farms": 7.024265645, "work_unskilled": 69.09323116, "health_programs": 51.48305085, "sp_philhealth": 48.51694915, "water_toilet": 10.16949153, "shelter_makeshift_nhts": 1.483050847, "food_malnourished": 9.6000004, "health_child_death": "", "health_maternal_death": 0.0, "he_flood": 0.0, "he_volcano": 0.0, "he_landslide": 0.0072840000000000005, "he_earthquake": 0.0, "name": "Colambugan"}, "PH101315006": {"water_access": 23.452545, "food_tenure": 21.186441000000002, "shelter_informal_settlers_nhts": 2.13205, "health_center_attendance": 42.469325, "educ_outofschool_all": 7.736944, "work_unemployment": 37.190083, "po_conflict": 0.894085, "participation_assembly_attendance": 93.689447, "sp_sss": 2.1602510000000024, "he_risk": 0.05087, "shelter_electricity": 20.4264099, "health_center_attendance.1": 42.46932515, "work_farms": 31.77830941, "work_unskilled": 39.55342903, "health_programs": 62.17331499, "sp_philhealth": 37.82668501, "water_toilet": 45.80467675, "shelter_makeshift_nhts": 1.9944979369999998, "food_malnourished": 0.30000001, "health_child_death": "", "health_maternal_death": 0.0, "he_flood": 0.0, "he_volcano": 0.0, "he_landslide": 0.002375, "he_earthquake": 0.0, "name": "Dagumba-an"}, "PH101315007": {"water_access": 64.102564, "food_tenure": 34.939759, "shelter_informal_settlers_nhts": 1.631702, "health_center_attendance": 78.07430699999999, "educ_outofschool_all": 24.791667, "work_unemployment": 39.578059, "po_conflict": 0.6993010000000001, "participation_assembly_attendance": 93.63095200000001, "sp_sss": 3.0357139999999987, "he_risk": 0.016931, "shelter_electricity": 39.16083916, "health_center_attendance.1": 78.07430665, "work_farms": 8.938547486000001, "work_unskilled": 77.09497207, "health_programs": 66.43356643, "sp_philhealth": 33.56643357, "water_toilet": 23.07692308, "shelter_makeshift_nhts": 2.913752914, "food_malnourished": 3.3, "health_child_death": "", "health_maternal_death": 0.0, "he_flood": 0.0, "he_volcano": 0.0, "he_landslide": 0.000739, "he_earthquake": 0.0, "name": "Danggawan"}, "PH101315008": {"water_access": 21.177685999999998, "food_tenure": 37.373737, "shelter_informal_settlers_nhts": 18.440082999999998, "health_center_attendance": 17.086211, "educ_outofschool_all": 6.601341000000001, "work_unemployment": 44.053398, "po_conflict": 4.700413, "participation_assembly_attendance": 97.516498, "sp_sss": 1.4049530000000061, "he_risk": 36.778283, "shelter_electricity": 40.54752066, "health_center_attendance.1": 17.08621074, "work_farms": 10.93895259, "work_unskilled": 52.61853114, "health_programs": 27.32438017, "sp_philhealth": 72.67561983, "water_toilet": 14.10123967, "shelter_makeshift_nhts": 2.42768595, "food_malnourished": 1.8, "health_child_death": "", "health_maternal_death": 0.0, "he_flood": 0.0, "he_volcano": 1.0, "he_landslide": 0.001056, "he_earthquake": 0.0, "name": "Dologon"}, "PH101315009": {"water_access": 18.357488, "food_tenure": 58.088235, "shelter_informal_settlers_nhts": 3.8647339999999994, "health_center_attendance": 76.448011, "educ_outofschool_all": 9.577922000000001, "work_unemployment": 35.832887, "po_conflict": 0.322061, "participation_assembly_attendance": 94.228549, "sp_sss": 0.8464790000000022, "he_risk": 16.399136, "shelter_electricity": 27.53623188, "health_center_attendance.1": 76.44801117, "work_farms": 16.52754591, "work_unskilled": 60.01669449, "health_programs": 23.67149758, "sp_philhealth": 76.32850242, "water_toilet": 15.94202899, "shelter_makeshift_nhts": 0.644122383, "food_malnourished": 8.5, "health_child_death": "", "health_maternal_death": 0.0, "he_flood": 0.0, "he_volcano": 1.0, "he_landslide": 0.001056, "he_earthquake": 0.0, "name": "Kisanday"}, "PH101315010": {"water_access": 56.38389, "food_tenure": 63.774403, "shelter_informal_settlers_nhts": 4.627249, "health_center_attendance": 75.4607, "educ_outofschool_all": 11.272142, "work_unemployment": 39.293018, "po_conflict": 0.34275900000000004, "participation_assembly_attendance": 94.189666, "sp_sss": 2.158124000000001, "he_risk": 8.117868, "shelter_electricity": 24.93573265, "health_center_attendance.1": 75.46069951, "work_farms": 10.77959577, "work_unskilled": 62.5120308, "health_programs": 62.38217652, "sp_philhealth": 37.61782348, "water_toilet": 12.42502142,