{"PH104319001": {"water_access": 0.9523809999999999, "food_tenure": 33.333333, "shelter_informal_settlers_nhts": 15.238095000000001, "health_center_attendance": 61.581920999999994, "educ_outofschool_all": 3.076923, "work_unemployment": 53.23993000000001, "po_conflict": 0.47618999999999995, "participation_assembly_attendance": 89.21933100000001, "sp_sss": 2.726146, "he_risk": 0.990966, "shelter_electricity": 27.14285714, "health_center_attendance.1": 61.5819209, "work_farms": 9.737827715, "work_unskilled": 75.65543071, "health_programs": 52.85714286, "sp_philhealth": 47.14285714, "water_toilet": 7.619047619, "shelter_makeshift_nhts": 8.80952381, "food_malnourished": "", "health_child_death": "", "health_maternal_death": "", "he_flood": 0.0, "he_volcano": 0.0, "he_landslide": 0.055371000000000004, "he_earthquake": 0.0, "name": "Bangbang"}, "PH104319002": {"water_access": 1.704545, "food_tenure": 0.0, "shelter_informal_settlers_nhts": 1.136364, "health_center_attendance": 59.830176, "educ_outofschool_all": 4.312668, "work_unemployment": 51.221996000000004, "po_conflict": 0.852273, "participation_assembly_attendance": 90.269931, "sp_sss": 4.205900999999997, "he_risk": 24.361251, "shelter_electricity": 15.34090909, "health_center_attendance.1": 59.83017636, "work_farms": 3.131524008, "work_unskilled": 65.13569937, "health_programs": 51.70454545, "sp_philhealth": 48.29545455, "water_toilet": 2.272727273, "shelter_makeshift_nhts": 2.6988636360000005, "food_malnourished": "", "health_child_death": "", "health_maternal_death": "", "he_flood": 0.0, "he_volcano": 0.0, "he_landslide": 0.000528, "he_earthquake": 0.0, "name": "Bulwa"}, "PH104319003": {"water_access": 15.950920000000002, "food_tenure": 0.0, "shelter_informal_settlers_nhts": 2.760736, "health_center_attendance": 58.724340000000005, "educ_outofschool_all": 4.205607, "work_unemployment": 49.514563, "po_conflict": 0.46012299999999995, "participation_assembly_attendance": 96.449704, "sp_sss": 4.230768999999995, "he_risk": 35.155272, "shelter_electricity": 10.88957055, "health_center_attendance.1": 58.72434018, "work_farms": 2.149321267, "work_unskilled": 59.61538462, "health_programs": 63.19018405, "sp_philhealth": 36.80981595, "water_toilet": 1.073619632, "shelter_makeshift_nhts": 1.763803681, "food_malnourished": "", "health_child_death": "", "health_maternal_death": "", "he_flood": 0.0, "he_volcano": 0.0, "he_landslide": 0.000528, "he_earthquake": 0.0, "name": "Cabug"}, "PH104319004": {"water_access": 2.487562, "food_tenure": 82.795699, "shelter_informal_settlers_nhts": 1.99005, "health_center_attendance": 68.455641, "educ_outofschool_all": 4.245283000000001, "work_unemployment": 49.823322, "po_conflict": 0.497512, "participation_assembly_attendance": 80.0, "sp_sss": 2.608695999999995, "he_risk": 0.430022, "shelter_electricity": 32.835820899999995, "health_center_attendance.1": 68.45564074, "work_farms": 7.746478872999999, "work_unskilled": 71.12676056, "health_programs": 56.71641791, "sp_philhealth": 43.28358209, "water_toilet": 10.94527363, "shelter_makeshift_nhts": 2.7363184080000003, "food_malnourished": "", "health_child_death": "", "health_maternal_death": "", "he_flood": 0.0, "he_volcano": 0.0, "he_landslide": 0.0022170000000000002, "he_earthquake": 0.0, "name": "Dig-aguyan"}, "PH104319005": {"water_access": 11.726384, "food_tenure": 23.636364, "shelter_informal_settlers_nhts": 1.628664, "health_center_attendance": 98.2771, "educ_outofschool_all": 2.180685, "work_unemployment": 52.396878, "po_conflict": 5.863192, "participation_assembly_attendance": 89.811584, "sp_sss": 4.745289999999997, "he_risk": 24.554703, "shelter_electricity": 15.63517915, "health_center_attendance.1": 98.27709978, "work_farms": 6.557377048999999, "work_unskilled": 46.83840749, "health_programs": 46.90553746, "sp_philhealth": 53.09446254, "water_toilet": 3.25732899, "shelter_makeshift_nhts": 1.9543973940000001, "food_malnourished": "", "health_child_death": "", "health_maternal_death": "", "he_flood": 0.0, "he_volcano": 0.0, "he_landslide": 0.000528, "he_earthquake": 0.0, "name": "Duka"}, "PH104319006": {"water_access": 3.100775, "food_tenure": 80.0, "shelter_informal_settlers_nhts": 3.8759690000000004, "health_center_attendance": 97.04918, "educ_outofschool_all": 7.692308000000001, "work_unemployment": 46.365915, "po_conflict": 5.426357, "participation_assembly_attendance": 83.36414, "sp_sss": 0.9242140000000063, "he_risk": 0.402924, "shelter_electricity": 16.27906977, "health_center_attendance.1": 97.04918033, "work_farms": 14.01869159, "work_unskilled": 49.53271028, "health_programs": 26.35658915, "sp_philhealth": 73.64341085, "water_toilet": 3.875968992, "shelter_makeshift_nhts": 6.976744186, "food_malnourished": "", "health_child_death": "", "health_maternal_death": "", "he_flood": 0.0, "he_volcano": 0.0, "he_landslide": 0.0072840000000000005, "he_earthquake": 0.0, "name": "Gasa"}, "PH104319007": {"water_access": 2.5933610000000002, "food_tenure": 27.272727000000003, "shelter_informal_settlers_nhts": 1.244813, "health_center_attendance": 65.73201, "educ_outofschool_all": 3.5347779999999998, "work_unemployment": 53.35365899999999, "po_conflict": 0.6224069999999999, "participation_assembly_attendance": 89.295644, "sp_sss": 5.560704000000001, "he_risk": 29.668388, "shelter_electricity": 9.336099585, "health_center_attendance.1": 65.73200993, "work_farms": 2.8594771239999996, "work_unskilled": 62.33660131, "health_programs": 57.98755187, "sp_philhealth": 42.01244813, "water_toilet": 1.1410788379999999, "shelter_makeshift_nhts": 1.8153526969999998, "food_malnourished": "", "health_child_death": "", "health_maternal_death": "", "he_flood": 0.0, "he_volcano": 0.0, "he_landslide": 0.0022170000000000002, "he_earthquake": 0.0, "name": "Maanas"}, "PH104319008": {"water_access": 1.465201, "food_tenure": 14.285714000000002, "shelter_informal_settlers_nhts": 0.7326010000000001, "health_center_attendance": 96.271186, "educ_outofschool_all": 6.477733, "work_unemployment": 50.393701, "po_conflict": 1.0989010000000001, "participation_assembly_attendance": 93.396919, "sp_sss": 3.0814380000000057, "he_risk": 0.5309159999999999, "shelter_electricity": 24.54212454, "health_center_attendance.1": 96.27118644, "work_farms": 9.788359788, "work_unskilled": 55.55555556, "health_programs": 42.49084249, "sp_philhealth": 57.50915751, "water_toilet": 7.692307692000001, "shelter_makeshift_nhts": 3.8461538460000004, "food_malnourished": "", "health_child_death": "", "health_maternal_death": "", "he_flood": 0.0, "he_volcano": 0.0, "he_landslide": 0.008868000000000001, "he_earthquake": 0.0, "name": "Mananum Bag-o"}, "PH104319009": {"water_access": 1.9512200000000002, "food_tenure": 77.5, "shelter_informal_settlers_nhts": 1.463415, "health_center_attendance": 98.312711, "educ_outofschool_all": 5.263158, "work_unemployment": 47.150259000000005, "po_conflict": 1.463415, "participation_assembly_attendance": 79.21022099999999, "sp_sss": 5.574912999999995, "he_risk": 0.507354, "shelter_electricity": 16.09756098, "health_center_attendance.1": 98.31271091, "work_farms": 9.803921569, "work_unskilled": 57.84313725, "health_programs": 36.58536585, "sp_philhealth": 63.41463415, "water_toilet": 3.414634146, "shelter_makeshift_nhts": 1.707317073, "food_malnourished": "", "health_child_death": "", "health_maternal_death": "", "he_flood": 0.0, "he_volcano": 0.0, "he_landslide": 0.0077069999999999994, "he_earthquake": 0.0, "name": "Mananum Daan"}, "PH104319011": {"water_access": 3.9723660000000005, "food_tenure": 25.0, "shelter_informal_settlers_nhts": 1.727116, "health_center_attendance": 97.061012, "educ_outofschool_all": 4.0133779999999994, "work_unemployment": 49.913345, "po_conflict": 9.153713, "participation_assembly_attendance": 94.967224, "sp_sss": 4.377246999999997, "he_risk": 17.456131, "shelter_electricity": 11.05354059, "health_center_attendance.1": 97.06101190000001, "work_farms": 6.45905421, "work_unskilled": 42.79123414,