{"PH104324001": {"water_access": 19.472141, "food_tenure": "", "shelter_informal_settlers_nhts": 2.521994, "health_center_attendance": 75.72670500000001, "educ_outofschool_all": 8.412322, "work_unemployment": 55.289168999999994, "po_conflict": 29.677419, "participation_assembly_attendance": 98.491469, "sp_sss": 2.632126999999997, "he_risk": 6.239923999999999, "shelter_electricity": 11.08504399, "health_center_attendance.1": 75.7267047, "work_farms": 6.961429915, "work_unskilled": 60.95954845, "health_programs": 60.58651026, "sp_philhealth": 39.41348974, "water_toilet": 6.392961877, "shelter_makeshift_nhts": 6.627565982, "food_malnourished": "", "health_child_death": "", "health_maternal_death": "", "he_flood": 0.0, "he_volcano": 0.0, "he_landslide": 0.0, "he_earthquake": 0.0, "name": "Baluarte"}, "PH104324002": {"water_access": 44.757033, "food_tenure": 20.0, "shelter_informal_settlers_nhts": 1.68798, "health_center_attendance": 70.947066, "educ_outofschool_all": 8.215010000000001, "work_unemployment": 51.291702, "po_conflict": 7.468031, "participation_assembly_attendance": 97.477088, "sp_sss": 3.006899000000004, "he_risk": 27.945190999999998, "shelter_electricity": 12.37851662, "health_center_attendance.1": 70.94706597, "work_farms": 4.109589041, "work_unskilled": 48.05057956, "health_programs": 46.59846547, "sp_philhealth": 53.40153453, "water_toilet": 3.631713555, "shelter_makeshift_nhts": 2.813299233, "food_malnourished": "", "health_child_death": "", "health_maternal_death": "", "he_flood": 0.0, "he_volcano": 0.0, "he_landslide": 0.000792, "he_earthquake": 0.0, "name": "Casinglot"}, "PH104324003": {"water_access": 66.911765, "food_tenure": 0.0, "shelter_informal_settlers_nhts": 5.392157, "health_center_attendance": 12.892377, "educ_outofschool_all": 5.927835, "work_unemployment": 48.376068, "po_conflict": 0.0, "participation_assembly_attendance": 97.280497, "sp_sss": 2.719503000000003, "he_risk": 12.138043, "shelter_electricity": 5.882352941000001, "health_center_attendance.1": 12.89237668, "work_farms": 1.490066225, "work_unskilled": 62.74834437, "health_programs": 65.93137255, "sp_philhealth": 34.068627449999994, "water_toilet": 0.245098039, "shelter_makeshift_nhts": 12.37745098, "food_malnourished": "", "health_child_death": "", "health_maternal_death": "", "he_flood": 1e-06, "he_volcano": 0.0, "he_landslide": 0.000792, "he_earthquake": 0.0, "name": "Gracia"}, "PH104324004": {"water_access": 3.2926830000000002, "food_tenure": 6.25, "shelter_informal_settlers_nhts": 0.8536590000000001, "health_center_attendance": 46.557188000000004, "educ_outofschool_all": 6.598985000000001, "work_unemployment": 55.211652, "po_conflict": 16.707317, "participation_assembly_attendance": 91.305425, "sp_sss": 3.814713999999995, "he_risk": 12.587739, "shelter_electricity": 10.36585366, "health_center_attendance.1": 46.55718813, "work_farms": 3.0487804880000002, "work_unskilled": 67.07317073, "health_programs": 61.46341463, "sp_philhealth": 38.53658537, "water_toilet": 3.658536585, "shelter_makeshift_nhts": 11.58536585, "food_malnourished": "", "health_child_death": "", "health_maternal_death": "", "he_flood": 0.0, "he_volcano": 0.0, "he_landslide": 0.001056, "he_earthquake": 0.0, "name": "Mohon"}, "PH104324005": {"water_access": 9.035409, "food_tenure": 61.538462, "shelter_informal_settlers_nhts": 1.7704520000000001, "health_center_attendance": 48.847864, "educ_outofschool_all": 17.758726, "work_unemployment": 56.498231999999994, "po_conflict": 13.736264000000002, "participation_assembly_attendance": 96.928892, "sp_sss": 3.3782190000000014, "he_risk": 20.160099, "shelter_electricity": 11.78266178, "health_center_attendance.1": 48.84786417, "work_farms": 2.198852772, "work_unskilled": 47.51434034, "health_programs": 65.50671551, "sp_philhealth": 34.49328448999999, "water_toilet": 5.006105006, "shelter_makeshift_nhts": 16.63614164, "food_malnourished": "", "health_child_death": "", "health_maternal_death": "", "he_flood": 0.0, "he_volcano": 0.0, "he_landslide": 0.001214, "he_earthquake": 0.0, "name": "Natumolan"}, "PH104324006": {"water_access": 23.728814, "food_tenure": 50.0, "shelter_informal_settlers_nhts": 1.80791, "health_center_attendance": 63.82668, "educ_outofschool_all": 6.3054190000000006, "work_unemployment": 56.583071999999994, "po_conflict": 3.163842, "participation_assembly_attendance": 97.215437, "sp_sss": 2.7552519999999987, "he_risk": 28.260343, "shelter_electricity": 4.519774011, "health_center_attendance.1": 63.82667965, "work_farms": 1.8050541519999999, "work_unskilled": 59.38628159, "health_programs": 51.52542373, "sp_philhealth": 48.47457627, "water_toilet": 0.790960452, "shelter_makeshift_nhts": 8.587570621000001, "food_malnourished": "", "health_child_death": "", "health_maternal_death": "", "he_flood": 0.0, "he_volcano": 0.0, "he_landslide": 0.000792, "he_earthquake": 0.0, "name": "Poblacion"}, "PH104324007": {"water_access": 19.642857, "food_tenure": 0.0, "shelter_informal_settlers_nhts": 3.125, "health_center_attendance": 66.701245, "educ_outofschool_all": 6.726457000000001, "work_unemployment": 50.170068, "po_conflict": 5.357143, "participation_assembly_attendance": 83.444976, "sp_sss": 1.1483249999999998, "he_risk": 26.299794, "shelter_electricity": 40.17857143, "health_center_attendance.1": 66.70124481, "work_farms": 23.20819113, "work_unskilled": 55.63139932, "health_programs": 45.98214286, "sp_philhealth": 54.01785714, "water_toilet": 22.76785714, "shelter_makeshift_nhts": 12.05357143, "food_malnourished": "", "health_child_death": "", "health_maternal_death": "", "he_flood": 0.0, "he_volcano": 0.0, "he_landslide": 0.0038, "he_earthquake": 0.0, "name": "Rosario"}, "PH104324008": {"water_access": 15.745192000000001, "food_tenure": 84.615385, "shelter_informal_settlers_nhts": 2.34375, "health_center_attendance": 83.58354200000001, "educ_outofschool_all": 7.248157000000001, "work_unemployment": 51.969178, "po_conflict": 10.576922999999999, "participation_assembly_attendance": 97.923833, "sp_sss": 2.334152000000003, "he_risk": 9.874417, "shelter_electricity": 15.50480769, "health_center_attendance.1": 83.58354184, "work_farms": 5.971479501, "work_unskilled": 58.37789661, "health_programs": 46.21394231, "sp_philhealth": 53.78605769, "water_toilet": 22.17548077, "shelter_makeshift_nhts": 4.597355769, "food_malnourished": "", "health_child_death": "", "health_maternal_death": "", "he_flood": 0.0, "he_volcano": 0.0, "he_landslide": 0.001214, "he_earthquake": 0.0, "name": "Santa Ana"}, "PH104324009": {"water_access": 19.962617, "food_tenure": 16.86747, "shelter_informal_settlers_nhts": 1.420561, "health_center_attendance": 88.802605, "educ_outofschool_all": 10.666667, "work_unemployment": 54.508253, "po_conflict": 5.906542, "participation_assembly_attendance": 97.96720400000001, "sp_sss": 2.1276599999999917, "he_risk": 31.452871999999996, "shelter_electricity": 7.1028037379999995, "health_center_attendance.1": 88.80260521, "work_farms": 9.595202399, "work_unskilled": 53.6131934, "health_programs": 67.32710279999999, "sp_philhealth": 32.67289720000001, "water_toilet": 2.61682243, "shelter_makeshift_nhts": 8.785046729, "food_malnourished": "", "health_child_death": "", "health_maternal_death": "", "he_flood": 0.0, "he_volcano": 0.0, "he_landslide": 0.000792, "he_earthquake": 0.0, "name": "Santa Cruz"}, "PH104324010": {"water_access": 81.724138, "food_tenure": 0.0, "shelter_informal_settlers_nhts": 1.264368, "health_center_attendance": 19.295559, "educ_outofschool_all": 4.7619050000000005, "work_unemployment": 49.614292, "po_conflict": 0.0, "participation_assembly_attendance": 96.172353, "sp_sss": 3.7182849999999945, "he_risk": 28.176471000000003, "shelter_electricity": 6.0919540229999996, "health_center_attendance.1": 19.29555896, "work_farms": 0.725221595, "work_unskilled": 58.42062853, "health_programs": 60.45977011, "sp_philhealth": 39.54022989, "water_toilet": 0.229885057, "shelter_makeshift_nhts": 16.09195402, "food_malnourished": "",