{"PH101308003": {"water_access": 31.746032, "food_tenure": 80.70175400000001, "shelter_informal_settlers_nhts": 4.7619050000000005, "health_center_attendance": 73.789847, "educ_outofschool_all": 7.373272, "work_unemployment": 45.149254, "po_conflict": 1.058201, "participation_assembly_attendance": 82.382134, "sp_sss": 99.131514, "he_risk": 0.325859, "shelter_electricity": 46.56084656, "health_center_attendance.1": 73.78984652, "work_farms": 48.97959184, "work_unskilled": 39.45578231, "health_programs": 17.98941799, "sp_philhealth": 17.98941799, "water_toilet": 45.5026455, "shelter_makeshift_nhts": 0.264550265, "food_malnourished": "", "health_child_death": "", "health_maternal_death": "", "he_flood": 0.0, "he_volcano": 0.0, "he_landslide": 0.0022170000000000002, "he_earthquake": 0.0, "name": "Balintawak"}, "PH101308006": {"water_access": 46.408840000000005, "food_tenure": 100.0, "shelter_informal_settlers_nhts": 1.657459, "health_center_attendance": 83.116883, "educ_outofschool_all": 8.658009, "work_unemployment": 40.942029, "po_conflict": 1.657459, "participation_assembly_attendance": 3.917301, "sp_sss": 99.782372, "he_risk": 0.050425, "shelter_electricity": 39.77900552, "health_center_attendance.1": 83.11688312, "work_farms": 60.12269939, "work_unskilled": 23.31288344, "health_programs": 42.54143646, "sp_philhealth": 42.54143646, "water_toilet": 64.08839779, "shelter_makeshift_nhts": 0.27624309399999997, "food_malnourished": "", "health_child_death": "", "health_maternal_death": "", "he_flood": 0.0, "he_volcano": 0.0, "he_landslide": 0.002639, "he_earthquake": 0.0, "name": "Cagawasan"}, "PH101308007": {"water_access": 22.133333, "food_tenure": 66.666667, "shelter_informal_settlers_nhts": 4.8, "health_center_attendance": 84.45831, "educ_outofschool_all": 11.71875, "work_unemployment": 49.954669, "po_conflict": 0.266667, "participation_assembly_attendance": 88.584626, "sp_sss": 98.416364, "he_risk": 19.435899, "shelter_electricity": 31.2, "health_center_attendance.1": 84.4583097, "work_farms": 7.789855072000001, "work_unskilled": 59.05797101, "health_programs": 33.86666667, "sp_philhealth": 33.86666667, "water_toilet": 18.93333333, "shelter_makeshift_nhts": 2.5333333330000003, "food_malnourished": "", "health_child_death": "", "health_maternal_death": "", "he_flood": 0.0, "he_volcano": 0.0, "he_landslide": 0.000528, "he_earthquake": 0.0, "name": "East Kibawe (Pob.)"}, "PH101308008": {"water_access": 48.00995, "food_tenure": 100.0, "shelter_informal_settlers_nhts": 1.99005, "health_center_attendance": 90.46538000000001, "educ_outofschool_all": 10.659898, "work_unemployment": 43.569554, "po_conflict": 0.0, "participation_assembly_attendance": 91.603937, "sp_sss": 98.262884, "he_risk": 0.39916599999999997, "shelter_electricity": 32.08955224, "health_center_attendance.1": 90.46538025, "work_farms": 45.27131783, "work_unskilled": 39.53488372, "health_programs": 27.6119403, "sp_philhealth": 27.6119403, "water_toilet": 32.33830846, "shelter_makeshift_nhts": 0.24875621899999997, "food_malnourished": "", "health_child_death": "", "health_maternal_death": "", "he_flood": 0.0, "he_volcano": 0.0, "he_landslide": 0.000528, "he_earthquake": 0.0, "name": "Gutapol"}, "PH101308011": {"water_access": 32.520325, "food_tenure": 92.307692, "shelter_informal_settlers_nhts": 3.2520330000000004, "health_center_attendance": 69.212783, "educ_outofschool_all": 9.776536, "work_unemployment": 46.301775, "po_conflict": 7.317073, "participation_assembly_attendance": 85.14285699999999, "sp_sss": 99.5, "he_risk": 0.040972, "shelter_electricity": 74.79674797, "health_center_attendance.1": 69.21278254, "work_farms": 62.25895317, "work_unskilled": 31.68044077, "health_programs": 23.98373984, "sp_philhealth": 23.98373984, "water_toilet": 79.26829268, "shelter_makeshift_nhts": 0.406504065, "food_malnourished": 6.1999998, "health_child_death": "", "health_maternal_death": 0.0, "he_flood": 0.0, "he_volcano": 0.0, "he_landslide": 0.0022170000000000002, "he_earthquake": 0.0, "name": "Pinamula"}, "PH101308013": {"water_access": 27.741934999999998, "food_tenure": 73.015873, "shelter_informal_settlers_nhts": 0.645161, "health_center_attendance": 92.261905, "educ_outofschool_all": 8.333333, "work_unemployment": 41.163311, "po_conflict": 0.0, "participation_assembly_attendance": 64.580153, "sp_sss": 99.69465600000001, "he_risk": 0.012582, "shelter_electricity": 41.29032258, "health_center_attendance.1": 92.26190476, "work_farms": 69.96197719, "work_unskilled": 15.96958175, "health_programs": 14.83870968, "sp_philhealth": 14.83870968, "water_toilet": 31.61290323, "shelter_makeshift_nhts": 0.322580645, "food_malnourished": "", "health_child_death": "", "health_maternal_death": "", "he_flood": 0.0, "he_volcano": 0.0, "he_landslide": 0.000528, "he_earthquake": 0.0, "name": "Kiorao"}, "PH101308014": {"water_access": 35.406698999999996, "food_tenure": 33.088235, "shelter_informal_settlers_nhts": 1.4354069999999999, "health_center_attendance": 68.61166999999999, "educ_outofschool_all": 8.368201, "work_unemployment": 22.613065, "po_conflict": 2.870813, "participation_assembly_attendance": 80.189798, "sp_sss": 99.762752, "he_risk": 0.017696, "shelter_electricity": 52.63157895, "health_center_attendance.1": 68.61167002, "work_farms": 85.28138528, "work_unskilled": 9.523809523999999, "health_programs": 26.79425837, "sp_philhealth": 26.79425837, "water_toilet": 65.07177033, "shelter_makeshift_nhts": 0.23923445, "food_malnourished": 13.3, "health_child_death": "", "health_maternal_death": 0.0, "he_flood": 0.0, "he_volcano": 0.0, "he_landslide": 0.000792, "he_earthquake": 0.0, "name": "Kisawa"}, "PH101308015": {"water_access": 52.155172, "food_tenure": 20.879120999999998, "shelter_informal_settlers_nhts": 1.939655, "health_center_attendance": 89.655172, "educ_outofschool_all": 10.970464, "work_unemployment": 43.527738, "po_conflict": 0.0, "participation_assembly_attendance": 90.922844, "sp_sss": 98.587998, "he_risk": 19.355197, "shelter_electricity": 40.94827586, "health_center_attendance.1": 89.65517241, "work_farms": 33.37531486, "work_unskilled": 47.22921914, "health_programs": 24.13793103, "sp_philhealth": 24.13793103, "water_toilet": 32.75862069, "shelter_makeshift_nhts": 0.21551724100000003, "food_malnourished": "", "health_child_death": "", "health_maternal_death": "", "he_flood": 0.0, "he_volcano": 0.0, "he_landslide": 0.000528, "he_earthquake": 0.0, "name": "Labuagon"}, "PH101308016": {"water_access": 33.975904, "food_tenure": 100.0, "shelter_informal_settlers_nhts": 0.48192799999999997, "health_center_attendance": 85.883682, "educ_outofschool_all": 9.456265, "work_unemployment": 28.193431, "po_conflict": 1.927711, "participation_assembly_attendance": 89.196996, "sp_sss": 99.306759, "he_risk": 0.327418, "shelter_electricity": 52.28915663, "health_center_attendance.1": 85.88368154, "work_farms": 77.76365947, "work_unskilled": 18.55146125, "health_programs": 33.493975899999995, "sp_philhealth": 33.493975899999995, "water_toilet": 71.56626506, "shelter_makeshift_nhts": 0.36144578299999996, "food_malnourished": "", "health_child_death": "", "health_maternal_death": "", "he_flood": 0.0, "he_volcano": 0.0, "he_landslide": 0.0022170000000000002, "he_earthquake": 0.0, "name": "Magsaysay"}, "PH101308018": {"water_access": 40.277778000000005, "food_tenure": 81.313131, "shelter_informal_settlers_nhts": 3.968254, "health_center_attendance": 71.143451, "educ_outofschool_all": 5.935251999999999, "work_unemployment": 45.945946, "po_conflict": 0.198413, "participation_assembly_attendance": 88.440617, "sp_sss": 98.54941099999999, "he_risk": 0.398535, "shelter_electricity": 42.85714286, "health_center_attendance.1": 71.14345114, "work_farms": 39.3902439, "work_unskilled": 45.0, "health_programs": 17.26190476, "sp_philhealth": 17.26190476, "water_toilet": 41.46825397, "shelter_makeshift_nhts": 0.992063492, "food_malnourished": "", "health_child_death": "", "health_maternal_death": "", "he_flood": 0.0,