{"PH104321001": {"Water_Prop": 66.578947, "Food_Prop": 51.456311, "Shelter_Prop": 2.368421, "Health_Prop": 75.04667099999999, "Education_Prop": 11.212121, "Work_Prop": 46.673004, "Peace_Prop": 1.3157889999999999, "Participation_Prop": 75.268097, "SocialProtection_Prop": 99.19570999999999, "Environment_Prop": 0.40102899999999997, "shelter_electricity": 29.21052632, "health_center_attendance": 75.04667082, "work_farms": 57.21925134, "work_unskilled": 24.7771836, "health_programs": 31.31578947, "sp_philhealth": 31.31578947, "water_toilet": 32.36842105, "shelter_makeshift_nhts": 2.368421053, "food_malnourished": "", "health_child_death": "", "health_maternal_death": "", "he_flood": 0.0, "he_volcano": 0.0, "he_landslide": 0.001056, "he_earthquake": 0.0}, "PH104321002": {"Water_Prop": 36.137667, "Food_Prop": 79.64601800000001, "Shelter_Prop": 0.19120499999999999, "Health_Prop": 86.161659, "Education_Prop": 7.07635, "Work_Prop": 33.333333, "Peace_Prop": 0.19120499999999999, "Participation_Prop": 89.448704, "SocialProtection_Prop": 99.56188399999999, "Environment_Prop": 0.813045, "shelter_electricity": 32.695984700000004, "health_center_attendance": 86.16165891, "work_farms": 27.66599598, "work_unskilled": 55.03018109, "health_programs": 38.81453155, "sp_philhealth": 38.81453155, "water_toilet": 14.53154876, "shelter_makeshift_nhts": 4.684512428000001, "food_malnourished": "", "health_child_death": "", "health_maternal_death": "", "he_flood": 0.0, "he_volcano": 0.0, "he_landslide": 0.003167, "he_earthquake": 0.0}, "PH104321003": {"Water_Prop": 15.860566, "Food_Prop": 10.0, "Shelter_Prop": 1.437908, "Health_Prop": 80.101, "Education_Prop": 9.086607, "Work_Prop": 53.02768199999999, "Peace_Prop": 0.7843140000000001, "Participation_Prop": 96.726901, "SocialProtection_Prop": 97.081487, "Environment_Prop": 26.316752, "shelter_electricity": 4.749455338, "health_center_attendance": 80.10100029, "work_farms": 3.038674033, "work_unskilled": 34.315531, "health_programs": 54.20479303, "sp_philhealth": 54.20479303, "water_toilet": 1.873638344, "shelter_makeshift_nhts": 1.960784314, "food_malnourished": "", "health_child_death": "", "health_maternal_death": "", "he_flood": 0.0, "he_volcano": 0.0, "he_landslide": 0.0, "he_earthquake": 0.0}, "PH104321004": {"Water_Prop": 7.837446000000001, "Food_Prop": "", "Shelter_Prop": 0.5805520000000001, "Health_Prop": 72.17621700000001, "Education_Prop": 4.861111, "Work_Prop": 51.206815, "Peace_Prop": 1.4513790000000002, "Participation_Prop": 93.717277, "SocialProtection_Prop": 97.480366, "Environment_Prop": 23.074082999999998, "shelter_electricity": 4.789550073, "health_center_attendance": 72.17621729, "work_farms": 9.699321048, "work_unskilled": 32.49272551, "health_programs": 68.50507983, "sp_philhealth": 68.50507983, "water_toilet": 6.386066763, "shelter_makeshift_nhts": 3.193033382, "food_malnourished": "", "health_child_death": "", "health_maternal_death": "", "he_flood": 0.0, "he_volcano": 0.0, "he_landslide": 0.001056, "he_earthquake": 0.0}, "PH104321005": {"Water_Prop": 91.98113199999999, "Food_Prop": 100.0, "Shelter_Prop": 1.8867919999999998, "Health_Prop": 73.313783, "Education_Prop": 22.641509, "Work_Prop": 53.528399, "Peace_Prop": 0.9433959999999999, "Participation_Prop": 77.47747700000001, "SocialProtection_Prop": 99.54955, "Environment_Prop": 0.028917, "shelter_electricity": 33.96226415, "health_center_attendance": 73.31378299, "work_farms": 87.40740741, "work_unskilled": 5.555555556, "health_programs": 73.58490566, "sp_philhealth": 73.58490566, "water_toilet": 20.75471698, "shelter_makeshift_nhts": 5.660377358, "food_malnourished": "", "health_child_death": "", "health_maternal_death": "", "he_flood": 0.0, "he_volcano": 0.0, "he_landslide": 0.001056, "he_earthquake": 0.0}, "PH104321006": {"Water_Prop": 30.288248, "Food_Prop": 57.14285699999999, "Shelter_Prop": 2.039911, "Health_Prop": 86.931239, "Education_Prop": 6.4421669999999995, "Work_Prop": 48.157173, "Peace_Prop": 0.13303800000000002, "Participation_Prop": 95.40678, "SocialProtection_Prop": 96.788136, "Environment_Prop": 30.341707, "shelter_electricity": 8.514412417, "health_center_attendance": 86.93123852, "work_farms": 4.64159812, "work_unskilled": 38.04347826, "health_programs": 67.36141907, "sp_philhealth": 67.36141907, "water_toilet": 1.906873614, "shelter_makeshift_nhts": 8.159645232999999, "food_malnourished": "", "health_child_death": "", "health_maternal_death": "", "he_flood": 0.0, "he_volcano": 0.0, "he_landslide": 0.000528, "he_earthquake": 0.0}, "PH104321007": {"Water_Prop": 65.068493, "Food_Prop": 100.0, "Shelter_Prop": 0.0, "Health_Prop": 49.309391999999995, "Education_Prop": 13.966479999999999, "Work_Prop": 42.344498, "Peace_Prop": 0.0, "Participation_Prop": 82.644628, "SocialProtection_Prop": 99.724518, "Environment_Prop": 0.020035, "shelter_electricity": 41.09589041, "health_center_attendance": 49.30939227, "work_farms": 70.95435685, "work_unskilled": 14.52282158, "health_programs": 26.02739726, "sp_philhealth": 26.02739726, "water_toilet": 41.09589041, "shelter_makeshift_nhts": 3.4246575339999996, "food_malnourished": "", "health_child_death": "", "health_maternal_death": "", "he_flood": 0.0, "he_volcano": 0.0, "he_landslide": 0.001056, "he_earthquake": 0.0}, "PH104321008": {"Water_Prop": 2.752294, "Food_Prop": 0.0, "Shelter_Prop": 0.0, "Health_Prop": 86.877679, "Education_Prop": 4.675716, "Work_Prop": 46.086106, "Peace_Prop": 0.458716, "Participation_Prop": 88.06505, "SocialProtection_Prop": 97.24365999999999, "Environment_Prop": 22.525160999999997, "shelter_electricity": 3.5168195719999997, "health_center_attendance": 86.87767887, "work_farms": 10.61705989, "work_unskilled": 49.36479129, "health_programs": 47.55351682, "sp_philhealth": 47.55351682, "water_toilet": 1.0703363909999999, "shelter_makeshift_nhts": 7.0336391439999995, "food_malnourished": "", "health_child_death": "", "health_maternal_death": "", "he_flood": 0.0, "he_volcano": 0.0, "he_landslide": 0.001056, "he_earthquake": 0.0}, "PH104321009": {"Water_Prop": 45.280438000000004, "Food_Prop": 35.9375, "Shelter_Prop": 3.69357, "Health_Prop": 23.517915, "Education_Prop": 7.761194000000001, "Work_Prop": 40.462725, "Peace_Prop": 0.547196, "Participation_Prop": 96.54499, "SocialProtection_Prop": 97.266036, "Environment_Prop": 3.08486, "shelter_electricity": 21.8878249, "health_center_attendance": 23.51791531, "work_farms": 30.13816926, "work_unskilled": 39.20552677, "health_programs": 28.59097127, "sp_philhealth": 28.59097127, "water_toilet": 44.45964432, "shelter_makeshift_nhts": 1.70998632, "food_malnourished": "", "health_child_death": "", "health_maternal_death": "", "he_flood": 0.0, "he_volcano": 0.0, "he_landslide": 0.000528, "he_earthquake": 0.0}, "PH104321011": {"Water_Prop": 25.0, "Food_Prop": 90.566038, "Shelter_Prop": 0.48076899999999995, "Health_Prop": 67.159451, "Education_Prop": 20.833333, "Work_Prop": 24.691357999999997, "Peace_Prop": 2.884615, "Participation_Prop": 87.818383, "SocialProtection_Prop": 98.33887, "Environment_Prop": 0.020036, "shelter_electricity": 49.03846154, "health_center_attendance": 67.15945090000001, "work_farms": 40.51522248, "work_unskilled": 50.11709602, "health_programs": 61.05769231, "sp_philhealth": 61.05769231, "water_toilet": 40.86538462, "shelter_makeshift_nhts": 6.971153846, "food_malnourished": "", "health_child_death": "", "health_maternal_death": "", "he_flood": 0.0, "he_volcano": 0.0, "he_landslide": 0.001056, "he_earthquake": 0.0}, "PH104321013": {"Water_Prop": 13.955281, "Food_Prop": 67.5, "Shelter_Prop": 1.927525, "Health_Prop": 62.48449399999999, "Education_Prop": 7.880221000000001, "Work_Prop": 49.069513, "Peace_Prop": 10.562837, "Participation_Prop": 96.175943, "SocialProtection_Prop": 97.899461, "Environment_Prop": 2.892166, "shelter_electricity": 15.57440247, "health_center_attendance": 62.48449406, "work_farms": 16.06663084, "work_unskilled": 39.65609887, "health_programs": 29.29838088, "sp_philhealth": 29.29838088,