{"PH101801001": {"water_access": 0.636943, "food_tenure": 100.0, "shelter_informal_settlers_nhts": 4.4585989999999995, "health_center_attendance": 66.75063, "educ_outofschool_all": 6.060606, "work_unemployment": 59.24528299999999, "po_conflict": 1.273885, "participation_assembly_attendance": 90.080738, "sp_sss": 97.347174, "he_risk": 27.151971999999997, "shelter_electricity": 8.917197452, "health_center_attendance.1": 66.75062972, "work_farms": 31.94444444, "work_unskilled": 20.83333333, "health_programs": 44.58598726, "sp_philhealth": 44.58598726, "water_toilet": 5.095541401, "shelter_makeshift_nhts": 0.636942675, "food_malnourished": 0.0, "health_child_death": "", "health_maternal_death": 0.0, "he_flood": 0.0, "he_volcano": 1.0, "he_landslide": 0.002639, "he_earthquake": 0.0, "name": "Alga"}, "PH101801002": {"water_access": 0.0, "food_tenure": 13.541667000000002, "shelter_informal_settlers_nhts": 0.843882, "health_center_attendance": 59.00186600000001, "educ_outofschool_all": 4.948454, "work_unemployment": 54.539007, "po_conflict": 0.632911, "participation_assembly_attendance": 94.583504, "sp_sss": 97.578991, "he_risk": 26.549739000000002, "shelter_electricity": 3.375527426, "health_center_attendance.1": 59.00186567, "work_farms": 32.76131045, "work_unskilled": 28.70514821, "health_programs": 59.91561181, "sp_philhealth": 59.91561181, "water_toilet": 2.53164557, "shelter_makeshift_nhts": 1.476793249, "food_malnourished": 0.0, "health_child_death": "", "health_maternal_death": 0.0, "he_flood": 0.0, "he_volcano": 1.0, "he_landslide": 0.002639, "he_earthquake": 0.0, "name": "Bonbon"}, "PH101801003": {"water_access": 0.0, "food_tenure": 0.0, "shelter_informal_settlers_nhts": 0.462963, "health_center_attendance": 66.03970699999999, "educ_outofschool_all": 7.623317999999999, "work_unemployment": 53.208138, "po_conflict": 1.388889, "participation_assembly_attendance": 89.10550500000001, "sp_sss": 98.27981700000001, "he_risk": 17.329849, "shelter_electricity": 4.166666667, "health_center_attendance.1": 66.03970742, "work_farms": 35.11705686, "work_unskilled": 29.43143813, "health_programs": 48.61111111, "sp_philhealth": 48.61111111, "water_toilet": 0.0, "shelter_makeshift_nhts": 2.314814815, "food_malnourished": 0.0, "health_child_death": "", "health_maternal_death": 0.0, "he_flood": 0.0, "he_volcano": 1.0, "he_landslide": 0.002639, "he_earthquake": 0.0, "name": "Bura"}, "PH101801004": {"water_access": 0.9756100000000001, "food_tenure": 9.677419, "shelter_informal_settlers_nhts": 1.9512200000000002, "health_center_attendance": 61.67883199999999, "educ_outofschool_all": 3.508772, "work_unemployment": 54.545455000000004, "po_conflict": 0.9756100000000001, "participation_assembly_attendance": 88.913525, "sp_sss": 99.002217, "he_risk": 26.847514, "shelter_electricity": 6.341463415, "health_center_attendance.1": 61.67883212, "work_farms": 38.4, "work_unskilled": 30.4, "health_programs": 53.17073171, "sp_philhealth": 53.17073171, "water_toilet": 4.87804878, "shelter_makeshift_nhts": 3.414634146, "food_malnourished": 0.89999998, "health_child_death": "", "health_maternal_death": 0.0, "he_flood": 0.0, "he_volcano": 1.0, "he_landslide": 0.002639, "he_earthquake": 0.0, "name": "Catibac"}, "PH101801005": {"water_access": 0.0, "food_tenure": 2.857143, "shelter_informal_settlers_nhts": 3.135889, "health_center_attendance": 76.757188, "educ_outofschool_all": 1.824818, "work_unemployment": 52.85881, "po_conflict": 0.696864, "participation_assembly_attendance": 93.204578, "sp_sss": 97.854077, "he_risk": 25.945677, "shelter_electricity": 2.787456446, "health_center_attendance.1": 76.7571885, "work_farms": 31.93069307, "work_unskilled": 32.92079208, "health_programs": 48.43205575, "sp_philhealth": 48.43205575, "water_toilet": 1.045296167, "shelter_makeshift_nhts": 1.7421602790000001, "food_malnourished": 0.0, "health_child_death": "", "health_maternal_death": 14.3, "he_flood": 0.0, "he_volcano": 1.0, "he_landslide": 0.002639, "he_earthquake": 0.0, "name": "Compol"}, "PH101801006": {"water_access": 0.460829, "food_tenure": 100.0, "shelter_informal_settlers_nhts": 0.0, "health_center_attendance": 61.790393, "educ_outofschool_all": 2.512563, "work_unemployment": 52.411576000000004, "po_conflict": 0.0, "participation_assembly_attendance": 89.304813, "sp_sss": 98.181818, "he_risk": 25.96415, "shelter_electricity": 3.686635945, "health_center_attendance.1": 61.79039301, "work_farms": 39.86486486, "work_unskilled": 23.31081081, "health_programs": 59.44700461, "sp_philhealth": 59.44700461, "water_toilet": 0.460829493, "shelter_makeshift_nhts": 1.382488479, "food_malnourished": 0.0, "health_child_death": "", "health_maternal_death": 0.0, "he_flood": 0.0, "he_volcano": 1.0, "he_landslide": 0.002639, "he_earthquake": 0.0, "name": "Lawigan"}, "PH101801007": {"water_access": 0.0, "food_tenure": 0.0, "shelter_informal_settlers_nhts": 0.0, "health_center_attendance": 76.01476, "educ_outofschool_all": 3.4482760000000003, "work_unemployment": 54.569892, "po_conflict": 3.174603, "participation_assembly_attendance": 87.295826, "sp_sss": 98.366606, "he_risk": 17.578198, "shelter_electricity": 3.968253968, "health_center_attendance.1": 76.01476015, "work_farms": 17.15976331, "work_unskilled": 39.64497041, "health_programs": 42.06349206, "sp_philhealth": 42.06349206, "water_toilet": 0.793650794, "shelter_makeshift_nhts": 0.396825397, "food_malnourished": 1.5, "health_child_death": "", "health_maternal_death": 0.0, "he_flood": 0.0, "he_volcano": 1.0, "he_landslide": 0.000792, "he_earthquake": 0.0, "name": "Liloan"}, "PH101801008": {"water_access": 0.6993010000000001, "food_tenure": 25.0, "shelter_informal_settlers_nhts": 9.79021, "health_center_attendance": 70.257235, "educ_outofschool_all": 3.787879, "work_unemployment": 55.217391000000006, "po_conflict": 5.594405999999999, "participation_assembly_attendance": 93.50649399999999, "sp_sss": 96.233766, "he_risk": 25.664062, "shelter_electricity": 3.496503497, "health_center_attendance.1": 70.25723473, "work_farms": 11.16504854, "work_unskilled": 33.98058252, "health_programs": 51.74825175, "sp_philhealth": 51.74825175, "water_toilet": 2.097902098, "shelter_makeshift_nhts": 2.097902098, "food_malnourished": 0.0, "health_child_death": "", "health_maternal_death": 0.0, "he_flood": 0.0, "he_volcano": 1.0, "he_landslide": 0.002639, "he_earthquake": 0.0, "name": "Looc"}, "PH101801009": {"water_access": 0.511509, "food_tenure": 43.537415, "shelter_informal_settlers_nhts": 0.255754, "health_center_attendance": 74.32995799999999, "educ_outofschool_all": 4.709141000000001, "work_unemployment": 52.599118999999995, "po_conflict": 0.255754, "participation_assembly_attendance": 92.060367, "sp_sss": 98.09711300000001, "he_risk": 17.329028, "shelter_electricity": 6.3938618929999995, "health_center_attendance.1": 74.32995831, "work_farms": 35.87360595, "work_unskilled": 32.89962825, "health_programs": 54.21994885, "sp_philhealth": 54.21994885, "water_toilet": 1.278772379, "shelter_makeshift_nhts": 1.79028133, "food_malnourished": 1.6, "health_child_death": "", "health_maternal_death": 0.0, "he_flood": 0.0, "he_volcano": 1.0, "he_landslide": 0.002639, "he_earthquake": 0.0, "name": "Mainit"}, "PH101801010": {"water_access": 0.0, "food_tenure": 79.166667, "shelter_informal_settlers_nhts": 6.578947, "health_center_attendance": 59.111792, "educ_outofschool_all": 5.16129, "work_unemployment": 55.896226, "po_conflict": 0.657895, "participation_assembly_attendance": 85.774648, "sp_sss": 97.74647900000001, "he_risk": 16.740392, "shelter_electricity": 7.894736842, "health_center_attendance.1": 59.11179173, "work_farms": 38.5026738, "work_unskilled": 29.41176471, "health_programs": 60.52631579, "sp_philhealth": 60.52631579, "water_toilet": 3.947368421, "shelter_makeshift_nhts": 0.986842105, "food_malnourished": 0.0, "health_child_death": "", "health_maternal_death": 8.300000200000001, "he_flood": 0.0, "he_volcano": 1.0, "he_landslide": 0.000792, "he_earthquake": 0.0,