{"PH103502001": {"water_access": 65.696466, "food_tenure": 100.0, "shelter_informal_settlers_nhts": 1.663202, "health_center_attendance": 81.603053, "educ_outofschool_all": 11.372064, "work_unemployment": 58.114812, "po_conflict": 0.2079, "participation_assembly_attendance": 84.214047, "sp_sss": 94.51505, "he_risk": 0.520351, "shelter_electricity": 12.05821206, "health_center_attendance.1": 81.60305344, "work_farms": 54.31472081, "work_unskilled": 23.68866328, "health_programs": 61.33056133, "sp_philhealth": 61.33056133, "water_toilet": 73.18087318, "shelter_makeshift_nhts": 2.390852391, "food_malnourished": "", "health_child_death": "", "health_maternal_death": "", "he_flood": 0.0, "he_volcano": 0.0, "he_landslide": 0.001056, "he_earthquake": 0.0, "name": "Abaga"}, "PH103502002": {"water_access": 84.536082, "food_tenure": 93.478261, "shelter_informal_settlers_nhts": 9.793814, "health_center_attendance": 86.461388, "educ_outofschool_all": 23.387097, "work_unemployment": 66.280107, "po_conflict": 6.7010309999999995, "participation_assembly_attendance": 87.80009799999999, "sp_sss": 96.374326, "he_risk": 8.51966, "shelter_electricity": 6.443298969, "health_center_attendance.1": 86.46138807, "work_farms": 85.18518519, "work_unskilled": 9.788359788, "health_programs": 63.91752577, "sp_philhealth": 63.91752577, "water_toilet": 56.44329897, "shelter_makeshift_nhts": 4.25257732, "food_malnourished": "", "health_child_death": "", "health_maternal_death": "", "he_flood": 0.0, "he_volcano": 0.0, "he_landslide": 0.001372, "he_earthquake": 0.0, "name": "Adapun-Ali (Dariat)"}, "PH103502003": {"water_access": 89.89899, "food_tenure": 100.0, "shelter_informal_settlers_nhts": 16.498316, "health_center_attendance": 88.298507, "educ_outofschool_all": 15.371622, "work_unemployment": 56.234414, "po_conflict": 1.010101, "participation_assembly_attendance": 72.88732399999999, "sp_sss": 99.929577, "he_risk": 0.13839300000000002, "shelter_electricity": 12.79461279, "health_center_attendance.1": 88.29850746, "work_farms": 84.04558405, "work_unskilled": 7.692307692000001, "health_programs": 68.35016835, "sp_philhealth": 68.35016835, "water_toilet": 76.09427609, "shelter_makeshift_nhts": 2.02020202, "food_malnourished": "", "health_child_death": "", "health_maternal_death": "", "he_flood": 0.0, "he_volcano": 0.0, "he_landslide": 0.00132, "he_earthquake": 0.0, "name": "Angandog (Bulao)"}, "PH103502004": {"water_access": 92.537313, "food_tenure": 65.517241, "shelter_informal_settlers_nhts": 1.741294, "health_center_attendance": 94.36307099999999, "educ_outofschool_all": 15.138889, "work_unemployment": 61.660447999999995, "po_conflict": 5.970149, "participation_assembly_attendance": 92.62899300000001, "sp_sss": 96.707617, "he_risk": 0.418422, "shelter_electricity": 6.2189054729999995, "health_center_attendance.1": 94.36307146, "work_farms": 87.10462287, "work_unskilled": 7.785888077999999, "health_programs": 75.37313433, "sp_philhealth": 75.37313433, "water_toilet": 76.86567164, "shelter_makeshift_nhts": 7.835820896, "food_malnourished": "", "health_child_death": "", "health_maternal_death": "", "he_flood": 0.0, "he_volcano": 0.0, "he_landslide": 0.001056, "he_earthquake": 0.0, "name": "Angayen (Balut)"}, "PH103502005": {"water_access": 62.972972999999996, "food_tenure": 5.421687, "shelter_informal_settlers_nhts": 2.972973, "health_center_attendance": 97.64274499999999, "educ_outofschool_all": 18.277946, "work_unemployment": 62.608695999999995, "po_conflict": 0.27026999999999995, "participation_assembly_attendance": 84.831461, "sp_sss": 99.60674200000001, "he_risk": 0.144517, "shelter_electricity": 5.675675676, "health_center_attendance.1": 97.64274489, "work_farms": 78.19767442, "work_unskilled": 9.302325581, "health_programs": 80.81081081, "sp_philhealth": 80.81081081, "water_toilet": 84.59459459, "shelter_makeshift_nhts": 7.297297297, "food_malnourished": "", "health_child_death": "", "health_maternal_death": "", "he_flood": 0.0, "he_volcano": 0.0, "he_landslide": 0.00132, "he_earthquake": 0.0, "name": "Bangko"}, "PH103502006": {"water_access": 52.368421000000005, "food_tenure": "", "shelter_informal_settlers_nhts": 1.5789469999999999, "health_center_attendance": 98.220974, "educ_outofschool_all": 12.903226, "work_unemployment": 61.538462, "po_conflict": 0.263158, "participation_assembly_attendance": 84.016775, "sp_sss": 99.86020500000001, "he_risk": 0.158945, "shelter_electricity": 4.736842105, "health_center_attendance.1": 98.22097378, "work_farms": 65.6097561, "work_unskilled": 11.95121951, "health_programs": 67.10526316, "sp_philhealth": 67.10526316, "water_toilet": 64.47368421, "shelter_makeshift_nhts": 13.15789474, "food_malnourished": "", "health_child_death": "", "health_maternal_death": "", "he_flood": 0.0, "he_volcano": 0.0, "he_landslide": 0.001214, "he_earthquake": 0.0, "name": "Batolacongan (Basagad)"}, "PH103502007": {"water_access": 0.9933770000000001, "food_tenure": "", "shelter_informal_settlers_nhts": 24.503311, "health_center_attendance": 97.66162299999999, "educ_outofschool_all": 17.687075, "work_unemployment": 56.15835799999999, "po_conflict": 0.0, "participation_assembly_attendance": 68.981481, "sp_sss": 99.867725, "he_risk": 0.41325500000000004, "shelter_electricity": 4.6357615889999995, "health_center_attendance.1": 97.66162311, "work_farms": 91.97324415, "work_unskilled": 3.6789297660000004, "health_programs": 85.09933775, "sp_philhealth": 85.09933775, "water_toilet": 97.35099338, "shelter_makeshift_nhts": 0.0, "food_malnourished": "", "health_child_death": "", "health_maternal_death": "", "he_flood": 1e-06, "he_volcano": 0.0, "he_landslide": 0.001056, "he_earthquake": 0.0, "name": "Buenavista"}, "PH103502009": {"water_access": 79.960317, "food_tenure": 83.333333, "shelter_informal_settlers_nhts": 4.7619050000000005, "health_center_attendance": 87.16114499999999, "educ_outofschool_all": 8.390023, "work_unemployment": 56.836248, "po_conflict": 0.198413, "participation_assembly_attendance": 83.103258, "sp_sss": 99.006074, "he_risk": 0.156675, "shelter_electricity": 5.555555556, "health_center_attendance.1": 87.16114458, "work_farms": 73.29650092, "work_unskilled": 14.36464088, "health_programs": 72.22222222, "sp_philhealth": 72.22222222, "water_toilet": 82.73809524, "shelter_makeshift_nhts": 4.2658730160000005, "food_malnourished": "", "health_child_death": "", "health_maternal_death": "", "he_flood": 1e-06, "he_volcano": 0.0, "he_landslide": 0.001056, "he_earthquake": 0.0, "name": "Cadayonan"}, "PH103502012": {"water_access": 47.164947999999995, "food_tenure": 92.631579, "shelter_informal_settlers_nhts": 11.340206, "health_center_attendance": 88.78327, "educ_outofschool_all": 23.982557999999997, "work_unemployment": 48.858921, "po_conflict": 2.061856, "participation_assembly_attendance": 90.899433, "sp_sss": 99.468839, "he_risk": 0.055587, "shelter_electricity": 34.79381443, "health_center_attendance.1": 88.78326996, "work_farms": 89.2494929, "work_unskilled": 5.679513185, "health_programs": 61.59793814, "sp_philhealth": 61.59793814, "water_toilet": 85.05154639, "shelter_makeshift_nhts": 5.412371134, "food_malnourished": "", "health_child_death": "", "health_maternal_death": "", "he_flood": 0.0, "he_volcano": 0.0, "he_landslide": 0.00132, "he_earthquake": 0.0, "name": "Landa (Gadongan)"}, "PH103502013": {"water_access": 57.195572, "food_tenure": 8.0, "shelter_informal_settlers_nhts": 1.4760149999999999, "health_center_attendance": 98.760933, "educ_outofschool_all": 15.919282999999998, "work_unemployment": 57.43349, "po_conflict": 0.0, "participation_assembly_attendance": 87.18063599999999, "sp_sss": 98.655312, "he_risk": 0.154647, "shelter_electricity": 5.5350553510000005, "health_center_attendance.1": 98.76093294, "work_farms": 80.51470588, "work_unskilled": 6.985294118, "health_programs": 88.56088561, "sp_philhealth": 88.56088561, "water_toilet": 71.95571956, "shelter_makeshift_nhts": 17.15867159, "food_malnourished": "", "health_child_death": "",