{"PH112301004": {"water_access": 52.82258100000001, "food_tenure": 80.0, "shelter_informal_settlers_nhts": 0.604839, "health_center_attendance": 87.26311199999999, "educ_outofschool_all": 6.1191629999999995, "work_unemployment": 46.462436, "po_conflict": 4.435484, "participation_assembly_attendance": "", "sp_sss": 0.852018000000001, "he_risk": 0.036982999999999995, "shelter_electricity": 45.56451613, "health_center_attendance.1": 87.2631115, "work_farms": 57.22070845, "work_unskilled": 24.38692098, "health_programs": 16.33064516, "sp_philhealth": 83.66935484, "water_toilet": 24.39516129, "shelter_makeshift_nhts": 4.737903226, "food_malnourished": "", "health_child_death": "", "health_maternal_death": "", "he_flood": 0.0, "he_volcano": 0.0, "he_landslide": 0.002006, "he_earthquake": 0.0, "name": "Binancian"}, "PH112301006": {"water_access": 40.9375, "food_tenure": 0.0, "shelter_informal_settlers_nhts": 0.625, "health_center_attendance": 81.90184, "educ_outofschool_all": 2.893891, "work_unemployment": 50.738915999999996, "po_conflict": 0.0, "participation_assembly_attendance": "", "sp_sss": 0.6504070000000013, "he_risk": 16.162185, "shelter_electricity": 43.125, "health_center_attendance.1": 81.90184049, "work_farms": 53.0, "work_unskilled": 23.25, "health_programs": 29.6875, "sp_philhealth": 70.3125, "water_toilet": 18.4375, "shelter_makeshift_nhts": 4.375, "food_malnourished": "", "health_child_death": "", "health_maternal_death": "", "he_flood": 0.0, "he_volcano": 0.0, "he_landslide": 0.000528, "he_earthquake": 0.0, "name": "Buan"}, "PH112301007": {"water_access": 63.985375, "food_tenure": 0.0, "shelter_informal_settlers_nhts": 1.828154, "health_center_attendance": 72.6285, "educ_outofschool_all": 3.968254, "work_unemployment": 45.169546000000004, "po_conflict": 0.365631, "participation_assembly_attendance": "", "sp_sss": 3.6708349999999967, "he_risk": 9.523574, "shelter_electricity": 33.45521024, "health_center_attendance.1": 72.62849979, "work_farms": 20.18669778, "work_unskilled": 49.00816803, "health_programs": 42.41316271, "sp_philhealth": 57.58683729, "water_toilet": 3.65630713, "shelter_makeshift_nhts": 1.188299817, "food_malnourished": "", "health_child_death": "", "health_maternal_death": "", "he_flood": 0.0, "he_volcano": 0.0, "he_landslide": 0.0, "he_earthquake": 0.07142899999999999, "name": "Buclad"}, "PH112301008": {"water_access": 57.703081000000005, "food_tenure": 26.086957, "shelter_informal_settlers_nhts": 0.42016800000000004, "health_center_attendance": 77.80645200000001, "educ_outofschool_all": 5.271318, "work_unemployment": 45.798932, "po_conflict": 0.0, "participation_assembly_attendance": "", "sp_sss": 2.213581000000005, "he_risk": 0.096312, "shelter_electricity": 22.96918768, "health_center_attendance.1": 77.80645161, "work_farms": 19.26523297, "work_unskilled": 52.59856631, "health_programs": 51.54061625, "sp_philhealth": 48.45938375, "water_toilet": 12.18487395, "shelter_makeshift_nhts": 1.4005602240000001, "food_malnourished": "", "health_child_death": "", "health_maternal_death": "", "he_flood": 0.0, "he_volcano": 0.0, "he_landslide": 0.0, "he_earthquake": 0.0, "name": "Cabaywa"}, "PH112301009": {"water_access": 90.909091, "food_tenure": 0.0, "shelter_informal_settlers_nhts": 1.454545, "health_center_attendance": 80.727554, "educ_outofschool_all": 9.206349000000001, "work_unemployment": 42.496999, "po_conflict": 0.727273, "participation_assembly_attendance": "", "sp_sss": 0.8102630000000062, "he_risk": 16.257524, "shelter_electricity": 61.09090909, "health_center_attendance.1": 80.72755418, "work_farms": 53.44467641, "work_unskilled": 24.217119, "health_programs": 18.54545455, "sp_philhealth": 81.45454545, "water_toilet": 36.0, "shelter_makeshift_nhts": 1.2727272729999999, "food_malnourished": "", "health_child_death": "", "health_maternal_death": "", "he_flood": 0.0, "he_volcano": 0.0, "he_landslide": 0.006651000000000001, "he_earthquake": 0.0, "name": "Camansa"}, "PH112301010": {"water_access": 56.515152, "food_tenure": 87.254902, "shelter_informal_settlers_nhts": 8.181818, "health_center_attendance": 71.755188, "educ_outofschool_all": 3.696858, "work_unemployment": 40.133607, "po_conflict": 2.878788, "participation_assembly_attendance": "", "sp_sss": 2.153261999999998, "he_risk": 0.109171, "shelter_electricity": 16.21212121, "health_center_attendance.1": 71.75518818, "work_farms": 13.13304721, "work_unskilled": 62.5751073, "health_programs": 43.33333333, "sp_philhealth": 56.66666667, "water_toilet": 4.545454545, "shelter_makeshift_nhts": 2.424242424, "food_malnourished": "", "health_child_death": "", "health_maternal_death": "", "he_flood": 0.0, "he_volcano": 0.0, "he_landslide": 0.0, "he_earthquake": 0.0, "name": "Camoning"}, "PH112301011": {"water_access": 46.4, "food_tenure": 58.823529, "shelter_informal_settlers_nhts": 1.12, "health_center_attendance": 74.63396800000001, "educ_outofschool_all": 5.1666669999999995, "work_unemployment": 43.210555, "po_conflict": 0.16, "participation_assembly_attendance": "", "sp_sss": 2.3062380000000076, "he_risk": 0.095777, "shelter_electricity": 29.6, "health_center_attendance.1": 74.63396779, "work_farms": 17.32817038, "work_unskilled": 60.89060987, "health_programs": 29.44, "sp_philhealth": 70.56, "water_toilet": 3.36, "shelter_makeshift_nhts": 0.48, "food_malnourished": "", "health_child_death": "", "health_maternal_death": "", "he_flood": 0.0, "he_volcano": 0.0, "he_landslide": 0.0, "he_earthquake": 0.0, "name": "Canatan"}, "PH112301012": {"water_access": 21.92846, "food_tenure": 21.428570999999998, "shelter_informal_settlers_nhts": 0.777605, "health_center_attendance": 91.341077, "educ_outofschool_all": 5.397301000000001, "work_unemployment": 49.481865, "po_conflict": 0.0, "participation_assembly_attendance": "", "sp_sss": 2.1321219999999954, "he_risk": 8.089668, "shelter_electricity": 27.99377916, "health_center_attendance.1": 91.34107709, "work_farms": 33.84615385, "work_unskilled": 35.79487179, "health_programs": 41.05754277, "sp_philhealth": 58.94245723, "water_toilet": 3.5769828930000003, "shelter_makeshift_nhts": 1.01088647, "food_malnourished": "", "health_child_death": "", "health_maternal_death": "", "he_flood": 0.0, "he_volcano": 0.0, "he_landslide": 0.0, "he_earthquake": 0.0, "name": "Concepcion"}, "PH112301013": {"water_access": 38.510911, "food_tenure": 20.454545, "shelter_informal_settlers_nhts": 1.026958, "health_center_attendance": 58.483033999999996, "educ_outofschool_all": 2.365309, "work_unemployment": 44.980777, "po_conflict": 1.2836969999999999, "participation_assembly_attendance": "", "sp_sss": 2.6425589999999914, "he_risk": 0.095598, "shelter_electricity": 14.37740693, "health_center_attendance.1": 58.48303393, "work_farms": 24.14596273, "work_unskilled": 42.6242236, "health_programs": 44.80102696, "sp_philhealth": 55.19897304, "water_toilet": 3.209242619, "shelter_makeshift_nhts": 0.641848524, "food_malnourished": "", "health_child_death": "", "health_maternal_death": "", "he_flood": 0.0, "he_volcano": 0.0, "he_landslide": 0.0, "he_earthquake": 0.0, "name": "Do\u00cc\u00b1a Andrea"}, "PH112301026": {"water_access": 64.629121, "food_tenure": 93.333333, "shelter_informal_settlers_nhts": 1.304945, "health_center_attendance": 83.667529, "educ_outofschool_all": 2.200489, "work_unemployment": 42.085747, "po_conflict": 1.5796700000000001, "participation_assembly_attendance": "", "sp_sss": 4.387649999999994, "he_risk": 24.332688, "shelter_electricity": 12.70604396, "health_center_attendance.1": 83.66752911, "work_farms": 9.683873549, "work_unskilled": 60.14405762, "health_programs": 45.32967033, "sp_philhealth": 54.67032967, "water_toilet": 5.013736263999999, "shelter_makeshift_nhts": 0.995879121, "food_malnourished": "", "health_child_death": "", "health_maternal_death": "", "he_flood": 0.0, "he_volcano": 0.0, "he_landslide": 0.0, "he_earthquake": 0.0, "name": "Magatos"}, "PH112301028": {"water_access": 29.010989000000002, "food_tenure": 7.142857000000001,