{"PH112411001": {"Water_Prop": 0.904977, "Food_Prop": "", "Shelter_Prop": 2.262443, "Health_Prop": 58.96749499999999, "Education_Prop": 4.409171, "Work_Prop": 50.971429, "Peace_Prop": 0.0, "Participation_Prop": "", "SocialProtection_Prop": 95.96879100000001, "Environment_Prop": 16.820351000000002, "shelter_electricity": 8.14479638, "health_center_attendance": 58.96749522, "work_farms": 3.496503497, "work_unskilled": 38.22843823, "health_programs": 47.51131222, "sp_philhealth": 47.51131222, "water_toilet": 0.452488688, "shelter_makeshift_nhts": 0.452488688, "food_malnourished": "", "health_child_death": "", "health_maternal_death": "", "he_flood": 0.0, "he_volcano": 0.0, "he_landslide": 0.0, "he_earthquake": 0.0, "name": "Almendras (Pob.)"}, "PH112411002": {"Water_Prop": 0.0, "Food_Prop": 73.809524, "Shelter_Prop": 0.884956, "Health_Prop": 55.838641, "Education_Prop": 2.105263, "Work_Prop": 52.818991000000004, "Peace_Prop": 0.442478, "Participation_Prop": "", "SocialProtection_Prop": 91.41914200000001, "Environment_Prop": 16.349870000000003, "shelter_electricity": 13.27433628, "health_center_attendance": 55.83864119, "work_farms": 7.86163522, "work_unskilled": 50.31446541, "health_programs": 58.40707965, "sp_philhealth": 58.40707965, "water_toilet": 1.3274336279999999, "shelter_makeshift_nhts": 0.442477876, "food_malnourished": "", "health_child_death": "", "health_maternal_death": "", "he_flood": 0.0, "he_volcano": 0.0, "he_landslide": 0.0, "he_earthquake": 0.0, "name": "Don Sergio Osme\u00cc\u00b1a, Sr."}, "PH112411003": {"Water_Prop": 0.723327, "Food_Prop": 29.032258000000002, "Shelter_Prop": 0.904159, "Health_Prop": 66.759388, "Education_Prop": 5.803571, "Work_Prop": 44.195519, "Peace_Prop": 0.180832, "Participation_Prop": "", "SocialProtection_Prop": 96.804511, "Environment_Prop": 16.45838, "shelter_electricity": 10.3074141, "health_center_attendance": 66.75938804, "work_farms": 13.62530414, "work_unskilled": 37.10462287, "health_programs": 55.51537071, "sp_philhealth": 55.51537071, "water_toilet": 1.446654611, "shelter_makeshift_nhts": 1.537070524, "food_malnourished": "", "health_child_death": "", "health_maternal_death": "", "he_flood": 0.0, "he_volcano": 0.0, "he_landslide": 0.0, "he_earthquake": 0.0, "name": "Harada Butai"}, "PH112411004": {"Water_Prop": 1.185771, "Food_Prop": 22.105263, "Shelter_Prop": 1.9762849999999998, "Health_Prop": 49.580713, "Education_Prop": 5.7692309999999996, "Work_Prop": 40.825688, "Peace_Prop": 1.185771, "Participation_Prop": "", "SocialProtection_Prop": 96.230599, "Environment_Prop": 0.110207, "shelter_electricity": 11.46245059, "health_center_attendance": 49.58071279, "work_farms": 12.14470284, "work_unskilled": 50.90439276, "health_programs": 60.07905138, "sp_philhealth": 60.07905138, "water_toilet": 2.7667984189999997, "shelter_makeshift_nhts": 1.185770751, "food_malnourished": "", "health_child_death": "", "health_maternal_death": "", "he_flood": 0.0, "he_volcano": 0.0, "he_landslide": 0.0, "he_earthquake": 0.0, "name": "Lower Katipunan"}, "PH112411005": {"Water_Prop": 1.818182, "Food_Prop": 0.0, "Shelter_Prop": 0.909091, "Health_Prop": 37.270551, "Education_Prop": 4.477612000000001, "Work_Prop": 49.071926, "Peace_Prop": 0.30303, "Participation_Prop": "", "SocialProtection_Prop": 96.850394, "Environment_Prop": 7.242425, "shelter_electricity": 16.06060606, "health_center_attendance": 37.27055068, "work_farms": 15.945330300000002, "work_unskilled": 43.50797267, "health_programs": 45.45454545, "sp_philhealth": 45.45454545, "water_toilet": 1.515151515, "shelter_makeshift_nhts": 3.333333333, "food_malnourished": "", "health_child_death": "", "health_maternal_death": "", "he_flood": 0.0, "he_volcano": 0.0, "he_landslide": 0.0, "he_earthquake": 0.0, "name": "Lower Limonzo"}, "PH112411006": {"Water_Prop": 0.326797, "Food_Prop": 15.178571, "Shelter_Prop": 2.614379, "Health_Prop": 48.278689, "Education_Prop": 3.2128509999999997, "Work_Prop": 46.517119, "Peace_Prop": 1.633987, "Participation_Prop": "", "SocialProtection_Prop": 97.227036, "Environment_Prop": 0.206554, "shelter_electricity": 12.41830065, "health_center_attendance": 48.27868852, "work_farms": 19.20529801, "work_unskilled": 50.99337748, "health_programs": 63.39869281, "sp_philhealth": 63.39869281, "water_toilet": 0.980392157, "shelter_makeshift_nhts": 0.980392157, "food_malnourished": "", "health_child_death": "", "health_maternal_death": "", "he_flood": 0.0, "he_volcano": 0.0, "he_landslide": 0.0, "he_earthquake": 0.0, "name": "Lower Malinao"}, "PH112411007": {"Water_Prop": 2.522936, "Food_Prop": 100.0, "Shelter_Prop": 2.06422, "Health_Prop": 35.138387, "Education_Prop": 4.43686, "Work_Prop": 54.575163, "Peace_Prop": 0.6880729999999999, "Participation_Prop": "", "SocialProtection_Prop": 95.24975500000001, "Environment_Prop": 16.557945999999998, "shelter_electricity": 7.568807339, "health_center_attendance": 35.13838749, "work_farms": 5.215827338, "work_unskilled": 23.74100719, "health_programs": 67.88990826, "sp_philhealth": 67.88990826, "water_toilet": 0.458715596, "shelter_makeshift_nhts": 0.917431193, "food_malnourished": "", "health_child_death": "", "health_maternal_death": "", "he_flood": 0.0, "he_volcano": 0.0, "he_landslide": 0.0, "he_earthquake": 0.0, "name": "N C Ordaneza District (Pob.)"}, "PH112411008": {"Water_Prop": 1.075269, "Food_Prop": "", "Shelter_Prop": 0.0, "Health_Prop": 64.904459, "Education_Prop": 4.444444, "Work_Prop": 45.560538, "Peace_Prop": 0.0, "Participation_Prop": "", "SocialProtection_Prop": 94.468347, "Environment_Prop": 16.55207, "shelter_electricity": 9.408602151, "health_center_attendance": 64.9044586, "work_farms": 4.612850082, "work_unskilled": 42.99835255, "health_programs": 49.46236559, "sp_philhealth": 49.46236559, "water_toilet": 1.88172043, "shelter_makeshift_nhts": 1.075268817, "food_malnourished": "", "health_child_death": "", "health_maternal_death": "", "he_flood": 0.0, "he_volcano": 0.0, "he_landslide": 0.0, "he_earthquake": 0.0, "name": "Northern Paligue"}, "PH112411009": {"Water_Prop": 2.2388060000000003, "Food_Prop": 0.0, "Shelter_Prop": 0.746269, "Health_Prop": 64.96139000000001, "Education_Prop": 5.164319, "Work_Prop": 50.0, "Peace_Prop": 0.373134, "Participation_Prop": "", "SocialProtection_Prop": 96.014493, "Environment_Prop": 1.9168599999999998, "shelter_electricity": 10.07462687, "health_center_attendance": 64.96138996, "work_farms": 15.90296496, "work_unskilled": 33.42318059, "health_programs": 55.97014925, "sp_philhealth": 55.97014925, "water_toilet": 2.985074627, "shelter_makeshift_nhts": 2.611940299, "food_malnourished": "", "health_child_death": "", "health_maternal_death": "", "he_flood": 0.0, "he_volcano": 0.0, "he_landslide": 0.0, "he_earthquake": 0.0, "name": "Palili"}, "PH112411010": {"Water_Prop": 10.204082000000001, "Food_Prop": 100.0, "Shelter_Prop": 0.8746360000000001, "Health_Prop": 79.166667, "Education_Prop": 4.833837, "Work_Prop": 49.760766, "Peace_Prop": 0.0, "Participation_Prop": "", "SocialProtection_Prop": 96.42857099999999, "Environment_Prop": 23.001687, "shelter_electricity": 10.20408163, "health_center_attendance": 79.16666667, "work_farms": 33.33333333, "work_unskilled": 31.61904762, "health_programs": 48.39650146, "sp_philhealth": 48.39650146, "water_toilet": 2.623906706, "shelter_makeshift_nhts": 3.3527696789999997, "food_malnourished": "", "health_child_death": "", "health_maternal_death": "", "he_flood": 0.0, "he_volcano": 0.0, "he_landslide": 0.0, "he_earthquake": 0.0, "name": "Piape"}, "PH112411011": {"Water_Prop": 2.371542, "Food_Prop": 100.0, "Shelter_Prop": 1.581028, "Health_Prop": 61.845861, "Education_Prop": 2.803738, "Work_Prop": 50.546448, "Peace_Prop": 0.395257, "Participation_Prop": "", "SocialProtection_Prop": 96.75723, "Environment_Prop": 14.660291, "shelter_electricity": 9.486166008, "health_center_attendance": 61.84586108, "work_farms": 26.79558011, "work_unskilled": 38.39779006, "health_programs": 47.43083004, "sp_philhealth": 47.43083004,