{"PH112510001": {"Water_Prop": 5.460218, "Food_Prop": 22.222222, "Shelter_Prop": 0.9360370000000001, "Health_Prop": 19.252336, "Education_Prop": 8.163264999999999, "Work_Prop": 46.312823, "Peace_Prop": 1.24805, "Participation_Prop": "", "SocialProtection_Prop": 99.169099, "Environment_Prop": 8.415882, "shelter_electricity": 24.804992199999997, "health_center_attendance": 19.25233645, "work_farms": 30.00874891, "work_unskilled": 43.65704287, "health_programs": 52.41809672, "sp_philhealth": 52.41809672, "water_toilet": 1.560062403, "shelter_makeshift_nhts": 0.624024961, "food_malnourished": "", "health_child_death": "", "health_maternal_death": "", "he_flood": 0.0, "he_volcano": 0.0, "he_landslide": 0.001056, "he_earthquake": 0.0, "name": "Baon"}, "PH112510003": {"Water_Prop": 16.75485, "Food_Prop": "", "Shelter_Prop": 0.176367, "Health_Prop": 36.744966, "Education_Prop": 4.040404, "Work_Prop": 49.625, "Peace_Prop": 0.529101, "Participation_Prop": "", "SocialProtection_Prop": 98.94155500000001, "Environment_Prop": 8.631149, "shelter_electricity": 25.92592593, "health_center_attendance": 36.74496644, "work_farms": 34.98759305, "work_unskilled": 36.72456576, "health_programs": 47.79541446, "sp_philhealth": 47.79541446, "water_toilet": 2.469135802, "shelter_makeshift_nhts": 0.088183422, "food_malnourished": "", "health_child_death": "", "health_maternal_death": "", "he_flood": 0.0, "he_volcano": 0.0, "he_landslide": 0.004117, "he_earthquake": 0.0, "name": "Bitaogan"}, "PH112510004": {"Water_Prop": 22.727273, "Food_Prop": 16.666667, "Shelter_Prop": 0.378788, "Health_Prop": 40.692236, "Education_Prop": 6.827309, "Work_Prop": 49.861111, "Peace_Prop": 0.378788, "Participation_Prop": "", "SocialProtection_Prop": 99.34395500000001, "Environment_Prop": 10.824078, "shelter_electricity": 33.71212121, "health_center_attendance": 40.69223573, "work_farms": 24.09972299, "work_unskilled": 54.016620499999995, "health_programs": 43.93939394, "sp_philhealth": 43.93939394, "water_toilet": 3.03030303, "shelter_makeshift_nhts": 0.568181818, "food_malnourished": "", "health_child_death": "", "health_maternal_death": "", "he_flood": 0.0, "he_volcano": 0.0, "he_landslide": 0.004222999999999999, "he_earthquake": 0.14285699999999998, "name": "Cambaleon"}, "PH112510005": {"Water_Prop": 26.685392999999998, "Food_Prop": 25.0, "Shelter_Prop": 1.4044940000000001, "Health_Prop": 52.568167, "Education_Prop": 7.260725999999999, "Work_Prop": 50.722021999999996, "Peace_Prop": 0.5617979999999999, "Participation_Prop": "", "SocialProtection_Prop": 98.30303, "Environment_Prop": 16.503521, "shelter_electricity": 27.52808989, "health_center_attendance": 52.56816741, "work_farms": 19.23076923, "work_unskilled": 55.31135531, "health_programs": 51.40449438, "sp_philhealth": 51.40449438, "water_toilet": 1.123595506, "shelter_makeshift_nhts": 0.0, "food_malnourished": "", "health_child_death": "", "health_maternal_death": "", "he_flood": 0.0, "he_volcano": 0.0, "he_landslide": 0.000528, "he_earthquake": 0.0, "name": "Dugmanon"}, "PH112510006": {"Water_Prop": 30.042918, "Food_Prop": 13.636364000000002, "Shelter_Prop": 1.287554, "Health_Prop": 50.538688, "Education_Prop": 6.349206, "Work_Prop": 45.821727, "Peace_Prop": 0.0, "Participation_Prop": "", "SocialProtection_Prop": 98.763251, "Environment_Prop": 16.165528, "shelter_electricity": 18.88412017, "health_center_attendance": 50.53868756, "work_farms": 20.05141388, "work_unskilled": 47.81491003, "health_programs": 52.36051502, "sp_philhealth": 52.36051502, "water_toilet": 0.858369099, "shelter_makeshift_nhts": 0.214592275, "food_malnourished": "", "health_child_death": "", "health_maternal_death": "", "he_flood": 0.0, "he_volcano": 0.0, "he_landslide": 0.000528, "he_earthquake": 0.0, "name": "Iba"}, "PH112510007": {"Water_Prop": 21.520147, "Food_Prop": 21.052632, "Shelter_Prop": 0.457875, "Health_Prop": 35.712812, "Education_Prop": 7.2312080000000005, "Work_Prop": 50.467853999999996, "Peace_Prop": 0.274725, "Participation_Prop": "", "SocialProtection_Prop": 98.69120699999999, "Environment_Prop": 9.75855, "shelter_electricity": 28.75457875, "health_center_attendance": 35.71281205, "work_farms": 29.79890311, "work_unskilled": 47.10542352, "health_programs": 51.64835165, "sp_philhealth": 51.64835165, "water_toilet": 2.838827839, "shelter_makeshift_nhts": 0.45787545799999996, "food_malnourished": "", "health_child_death": "", "health_maternal_death": "", "he_flood": 0.0, "he_volcano": 0.0, "he_landslide": 0.004592000000000001, "he_earthquake": 0.07142899999999999, "name": "La Union"}, "PH112510008": {"Water_Prop": 77.070064, "Food_Prop": 62.820513, "Shelter_Prop": 1.273885, "Health_Prop": 54.155496, "Education_Prop": 9.89011, "Work_Prop": 55.62249, "Peace_Prop": 0.0, "Participation_Prop": "", "SocialProtection_Prop": 99.299883, "Environment_Prop": 0.04057, "shelter_electricity": 31.21019108, "health_center_attendance": 54.15549598, "work_farms": 25.7918552, "work_unskilled": 51.13122172, "health_programs": 43.31210191, "sp_philhealth": 43.31210191, "water_toilet": 7.643312102, "shelter_makeshift_nhts": 0.0, "food_malnourished": "", "health_child_death": "", "health_maternal_death": "", "he_flood": 0.0, "he_volcano": 0.0, "he_landslide": 0.0022170000000000002, "he_earthquake": 0.0, "name": "Lapu-lapu"}, "PH112510009": {"Water_Prop": 36.915888, "Food_Prop": "", "Shelter_Prop": 0.0, "Health_Prop": 23.243802, "Education_Prop": 3.862661, "Work_Prop": 47.78481, "Peace_Prop": 1.401869, "Participation_Prop": "", "SocialProtection_Prop": 98.638743, "Environment_Prop": 0.32227, "shelter_electricity": 45.79439252, "health_center_attendance": 23.24380165, "work_farms": 20.60606061, "work_unskilled": 58.18181818, "health_programs": 44.39252336, "sp_philhealth": 44.39252336, "water_toilet": 1.869158879, "shelter_makeshift_nhts": 2.336448598, "food_malnourished": "", "health_child_death": "", "health_maternal_death": "", "he_flood": 0.0, "he_volcano": 0.0, "he_landslide": 0.0022170000000000002, "he_earthquake": 0.0, "name": "Maag"}, "PH112510010": {"Water_Prop": 16.329966, "Food_Prop": 6.25, "Shelter_Prop": 0.673401, "Health_Prop": 53.688525, "Education_Prop": 13.676732000000001, "Work_Prop": 51.961311, "Peace_Prop": 0.16835, "Participation_Prop": "", "SocialProtection_Prop": 98.7943, "Environment_Prop": 24.941697, "shelter_electricity": 15.99326599, "health_center_attendance": 53.68852459, "work_farms": 17.11409396, "work_unskilled": 49.88814318, "health_programs": 58.41750842, "sp_philhealth": 58.41750842, "water_toilet": 4.545454545, "shelter_makeshift_nhts": 0.168350168, "food_malnourished": "", "health_child_death": "", "health_maternal_death": "", "he_flood": 0.0, "he_volcano": 0.0, "he_landslide": 0.001056, "he_earthquake": 0.0, "name": "Manikling"}, "PH112510011": {"Water_Prop": 14.388489000000002, "Food_Prop": 39.772727, "Shelter_Prop": 0.0, "Health_Prop": 20.923521, "Education_Prop": 4.379562, "Work_Prop": 43.459916, "Peace_Prop": 0.0, "Participation_Prop": "", "SocialProtection_Prop": 98.69185999999999, "Environment_Prop": 1.471789, "shelter_electricity": 21.58273381, "health_center_attendance": 20.92352092, "work_farms": 19.40298507, "work_unskilled": 44.7761194, "health_programs": 41.00719424, "sp_philhealth": 41.00719424, "water_toilet": 0.0, "shelter_makeshift_nhts": 0.0, "food_malnourished": "", "health_child_death": "", "health_maternal_death": "", "he_flood": 0.0, "he_volcano": 0.0, "he_landslide": 0.002006, "he_earthquake": 0.07142899999999999, "name": "Maputi"}, "PH112510012": {"Water_Prop": 10.156895, "Food_Prop": 9.589041, "Shelter_Prop": 1.6515279999999999, "Health_Prop": 30.926663, "Education_Prop": 6.806723, "Work_Prop": 51.573034, "Peace_Prop": 0.330306, "Participation_Prop": "", "SocialProtection_Prop": 98.39652, "Environment_Prop": 12.206997, "shelter_electricity": 20.31379026, "health_center_attendance": 30.92666288, "work_farms": 19.54756381, "work_unskilled": 44.72157773, "health_programs": 53.09661437, "sp_philhealth": 53.09661437,