{"PH112511001": {"water_access": 18.322581, "food_tenure": 13.636364000000002, "shelter_informal_settlers_nhts": 1.806452, "health_center_attendance": 22.250970000000002, "educ_outofschool_all": 6.489676, "work_unemployment": 59.290188, "po_conflict": 0.258065, "participation_assembly_attendance": "", "sp_sss": 99.25496700000001, "he_risk": 17.063768, "shelter_electricity": 29.93548387, "health_center_attendance.1": 22.25097025, "work_farms": 31.38461538, "work_unskilled": 47.79487179, "health_programs": 26.32258065, "sp_philhealth": 26.32258065, "water_toilet": 20.51612903, "shelter_makeshift_nhts": 8.064516129, "food_malnourished": "", "health_child_death": "", "health_maternal_death": "", "he_flood": 0.0, "he_volcano": 0.0, "he_landslide": 0.008551000000000001, "he_earthquake": 0.0, "name": "Cabagayan"}, "PH112511002": {"water_access": 12.838633999999999, "food_tenure": 6.291391, "shelter_informal_settlers_nhts": 2.120141, "health_center_attendance": 42.442747999999995, "educ_outofschool_all": 5.705394, "work_unemployment": 54.606564, "po_conflict": 0.0, "participation_assembly_attendance": "", "sp_sss": 98.742, "he_risk": 16.916918, "shelter_electricity": 18.49234393, "health_center_attendance.1": 42.44274809, "work_farms": 23.51916376, "work_unskilled": 38.93728223, "health_programs": 31.09540636, "sp_philhealth": 31.09540636, "water_toilet": 11.18963486, "shelter_makeshift_nhts": 4.18138987, "food_malnourished": "", "health_child_death": "", "health_maternal_death": "", "he_flood": 0.0, "he_volcano": 0.0, "he_landslide": 0.000792, "he_earthquake": 0.0, "name": "Central (Pob.)"}, "PH112511003": {"water_access": 56.60919499999999, "food_tenure": 94.11764699999999, "shelter_informal_settlers_nhts": 1.149425, "health_center_attendance": 30.394737, "educ_outofschool_all": 9.921671, "work_unemployment": 61.523045999999994, "po_conflict": 4.597701, "participation_assembly_attendance": "", "sp_sss": 99.145299, "he_risk": 0.027933, "shelter_electricity": 49.71264368, "health_center_attendance.1": 30.39473684, "work_farms": 24.21875, "work_unskilled": 53.38541667, "health_programs": 43.96551724, "sp_philhealth": 43.96551724, "water_toilet": 52.01149425, "shelter_makeshift_nhts": 3.448275862, "food_malnourished": "", "health_child_death": "", "health_maternal_death": "", "he_flood": 0.0, "he_volcano": 0.0, "he_landslide": 0.001584, "he_earthquake": 0.0, "name": "Dadong"}, "PH112511004": {"water_access": 27.067669, "food_tenure": 6.465517, "shelter_informal_settlers_nhts": 3.3834589999999998, "health_center_attendance": 17.559296, "educ_outofschool_all": 9.538950999999999, "work_unemployment": 60.207824, "po_conflict": 3.195489, "participation_assembly_attendance": "", "sp_sss": 99.27119300000001, "he_risk": 16.960053, "shelter_electricity": 30.82706767, "health_center_attendance.1": 17.5592961, "work_farms": 17.51152074, "work_unskilled": 56.68202765, "health_programs": 32.14285714, "sp_philhealth": 32.14285714, "water_toilet": 15.03759399, "shelter_makeshift_nhts": 8.646616541, "food_malnourished": "", "health_child_death": "", "health_maternal_death": "", "he_flood": 0.0, "he_volcano": 0.0, "he_landslide": 0.000792, "he_earthquake": 0.0, "name": "Jovellar"}, "PH112511005": {"water_access": 23.063063, "food_tenure": 11.688312, "shelter_informal_settlers_nhts": 0.7207210000000001, "health_center_attendance": 26.201923, "educ_outofschool_all": 8.373591000000001, "work_unemployment": 56.324732999999995, "po_conflict": 0.0, "participation_assembly_attendance": "", "sp_sss": 98.931466, "he_risk": 3.524631, "shelter_electricity": 47.38738739, "health_center_attendance.1": 26.20192308, "work_farms": 41.35446686, "work_unskilled": 41.78674352, "health_programs": 31.71171171, "sp_philhealth": 31.71171171, "water_toilet": 29.72972973, "shelter_makeshift_nhts": 11.53153153, "food_malnourished": "", "health_child_death": "", "health_maternal_death": "", "he_flood": 0.0, "he_volcano": 0.0, "he_landslide": 0.146635, "he_earthquake": 0.07142899999999999, "name": "Limot"}, "PH112511006": {"water_access": 4.208754, "food_tenure": 0.0, "shelter_informal_settlers_nhts": 1.010101, "health_center_attendance": 38.258961, "educ_outofschool_all": 7.373272, "work_unemployment": 52.9274, "po_conflict": 0.0, "participation_assembly_attendance": "", "sp_sss": 99.770027, "he_risk": 0.67588, "shelter_electricity": 28.78787879, "health_center_attendance.1": 38.25896123, "work_farms": 24.12935323, "work_unskilled": 54.35323383, "health_programs": 36.7003367, "sp_philhealth": 36.7003367, "water_toilet": 20.87542088, "shelter_makeshift_nhts": 16.58249158, "food_malnourished": "", "health_child_death": "", "health_maternal_death": "", "he_flood": 0.0, "he_volcano": 0.0, "he_landslide": 0.001584, "he_earthquake": 0.0, "name": "Lucatan"}, "PH112511007": {"water_access": 30.769231, "food_tenure": 4.285714, "shelter_informal_settlers_nhts": 3.418803, "health_center_attendance": 45.568825, "educ_outofschool_all": 3.651685, "work_unemployment": 50.568182, "po_conflict": 0.854701, "participation_assembly_attendance": "", "sp_sss": 99.139073, "he_risk": 1.2667979999999999, "shelter_electricity": 37.89173789, "health_center_attendance.1": 45.56882464, "work_farms": 36.20689655, "work_unskilled": 40.22988506, "health_programs": 26.4957265, "sp_philhealth": 26.4957265, "water_toilet": 19.65811966, "shelter_makeshift_nhts": 4.558404558, "food_malnourished": "", "health_child_death": "", "health_maternal_death": "", "he_flood": 0.0, "he_volcano": 0.0, "he_landslide": 0.006862, "he_earthquake": 0.07142899999999999, "name": "Maganda"}, "PH112511008": {"water_access": 5.964912, "food_tenure": 18.181818, "shelter_informal_settlers_nhts": 0.701754, "health_center_attendance": 37.275449, "educ_outofschool_all": 5.438066, "work_unemployment": 49.403341, "po_conflict": 0.0, "participation_assembly_attendance": "", "sp_sss": 99.09584100000001, "he_risk": 19.426157, "shelter_electricity": 46.31578947, "health_center_attendance.1": 37.2754491, "work_farms": 18.86792453, "work_unskilled": 62.97169811, "health_programs": 29.47368421, "sp_philhealth": 29.47368421, "water_toilet": 28.77192982, "shelter_makeshift_nhts": 16.31578947, "food_malnourished": "", "health_child_death": "", "health_maternal_death": "", "he_flood": 0.0, "he_volcano": 0.0, "he_landslide": 0.10261300000000001, "he_earthquake": 0.07142899999999999, "name": "Ompao"}, "PH112511010": {"water_access": 28.922495, "food_tenure": 22.009569, "shelter_informal_settlers_nhts": 1.323251, "health_center_attendance": 23.95112, "educ_outofschool_all": 9.302325999999999, "work_unemployment": 60.568031999999995, "po_conflict": 0.0, "participation_assembly_attendance": "", "sp_sss": 99.371859, "he_risk": 17.418254, "shelter_electricity": 57.08884688, "health_center_attendance.1": 23.95112016, "work_farms": 46.90117253, "work_unskilled": 38.35845896, "health_programs": 34.02646503, "sp_philhealth": 34.02646503, "water_toilet": 26.46502836, "shelter_makeshift_nhts": 5.860113422, "food_malnourished": "", "health_child_death": "", "health_maternal_death": "", "he_flood": 0.0, "he_volcano": 0.0, "he_landslide": 0.067406, "he_earthquake": 0.0, "name": "Tomoaong"}, "PH112511011": {"water_access": 37.305699, "food_tenure": 62.048193000000005, "shelter_informal_settlers_nhts": 1.5544040000000001, "health_center_attendance": 32.011787, "educ_outofschool_all": 7.098764999999999, "work_unemployment": 49.766453999999996, "po_conflict": 0.38860100000000003, "participation_assembly_attendance": "", "sp_sss": 99.445285, "he_risk": 0.5628770000000001, "shelter_electricity": 58.93782383, "health_center_attendance.1": 32.01178677, "work_farms": 36.68639053, "work_unskilled": 44.88588335, "health_programs": 26.68393782, "sp_philhealth": 26.68393782, "water_toilet": 44.43005181, "shelter_makeshift_nhts": 8.808290155, "food_malnourished": "", "health_child_death": "", "health_maternal_death": "", "he_flood": 0.0, "he_volcano": 0.0, "he_landslide": 0.034732, "he_earthquake": 0.0,