{"PH112505001": {"water_access": 55.33596800000001, "food_tenure": 9.803922, "shelter_informal_settlers_nhts": 0.395257, "health_center_attendance": 37.734984000000004, "educ_outofschool_all": 8.734403, "work_unemployment": 47.996918, "po_conflict": 0.0, "participation_assembly_attendance": "", "sp_sss": 99.061265, "he_risk": 17.951739, "shelter_electricity": 52.96442688, "health_center_attendance.1": 37.73498395, "work_farms": 19.55555556, "work_unskilled": 62.81481481, "health_programs": 5.533596837999999, "sp_philhealth": 5.533596837999999, "water_toilet": 4.743083004, "shelter_makeshift_nhts": 3.458498024, "food_malnourished": "", "health_child_death": "", "health_maternal_death": "", "he_flood": 0.0, "he_volcano": 0.0, "he_landslide": 0.001584, "he_earthquake": 0.07142899999999999, "name": "Abijod"}, "PH112505002": {"water_access": 2.132196, "food_tenure": 92.982456, "shelter_informal_settlers_nhts": 0.852878, "health_center_attendance": 32.279793, "educ_outofschool_all": 4.77327, "work_unemployment": 46.062992, "po_conflict": 0.0, "participation_assembly_attendance": "", "sp_sss": 96.93356, "he_risk": 19.27656, "shelter_electricity": 43.92324094, "health_center_attendance.1": 32.27979275, "work_farms": 25.10948905, "work_unskilled": 48.75912409, "health_programs": 3.1982942430000003, "sp_philhealth": 3.1982942430000003, "water_toilet": 3.837953092, "shelter_makeshift_nhts": 2.985074627, "food_malnourished": "", "health_child_death": "", "health_maternal_death": "", "he_flood": 0.0, "he_volcano": 0.0, "he_landslide": 0.017999, "he_earthquake": 0.14285699999999998, "name": "Alegria"}, "PH112505003": {"water_access": 58.62069, "food_tenure": 33.333333, "shelter_informal_settlers_nhts": 0.0, "health_center_attendance": 63.972809999999996, "educ_outofschool_all": 7.067138000000001, "work_unemployment": 48.597082, "po_conflict": 0.31348000000000004, "participation_assembly_attendance": "", "sp_sss": 99.78678000000001, "he_risk": 9.63585, "shelter_electricity": 60.81504702, "health_center_attendance.1": 63.97280967, "work_farms": 34.93449782, "work_unskilled": 46.72489083, "health_programs": 1.253918495, "sp_philhealth": 1.253918495, "water_toilet": 6.896551724, "shelter_makeshift_nhts": 1.253918495, "food_malnourished": "", "health_child_death": "", "health_maternal_death": "", "he_flood": 0.0, "he_volcano": 0.0, "he_landslide": 0.071787, "he_earthquake": 0.0, "name": "Aliwagwag"}, "PH112505004": {"water_access": 55.888651, "food_tenure": 18.75, "shelter_informal_settlers_nhts": 0.0, "health_center_attendance": 53.40290400000001, "educ_outofschool_all": 7.407407000000001, "work_unemployment": 47.700701, "po_conflict": 0.428266, "participation_assembly_attendance": "", "sp_sss": 99.50174399999999, "he_risk": 8.986279, "shelter_electricity": 51.82012848, "health_center_attendance.1": 53.40290381, "work_farms": 33.38301043, "work_unskilled": 46.64679583, "health_programs": 1.284796574, "sp_philhealth": 1.284796574, "water_toilet": 2.78372591, "shelter_makeshift_nhts": 5.781584582000001, "food_malnourished": "", "health_child_death": "", "health_maternal_death": "", "he_flood": 0.0, "he_volcano": 0.0, "he_landslide": 0.017049, "he_earthquake": 0.0, "name": "Aragon"}, "PH112505005": {"water_access": 8.846153999999999, "food_tenure": 15.942029000000002, "shelter_informal_settlers_nhts": 0.769231, "health_center_attendance": 30.493708, "educ_outofschool_all": 4.5248870000000005, "work_unemployment": 50.906344, "po_conflict": 1.9230770000000001, "participation_assembly_attendance": "", "sp_sss": 99.655568, "he_risk": 4.9007, "shelter_electricity": 65.38461538, "health_center_attendance.1": 30.49370765, "work_farms": 32.30769231, "work_unskilled": 39.07692308, "health_programs": 3.076923077, "sp_philhealth": 3.076923077, "water_toilet": 3.461538462, "shelter_makeshift_nhts": 0.576923077, "food_malnourished": "", "health_child_death": "", "health_maternal_death": "", "he_flood": 0.0, "he_volcano": 0.0, "he_landslide": 0.0, "he_earthquake": 0.0, "name": "Baybay"}, "PH112505009": {"water_access": 92.378049, "food_tenure": 80.0, "shelter_informal_settlers_nhts": 0.0, "health_center_attendance": 67.05501600000001, "educ_outofschool_all": 5.970149, "work_unemployment": 47.921225, "po_conflict": 0.0, "participation_assembly_attendance": "", "sp_sss": 99.74473499999999, "he_risk": 11.49165, "shelter_electricity": 59.14634146, "health_center_attendance.1": 67.05501618, "work_farms": 40.75630252, "work_unskilled": 46.63865546, "health_programs": 0.304878049, "sp_philhealth": 0.304878049, "water_toilet": 6.0975609760000005, "shelter_makeshift_nhts": 4.268292683, "food_malnourished": "", "health_child_death": "", "health_maternal_death": "", "he_flood": 0.0, "he_volcano": 0.0, "he_landslide": 0.017472, "he_earthquake": 0.14285699999999998, "name": "Maglahus"}, "PH112505010": {"water_access": 26.053639999999998, "food_tenure": 9.756098, "shelter_informal_settlers_nhts": 0.766284, "health_center_attendance": 41.655541, "educ_outofschool_all": 4.571429, "work_unemployment": 52.941176, "po_conflict": 9.003831, "participation_assembly_attendance": "", "sp_sss": 99.69894599999999, "he_risk": 18.25851, "shelter_electricity": 27.96934866, "health_center_attendance.1": 41.65554072, "work_farms": 29.87804878, "work_unskilled": 35.67073171, "health_programs": 11.87739464, "sp_philhealth": 11.87739464, "water_toilet": 4.789272031, "shelter_makeshift_nhts": 1.9157088119999999, "food_malnourished": "", "health_child_death": "", "health_maternal_death": "", "he_flood": 0.0, "he_volcano": 0.0, "he_landslide": 0.001584, "he_earthquake": 0.0, "name": "Mainit"}, "PH112505011": {"water_access": 82.268041, "food_tenure": "", "shelter_informal_settlers_nhts": 0.0, "health_center_attendance": 85.014409, "educ_outofschool_all": 7.279692999999999, "work_unemployment": 44.142746, "po_conflict": 0.206186, "participation_assembly_attendance": "", "sp_sss": 99.457861, "he_risk": 10.891769, "shelter_electricity": 82.68041237, "health_center_attendance.1": 85.01440922, "work_farms": 72.63888889, "work_unskilled": 15.13888889, "health_programs": 3.711340206, "sp_philhealth": 3.711340206, "water_toilet": 2.886597938, "shelter_makeshift_nhts": 6.597938144, "food_malnourished": "", "health_child_death": "", "health_maternal_death": "", "he_flood": 0.0, "he_volcano": 0.0, "he_landslide": 0.018211, "he_earthquake": 0.14285699999999998, "name": "Malibago"}, "PH112505012": {"water_access": 26.408451, "food_tenure": 19.708029, "shelter_informal_settlers_nhts": 0.586854, "health_center_attendance": 47.228202, "educ_outofschool_all": 5.345912, "work_unemployment": 48.715678000000004, "po_conflict": 0.586854, "participation_assembly_attendance": "", "sp_sss": 99.322564, "he_risk": 24.35687, "shelter_electricity": 38.96713615, "health_center_attendance.1": 47.22820237, "work_farms": 24.95682211, "work_unskilled": 48.70466321, "health_programs": 4.812206573, "sp_philhealth": 4.812206573, "water_toilet": 6.220657277000001, "shelter_makeshift_nhts": 3.990610329, "food_malnourished": "", "health_child_death": "", "health_maternal_death": "", "he_flood": 0.0, "he_volcano": 0.0, "he_landslide": 0.001584, "he_earthquake": 0.0, "name": "San Alfonso"}, "PH112505013": {"water_access": 41.408751, "food_tenure": 65.384615, "shelter_informal_settlers_nhts": 0.42689399999999994, "health_center_attendance": 77.78357199999999, "educ_outofschool_all": 5.807201, "work_unemployment": 56.745098, "po_conflict": 1.173959, "participation_assembly_attendance": "", "sp_sss": 98.866856, "he_risk": 16.811075, "shelter_electricity": 38.74066169, "health_center_attendance.1": 77.78357236, "work_farms": 32.91024479, "work_unskilled": 44.69628286, "health_programs": 7.4706510139999995, "sp_philhealth": 7.4706510139999995, "water_toilet": 3.7353255069999998, "shelter_makeshift_nhts": 2.668089648, "food_malnourished": "", "health_child_death": "", "health_maternal_death": "", "he_flood": 0.0, "he_volcano": 0.0,