{"PH112318001": {"water_access": 8.692053, "food_tenure": 6.6666669999999995, "shelter_informal_settlers_nhts": 0.5794699999999999, "health_center_attendance": 67.732778, "educ_outofschool_all": 5.618893, "work_unemployment": 46.494993, "po_conflict": 0.33112600000000003, "participation_assembly_attendance": "", "sp_sss": 96.943586, "he_risk": 45.014926, "shelter_electricity": 12.99668874, "health_center_attendance.1": 67.7327782, "work_farms": 8.930481282999999, "work_unskilled": 64.38502674, "health_programs": 67.96357616, "sp_philhealth": 67.96357616, "water_toilet": 3.80794702, "shelter_makeshift_nhts": 1.07615894, "food_malnourished": "", "health_child_death": "", "health_maternal_death": "", "he_flood": 0.0, "he_volcano": 0.0, "he_landslide": 0.001056, "he_earthquake": 0.0, "name": "Balagunan"}, "PH112318002": {"water_access": 4.451346, "food_tenure": 91.42857099999999, "shelter_informal_settlers_nhts": 1.138716, "health_center_attendance": 44.991751, "educ_outofschool_all": 3.406593, "work_unemployment": 48.860848, "po_conflict": 0.414079, "participation_assembly_attendance": "", "sp_sss": 97.664479, "he_risk": 9.463756, "shelter_electricity": 12.62939959, "health_center_attendance.1": 44.99175112, "work_farms": 15.35298149, "work_unskilled": 54.90061686, "health_programs": 79.91718427, "sp_philhealth": 79.91718427, "water_toilet": 8.17805383, "shelter_makeshift_nhts": 1.4492753619999998, "food_malnourished": "", "health_child_death": "", "health_maternal_death": "", "he_flood": 0.0, "he_volcano": 0.0, "he_landslide": 0.001584, "he_earthquake": 0.0, "name": "Bobongon"}, "PH112318003": {"water_access": 87.660256, "food_tenure": 20.0, "shelter_informal_settlers_nhts": 5.448718, "health_center_attendance": 86.642729, "educ_outofschool_all": 5.573248, "work_unemployment": 49.106659, "po_conflict": 7.852564, "participation_assembly_attendance": "", "sp_sss": 98.50085200000001, "he_risk": 0.19173199999999999, "shelter_electricity": 13.30128205, "health_center_attendance.1": 86.64272890000001, "work_farms": 13.72340426, "work_unskilled": 57.02127660000001, "health_programs": 45.83333333, "sp_philhealth": 45.83333333, "water_toilet": 10.09615385, "shelter_makeshift_nhts": 2.96474359, "food_malnourished": "", "health_child_death": "", "health_maternal_death": "", "he_flood": 0.0, "he_volcano": 0.0, "he_landslide": 0.0, "he_earthquake": 0.0, "name": "Esperanza"}, "PH112318004": {"water_access": 8.24, "food_tenure": 0.0, "shelter_informal_settlers_nhts": 1.68, "health_center_attendance": 58.443135, "educ_outofschool_all": 4.956035, "work_unemployment": 44.409776, "po_conflict": 0.16, "participation_assembly_attendance": "", "sp_sss": 96.16785899999999, "he_risk": 8.269437, "shelter_electricity": 12.96, "health_center_attendance.1": 58.44313454, "work_farms": 10.38353602, "work_unskilled": 68.89616464, "health_programs": 67.52, "sp_philhealth": 67.52, "water_toilet": 3.6, "shelter_makeshift_nhts": 0.72, "food_malnourished": "", "health_child_death": "", "health_maternal_death": "", "he_flood": 0.0, "he_volcano": 0.0, "he_landslide": 0.0, "he_earthquake": 0.0, "name": "Kimamon"}, "PH112318005": {"water_access": 13.851653, "food_tenure": 6.896552000000001, "shelter_informal_settlers_nhts": 0.9830209999999999, "health_center_attendance": 54.54918000000001, "educ_outofschool_all": 3.2936870000000003, "work_unemployment": 39.078659, "po_conflict": 3.395889, "participation_assembly_attendance": "", "sp_sss": 96.92699499999999, "he_risk": 0.962915, "shelter_electricity": 9.115281501, "health_center_attendance.1": 54.54918033, "work_farms": 10.54526749, "work_unskilled": 65.17489712, "health_programs": 61.03663986, "sp_philhealth": 61.03663986, "water_toilet": 1.787310098, "shelter_makeshift_nhts": 1.117068811, "food_malnourished": "", "health_child_death": "", "health_maternal_death": "", "he_flood": 0.0, "he_volcano": 0.0, "he_landslide": 0.0, "he_earthquake": 0.0, "name": "Kinamayan"}, "PH112318006": {"water_access": 1.062092, "food_tenure": 0.0, "shelter_informal_settlers_nhts": 0.735294, "health_center_attendance": 52.218045000000004, "educ_outofschool_all": 5.013429, "work_unemployment": 45.399781, "po_conflict": 0.653595, "participation_assembly_attendance": "", "sp_sss": 96.219341, "he_risk": 25.377756, "shelter_electricity": 4.166666667, "health_center_attendance.1": 52.21804511, "work_farms": 6.3691073220000005, "work_unskilled": 68.80641926, "health_programs": 87.09150327, "sp_philhealth": 87.09150327, "water_toilet": 0.980392157, "shelter_makeshift_nhts": 0.9395424840000001, "food_malnourished": "", "health_child_death": "", "health_maternal_death": "", "he_flood": 0.0, "he_volcano": 0.0, "he_landslide": 0.0, "he_earthquake": 0.0, "name": "La Libertad"}, "PH112318007": {"water_access": 20.0, "food_tenure": 0.0, "shelter_informal_settlers_nhts": 6.329114, "health_center_attendance": 71.12822, "educ_outofschool_all": 3.660131, "work_unemployment": 39.589835, "po_conflict": 0.759494, "participation_assembly_attendance": "", "sp_sss": 95.831017, "he_risk": 0.201463, "shelter_electricity": 7.46835443, "health_center_attendance.1": 71.12822031, "work_farms": 9.225092251, "work_unskilled": 67.3800738, "health_programs": 72.91139241, "sp_philhealth": 72.91139241, "water_toilet": 12.53164557, "shelter_makeshift_nhts": 0.506329114, "food_malnourished": "", "health_child_death": "", "health_maternal_death": "", "he_flood": 0.0, "he_volcano": 0.0, "he_landslide": 0.0, "he_earthquake": 0.0, "name": "Lungaog"}, "PH112318008": {"water_access": 84.03614499999999, "food_tenure": 100.0, "shelter_informal_settlers_nhts": 2.108434, "health_center_attendance": 48.929471, "educ_outofschool_all": 8.237986, "work_unemployment": 36.523652, "po_conflict": 5.722892, "participation_assembly_attendance": "", "sp_sss": 99.37888199999999, "he_risk": 0.41053, "shelter_electricity": 56.3253012, "health_center_attendance.1": 48.92947103, "work_farms": 62.91161179, "work_unskilled": 21.31715771, "health_programs": 43.97590361, "sp_philhealth": 43.97590361, "water_toilet": 40.06024096, "shelter_makeshift_nhts": 2.861445783, "food_malnourished": "", "health_child_death": "", "health_maternal_death": "", "he_flood": 0.0, "he_volcano": 0.0, "he_landslide": 0.001584, "he_earthquake": 0.0, "name": "Magwawa"}, "PH112318009": {"water_access": 5.593057, "food_tenure": 2.631579, "shelter_informal_settlers_nhts": 6.364513, "health_center_attendance": 69.70269, "educ_outofschool_all": 3.684211, "work_unemployment": 48.548159000000005, "po_conflict": 0.0, "participation_assembly_attendance": "", "sp_sss": 97.112367, "he_risk": 11.021192, "shelter_electricity": 11.37897782, "health_center_attendance.1": 69.70268995, "work_farms": 9.428768066, "work_unskilled": 63.93668273, "health_programs": 62.58437801, "sp_philhealth": 62.58437801, "water_toilet": 17.83992285, "shelter_makeshift_nhts": 0.771456123, "food_malnourished": "", "health_child_death": "", "health_maternal_death": "", "he_flood": 0.0, "he_volcano": 0.0, "he_landslide": 0.0, "he_earthquake": 0.0, "name": "New Katipunan"}, "PH112318010": {"water_access": 5.246423, "food_tenure": 9.677419, "shelter_informal_settlers_nhts": 4.45151, "health_center_attendance": 59.35559, "educ_outofschool_all": 2.513465, "work_unemployment": 44.418331, "po_conflict": 0.15898299999999999, "participation_assembly_attendance": "", "sp_sss": 96.01623000000001, "he_risk": 0.302902, "shelter_electricity": 10.96979332, "health_center_attendance.1": 59.35559006, "work_farms": 6.553911205, "work_unskilled": 73.89006342, "health_programs": 55.48489666, "sp_philhealth": 55.48489666, "water_toilet": 19.23688394, "shelter_makeshift_nhts": 1.669316375, "food_malnourished": "", "health_child_death": "", "health_maternal_death": "", "he_flood": 0.0, "he_volcano": 0.0, "he_landslide": 0.0, "he_earthquake": 0.0, "name": "Pantaron"}, "PH112318011": {"water_access": 3.5968989999999996, "food_tenure": 6.834532, "shelter_informal_settlers_nhts": 1.4108530000000001,