{"PH112506001": {"water_access": 0.727273, "food_tenure": 56.75675699999999, "shelter_informal_settlers_nhts": 1.454545, "health_center_attendance": 17.063797, "educ_outofschool_all": 3.9007089999999995, "work_unemployment": 47.841307, "po_conflict": 1.090909, "participation_assembly_attendance": "", "sp_sss": 1.3178290000000032, "he_risk": 8.459928999999999, "shelter_electricity": 18.54545455, "health_center_attendance.1": 17.06379708, "work_farms": 28.18791946, "work_unskilled": 36.46532438, "health_programs": 43.63636364, "sp_philhealth": 56.36363636, "water_toilet": 2.1818181819999998, "shelter_makeshift_nhts": 0.545454545, "food_malnourished": "", "health_child_death": "", "health_maternal_death": "", "he_flood": 0.0, "he_volcano": 0.0, "he_landslide": 0.002903, "he_earthquake": 0.0, "name": "Anitap"}, "PH112506002": {"water_access": 5.839416, "food_tenure": 12.5, "shelter_informal_settlers_nhts": 2.919708, "health_center_attendance": 6.506024, "educ_outofschool_all": 7.731091999999999, "work_unemployment": 47.44389, "po_conflict": 1.277372, "participation_assembly_attendance": "", "sp_sss": 1.5289259999999985, "he_risk": 8.164925, "shelter_electricity": 24.81751825, "health_center_attendance.1": 6.506024096, "work_farms": 30.36773428, "work_unskilled": 39.02728351, "health_programs": 42.51824818, "sp_philhealth": 57.48175182, "water_toilet": 0.9124087590000001, "shelter_makeshift_nhts": 0.729927007, "food_malnourished": "", "health_child_death": "", "health_maternal_death": "", "he_flood": 0.0, "he_volcano": 0.0, "he_landslide": 0.004909, "he_earthquake": 0.0, "name": "Manuel Roxas"}, "PH112506003": {"water_access": 14.976958999999999, "food_tenure": 5.714286, "shelter_informal_settlers_nhts": 0.691244, "health_center_attendance": 76.99208399999999, "educ_outofschool_all": 4.9783550000000005, "work_unemployment": 46.605959999999996, "po_conflict": 0.0, "participation_assembly_attendance": "", "sp_sss": 0.9783939999999944, "he_risk": 8.149265, "shelter_electricity": 24.65437788, "health_center_attendance.1": 76.99208443, "work_farms": 30.69767442, "work_unskilled": 33.48837209, "health_programs": 53.22580645, "sp_philhealth": 46.77419355, "water_toilet": 0.921658986, "shelter_makeshift_nhts": 1.036866359, "food_malnourished": "", "health_child_death": "", "health_maternal_death": "", "he_flood": 0.0, "he_volcano": 0.0, "he_landslide": 0.002903, "he_earthquake": 0.0, "name": "Don Aurelio Chicote"}, "PH112506004": {"water_access": 24.839744, "food_tenure": 5.555556, "shelter_informal_settlers_nhts": 10.576922999999999, "health_center_attendance": 12.684685, "educ_outofschool_all": 4.705882, "work_unemployment": 52.423901, "po_conflict": 1.282051, "participation_assembly_attendance": "", "sp_sss": 0.48725600000000213, "he_risk": 14.654309, "shelter_electricity": 19.23076923, "health_center_attendance.1": 12.68468468, "work_farms": 47.63033175, "work_unskilled": 32.93838863, "health_programs": 43.42948718, "sp_philhealth": 56.57051282, "water_toilet": 4.006410256000001, "shelter_makeshift_nhts": 1.362179487, "food_malnourished": "", "health_child_death": "", "health_maternal_death": "", "he_flood": 0.0, "he_volcano": 0.0, "he_landslide": 0.002639, "he_earthquake": 0.07142899999999999, "name": "Lavigan"}, "PH112506005": {"water_access": 18.066561, "food_tenure": 100.0, "shelter_informal_settlers_nhts": 3.169572, "health_center_attendance": 13.569023999999999, "educ_outofschool_all": 8.310249, "work_unemployment": 48.682824, "po_conflict": 2.535658, "participation_assembly_attendance": "", "sp_sss": 0.799233000000001, "he_risk": 9.124001, "shelter_electricity": 32.01267829, "health_center_attendance.1": 13.56902357, "work_farms": 28.54209446, "work_unskilled": 41.17043121, "health_programs": 46.11727417, "sp_philhealth": 53.88272583, "water_toilet": 4.12044374, "shelter_makeshift_nhts": 0.237717908, "food_malnourished": "", "health_child_death": "", "health_maternal_death": "", "he_flood": 0.0, "he_volcano": 0.0, "he_landslide": 0.004803, "he_earthquake": 0.0, "name": "Luzon"}, "PH112506006": {"water_access": 13.888889, "food_tenure": 0.0, "shelter_informal_settlers_nhts": 0.555556, "health_center_attendance": 67.17108, "educ_outofschool_all": 6.951872, "work_unemployment": 50.326371, "po_conflict": 0.37037, "participation_assembly_attendance": "", "sp_sss": 0.5635019999999997, "he_risk": 13.139488, "shelter_electricity": 44.81481481, "health_center_attendance.1": 67.17108029, "work_farms": 36.00525624, "work_unskilled": 39.29040736, "health_programs": 46.2962963, "sp_philhealth": 53.7037037, "water_toilet": 0.740740741, "shelter_makeshift_nhts": 0.37037037, "food_malnourished": "", "health_child_death": "", "health_maternal_death": "", "he_flood": 0.0, "he_volcano": 0.0, "he_landslide": 0.0038, "he_earthquake": 0.28571399999999997, "name": "Magdug"}, "PH112506007": {"water_access": 4.896907, "food_tenure": "", "shelter_informal_settlers_nhts": 1.546392, "health_center_attendance": 16.347645999999997, "educ_outofschool_all": 7.061503, "work_unemployment": 52.106969, "po_conflict": 0.515464, "participation_assembly_attendance": "", "sp_sss": 1.5821060000000102, "he_risk": 10.616895, "shelter_electricity": 16.2371134, "health_center_attendance.1": 16.34764615, "work_farms": 43.485617600000005, "work_unskilled": 21.82741117, "health_programs": 42.78350515, "sp_philhealth": 57.21649485, "water_toilet": 0.773195876, "shelter_makeshift_nhts": 0.515463918, "food_malnourished": "", "health_child_death": "", "health_maternal_death": "", "he_flood": 0.0, "he_volcano": 0.0, "he_landslide": 0.003167, "he_earthquake": 0.07142899999999999, "name": "Monserrat"}, "PH112506008": {"water_access": 7.897335000000001, "food_tenure": 21.153845999999998, "shelter_informal_settlers_nhts": 1.283317, "health_center_attendance": 14.443005, "educ_outofschool_all": 6.762849, "work_unemployment": 49.445983, "po_conflict": 1.8756169999999999, "participation_assembly_attendance": "", "sp_sss": 0.9051819999999964, "he_risk": 2.50032, "shelter_electricity": 20.13820336, "health_center_attendance.1": 14.44300518, "work_farms": 41.71232877, "work_unskilled": 27.32876712, "health_programs": 53.40572557, "sp_philhealth": 46.59427443, "water_toilet": 2.073050346, "shelter_makeshift_nhts": 0.444225074, "food_malnourished": "", "health_child_death": "", "health_maternal_death": "", "he_flood": 0.0, "he_volcano": 0.0, "he_landslide": 0.002639, "he_earthquake": 0.07142899999999999, "name": "Nangan"}, "PH112506009": {"water_access": 52.788104000000004, "food_tenure": 3.8461540000000003, "shelter_informal_settlers_nhts": 2.60223, "health_center_attendance": 9.497207000000001, "educ_outofschool_all": 10.702341, "work_unemployment": 43.58655, "po_conflict": 0.0, "participation_assembly_attendance": "", "sp_sss": 0.5328599999999994, "he_risk": 1.206366, "shelter_electricity": 50.18587361, "health_center_attendance.1": 9.497206704, "work_farms": 42.82560706, "work_unskilled": 35.98233996, "health_programs": 44.60966543, "sp_philhealth": 55.39033457, "water_toilet": 11.89591078, "shelter_makeshift_nhts": 0.92936803, "food_malnourished": "", "health_child_death": "", "health_maternal_death": "", "he_flood": 0.0, "he_volcano": 0.0, "he_landslide": 0.00322, "he_earthquake": 0.07142899999999999, "name": "Oregon"}, "PH112506010": {"water_access": 20.509849, "food_tenure": 13.333332999999998, "shelter_informal_settlers_nhts": 0.926999, "health_center_attendance": 18.833163, "educ_outofschool_all": 5.714286, "work_unemployment": 48.774704, "po_conflict": 1.042874, "participation_assembly_attendance": "", "sp_sss": 1.0851420000000047, "he_risk": 8.089234, "shelter_electricity": 13.67323291, "health_center_attendance.1": 18.83316274, "work_farms": 36.2654321, "work_unskilled": 25.46296296, "health_programs": 58.400927, "sp_philhealth": 41.599073, "water_toilet": 1.738122827, "shelter_makeshift_nhts": 0.579374276, "food_malnourished": "", "health_child_death": "", "health_maternal_death": "",