{"PH124703001": {"Water_Prop": 4.847397, "Food_Prop": 60.377357999999994, "Shelter_Prop": 3.6804309999999996, "Health_Prop": 71.301049, "Education_Prop": 8.635394, "Work_Prop": 54.932503000000004, "Peace_Prop": 5.56553, "Participation_Prop": 96.048472, "SocialProtection_Prop": 99.209694, "Environment_Prop": 0.09573200000000001, "shelter_electricity": 22.44165171, "health_center_attendance": 71.30104887, "work_farms": 32.181259600000004, "work_unskilled": 47.46543779, "health_programs": 67.50448833, "sp_philhealth": 67.50448833, "water_toilet": 41.47217235, "shelter_makeshift_nhts": 8.393177738, "food_malnourished": "", "health_child_death": "", "health_maternal_death": "", "he_flood": 0.0, "he_volcano": 0.0, "he_landslide": 0.0, "he_earthquake": 0.0}, "PH124703002": {"Water_Prop": 4.715128, "Food_Prop": 5.128205, "Shelter_Prop": 2.1611, "Health_Prop": 63.484252000000005, "Education_Prop": 14.420804, "Work_Prop": 51.625094, "Peace_Prop": 1.178782, "Participation_Prop": 92.339916, "SocialProtection_Prop": 98.86295600000001, "Environment_Prop": 0.295223, "shelter_electricity": 19.44990177, "health_center_attendance": 63.48425197, "work_farms": 30.625, "work_unskilled": 58.75, "health_programs": 74.85265226, "sp_philhealth": 74.85265226, "water_toilet": 41.6502947, "shelter_makeshift_nhts": 11.5913556, "food_malnourished": "", "health_child_death": "", "health_maternal_death": "", "he_flood": 0.0, "he_volcano": 0.0, "he_landslide": 0.000528, "he_earthquake": 0.0}, "PH124703003": {"Water_Prop": 3.179191, "Food_Prop": 26.262626, "Shelter_Prop": 2.0231209999999997, "Health_Prop": 77.463713, "Education_Prop": 14.464534, "Work_Prop": 54.76622, "Peace_Prop": 0.096339, "Participation_Prop": 89.637635, "SocialProtection_Prop": 99.014622, "Environment_Prop": 0.11994200000000001, "shelter_electricity": 14.35452794, "health_center_attendance": 77.46371276, "work_farms": 31.73076923, "work_unskilled": 54.16666667, "health_programs": 74.6628131, "sp_philhealth": 74.6628131, "water_toilet": 47.97687861, "shelter_makeshift_nhts": 6.021194605, "food_malnourished": "", "health_child_death": "", "health_maternal_death": "", "he_flood": 0.0, "he_volcano": 0.0, "he_landslide": 0.0, "he_earthquake": 0.0}, "PH124703004": {"Water_Prop": 25.185185, "Food_Prop": 24.161074, "Shelter_Prop": 0.740741, "Health_Prop": 56.433225, "Education_Prop": 16.569767000000002, "Work_Prop": 54.041916, "Peace_Prop": 2.222222, "Participation_Prop": 95.44468499999999, "SocialProtection_Prop": "", "Environment_Prop": 0.016845, "shelter_electricity": 60.0, "health_center_attendance": 56.43322476, "work_farms": 21.17263844, "work_unskilled": 73.94136808, "health_programs": 62.22222222, "sp_philhealth": 62.22222222, "water_toilet": 31.48148148, "shelter_makeshift_nhts": 15.0, "food_malnourished": "", "health_child_death": "", "health_maternal_death": "", "he_flood": 1e-06, "he_volcano": 0.0, "he_landslide": 0.000792, "he_earthquake": 0.0}, "PH124703005": {"Water_Prop": 30.314009999999996, "Food_Prop": 71.42857099999999, "Shelter_Prop": 9.541063000000001, "Health_Prop": 63.045913, "Education_Prop": 11.733046, "Work_Prop": 51.47541, "Peace_Prop": 2.536232, "Participation_Prop": 87.662122, "SocialProtection_Prop": 99.634187, "Environment_Prop": 0.019984000000000002, "shelter_electricity": 29.95169082, "health_center_attendance": 63.04591265, "work_farms": 25.67567568, "work_unskilled": 60.23166023, "health_programs": 57.36714976, "sp_philhealth": 57.36714976, "water_toilet": 35.02415459, "shelter_makeshift_nhts": 17.81400966, "food_malnourished": "", "health_child_death": "", "health_maternal_death": "", "he_flood": 0.0, "he_volcano": 0.0, "he_landslide": 0.0, "he_earthquake": 0.0}, "PH124703006": {"Water_Prop": 1.1204479999999999, "Food_Prop": 78.723404, "Shelter_Prop": 1.1204479999999999, "Health_Prop": 80.904696, "Education_Prop": 16.566264999999998, "Work_Prop": 58.145766, "Peace_Prop": 2.941176, "Participation_Prop": 88.714962, "SocialProtection_Prop": 99.162723, "Environment_Prop": 0.096402, "shelter_electricity": 29.41176471, "health_center_attendance": 80.90469613, "work_farms": 25.99231754, "work_unskilled": 59.15492958, "health_programs": 71.70868347, "sp_philhealth": 71.70868347, "water_toilet": 43.1372549, "shelter_makeshift_nhts": 11.34453782, "food_malnourished": "", "health_child_death": "", "health_maternal_death": "", "he_flood": 0.0, "he_volcano": 0.0, "he_landslide": 0.0, "he_earthquake": 0.0}, "PH124703007": {"Water_Prop": 3.623188, "Food_Prop": 23.376623000000002, "Shelter_Prop": 1.5527950000000001, "Health_Prop": 75.656648, "Education_Prop": 11.232877, "Work_Prop": 50.039526, "Peace_Prop": 0.724638, "Participation_Prop": 96.35143599999999, "SocialProtection_Prop": 98.133781, "Environment_Prop": 16.644141, "shelter_electricity": 14.28571429, "health_center_attendance": 75.65664771, "work_farms": 13.13291139, "work_unskilled": 51.50316456, "health_programs": 79.50310559, "sp_philhealth": 79.50310559, "water_toilet": 42.65010352, "shelter_makeshift_nhts": 8.17805383, "food_malnourished": "", "health_child_death": "", "health_maternal_death": "", "he_flood": 0.0, "he_volcano": 0.0, "he_landslide": 0.0, "he_earthquake": 0.0}, "PH124703008": {"Water_Prop": 9.838473, "Food_Prop": 73.643411, "Shelter_Prop": 2.7900150000000004, "Health_Prop": 68.755274, "Education_Prop": 23.689052, "Work_Prop": 54.627767000000006, "Peace_Prop": 9.300049000000001, "Participation_Prop": 95.964784, "SocialProtection_Prop": 99.440572, "Environment_Prop": 17.318108, "shelter_electricity": 27.0680372, "health_center_attendance": 68.75527426, "work_farms": 25.64671101, "work_unskilled": 44.12416851, "health_programs": 69.65247186, "sp_philhealth": 69.65247186, "water_toilet": 48.75183554, "shelter_makeshift_nhts": 13.63191385, "food_malnourished": "", "health_child_death": "", "health_maternal_death": "", "he_flood": 0.0, "he_volcano": 0.0, "he_landslide": 0.0, "he_earthquake": 0.0}, "PH124703009": {"Water_Prop": 18.981972, "Food_Prop": 80.0, "Shelter_Prop": 3.181336, "Health_Prop": 72.253886, "Education_Prop": 15.986395000000002, "Work_Prop": 54.117647, "Peace_Prop": 1.802757, "Participation_Prop": 89.994079, "SocialProtection_Prop": 99.230314, "Environment_Prop": 0.11564200000000001, "shelter_electricity": 20.78472959, "health_center_attendance": 72.25388601, "work_farms": 18.21396994, "work_unskilled": 59.59328028, "health_programs": 74.86744433, "sp_philhealth": 74.86744433, "water_toilet": 49.62884411, "shelter_makeshift_nhts": 12.30116649, "food_malnourished": "", "health_child_death": "", "health_maternal_death": "", "he_flood": 0.0, "he_volcano": 0.0, "he_landslide": 0.0, "he_earthquake": 0.0}, "PH124703010": {"Water_Prop": 37.782804999999996, "Food_Prop": "", "Shelter_Prop": 2.60181, "Health_Prop": 67.037485, "Education_Prop": 14.299064999999999, "Work_Prop": 58.38843000000001, "Peace_Prop": 5.995475, "Participation_Prop": 89.419276, "SocialProtection_Prop": 99.817574, "Environment_Prop": 0.108857, "shelter_electricity": 34.2760181, "health_center_attendance": 67.03748489, "work_farms": 33.06852036, "work_unskilled": 58.29195631, "health_programs": 66.85520362, "sp_philhealth": 66.85520362, "water_toilet": 41.40271493, "shelter_makeshift_nhts": 15.04524887, "food_malnourished": "", "health_child_death": "", "health_maternal_death": "", "he_flood": 0.0, "he_volcano": 0.0, "he_landslide": 0.0, "he_earthquake": 0.0}, "PH124703011": {"Water_Prop": 3.3970279999999997, "Food_Prop": 14.035088, "Shelter_Prop": 1.4862, "Health_Prop": 77.31343299999999, "Education_Prop": 8.823528999999999, "Work_Prop": 52.858326, "Peace_Prop": 0.0, "Participation_Prop": 86.066452, "SocialProtection_Prop": 98.76741700000001, "Environment_Prop": 0.1131, "shelter_electricity": 11.67728238, "health_center_attendance": 77.31343284, "work_farms": 23.19859402, "work_unskilled": 52.72407733, "health_programs": 72.39915074, "sp_philhealth": 72.39915074, "water_toilet": 34.18259023, "shelter_makeshift_nhts": 10.1910828,