{"PH126313002": {"Water_Prop": 36.410256, "Food_Prop": 27.34375, "Shelter_Prop": 3.076923, "Health_Prop": 90.981109, "Education_Prop": 7.18232, "Work_Prop": 45.192308000000004, "Peace_Prop": 0.0, "Participation_Prop": 87.20330200000001, "SocialProtection_Prop": 97.626419, "Environment_Prop": 0.020174, "shelter_electricity": 17.17948718, "health_center_attendance": 90.98110908, "work_farms": 11.75438596, "work_unskilled": 70.0, "health_programs": 62.82051282, "sp_philhealth": 62.82051282, "water_toilet": 59.23076923, "shelter_makeshift_nhts": 5.256410256000001, "food_malnourished": "", "health_child_death": "", "health_maternal_death": "", "he_flood": 0.0, "he_volcano": 0.0, "he_landslide": 0.000528, "he_earthquake": 0.0}, "PH126313003": {"Water_Prop": 5.1, "Food_Prop": 20.833333, "Shelter_Prop": 1.3, "Health_Prop": 73.06915699999999, "Education_Prop": 6.706587, "Work_Prop": 48.318852, "Peace_Prop": 0.0, "Participation_Prop": 92.240543, "SocialProtection_Prop": 98.060136, "Environment_Prop": 10.091289999999999, "shelter_electricity": 8.4, "health_center_attendance": 73.06915699, "work_farms": 8.040935673, "work_unskilled": 58.26023392, "health_programs": 65.2, "sp_philhealth": 65.2, "water_toilet": 35.0, "shelter_makeshift_nhts": 2.8, "food_malnourished": "", "health_child_death": "", "health_maternal_death": "", "he_flood": 0.0, "he_volcano": 0.0, "he_landslide": 0.000528, "he_earthquake": 0.0}, "PH126313004": {"Water_Prop": 34.592275, "Food_Prop": 10.843373, "Shelter_Prop": 2.403433, "Health_Prop": 43.326572, "Education_Prop": 9.142857000000001, "Work_Prop": 46.782497, "Peace_Prop": 0.42918500000000004, "Participation_Prop": 96.396555, "SocialProtection_Prop": 98.365266, "Environment_Prop": 25.714475, "shelter_electricity": 24.03433476, "health_center_attendance": 43.32657201, "work_farms": 7.194679565, "work_unskilled": 66.08222491, "health_programs": 73.21888412, "sp_philhealth": 73.21888412, "water_toilet": 59.74248927, "shelter_makeshift_nhts": 4.334763949, "food_malnourished": "", "health_child_death": "", "health_maternal_death": "", "he_flood": 0.0, "he_volcano": 0.0, "he_landslide": 0.001267, "he_earthquake": 0.0}, "PH126313005": {"Water_Prop": 7.763300999999999, "Food_Prop": 77.5, "Shelter_Prop": 4.940282, "Health_Prop": 41.719621000000004, "Education_Prop": 4.454865, "Work_Prop": 45.072069, "Peace_Prop": 1.682953, "Participation_Prop": 92.98563100000001, "SocialProtection_Prop": 98.254391, "Environment_Prop": 26.983418, "shelter_electricity": 6.731813246000001, "health_center_attendance": 41.71962132, "work_farms": 10.14184397, "work_unskilled": 53.33333333, "health_programs": 63.19218241, "sp_philhealth": 63.19218241, "water_toilet": 39.95656895, "shelter_makeshift_nhts": 7.736156352, "food_malnourished": "", "health_child_death": "", "health_maternal_death": "", "he_flood": 0.0, "he_volcano": 0.0, "he_landslide": 0.000528, "he_earthquake": 0.0}, "PH126313006": {"Water_Prop": 8.411214999999999, "Food_Prop": 73.913043, "Shelter_Prop": 3.115265, "Health_Prop": 89.903424, "Education_Prop": 6.965174, "Work_Prop": 40.750323, "Peace_Prop": 0.623053, "Participation_Prop": 86.593592, "SocialProtection_Prop": 99.072513, "Environment_Prop": 0.035218, "shelter_electricity": 14.33021807, "health_center_attendance": 89.90342406, "work_farms": 15.93886463, "work_unskilled": 57.42358079, "health_programs": 61.68224299, "sp_philhealth": 61.68224299, "water_toilet": 29.2834891, "shelter_makeshift_nhts": 4.049844237, "food_malnourished": "", "health_child_death": "", "health_maternal_death": "", "he_flood": 0.0, "he_volcano": 0.0, "he_landslide": 0.00132, "he_earthquake": 0.0}, "PH126313008": {"Water_Prop": 67.538462, "Food_Prop": 27.329193, "Shelter_Prop": 0.923077, "Health_Prop": 29.429429, "Education_Prop": 5.93692, "Work_Prop": 46.563573999999996, "Peace_Prop": 1.384615, "Participation_Prop": 90.305585, "SocialProtection_Prop": 97.611521, "Environment_Prop": 16.34571, "shelter_electricity": 22.0, "health_center_attendance": 29.42942943, "work_farms": 17.04180064, "work_unskilled": 53.91211147, "health_programs": 48.76923077, "sp_philhealth": 48.76923077, "water_toilet": 79.23076923, "shelter_makeshift_nhts": 0.846153846, "food_malnourished": "", "health_child_death": "", "health_maternal_death": "", "he_flood": 0.0, "he_volcano": 0.0, "he_landslide": 0.001056, "he_earthquake": 0.0}, "PH126313014": {"Water_Prop": 1.302605, "Food_Prop": 15.116279, "Shelter_Prop": 5.711423, "Health_Prop": 82.01689, "Education_Prop": 6.203474, "Work_Prop": 42.965641999999995, "Peace_Prop": 0.300601, "Participation_Prop": 92.88931, "SocialProtection_Prop": 98.15122099999999, "Environment_Prop": 1.1765370000000002, "shelter_electricity": 10.12024048, "health_center_attendance": 82.01689021, "work_farms": 8.814204185, "work_unskilled": 46.16360178, "health_programs": 59.81963928, "sp_philhealth": 59.81963928, "water_toilet": 34.56913828, "shelter_makeshift_nhts": 3.80761523, "food_malnourished": "", "health_child_death": "", "health_maternal_death": "", "he_flood": 0.0, "he_volcano": 0.0, "he_landslide": 0.000528, "he_earthquake": 0.07142899999999999}, "PH126313017": {"Water_Prop": 4.574468, "Food_Prop": 21.787709, "Shelter_Prop": 2.7659569999999998, "Health_Prop": 74.268703, "Education_Prop": 3.267974, "Work_Prop": 42.461653999999996, "Peace_Prop": 0.5319149999999999, "Participation_Prop": 95.40275799999999, "SocialProtection_Prop": 98.720768, "Environment_Prop": 1.178348, "shelter_electricity": 7.553191489, "health_center_attendance": 74.26870308, "work_farms": 5.851755527000001, "work_unskilled": 59.55786736, "health_programs": 55.31914894, "sp_philhealth": 55.31914894, "water_toilet": 22.12765957, "shelter_makeshift_nhts": 3.0851063830000003, "food_malnourished": "", "health_child_death": "", "health_maternal_death": "", "he_flood": 0.0, "he_volcano": 0.0, "he_landslide": 0.000528, "he_earthquake": 0.07142899999999999}, "PH126313018": {"Water_Prop": 4.206242, "Food_Prop": 15.217391000000001, "Shelter_Prop": 1.492537, "Health_Prop": 68.948247, "Education_Prop": 6.750392, "Work_Prop": 43.530592, "Peace_Prop": 0.27137, "Participation_Prop": 85.44145300000001, "SocialProtection_Prop": 98.121478, "Environment_Prop": 8.085287, "shelter_electricity": 12.21166893, "health_center_attendance": 68.94824708, "work_farms": 7.460035523999999, "work_unskilled": 63.23268206, "health_programs": 59.83717775, "sp_philhealth": 59.83717775, "water_toilet": 38.39891452, "shelter_makeshift_nhts": 4.274084125, "food_malnourished": "", "health_child_death": "", "health_maternal_death": "", "he_flood": 0.0, "he_volcano": 0.0, "he_landslide": 0.000528, "he_earthquake": 0.0}, "PH126313019": {"Water_Prop": 10.910088, "Food_Prop": 30.769231, "Shelter_Prop": 2.357456, "Health_Prop": 55.276695, "Education_Prop": 6.214689, "Work_Prop": 51.885335999999995, "Peace_Prop": 0.438596, "Participation_Prop": 98.715808, "SocialProtection_Prop": 98.05445, "Environment_Prop": 32.617526, "shelter_electricity": 6.195175439, "health_center_attendance": 55.27669525, "work_farms": 7.836846929, "work_unskilled": 35.83868011, "health_programs": 79.71491228, "sp_philhealth": 79.71491228, "water_toilet": 36.23903509, "shelter_makeshift_nhts": 6.524122807, "food_malnourished": "", "health_child_death": "", "health_maternal_death": "", "he_flood": 0.0, "he_volcano": 0.0, "he_landslide": 0.0, "he_earthquake": 0.0}, "PH126313020": {"Water_Prop": 38.164251, "Food_Prop": 13.953488, "Shelter_Prop": 3.381643, "Health_Prop": 20.636095, "Education_Prop": 9.777014999999999, "Work_Prop": 45.250432, "Peace_Prop": 1.127214, "Participation_Prop": 87.046287, "SocialProtection_Prop": 98.634699, "Environment_Prop": 25.593491, "shelter_electricity": 43.31723027, "health_center_attendance": 20.63609467, "work_farms": 29.12723449, "work_unskilled": 51.84016824, "health_programs": 53.46215781, "sp_philhealth": 53.46215781, "water_toilet": 76.65056361, "shelter_makeshift_nhts": 1.2882447670000001, "food_malnourished": "",