{"PH128003001": {"water_access": 30.696797999999998, "food_tenure": 93.406593, "shelter_informal_settlers_nhts": 5.461394, "health_center_attendance": 55.915318000000006, "educ_outofschool_all": 12.480739999999999, "work_unemployment": 56.780822, "po_conflict": 0.0, "participation_assembly_attendance": 96.038891, "sp_sss": 0.46813099999999963, "he_risk": 19.74464, "shelter_electricity": 33.52165725, "health_center_attendance.1": 55.91531756, "work_farms": 38.51030111, "work_unskilled": 38.3518225, "health_programs": 56.49717514, "sp_philhealth": 43.50282486, "water_toilet": 26.55367232, "shelter_makeshift_nhts": 2.448210923, "food_malnourished": 11.4, "health_child_death": 0.0, "health_maternal_death": 0.0, "he_flood": 0.0, "he_volcano": 0.0, "he_landslide": 0.00132, "he_earthquake": 0.214286, "name": "Badtasan"}, "PH128003002": {"water_access": 14.102564000000001, "food_tenure": 15.789473999999998, "shelter_informal_settlers_nhts": 4.615385, "health_center_attendance": 69.196178, "educ_outofschool_all": 8.292683, "work_unemployment": 49.425287, "po_conflict": 2.564103, "participation_assembly_attendance": 95.78313299999999, "sp_sss": 0.5593800000000044, "he_risk": 1.2131239999999999, "shelter_electricity": 23.33333333, "health_center_attendance.1": 69.19617763, "work_farms": 53.84615385, "work_unskilled": 24.65034965, "health_programs": 57.17948718, "sp_philhealth": 42.82051282, "water_toilet": 13.58974359, "shelter_makeshift_nhts": 0.7692307690000001, "food_malnourished": 16.4, "health_child_death": 0.0, "health_maternal_death": 0.0, "he_flood": 0.0, "he_volcano": 0.0, "he_landslide": 0.003589, "he_earthquake": 0.07142899999999999, "name": "Datu Dani"}, "PH128003003": {"water_access": 12.188366, "food_tenure": 35.243553000000006, "shelter_informal_settlers_nhts": 3.3241, "health_center_attendance": 65.413105, "educ_outofschool_all": 6.7901229999999995, "work_unemployment": 52.173913, "po_conflict": 0.277008, "participation_assembly_attendance": 95.065978, "sp_sss": 0.6884680000000003, "he_risk": 0.05350800000000001, "shelter_electricity": 68.14404432, "health_center_attendance.1": 65.41310541, "work_farms": 67.14876033, "work_unskilled": 16.73553719, "health_programs": 38.50415512, "sp_philhealth": 61.49584488, "water_toilet": 19.66759003, "shelter_makeshift_nhts": 0.27700831, "food_malnourished": 12.2, "health_child_death": 0.40000001, "health_maternal_death": 0.0, "he_flood": 0.0, "he_volcano": 0.0, "he_landslide": 0.003273, "he_earthquake": 0.0, "name": "Gasi"}, "PH128003004": {"water_access": 27.064220000000002, "food_tenure": 80.156658, "shelter_informal_settlers_nhts": 2.522936, "health_center_attendance": 62.077789, "educ_outofschool_all": 9.552846, "work_unemployment": 49.095607, "po_conflict": 0.458716, "participation_assembly_attendance": 92.07729499999999, "sp_sss": 0.3381640000000061, "he_risk": 0.025699, "shelter_electricity": 39.44954128, "health_center_attendance.1": 62.07778915, "work_farms": 42.63959391, "work_unskilled": 37.39424704, "health_programs": 53.21100917, "sp_philhealth": 46.78899083, "water_toilet": 16.97247706, "shelter_makeshift_nhts": 0.688073394, "food_malnourished": 17.0, "health_child_death": 0.40000001, "health_maternal_death": 0.0, "he_flood": 0.0, "he_volcano": 0.0, "he_landslide": 0.00132, "he_earthquake": 0.0, "name": "Kapate"}, "PH128003005": {"water_access": 21.446701, "food_tenure": 23.75, "shelter_informal_settlers_nhts": 0.888325, "health_center_attendance": 41.926418, "educ_outofschool_all": 11.821705, "work_unemployment": 58.238387, "po_conflict": 2.030457, "participation_assembly_attendance": 95.497226, "sp_sss": 0.46948399999999424, "he_risk": 17.325975, "shelter_electricity": 22.71573604, "health_center_attendance.1": 41.92641799, "work_farms": 60.23084995, "work_unskilled": 18.5729276, "health_programs": 56.97969543, "sp_philhealth": 43.02030457, "water_toilet": 10.27918782, "shelter_makeshift_nhts": 0.8248730959999999, "food_malnourished": 6.3000002, "health_child_death": 0.80000001, "health_maternal_death": 0.0, "he_flood": 0.0, "he_volcano": 0.0, "he_landslide": 0.00132, "he_earthquake": 0.07142899999999999, "name": "Katubao"}, "PH128003006": {"water_access": 9.090909, "food_tenure": 16.666667, "shelter_informal_settlers_nhts": 0.802139, "health_center_attendance": 55.027689, "educ_outofschool_all": 9.090909, "work_unemployment": 54.92228000000001, "po_conflict": 0.13369, "participation_assembly_attendance": 94.656297, "sp_sss": 1.705970999999991, "he_risk": 0.030313999999999997, "shelter_electricity": 12.43315508, "health_center_attendance.1": 55.02768872, "work_farms": 63.74085684, "work_unskilled": 14.83803553, "health_programs": 69.11764706, "sp_philhealth": 30.882352940000004, "water_toilet": 7.4866310160000005, "shelter_makeshift_nhts": 0.267379679, "food_malnourished": 3.5, "health_child_death": 0.2, "health_maternal_death": 0.0, "he_flood": 0.0, "he_volcano": 0.0, "he_landslide": 0.000792, "he_earthquake": 0.0, "name": "Kayupo"}, "PH128003007": {"water_access": 7.361963, "food_tenure": "", "shelter_informal_settlers_nhts": 3.067485, "health_center_attendance": 62.025316000000004, "educ_outofschool_all": 8.904110000000001, "work_unemployment": 57.446808999999995, "po_conflict": 0.0, "participation_assembly_attendance": 86.049238, "sp_sss": 4.2203990000000005, "he_risk": 1.166484, "shelter_electricity": 5.521472393, "health_center_attendance.1": 62.02531646, "work_farms": 9.0, "work_unskilled": 59.5, "health_programs": 75.46012270000001, "sp_philhealth": 24.539877299999986, "water_toilet": 7.36196319, "shelter_makeshift_nhts": 0.613496933, "food_malnourished": 2.5999999, "health_child_death": 0.0, "health_maternal_death": 0.0, "he_flood": 0.0, "he_volcano": 0.0, "he_landslide": 0.000792, "he_earthquake": 0.07142899999999999, "name": "Kling (Lumit)"}, "PH128003008": {"water_access": 11.229947, "food_tenure": 0.0, "shelter_informal_settlers_nhts": 8.55615, "health_center_attendance": 74.494949, "educ_outofschool_all": 6.267806, "work_unemployment": 52.495202, "po_conflict": 6.417112, "participation_assembly_attendance": 95.367717, "sp_sss": 1.3371539999999982, "he_risk": 0.039031, "shelter_electricity": 19.2513369, "health_center_attendance.1": 74.49494949, "work_farms": 38.98989899, "work_unskilled": 23.43434343, "health_programs": 74.06417112, "sp_philhealth": 25.935828880000003, "water_toilet": 6.951871658, "shelter_makeshift_nhts": 2.005347594, "food_malnourished": 6.599999900000001, "health_child_death": 1.4, "health_maternal_death": 0.0, "he_flood": 0.0, "he_volcano": 0.0, "he_landslide": 0.000264, "he_earthquake": 0.0, "name": "Lagundi"}, "PH128003009": {"water_access": 18.817204, "food_tenure": 22.222222, "shelter_informal_settlers_nhts": 3.7634410000000003, "health_center_attendance": 55.472637, "educ_outofschool_all": 6.849315, "work_unemployment": 52.988048, "po_conflict": 1.075269, "participation_assembly_attendance": 90.41980600000001, "sp_sss": 3.121635999999995, "he_risk": 4.766651, "shelter_electricity": 6.989247312000001, "health_center_attendance.1": 55.47263682, "work_farms": 43.22033898, "work_unskilled": 33.05084746, "health_programs": 69.35483871, "sp_philhealth": 30.645161290000004, "water_toilet": 16.66666667, "shelter_makeshift_nhts": 1.075268817, "food_malnourished": 13.5, "health_child_death": 0.0, "health_maternal_death": 0.0, "he_flood": 0.0, "he_volcano": 0.0, "he_landslide": 0.000264, "he_earthquake": 0.0, "name": "Lebe"}, "PH128003010": {"water_access": 17.743831, "food_tenure": 83.17756999999999, "shelter_informal_settlers_nhts": 0.352526, "health_center_attendance": 50.773669, "educ_outofschool_all": 9.453782, "work_unemployment": 55.18266800000001, "po_conflict": 0.352526, "participation_assembly_attendance": 93.448061, "sp_sss": 1.161102999999997, "he_risk": 16.168349, "shelter_electricity": 19.6239718, "health_center_attendance.1": 50.77366903, "work_farms": 57.25118483, "work_unskilled": 20.56872038, "health_programs": 65.21739129999999,