{"PH126504003": {"Water_Prop": 1.9390580000000002, "Food_Prop": 42.134831, "Shelter_Prop": 1.66205, "Health_Prop": 79.67033, "Education_Prop": 6.298003, "Work_Prop": 58.879493000000004, "Peace_Prop": 4.432133, "Participation_Prop": 96.596645, "SocialProtection_Prop": 98.306465, "Environment_Prop": 16.455149, "shelter_electricity": 9.279778392999999, "health_center_attendance": 79.67032967, "work_farms": 21.72236504, "work_unskilled": 51.54241645, "health_programs": 50.55401662, "sp_philhealth": 50.55401662, "water_toilet": 36.01108033, "shelter_makeshift_nhts": 2.977839335, "food_malnourished": 5.6999998, "health_child_death": "", "health_maternal_death": 0.0, "he_flood": 0.0, "he_volcano": 0.0, "he_landslide": 0.0, "he_earthquake": 0.0}, "PH126504005": {"Water_Prop": 7.647059, "Food_Prop": 43.478260999999996, "Shelter_Prop": 1.0084030000000002, "Health_Prop": 85.652431, "Education_Prop": 10.837003999999999, "Work_Prop": 62.37288100000001, "Peace_Prop": 0.672269, "Participation_Prop": 88.956188, "SocialProtection_Prop": 99.374117, "Environment_Prop": 26.985646999999997, "shelter_electricity": 20.25210084, "health_center_attendance": 85.65243062, "work_farms": 57.00245699999999, "work_unskilled": 19.98361998, "health_programs": 61.76470588, "sp_philhealth": 61.76470588, "water_toilet": 28.65546218, "shelter_makeshift_nhts": 2.016806723, "food_malnourished": 7.099999900000001, "health_child_death": "", "health_maternal_death": 0.0, "he_flood": 0.0, "he_volcano": 0.0, "he_landslide": 0.068409, "he_earthquake": 0.0}, "PH126504007": {"Water_Prop": 0.749376, "Food_Prop": 47.305389, "Shelter_Prop": 1.248959, "Health_Prop": 79.683544, "Education_Prop": 7.5075080000000005, "Work_Prop": 57.543859999999995, "Peace_Prop": 1.748543, "Participation_Prop": 88.382313, "SocialProtection_Prop": 98.269706, "Environment_Prop": 3.989693, "shelter_electricity": 7.410491257, "health_center_attendance": 79.6835443, "work_farms": 22.61457551, "work_unskilled": 50.187828700000004, "health_programs": 51.873438799999995, "sp_philhealth": 51.873438799999995, "water_toilet": 50.79100749, "shelter_makeshift_nhts": 4.787676936, "food_malnourished": 3.5, "health_child_death": "", "health_maternal_death": 0.0, "he_flood": 0.0, "he_volcano": 0.0, "he_landslide": 0.0, "he_earthquake": 0.0}, "PH126504009": {"Water_Prop": 1.468927, "Food_Prop": 65.217391, "Shelter_Prop": 2.824859, "Health_Prop": 79.05511800000001, "Education_Prop": 9.245742, "Work_Prop": 54.04020500000001, "Peace_Prop": 1.0169489999999999, "Participation_Prop": 93.581781, "SocialProtection_Prop": 98.826777, "Environment_Prop": 16.869943, "shelter_electricity": 8.813559322, "health_center_attendance": 79.05511811, "work_farms": 21.01200686, "work_unskilled": 27.44425386, "health_programs": 37.06214689, "sp_philhealth": 37.06214689, "water_toilet": 25.19774011, "shelter_makeshift_nhts": 4.971751412, "food_malnourished": 4.0, "health_child_death": "", "health_maternal_death": 0.0, "he_flood": 0.0, "he_volcano": 0.0, "he_landslide": 0.0, "he_earthquake": 0.0}, "PH126504010": {"Water_Prop": 0.0, "Food_Prop": 47.826087, "Shelter_Prop": 0.222717, "Health_Prop": 84.606987, "Education_Prop": 6.6326529999999995, "Work_Prop": 55.882353, "Peace_Prop": 0.445434, "Participation_Prop": 90.69244599999999, "SocialProtection_Prop": 98.156475, "Environment_Prop": 18.153881, "shelter_electricity": 8.908685969, "health_center_attendance": 84.60698690000001, "work_farms": 11.89189189, "work_unskilled": 52.25225225, "health_programs": 41.87082405, "sp_philhealth": 41.87082405, "water_toilet": 35.18930958, "shelter_makeshift_nhts": 4.899777283, "food_malnourished": 13.6, "health_child_death": "", "health_maternal_death": 2.2, "he_flood": 0.0, "he_volcano": 0.0, "he_landslide": 0.0, "he_earthquake": 0.0}, "PH126504011": {"Water_Prop": 3.3707870000000004, "Food_Prop": 55.870445, "Shelter_Prop": 5.4931339999999995, "Health_Prop": 69.408821, "Education_Prop": 7.761966, "Work_Prop": 55.753491000000004, "Peace_Prop": 0.0, "Participation_Prop": 95.454545, "SocialProtection_Prop": 97.648903, "Environment_Prop": 19.135899, "shelter_electricity": 14.10736579, "health_center_attendance": 69.40882077, "work_farms": 10.88139282, "work_unskilled": 41.67573449, "health_programs": 47.94007491, "sp_philhealth": 47.94007491, "water_toilet": 54.55680400000001, "shelter_makeshift_nhts": 4.806491885, "food_malnourished": 6.3000002, "health_child_death": "", "health_maternal_death": 0.89999998, "he_flood": 0.0, "he_volcano": 0.0, "he_landslide": 0.0, "he_earthquake": 0.0}, "PH126504012": {"Water_Prop": 1.431238, "Food_Prop": 23.529412, "Shelter_Prop": 0.933416, "Health_Prop": 80.882132, "Education_Prop": 7.71725, "Work_Prop": 59.951691000000004, "Peace_Prop": 0.124456, "Participation_Prop": 97.495108, "SocialProtection_Prop": 98.212655, "Environment_Prop": 36.139885, "shelter_electricity": 6.845052894, "health_center_attendance": 80.88213157, "work_farms": 5.6694813029999995, "work_unskilled": 42.94330519, "health_programs": 55.38270068, "sp_philhealth": 55.38270068, "water_toilet": 23.27317984, "shelter_makeshift_nhts": 3.173615432, "food_malnourished": 2.0, "health_child_death": "", "health_maternal_death": 0.40000001, "he_flood": 0.0, "he_volcano": 0.0, "he_landslide": 0.0, "he_earthquake": 0.0}, "PH126504013": {"Water_Prop": 1.344743, "Food_Prop": 50.0, "Shelter_Prop": 3.056235, "Health_Prop": 90.341753, "Education_Prop": 12.405063, "Work_Prop": 59.176916000000006, "Peace_Prop": 0.0, "Participation_Prop": 93.24176700000001, "SocialProtection_Prop": 98.080225, "Environment_Prop": 30.80017, "shelter_electricity": 9.290953545, "health_center_attendance": 90.34175334, "work_farms": 8.690614137, "work_unskilled": 53.65005794, "health_programs": 36.06356968, "sp_philhealth": 36.06356968, "water_toilet": 25.42787286, "shelter_makeshift_nhts": 1.95599022, "food_malnourished": 5.3000002, "health_child_death": "", "health_maternal_death": 0.0, "he_flood": 0.0, "he_volcano": 0.0, "he_landslide": 0.0, "he_earthquake": 0.0}, "PH126504016": {"Water_Prop": 1.7477200000000002, "Food_Prop": 64.285714, "Shelter_Prop": 6.534954, "Health_Prop": 77.554439, "Education_Prop": 6.506849, "Work_Prop": 55.190017000000005, "Peace_Prop": 0.683891, "Participation_Prop": 86.05403299999999, "SocialProtection_Prop": 98.021309, "Environment_Prop": 18.917360000000002, "shelter_electricity": 10.48632219, "health_center_attendance": 77.55443886, "work_farms": 4.367088608, "work_unskilled": 51.83544304, "health_programs": 48.63221885, "sp_philhealth": 48.63221885, "water_toilet": 57.21884498, "shelter_makeshift_nhts": 5.1671732519999996, "food_malnourished": 0.5, "health_child_death": "", "health_maternal_death": 0.0, "he_flood": 0.0, "he_volcano": 0.0, "he_landslide": 0.0, "he_earthquake": 0.0}, "PH126504018": {"Water_Prop": 1.040119, "Food_Prop": 25.581395, "Shelter_Prop": 1.485884, "Health_Prop": 84.124783, "Education_Prop": 6.4735949999999995, "Work_Prop": 52.364532000000004, "Peace_Prop": 0.297177, "Participation_Prop": 78.417038, "SocialProtection_Prop": 98.219962, "Environment_Prop": 0.28835700000000003, "shelter_electricity": 4.754829123, "health_center_attendance": 84.12478336, "work_farms": 14.78800414, "work_unskilled": 53.05067218, "health_programs": 24.81426449, "sp_philhealth": 24.81426449, "water_toilet": 21.54531947, "shelter_makeshift_nhts": 4.754829123, "food_malnourished": 2.5, "health_child_death": "", "health_maternal_death": 0.0, "he_flood": 0.0, "he_volcano": 0.0, "he_landslide": 0.0, "he_earthquake": 0.0}, "PH126504019": {"Water_Prop": 1.288245, "Food_Prop": 48.366013, "Shelter_Prop": 2.415459, "Health_Prop": 73.543689, "Education_Prop": 5.970149, "Work_Prop": 53.782991, "Peace_Prop": 3.220612, "Participation_Prop": 94.38202199999999, "SocialProtection_Prop": 98.951311, "Environment_Prop": 27.277749, "shelter_electricity": 5.475040258, "health_center_attendance": 73.54368932, "work_farms": 36.675126899999995, "work_unskilled": 35.02538071, "health_programs": 51.52979066,