{"PH124716001": {"water_access": 81.235698, "food_tenure": 81.08108100000001, "shelter_informal_settlers_nhts": 1.94508, "health_center_attendance": 79.84, "educ_outofschool_all": 17.249154, "work_unemployment": 54.048414, "po_conflict": 0.114416, "participation_assembly_attendance": 94.635545, "sp_sss": 99.303849, "he_risk": 0.054439999999999995, "shelter_electricity": 34.55377574, "health_center_attendance.1": 79.84, "work_farms": 21.34423252, "work_unskilled": 58.58310627, "health_programs": 49.19908467, "sp_philhealth": 49.19908467, "water_toilet": 48.16933638, "shelter_makeshift_nhts": 3.146453089, "food_malnourished": "", "health_child_death": "", "health_maternal_death": "", "he_flood": 0.0, "he_volcano": 0.0, "he_landslide": 0.002006, "he_earthquake": 0.0, "name": "Banisilan Poblacion"}, "PH124716002": {"water_access": 35.315985, "food_tenure": 67.605634, "shelter_informal_settlers_nhts": 4.64684, "health_center_attendance": 73.989114, "educ_outofschool_all": 27.164178999999997, "work_unemployment": 55.617978, "po_conflict": 8.921933000000001, "participation_assembly_attendance": 90.871748, "sp_sss": 99.406664, "he_risk": 0.032041, "shelter_electricity": 49.81412639, "health_center_attendance.1": 73.98911353, "work_farms": 46.99367089, "work_unskilled": 46.044303799999994, "health_programs": 29.36802974, "sp_philhealth": 29.36802974, "water_toilet": 54.64684015, "shelter_makeshift_nhts": 2.8810408919999997, "food_malnourished": "", "health_child_death": "", "health_maternal_death": "", "he_flood": 0.0, "he_volcano": 0.0, "he_landslide": 0.001584, "he_earthquake": 0.0, "name": "Busaon"}, "PH124716003": {"water_access": 84.17910400000001, "food_tenure": 13.333332999999998, "shelter_informal_settlers_nhts": 6.268657, "health_center_attendance": 60.740741, "educ_outofschool_all": 7.777778, "work_unemployment": 45.202559, "po_conflict": 0.0, "participation_assembly_attendance": 82.745399, "sp_sss": 99.46319, "he_risk": 0.297246, "shelter_electricity": 35.52238806, "health_center_attendance.1": 60.74074074, "work_farms": 14.59143969, "work_unskilled": 71.20622568, "health_programs": 9.552238806, "sp_philhealth": 9.552238806, "water_toilet": 42.98507463, "shelter_makeshift_nhts": 1.4925373130000001, "food_malnourished": "", "health_child_death": "", "health_maternal_death": "", "he_flood": 0.0, "he_volcano": 0.0, "he_landslide": 0.000792, "he_earthquake": 0.0, "name": "Capayangan"}, "PH124716004": {"water_access": 96.616541, "food_tenure": 80.0, "shelter_informal_settlers_nhts": 2.255639, "health_center_attendance": 77.894737, "educ_outofschool_all": 13.899614000000001, "work_unemployment": 57.317073, "po_conflict": 0.0, "participation_assembly_attendance": 83.27402099999999, "sp_sss": 99.377224, "he_risk": 0.018675, "shelter_electricity": 53.0075188, "health_center_attendance.1": 77.89473684, "work_farms": 22.53968254, "work_unskilled": 69.84126984, "health_programs": 34.58646617, "sp_philhealth": 34.58646617, "water_toilet": 65.41353383, "shelter_makeshift_nhts": 3.947368421, "food_malnourished": "", "health_child_death": "", "health_maternal_death": "", "he_flood": 0.0, "he_volcano": 0.0, "he_landslide": 0.000792, "he_earthquake": 0.0, "name": "Carugmanan"}, "PH124716005": {"water_access": 18.689788, "food_tenure": 70.391061, "shelter_informal_settlers_nhts": 1.734104, "health_center_attendance": 78.77045600000001, "educ_outofschool_all": 21.666667, "work_unemployment": 51.395507, "po_conflict": 0.0, "participation_assembly_attendance": 82.122158, "sp_sss": 99.15292, "he_risk": 0.30141799999999996, "shelter_electricity": 21.00192678, "health_center_attendance.1": 78.77045555, "work_farms": 19.04761905, "work_unskilled": 53.92156863, "health_programs": 13.29479769, "sp_philhealth": 13.29479769, "water_toilet": 20.23121387, "shelter_makeshift_nhts": 1.445086705, "food_malnourished": "", "health_child_death": "", "health_maternal_death": "", "he_flood": 0.0, "he_volcano": 0.0, "he_landslide": 0.001056, "he_earthquake": 0.0, "name": "Gastay"}, "PH124716006": {"water_access": 87.769784, "food_tenure": 91.304348, "shelter_informal_settlers_nhts": 0.719424, "health_center_attendance": 66.312595, "educ_outofschool_all": 3.4965029999999997, "work_unemployment": 45.520581, "po_conflict": 0.0, "participation_assembly_attendance": 83.638928, "sp_sss": 99.294781, "he_risk": 0.300702, "shelter_electricity": 37.41007194, "health_center_attendance.1": 66.31259484, "work_farms": 17.77777778, "work_unskilled": 63.11111111, "health_programs": 15.10791367, "sp_philhealth": 15.10791367, "water_toilet": 20.86330935, "shelter_makeshift_nhts": 3.237410072, "food_malnourished": "", "health_child_death": "", "health_maternal_death": "", "he_flood": 0.0, "he_volcano": 0.0, "he_landslide": 0.001056, "he_earthquake": 0.0, "name": "Kalawaig"}, "PH124716007": {"water_access": 62.380038, "food_tenure": 52.112676, "shelter_informal_settlers_nhts": 3.071017, "health_center_attendance": 71.42857099999999, "educ_outofschool_all": 12.841091, "work_unemployment": 53.630573, "po_conflict": 4.414587, "participation_assembly_attendance": 84.42044, "sp_sss": 99.54299999999999, "he_risk": 0.042536000000000004, "shelter_electricity": 61.42034549, "health_center_attendance.1": 71.42857143, "work_farms": 37.22527473, "work_unskilled": 48.9010989, "health_programs": 29.94241843, "sp_philhealth": 29.94241843, "water_toilet": 60.84452975, "shelter_makeshift_nhts": 2.783109405, "food_malnourished": "", "health_child_death": "", "health_maternal_death": "", "he_flood": 0.0, "he_volcano": 0.0, "he_landslide": 0.0022170000000000002, "he_earthquake": 0.0, "name": "Kiaring"}, "PH124716008": {"water_access": 65.635739, "food_tenure": 70.0, "shelter_informal_settlers_nhts": 1.7182130000000002, "health_center_attendance": 76.123499, "educ_outofschool_all": 16.34981, "work_unemployment": 57.00565, "po_conflict": 3.4364260000000004, "participation_assembly_attendance": 92.210526, "sp_sss": 99.684211, "he_risk": 0.053278, "shelter_electricity": 65.63573883, "health_center_attendance.1": 76.12349914, "work_farms": 42.57555848, "work_unskilled": 47.17477004, "health_programs": 31.95876289, "sp_philhealth": 31.95876289, "water_toilet": 67.86941581, "shelter_makeshift_nhts": 1.632302406, "food_malnourished": "", "health_child_death": "", "health_maternal_death": "", "he_flood": 0.0, "he_volcano": 0.0, "he_landslide": 0.002639, "he_earthquake": 0.0, "name": "Malagap"}, "PH124716009": {"water_access": 53.11804, "food_tenure": 26.530611999999998, "shelter_informal_settlers_nhts": 0.445434, "health_center_attendance": 66.598203, "educ_outofschool_all": 7.603687, "work_unemployment": 50.354331, "po_conflict": 0.33407600000000004, "participation_assembly_attendance": 89.597001, "sp_sss": 99.156514, "he_risk": 0.298679, "shelter_electricity": 16.70378619, "health_center_attendance.1": 66.59820282, "work_farms": 19.2704203, "work_unskilled": 51.54639175, "health_programs": 15.25612472, "sp_philhealth": 15.25612472, "water_toilet": 19.59910913, "shelter_makeshift_nhts": 1.837416481, "food_malnourished": "", "health_child_death": "", "health_maternal_death": "", "he_flood": 0.0, "he_volcano": 0.0, "he_landslide": 0.000792, "he_earthquake": 0.0, "name": "Malinao"}, "PH124716010": {"water_access": 59.649122999999996, "food_tenure": 74.468085, "shelter_informal_settlers_nhts": 8.771930000000001, "health_center_attendance": 76.171565, "educ_outofschool_all": 12.461058999999999, "work_unemployment": 55.584081999999995, "po_conflict": 0.0, "participation_assembly_attendance": 77.902946, "sp_sss": 98.70017299999999, "he_risk": 0.025745999999999998, "shelter_electricity": 34.03508772, "health_center_attendance.1": 76.17156473, "work_farms": 22.25433526, "work_unskilled": 64.73988439, "health_programs": 22.80701754, "sp_philhealth": 22.80701754, "water_toilet": 47.71929825, "shelter_makeshift_nhts": 1.403508772, "food_malnourished": "", "health_child_death": "", "health_maternal_death": "", "he_flood": 0.0, "he_volcano": 0.0,