{"PH124703001": {"water_access": 4.847397, "food_tenure": 60.377357999999994, "shelter_informal_settlers_nhts": 3.6804309999999996, "health_center_attendance": 71.301049, "educ_outofschool_all": 8.635394, "work_unemployment": 54.932503000000004, "po_conflict": 5.56553, "participation_assembly_attendance": 96.048472, "sp_sss": 99.209694, "he_risk": 0.09573200000000001, "shelter_electricity": 22.44165171, "health_center_attendance.1": 71.30104887, "work_farms": 32.181259600000004, "work_unskilled": 47.46543779, "health_programs": 67.50448833, "sp_philhealth": 67.50448833, "water_toilet": 41.47217235, "shelter_makeshift_nhts": 8.393177738, "food_malnourished": "", "health_child_death": "", "health_maternal_death": "", "he_flood": 0.0, "he_volcano": 0.0, "he_landslide": 0.0, "he_earthquake": 0.0, "name": "Aringay"}, "PH124703002": {"water_access": 4.715128, "food_tenure": 5.128205, "shelter_informal_settlers_nhts": 2.1611, "health_center_attendance": 63.484252000000005, "educ_outofschool_all": 14.420804, "work_unemployment": 51.625094, "po_conflict": 1.178782, "participation_assembly_attendance": 92.339916, "sp_sss": 98.86295600000001, "he_risk": 0.295223, "shelter_electricity": 19.44990177, "health_center_attendance.1": 63.48425197, "work_farms": 30.625, "work_unskilled": 58.75, "health_programs": 74.85265226, "sp_philhealth": 74.85265226, "water_toilet": 41.6502947, "shelter_makeshift_nhts": 11.5913556, "food_malnourished": "", "health_child_death": "", "health_maternal_death": "", "he_flood": 0.0, "he_volcano": 0.0, "he_landslide": 0.000528, "he_earthquake": 0.0, "name": "Bangilan"}, "PH124703003": {"water_access": 3.179191, "food_tenure": 26.262626, "shelter_informal_settlers_nhts": 2.0231209999999997, "health_center_attendance": 77.463713, "educ_outofschool_all": 14.464534, "work_unemployment": 54.76622, "po_conflict": 0.096339, "participation_assembly_attendance": 89.637635, "sp_sss": 99.014622, "he_risk": 0.11994200000000001, "shelter_electricity": 14.35452794, "health_center_attendance.1": 77.46371276, "work_farms": 31.73076923, "work_unskilled": 54.16666667, "health_programs": 74.6628131, "sp_philhealth": 74.6628131, "water_toilet": 47.97687861, "shelter_makeshift_nhts": 6.021194605, "food_malnourished": "", "health_child_death": "", "health_maternal_death": "", "he_flood": 0.0, "he_volcano": 0.0, "he_landslide": 0.0, "he_earthquake": 0.0, "name": "Bannawag"}, "PH124703004": {"water_access": 25.185185, "food_tenure": 24.161074, "shelter_informal_settlers_nhts": 0.740741, "health_center_attendance": 56.433225, "educ_outofschool_all": 16.569767000000002, "work_unemployment": 54.041916, "po_conflict": 2.222222, "participation_assembly_attendance": 95.44468499999999, "sp_sss": "", "he_risk": 0.016845, "shelter_electricity": 60.0, "health_center_attendance.1": 56.43322476, "work_farms": 21.17263844, "work_unskilled": 73.94136808, "health_programs": 62.22222222, "sp_philhealth": 62.22222222, "water_toilet": 31.48148148, "shelter_makeshift_nhts": 15.0, "food_malnourished": "", "health_child_death": "", "health_maternal_death": "", "he_flood": 1e-06, "he_volcano": 0.0, "he_landslide": 0.000792, "he_earthquake": 0.0, "name": "Buluan"}, "PH124703005": {"water_access": 30.314009999999996, "food_tenure": 71.42857099999999, "shelter_informal_settlers_nhts": 9.541063000000001, "health_center_attendance": 63.045913, "educ_outofschool_all": 11.733046, "work_unemployment": 51.47541, "po_conflict": 2.536232, "participation_assembly_attendance": 87.662122, "sp_sss": 99.634187, "he_risk": 0.019984000000000002, "shelter_electricity": 29.95169082, "health_center_attendance.1": 63.04591265, "work_farms": 25.67567568, "work_unskilled": 60.23166023, "health_programs": 57.36714976, "sp_philhealth": 57.36714976, "water_toilet": 35.02415459, "shelter_makeshift_nhts": 17.81400966, "food_malnourished": "", "health_child_death": "", "health_maternal_death": "", "he_flood": 0.0, "he_volcano": 0.0, "he_landslide": 0.0, "he_earthquake": 0.0, "name": "Cuyapon"}, "PH124703006": {"water_access": 1.1204479999999999, "food_tenure": 78.723404, "shelter_informal_settlers_nhts": 1.1204479999999999, "health_center_attendance": 80.904696, "educ_outofschool_all": 16.566264999999998, "work_unemployment": 58.145766, "po_conflict": 2.941176, "participation_assembly_attendance": 88.714962, "sp_sss": 99.162723, "he_risk": 0.096402, "shelter_electricity": 29.41176471, "health_center_attendance.1": 80.90469613, "work_farms": 25.99231754, "work_unskilled": 59.15492958, "health_programs": 71.70868347, "sp_philhealth": 71.70868347, "water_toilet": 43.1372549, "shelter_makeshift_nhts": 11.34453782, "food_malnourished": "", "health_child_death": "", "health_maternal_death": "", "he_flood": 0.0, "he_volcano": 0.0, "he_landslide": 0.0, "he_earthquake": 0.0, "name": "Dagupan"}, "PH124703007": {"water_access": 3.623188, "food_tenure": 23.376623000000002, "shelter_informal_settlers_nhts": 1.5527950000000001, "health_center_attendance": 75.656648, "educ_outofschool_all": 11.232877, "work_unemployment": 50.039526, "po_conflict": 0.724638, "participation_assembly_attendance": 96.35143599999999, "sp_sss": 98.133781, "he_risk": 16.644141, "shelter_electricity": 14.28571429, "health_center_attendance.1": 75.65664771, "work_farms": 13.13291139, "work_unskilled": 51.50316456, "health_programs": 79.50310559, "sp_philhealth": 79.50310559, "water_toilet": 42.65010352, "shelter_makeshift_nhts": 8.17805383, "food_malnourished": "", "health_child_death": "", "health_maternal_death": "", "he_flood": 0.0, "he_volcano": 0.0, "he_landslide": 0.0, "he_earthquake": 0.0, "name": "Katidtuan"}, "PH124703008": {"water_access": 9.838473, "food_tenure": 73.643411, "shelter_informal_settlers_nhts": 2.7900150000000004, "health_center_attendance": 68.755274, "educ_outofschool_all": 23.689052, "work_unemployment": 54.627767000000006, "po_conflict": 9.300049000000001, "participation_assembly_attendance": 95.964784, "sp_sss": 99.440572, "he_risk": 17.318108, "shelter_electricity": 27.0680372, "health_center_attendance.1": 68.75527426, "work_farms": 25.64671101, "work_unskilled": 44.12416851, "health_programs": 69.65247186, "sp_philhealth": 69.65247186, "water_toilet": 48.75183554, "shelter_makeshift_nhts": 13.63191385, "food_malnourished": "", "health_child_death": "", "health_maternal_death": "", "he_flood": 0.0, "he_volcano": 0.0, "he_landslide": 0.0, "he_earthquake": 0.0, "name": "Kayaga"}, "PH124703009": {"water_access": 18.981972, "food_tenure": 80.0, "shelter_informal_settlers_nhts": 3.181336, "health_center_attendance": 72.253886, "educ_outofschool_all": 15.986395000000002, "work_unemployment": 54.117647, "po_conflict": 1.802757, "participation_assembly_attendance": 89.994079, "sp_sss": 99.230314, "he_risk": 0.11564200000000001, "shelter_electricity": 20.78472959, "health_center_attendance.1": 72.25388601, "work_farms": 18.21396994, "work_unskilled": 59.59328028, "health_programs": 74.86744433, "sp_philhealth": 74.86744433, "water_toilet": 49.62884411, "shelter_makeshift_nhts": 12.30116649, "food_malnourished": "", "health_child_death": "", "health_maternal_death": "", "he_flood": 0.0, "he_volcano": 0.0, "he_landslide": 0.0, "he_earthquake": 0.0, "name": "Kilagasan"}, "PH124703010": {"water_access": 37.782804999999996, "food_tenure": "", "shelter_informal_settlers_nhts": 2.60181, "health_center_attendance": 67.037485, "educ_outofschool_all": 14.299064999999999, "work_unemployment": 58.38843000000001, "po_conflict": 5.995475, "participation_assembly_attendance": 89.419276, "sp_sss": 99.817574, "he_risk": 0.108857, "shelter_electricity": 34.2760181, "health_center_attendance.1": 67.03748489, "work_farms": 33.06852036, "work_unskilled": 58.29195631, "health_programs": 66.85520362, "sp_philhealth": 66.85520362, "water_toilet": 41.40271493, "shelter_makeshift_nhts": 15.04524887, "food_malnourished": "", "health_child_death": "", "health_maternal_death": "", "he_flood": 0.0, "he_volcano": 0.0, "he_landslide": 0.0,