{"PH128003001": {"Water_Prop": 30.696797999999998, "Food_Prop": 93.406593, "Shelter_Prop": 5.461394, "Health_Prop": 55.915318000000006, "Education_Prop": 12.480739999999999, "Work_Prop": 56.780822, "Peace_Prop": 0.0, "Participation_Prop": 96.038891, "SocialProtection_Prop": 99.531869, "Environment_Prop": 19.74464, "shelter_electricity": 33.52165725, "health_center_attendance": 55.91531756, "work_farms": 38.51030111, "work_unskilled": 38.3518225, "health_programs": 56.49717514, "sp_philhealth": 56.49717514, "water_toilet": 26.55367232, "shelter_makeshift_nhts": 2.448210923, "food_malnourished": 11.4, "health_child_death": 0.0, "health_maternal_death": 0.0, "he_flood": 0.0, "he_volcano": 0.0, "he_landslide": 0.00132, "he_earthquake": 0.214286, "name": "Badtasan"}, "PH128003002": {"Water_Prop": 14.102564000000001, "Food_Prop": 15.789473999999998, "Shelter_Prop": 4.615385, "Health_Prop": 69.196178, "Education_Prop": 8.292683, "Work_Prop": 49.425287, "Peace_Prop": 2.564103, "Participation_Prop": 95.78313299999999, "SocialProtection_Prop": 99.44062, "Environment_Prop": 1.2131239999999999, "shelter_electricity": 23.33333333, "health_center_attendance": 69.19617763, "work_farms": 53.84615385, "work_unskilled": 24.65034965, "health_programs": 57.17948718, "sp_philhealth": 57.17948718, "water_toilet": 13.58974359, "shelter_makeshift_nhts": 0.7692307690000001, "food_malnourished": 16.4, "health_child_death": 0.0, "health_maternal_death": 0.0, "he_flood": 0.0, "he_volcano": 0.0, "he_landslide": 0.003589, "he_earthquake": 0.07142899999999999, "name": "Datu Dani"}, "PH128003003": {"Water_Prop": 12.188366, "Food_Prop": 35.243553000000006, "Shelter_Prop": 3.3241, "Health_Prop": 65.413105, "Education_Prop": 6.7901229999999995, "Work_Prop": 52.173913, "Peace_Prop": 0.277008, "Participation_Prop": 95.065978, "SocialProtection_Prop": 99.311532, "Environment_Prop": 0.05350800000000001, "shelter_electricity": 68.14404432, "health_center_attendance": 65.41310541, "work_farms": 67.14876033, "work_unskilled": 16.73553719, "health_programs": 38.50415512, "sp_philhealth": 38.50415512, "water_toilet": 19.66759003, "shelter_makeshift_nhts": 0.27700831, "food_malnourished": 12.2, "health_child_death": 0.40000001, "health_maternal_death": 0.0, "he_flood": 0.0, "he_volcano": 0.0, "he_landslide": 0.003273, "he_earthquake": 0.0, "name": "Gasi"}, "PH128003004": {"Water_Prop": 27.064220000000002, "Food_Prop": 80.156658, "Shelter_Prop": 2.522936, "Health_Prop": 62.077789, "Education_Prop": 9.552846, "Work_Prop": 49.095607, "Peace_Prop": 0.458716, "Participation_Prop": 92.07729499999999, "SocialProtection_Prop": 99.661836, "Environment_Prop": 0.025699, "shelter_electricity": 39.44954128, "health_center_attendance": 62.07778915, "work_farms": 42.63959391, "work_unskilled": 37.39424704, "health_programs": 53.21100917, "sp_philhealth": 53.21100917, "water_toilet": 16.97247706, "shelter_makeshift_nhts": 0.688073394, "food_malnourished": 17.0, "health_child_death": 0.40000001, "health_maternal_death": 0.0, "he_flood": 0.0, "he_volcano": 0.0, "he_landslide": 0.00132, "he_earthquake": 0.0, "name": "Kapate"}, "PH128003005": {"Water_Prop": 21.446701, "Food_Prop": 23.75, "Shelter_Prop": 0.888325, "Health_Prop": 41.926418, "Education_Prop": 11.821705, "Work_Prop": 58.238387, "Peace_Prop": 2.030457, "Participation_Prop": 95.497226, "SocialProtection_Prop": 99.530516, "Environment_Prop": 17.325975, "shelter_electricity": 22.71573604, "health_center_attendance": 41.92641799, "work_farms": 60.23084995, "work_unskilled": 18.5729276, "health_programs": 56.97969543, "sp_philhealth": 56.97969543, "water_toilet": 10.27918782, "shelter_makeshift_nhts": 0.8248730959999999, "food_malnourished": 6.3000002, "health_child_death": 0.80000001, "health_maternal_death": 0.0, "he_flood": 0.0, "he_volcano": 0.0, "he_landslide": 0.00132, "he_earthquake": 0.07142899999999999, "name": "Katubao"}, "PH128003006": {"Water_Prop": 9.090909, "Food_Prop": 16.666667, "Shelter_Prop": 0.802139, "Health_Prop": 55.027689, "Education_Prop": 9.090909, "Work_Prop": 54.92228000000001, "Peace_Prop": 0.13369, "Participation_Prop": 94.656297, "SocialProtection_Prop": 98.29402900000001, "Environment_Prop": 0.030313999999999997, "shelter_electricity": 12.43315508, "health_center_attendance": 55.02768872, "work_farms": 63.74085684, "work_unskilled": 14.83803553, "health_programs": 69.11764706, "sp_philhealth": 69.11764706, "water_toilet": 7.4866310160000005, "shelter_makeshift_nhts": 0.267379679, "food_malnourished": 3.5, "health_child_death": 0.2, "health_maternal_death": 0.0, "he_flood": 0.0, "he_volcano": 0.0, "he_landslide": 0.000792, "he_earthquake": 0.0, "name": "Kayupo"}, "PH128003007": {"Water_Prop": 7.361963, "Food_Prop": "", "Shelter_Prop": 3.067485, "Health_Prop": 62.025316000000004, "Education_Prop": 8.904110000000001, "Work_Prop": 57.446808999999995, "Peace_Prop": 0.0, "Participation_Prop": 86.049238, "SocialProtection_Prop": 95.779601, "Environment_Prop": 1.166484, "shelter_electricity": 5.521472393, "health_center_attendance": 62.02531646, "work_farms": 9.0, "work_unskilled": 59.5, "health_programs": 75.46012270000001, "sp_philhealth": 75.46012270000001, "water_toilet": 7.36196319, "shelter_makeshift_nhts": 0.613496933, "food_malnourished": 2.5999999, "health_child_death": 0.0, "health_maternal_death": 0.0, "he_flood": 0.0, "he_volcano": 0.0, "he_landslide": 0.000792, "he_earthquake": 0.07142899999999999, "name": "Kling (Lumit)"}, "PH128003008": {"Water_Prop": 11.229947, "Food_Prop": 0.0, "Shelter_Prop": 8.55615, "Health_Prop": 74.494949, "Education_Prop": 6.267806, "Work_Prop": 52.495202, "Peace_Prop": 6.417112, "Participation_Prop": 95.367717, "SocialProtection_Prop": 98.662846, "Environment_Prop": 0.039031, "shelter_electricity": 19.2513369, "health_center_attendance": 74.49494949, "work_farms": 38.98989899, "work_unskilled": 23.43434343, "health_programs": 74.06417112, "sp_philhealth": 74.06417112, "water_toilet": 6.951871658, "shelter_makeshift_nhts": 2.005347594, "food_malnourished": 6.599999900000001, "health_child_death": 1.4, "health_maternal_death": 0.0, "he_flood": 0.0, "he_volcano": 0.0, "he_landslide": 0.000264, "he_earthquake": 0.0, "name": "Lagundi"}, "PH128003009": {"Water_Prop": 18.817204, "Food_Prop": 22.222222, "Shelter_Prop": 3.7634410000000003, "Health_Prop": 55.472637, "Education_Prop": 6.849315, "Work_Prop": 52.988048, "Peace_Prop": 1.075269, "Participation_Prop": 90.41980600000001, "SocialProtection_Prop": 96.878364, "Environment_Prop": 4.766651, "shelter_electricity": 6.989247312000001, "health_center_attendance": 55.47263682, "work_farms": 43.22033898, "work_unskilled": 33.05084746, "health_programs": 69.35483871, "sp_philhealth": 69.35483871, "water_toilet": 16.66666667, "shelter_makeshift_nhts": 1.075268817, "food_malnourished": 13.5, "health_child_death": 0.0, "health_maternal_death": 0.0, "he_flood": 0.0, "he_volcano": 0.0, "he_landslide": 0.000264, "he_earthquake": 0.0, "name": "Lebe"}, "PH128003010": {"Water_Prop": 17.743831, "Food_Prop": 83.17756999999999, "Shelter_Prop": 0.352526, "Health_Prop": 50.773669, "Education_Prop": 9.453782, "Work_Prop": 55.18266800000001, "Peace_Prop": 0.352526, "Participation_Prop": 93.448061, "SocialProtection_Prop": 98.838897, "Environment_Prop": 16.168349, "shelter_electricity": 19.6239718, "health_center_attendance": 50.77366903, "work_farms": 57.25118483, "work_unskilled": 20.56872038, "health_programs": 65.21739129999999, "sp_philhealth": 65.21739129999999, "water_toilet": 11.28084606, "shelter_makeshift_nhts": 0.470035253, "food_malnourished": 8.199999799999999, "health_child_death": 0.0, "health_maternal_death": 0.0, "he_flood": 0.0, "he_volcano": 0.0, "he_landslide": 0.001056, "he_earthquake": 0.0, "name": "Lomuyon"}, "PH128003011": {"Water_Prop": 14.379085, "Food_Prop": 90.47619, "Shelter_Prop": 7.843137, "Health_Prop": 60.65699, "Education_Prop": 5.395683, "Work_Prop": 56.07798199999999, "Peace_Prop": 0.653595, "Participation_Prop": 93.860947,