{"PH128006001": {"water_access": 46.402878, "food_tenure": 76.404494, "shelter_informal_settlers_nhts": 0.539568, "health_center_attendance": 62.606965, "educ_outofschool_all": 6.961566, "work_unemployment": 47.005688, "po_conflict": 0.089928, "participation_assembly_attendance": 97.057381, "sp_sss": 99.043649, "he_risk": 0.031597, "shelter_electricity": 49.91007194, "health_center_attendance.1": 62.60696517, "work_farms": 53.8510101, "work_unskilled": 18.68686869, "health_programs": 65.64748201, "sp_philhealth": 65.64748201, "water_toilet": 47.21223022, "shelter_makeshift_nhts": 0.179856115, "food_malnourished": 0.0, "health_child_death": 0.2, "health_maternal_death": 0.0, "he_flood": 0.0, "he_volcano": 0.0, "he_landslide": 0.0016359999999999999, "he_earthquake": 0.0, "name": "Daan Suyan"}, "PH128006002": {"water_access": 55.847953000000004, "food_tenure": 100.0, "shelter_informal_settlers_nhts": 4.239766, "health_center_attendance": 82.266462, "educ_outofschool_all": 8.7, "work_unemployment": 55.328084, "po_conflict": 1.023392, "participation_assembly_attendance": 96.21785200000001, "sp_sss": 99.520928, "he_risk": 1.2193610000000001, "shelter_electricity": 65.64327485, "health_center_attendance.1": 82.26646248, "work_farms": 79.55346651, "work_unskilled": 5.287896592, "health_programs": 41.66666667, "sp_philhealth": 41.66666667, "water_toilet": 65.20467836, "shelter_makeshift_nhts": 1.169590643, "food_malnourished": 0.0, "health_child_death": 0.0, "health_maternal_death": 0.0, "he_flood": 0.0, "he_volcano": 0.0, "he_landslide": 0.003325, "he_earthquake": 0.07142899999999999, "name": "Kihan"}, "PH128006003": {"water_access": 68.792517, "food_tenure": 99.700599, "shelter_informal_settlers_nhts": 10.714286, "health_center_attendance": 87.957241, "educ_outofschool_all": 9.488636, "work_unemployment": 56.648452, "po_conflict": 0.0, "participation_assembly_attendance": 98.614958, "sp_sss": 99.68605699999999, "he_risk": 4.6758120000000005, "shelter_electricity": 80.86734694, "health_center_attendance.1": 87.95724069, "work_farms": 78.50140056, "work_unskilled": 11.20448179, "health_programs": 44.47278912, "sp_philhealth": 44.47278912, "water_toilet": 64.45578231, "shelter_makeshift_nhts": 1.318027211, "food_malnourished": 0.0, "health_child_death": 0.0, "health_maternal_death": 0.0, "he_flood": 0.0, "he_volcano": 0.0, "he_landslide": 0.0038, "he_earthquake": 0.28571399999999997, "name": "Kinam"}, "PH128006004": {"water_access": 16.855524, "food_tenure": 43.902439, "shelter_informal_settlers_nhts": 14.305948999999998, "health_center_attendance": 59.993733999999996, "educ_outofschool_all": 9.026964, "work_unemployment": 53.374233, "po_conflict": 2.266289, "participation_assembly_attendance": 96.478873, "sp_sss": 97.799296, "he_risk": 0.02286, "shelter_electricity": 33.99433428, "health_center_attendance.1": 59.99373434, "work_farms": 58.11403509, "work_unskilled": 18.96929825, "health_programs": 72.09631728, "sp_philhealth": 72.09631728, "water_toilet": 30.87818697, "shelter_makeshift_nhts": 4.8158640230000005, "food_malnourished": 3.2, "health_child_death": 0.89999998, "health_maternal_death": 0.0, "he_flood": 0.0, "he_volcano": 0.0, "he_landslide": 0.001214, "he_earthquake": 0.0, "name": "Libi"}, "PH128006005": {"water_access": 10.616114, "food_tenure": 28.205128000000002, "shelter_informal_settlers_nhts": 1.800948, "health_center_attendance": 78.366598, "educ_outofschool_all": 12.406716000000001, "work_unemployment": 52.097378000000006, "po_conflict": 0.37914699999999996, "participation_assembly_attendance": 95.76091600000001, "sp_sss": 97.286986, "he_risk": 9.355801, "shelter_electricity": 17.156398100000004, "health_center_attendance.1": 78.36659784, "work_farms": 39.64034402, "work_unskilled": 31.19624707, "health_programs": 68.05687204, "sp_philhealth": 68.05687204, "water_toilet": 25.59241706, "shelter_makeshift_nhts": 3.127962085, "food_malnourished": 0.0, "health_child_death": 0.2, "health_maternal_death": 0.0, "he_flood": 0.0, "he_volcano": 0.0, "he_landslide": 0.0017420000000000003, "he_earthquake": 0.07142899999999999, "name": "Lun Masla"}, "PH128006006": {"water_access": 8.090075, "food_tenure": 87.5, "shelter_informal_settlers_nhts": 5.004169999999999, "health_center_attendance": 66.25109599999999, "educ_outofschool_all": 9.793606, "work_unemployment": 49.659337, "po_conflict": 0.500417, "participation_assembly_attendance": 97.06630200000001, "sp_sss": 97.995306, "he_risk": 9.462488, "shelter_electricity": 15.8882402, "health_center_attendance.1": 66.25109574, "work_farms": 38.44970778, "work_unskilled": 26.88403568, "health_programs": 72.26855713, "sp_philhealth": 72.26855713, "water_toilet": 24.22852377, "shelter_makeshift_nhts": 3.10675563, "food_malnourished": 0.2, "health_child_death": 0.40000001, "health_maternal_death": 0.0, "he_flood": 0.0, "he_volcano": 0.0, "he_landslide": 0.001425, "he_earthquake": 0.07142899999999999, "name": "Lun Padidu"}, "PH128006007": {"water_access": 8.436214, "food_tenure": 57.446808999999995, "shelter_informal_settlers_nhts": 3.4979419999999997, "health_center_attendance": 67.205947, "educ_outofschool_all": 5.964912, "work_unemployment": 53.87299399999999, "po_conflict": 6.378601000000001, "participation_assembly_attendance": 95.592772, "sp_sss": 97.664169, "he_risk": 1.273516, "shelter_electricity": 30.4526749, "health_center_attendance.1": 67.20594666, "work_farms": 52.04236006, "work_unskilled": 22.69288956, "health_programs": 56.17283951, "sp_philhealth": 56.17283951, "water_toilet": 24.27983539, "shelter_makeshift_nhts": 3.395061728, "food_malnourished": 0.0, "health_child_death": 0.0, "health_maternal_death": 0.0, "he_flood": 0.0, "he_volcano": 0.0, "he_landslide": 0.001425, "he_earthquake": 0.07142899999999999, "name": "Patag"}, "PH128006008": {"water_access": 18.367347, "food_tenure": 20.560748, "shelter_informal_settlers_nhts": 4.421769, "health_center_attendance": 64.544951, "educ_outofschool_all": 14.103653, "work_unemployment": 52.553523999999996, "po_conflict": 0.711194, "participation_assembly_attendance": 96.859296, "sp_sss": 98.109296, "he_risk": 15.9463, "shelter_electricity": 22.20160792, "health_center_attendance.1": 64.54495082, "work_farms": 52.831962399999995, "work_unskilled": 21.43360752, "health_programs": 62.80148423, "sp_philhealth": 62.80148423, "water_toilet": 20.00618429, "shelter_makeshift_nhts": 4.143475572, "food_malnourished": 0.0, "health_child_death": 0.30000001, "health_maternal_death": 0.30000001, "he_flood": 0.0, "he_volcano": 0.0, "he_landslide": 0.001425, "he_earthquake": 0.14285699999999998, "name": "Poblacion (Malapatan)"}, "PH128006009": {"water_access": 17.258464, "food_tenure": 91.561181, "shelter_informal_settlers_nhts": 5.450041000000001, "health_center_attendance": 65.58497, "educ_outofschool_all": 10.174984, "work_unemployment": 58.994709, "po_conflict": 0.330306, "participation_assembly_attendance": 97.681309, "sp_sss": 99.162695, "he_risk": 8.100762, "shelter_electricity": 30.96614368, "health_center_attendance.1": 65.58497011, "work_farms": 28.17204301, "work_unskilled": 43.58422939, "health_programs": 68.04293972, "sp_philhealth": 68.04293972, "water_toilet": 11.89099917, "shelter_makeshift_nhts": 1.073492981, "food_malnourished": 0.1, "health_child_death": 2.0, "health_maternal_death": 2.3, "he_flood": 0.0, "he_volcano": 0.0, "he_landslide": 0.001584, "he_earthquake": 0.0, "name": "Sapu Masla"}, "PH128006010": {"water_access": 19.036954, "food_tenure": 64.968153, "shelter_informal_settlers_nhts": 1.9036950000000001, "health_center_attendance": 44.760479, "educ_outofschool_all": 15.276382, "work_unemployment": 54.382389, "po_conflict": 1.9036950000000001, "participation_assembly_attendance": 93.468118, "sp_sss": 98.755832, "he_risk": 9.348169, "shelter_electricity": 24.97200448, "health_center_attendance.1": 44.76047904, "work_farms": 42.00178731, "work_unskilled": 31.09919571, "health_programs": 61.70212766, "sp_philhealth": 61.70212766,