{"PH124716001": {"Water_Prop": 81.235698, "Food_Prop": 81.08108100000001, "Shelter_Prop": 1.94508, "Health_Prop": 79.84, "Education_Prop": 17.249154, "Work_Prop": 54.048414, "Peace_Prop": 0.114416, "Participation_Prop": 94.635545, "SocialProtection_Prop": 99.303849, "Environment_Prop": 0.054439999999999995, "shelter_electricity": 34.55377574, "health_center_attendance": 79.84, "work_farms": 21.34423252, "work_unskilled": 58.58310627, "health_programs": 49.19908467, "sp_philhealth": 49.19908467, "water_toilet": 48.16933638, "shelter_makeshift_nhts": 3.146453089, "food_malnourished": "", "health_child_death": "", "health_maternal_death": "", "he_flood": 0.0, "he_volcano": 0.0, "he_landslide": 0.002006, "he_earthquake": 0.0, "name": "Banisilan Poblacion"}, "PH124716002": {"Water_Prop": 35.315985, "Food_Prop": 67.605634, "Shelter_Prop": 4.64684, "Health_Prop": 73.989114, "Education_Prop": 27.164178999999997, "Work_Prop": 55.617978, "Peace_Prop": 8.921933000000001, "Participation_Prop": 90.871748, "SocialProtection_Prop": 99.406664, "Environment_Prop": 0.032041, "shelter_electricity": 49.81412639, "health_center_attendance": 73.98911353, "work_farms": 46.99367089, "work_unskilled": 46.044303799999994, "health_programs": 29.36802974, "sp_philhealth": 29.36802974, "water_toilet": 54.64684015, "shelter_makeshift_nhts": 2.8810408919999997, "food_malnourished": "", "health_child_death": "", "health_maternal_death": "", "he_flood": 0.0, "he_volcano": 0.0, "he_landslide": 0.001584, "he_earthquake": 0.0, "name": "Busaon"}, "PH124716003": {"Water_Prop": 84.17910400000001, "Food_Prop": 13.333332999999998, "Shelter_Prop": 6.268657, "Health_Prop": 60.740741, "Education_Prop": 7.777778, "Work_Prop": 45.202559, "Peace_Prop": 0.0, "Participation_Prop": 82.745399, "SocialProtection_Prop": 99.46319, "Environment_Prop": 0.297246, "shelter_electricity": 35.52238806, "health_center_attendance": 60.74074074, "work_farms": 14.59143969, "work_unskilled": 71.20622568, "health_programs": 9.552238806, "sp_philhealth": 9.552238806, "water_toilet": 42.98507463, "shelter_makeshift_nhts": 1.4925373130000001, "food_malnourished": "", "health_child_death": "", "health_maternal_death": "", "he_flood": 0.0, "he_volcano": 0.0, "he_landslide": 0.000792, "he_earthquake": 0.0, "name": "Capayangan"}, "PH124716004": {"Water_Prop": 96.616541, "Food_Prop": 80.0, "Shelter_Prop": 2.255639, "Health_Prop": 77.894737, "Education_Prop": 13.899614000000001, "Work_Prop": 57.317073, "Peace_Prop": 0.0, "Participation_Prop": 83.27402099999999, "SocialProtection_Prop": 99.377224, "Environment_Prop": 0.018675, "shelter_electricity": 53.0075188, "health_center_attendance": 77.89473684, "work_farms": 22.53968254, "work_unskilled": 69.84126984, "health_programs": 34.58646617, "sp_philhealth": 34.58646617, "water_toilet": 65.41353383, "shelter_makeshift_nhts": 3.947368421, "food_malnourished": "", "health_child_death": "", "health_maternal_death": "", "he_flood": 0.0, "he_volcano": 0.0, "he_landslide": 0.000792, "he_earthquake": 0.0, "name": "Carugmanan"}, "PH124716005": {"Water_Prop": 18.689788, "Food_Prop": 70.391061, "Shelter_Prop": 1.734104, "Health_Prop": 78.77045600000001, "Education_Prop": 21.666667, "Work_Prop": 51.395507, "Peace_Prop": 0.0, "Participation_Prop": 82.122158, "SocialProtection_Prop": 99.15292, "Environment_Prop": 0.30141799999999996, "shelter_electricity": 21.00192678, "health_center_attendance": 78.77045555, "work_farms": 19.04761905, "work_unskilled": 53.92156863, "health_programs": 13.29479769, "sp_philhealth": 13.29479769, "water_toilet": 20.23121387, "shelter_makeshift_nhts": 1.445086705, "food_malnourished": "", "health_child_death": "", "health_maternal_death": "", "he_flood": 0.0, "he_volcano": 0.0, "he_landslide": 0.001056, "he_earthquake": 0.0, "name": "Gastay"}, "PH124716006": {"Water_Prop": 87.769784, "Food_Prop": 91.304348, "Shelter_Prop": 0.719424, "Health_Prop": 66.312595, "Education_Prop": 3.4965029999999997, "Work_Prop": 45.520581, "Peace_Prop": 0.0, "Participation_Prop": 83.638928, "SocialProtection_Prop": 99.294781, "Environment_Prop": 0.300702, "shelter_electricity": 37.41007194, "health_center_attendance": 66.31259484, "work_farms": 17.77777778, "work_unskilled": 63.11111111, "health_programs": 15.10791367, "sp_philhealth": 15.10791367, "water_toilet": 20.86330935, "shelter_makeshift_nhts": 3.237410072, "food_malnourished": "", "health_child_death": "", "health_maternal_death": "", "he_flood": 0.0, "he_volcano": 0.0, "he_landslide": 0.001056, "he_earthquake": 0.0, "name": "Kalawaig"}, "PH124716007": {"Water_Prop": 62.380038, "Food_Prop": 52.112676, "Shelter_Prop": 3.071017, "Health_Prop": 71.42857099999999, "Education_Prop": 12.841091, "Work_Prop": 53.630573, "Peace_Prop": 4.414587, "Participation_Prop": 84.42044, "SocialProtection_Prop": 99.54299999999999, "Environment_Prop": 0.042536000000000004, "shelter_electricity": 61.42034549, "health_center_attendance": 71.42857143, "work_farms": 37.22527473, "work_unskilled": 48.9010989, "health_programs": 29.94241843, "sp_philhealth": 29.94241843, "water_toilet": 60.84452975, "shelter_makeshift_nhts": 2.783109405, "food_malnourished": "", "health_child_death": "", "health_maternal_death": "", "he_flood": 0.0, "he_volcano": 0.0, "he_landslide": 0.0022170000000000002, "he_earthquake": 0.0, "name": "Kiaring"}, "PH124716008": {"Water_Prop": 65.635739, "Food_Prop": 70.0, "Shelter_Prop": 1.7182130000000002, "Health_Prop": 76.123499, "Education_Prop": 16.34981, "Work_Prop": 57.00565, "Peace_Prop": 3.4364260000000004, "Participation_Prop": 92.210526, "SocialProtection_Prop": 99.684211, "Environment_Prop": 0.053278, "shelter_electricity": 65.63573883, "health_center_attendance": 76.12349914, "work_farms": 42.57555848, "work_unskilled": 47.17477004, "health_programs": 31.95876289, "sp_philhealth": 31.95876289, "water_toilet": 67.86941581, "shelter_makeshift_nhts": 1.632302406, "food_malnourished": "", "health_child_death": "", "health_maternal_death": "", "he_flood": 0.0, "he_volcano": 0.0, "he_landslide": 0.002639, "he_earthquake": 0.0, "name": "Malagap"}, "PH124716009": {"Water_Prop": 53.11804, "Food_Prop": 26.530611999999998, "Shelter_Prop": 0.445434, "Health_Prop": 66.598203, "Education_Prop": 7.603687, "Work_Prop": 50.354331, "Peace_Prop": 0.33407600000000004, "Participation_Prop": 89.597001, "SocialProtection_Prop": 99.156514, "Environment_Prop": 0.298679, "shelter_electricity": 16.70378619, "health_center_attendance": 66.59820282, "work_farms": 19.2704203, "work_unskilled": 51.54639175, "health_programs": 15.25612472, "sp_philhealth": 15.25612472, "water_toilet": 19.59910913, "shelter_makeshift_nhts": 1.837416481, "food_malnourished": "", "health_child_death": "", "health_maternal_death": "", "he_flood": 0.0, "he_volcano": 0.0, "he_landslide": 0.000792, "he_earthquake": 0.0, "name": "Malinao"}, "PH124716010": {"Water_Prop": 59.649122999999996, "Food_Prop": 74.468085, "Shelter_Prop": 8.771930000000001, "Health_Prop": 76.171565, "Education_Prop": 12.461058999999999, "Work_Prop": 55.584081999999995, "Peace_Prop": 0.0, "Participation_Prop": 77.902946, "SocialProtection_Prop": 98.70017299999999, "Environment_Prop": 0.025745999999999998, "shelter_electricity": 34.03508772, "health_center_attendance": 76.17156473, "work_farms": 22.25433526, "work_unskilled": 64.73988439, "health_programs": 22.80701754, "sp_philhealth": 22.80701754, "water_toilet": 47.71929825, "shelter_makeshift_nhts": 1.403508772, "food_malnourished": "", "health_child_death": "", "health_maternal_death": "", "he_flood": 0.0, "he_volcano": 0.0, "he_landslide": 0.001056, "he_earthquake": 0.0, "name": "Miguel Macasarte"}, "PH124716011": {"Water_Prop": 97.627119, "Food_Prop": 60.674156999999994, "Shelter_Prop": 4.745763, "Health_Prop": 81.84438, "Education_Prop": 20.967742, "Work_Prop": 59.051186, "Peace_Prop": 2.711864, "Participation_Prop": 88.063241, "SocialProtection_Prop": 99.841897, "Environment_Prop": 0.03551, "shelter_electricity": 40.33898305,