{"PH133903003": {"Water_Prop": 25.0, "Food_Prop": "", "Shelter_Prop": 7.386364, "Health_Prop": 77.075099, "Education_Prop": 27.48538, "Work_Prop": 49.779736, "Peace_Prop": 5.681818, "Participation_Prop": 95.881384, "SocialProtection_Prop": 97.63866, "Environment_Prop": 49.43215, "shelter_electricity": 7.954545455, "health_center_attendance": 77.07509881, "work_farms": 0.0, "work_unskilled": 65.35087719, "health_programs": 89.20454545, "sp_philhealth": 89.20454545, "water_toilet": 12.5, "shelter_makeshift_nhts": 11.36363636, "food_malnourished": "", "health_child_death": "", "health_maternal_death": "", "he_flood": 0.000549, "he_volcano": 0.0, "he_landslide": 0.0, "he_earthquake": 0.0, "name": "Barangay 383"}, "PH133903004": {"Water_Prop": 47.470817, "Food_Prop": "", "Shelter_Prop": 9.922179, "Health_Prop": 79.771167, "Education_Prop": 23.32696, "Work_Prop": 55.417956999999994, "Peace_Prop": 1.1673149999999999, "Participation_Prop": "", "SocialProtection_Prop": 98.309859, "Environment_Prop": 46.281851, "shelter_electricity": 7.5875486379999995, "health_center_attendance": 79.77116705, "work_farms": 0.868055556, "work_unskilled": 59.20138889, "health_programs": 88.13229572, "sp_philhealth": 88.13229572, "water_toilet": 5.252918288, "shelter_makeshift_nhts": 18.28793774, "food_malnourished": "", "health_child_death": "", "health_maternal_death": "", "he_flood": 0.00031299999999999996, "he_volcano": 0.0, "he_landslide": 0.0, "he_earthquake": 0.0, "name": "Barangay 384"}, "PH133903005": {"Water_Prop": 20.825147, "Food_Prop": "", "Shelter_Prop": 6.679764, "Health_Prop": 84.713376, "Education_Prop": 9.692671, "Work_Prop": 51.695554, "Peace_Prop": 1.964637, "Participation_Prop": "", "SocialProtection_Prop": 97.157534, "Environment_Prop": 37.260853999999995, "shelter_electricity": 5.893909627, "health_center_attendance": 84.7133758, "work_farms": 0.15600624, "work_unskilled": 41.65366615, "health_programs": 83.6935167, "sp_philhealth": 83.6935167, "water_toilet": 4.322200393, "shelter_makeshift_nhts": 10.5108055, "food_malnourished": "", "health_child_death": "", "health_maternal_death": "", "he_flood": 0.000342, "he_volcano": 0.0, "he_landslide": 0.0, "he_earthquake": 0.0, "name": "Barangay 385"}, "PH133903006": {"Water_Prop": 22.321429000000002, "Food_Prop": "", "Shelter_Prop": 20.535714000000002, "Health_Prop": 69.6875, "Education_Prop": 9.523810000000001, "Work_Prop": 48.726115, "Peace_Prop": 3.125, "Participation_Prop": 93.288591, "SocialProtection_Prop": 96.569724, "Environment_Prop": 38.042192, "shelter_electricity": 4.464285714, "health_center_attendance": 69.6875, "work_farms": 0.310559006, "work_unskilled": 31.67701863, "health_programs": 63.83928571, "sp_philhealth": 63.83928571, "water_toilet": 6.696428571, "shelter_makeshift_nhts": 15.625, "food_malnourished": "", "health_child_death": "", "health_maternal_death": "", "he_flood": 0.000746, "he_volcano": 0.0, "he_landslide": 0.0, "he_earthquake": 0.0, "name": "Barangay 386"}, "PH133903007": {"Water_Prop": 10.849057, "Food_Prop": "", "Shelter_Prop": 6.839623, "Health_Prop": 83.08589599999999, "Education_Prop": 14.460784, "Work_Prop": 56.591640000000005, "Peace_Prop": 1.415094, "Participation_Prop": 98.864395, "SocialProtection_Prop": 97.327989, "Environment_Prop": 39.202196, "shelter_electricity": 7.311320755, "health_center_attendance": 83.08589608, "work_farms": 0.37037037, "work_unskilled": 46.48148148, "health_programs": 83.96226415, "sp_philhealth": 83.96226415, "water_toilet": 1.179245283, "shelter_makeshift_nhts": 6.485849057, "food_malnourished": "", "health_child_death": "", "health_maternal_death": "", "he_flood": 0.000334, "he_volcano": 0.0, "he_landslide": 0.0, "he_earthquake": 0.0, "name": "Barangay 387"}, "PH133903008": {"Water_Prop": 7.142857000000001, "Food_Prop": "", "Shelter_Prop": 9.523810000000001, "Health_Prop": 92.307692, "Education_Prop": 9.722222, "Work_Prop": 53.877551000000004, "Peace_Prop": 5.952381, "Participation_Prop": "", "SocialProtection_Prop": 96.76440799999999, "Environment_Prop": 36.856479, "shelter_electricity": 9.523809523999999, "health_center_attendance": 92.30769231, "work_farms": 0.0, "work_unskilled": 44.24778761, "health_programs": 69.04761905, "sp_philhealth": 69.04761905, "water_toilet": 4.7619047619999995, "shelter_makeshift_nhts": 12.5, "food_malnourished": "", "health_child_death": "", "health_maternal_death": "", "he_flood": 0.001011, "he_volcano": 0.0, "he_landslide": 0.0, "he_earthquake": 0.0, "name": "Barangay 388"}, "PH133903009": {"Water_Prop": 5.194805000000001, "Food_Prop": "", "Shelter_Prop": 12.987013000000001, "Health_Prop": 82.208589, "Education_Prop": 5.555556, "Work_Prop": 52.742616000000005, "Peace_Prop": 3.8961040000000002, "Participation_Prop": "", "SocialProtection_Prop": 95.454545, "Environment_Prop": 38.213128999999995, "shelter_electricity": 9.090909091, "health_center_attendance": 82.20858896, "work_farms": 0.892857143, "work_unskilled": 23.21428571, "health_programs": 72.72727273, "sp_philhealth": 72.72727273, "water_toilet": 2.597402597, "shelter_makeshift_nhts": 6.493506494, "food_malnourished": "", "health_child_death": "", "health_maternal_death": "", "he_flood": 0.000947, "he_volcano": 0.0, "he_landslide": 0.0, "he_earthquake": 0.0, "name": "Barangay 389"}, "PH133903010": {"Water_Prop": 16.129032000000002, "Food_Prop": "", "Shelter_Prop": 9.677419, "Health_Prop": 71.42857099999999, "Education_Prop": 5.555556, "Work_Prop": 45.263158000000004, "Peace_Prop": 6.451613, "Participation_Prop": "", "SocialProtection_Prop": 95.013123, "Environment_Prop": 37.635034999999995, "shelter_electricity": 3.225806452, "health_center_attendance": 71.42857143, "work_farms": 0.0, "work_unskilled": 28.84615385, "health_programs": 67.74193548, "sp_philhealth": 67.74193548, "water_toilet": 0.0, "shelter_makeshift_nhts": 3.225806452, "food_malnourished": "", "health_child_death": "", "health_maternal_death": "", "he_flood": 0.001312, "he_volcano": 0.0, "he_landslide": 0.0, "he_earthquake": 0.0, "name": "Barangay 390"}, "PH133903011": {"Water_Prop": 12.681159, "Food_Prop": "", "Shelter_Prop": 9.057971, "Health_Prop": 86.409396, "Education_Prop": 5.394191, "Work_Prop": 55.39739, "Peace_Prop": 3.985507, "Participation_Prop": "", "SocialProtection_Prop": 96.286472, "Environment_Prop": 55.077507999999995, "shelter_electricity": 5.7971014489999995, "health_center_attendance": 86.40939597, "work_farms": 0.0, "work_unskilled": 33.24468085, "health_programs": 81.15942029, "sp_philhealth": 81.15942029, "water_toilet": 2.173913043, "shelter_makeshift_nhts": 3.079710145, "food_malnourished": "", "health_child_death": "", "health_maternal_death": "", "he_flood": 0.000379, "he_volcano": 0.0, "he_landslide": 0.0, "he_earthquake": 0.0, "name": "Barangay 391"}, "PH133903012": {"Water_Prop": 13.235294, "Food_Prop": "", "Shelter_Prop": 10.294118, "Health_Prop": 79.078014, "Education_Prop": 6.451613, "Work_Prop": 52.849741, "Peace_Prop": 2.941176, "Participation_Prop": 91.137371, "SocialProtection_Prop": 96.01181700000001, "Environment_Prop": 37.231009, "shelter_electricity": 5.882352941000001, "health_center_attendance": 79.07801418, "work_farms": 0.0, "work_unskilled": 45.05494505, "health_programs": 79.41176471, "sp_philhealth": 79.41176471, "water_toilet": 4.4117647060000005, "shelter_makeshift_nhts": 8.088235294, "food_malnourished": "", "health_child_death": "", "health_maternal_death": "", "he_flood": 0.001477, "he_volcano": 0.0, "he_landslide": 0.0, "he_earthquake": 0.0, "name": "Barangay 392"}, "PH133903013": {"Water_Prop": 17.303371, "Food_Prop": "", "Shelter_Prop": 5.617978, "Health_Prop": 84.42577, "Education_Prop": 10.334347, "Work_Prop": 52.312868, "Peace_Prop": 2.022472, "Participation_Prop": "", "SocialProtection_Prop": 97.342621, "Environment_Prop": 45.996404, "shelter_electricity": 5.617977528, "health_center_attendance": 84.42577031, "work_farms": 0.0, "work_unskilled": 45.85537919, "health_programs": 81.79775281, "sp_philhealth": 81.79775281,