{"PH141104001": {"Water_Prop": 28.636364, "Food_Prop": 57.534247, "Shelter_Prop": 0.454545, "Health_Prop": 43.987772, "Education_Prop": 4.095562999999999, "Work_Prop": 47.566794, "Peace_Prop": 0.151515, "Participation_Prop": "", "SocialProtection_Prop": 98.61067299999999, "Environment_Prop": 36.841689, "shelter_electricity": 9.848484848, "health_center_attendance": 43.98777174, "work_farms": 13.28480437, "work_unskilled": 41.85623294, "health_programs": 18.03030303, "sp_philhealth": 18.03030303, "water_toilet": 8.636363636, "shelter_makeshift_nhts": 0.075757576, "food_malnourished": 0.0, "health_child_death": 0.0, "health_maternal_death": 0.0, "he_flood": 0.0, "he_volcano": 0.0, "he_landslide": 0.048456, "he_earthquake": 0.07142899999999999, "name": "Ambuclao"}, "PH141104002": {"Water_Prop": 20.588235, "Food_Prop": 69.711538, "Shelter_Prop": 1.470588, "Health_Prop": 12.422360000000001, "Education_Prop": 6.465517, "Work_Prop": 35.651214, "Peace_Prop": 0.0, "Participation_Prop": "", "SocialProtection_Prop": 98.718861, "Environment_Prop": 11.399289, "shelter_electricity": 16.17647059, "health_center_attendance": 12.42236025, "work_farms": 38.07890223, "work_unskilled": 46.82675815, "health_programs": 25.0, "sp_philhealth": 25.0, "water_toilet": 44.48529412, "shelter_makeshift_nhts": 0.367647059, "food_malnourished": 0.0, "health_child_death": 1.0, "health_maternal_death": 0.0, "he_flood": 0.0, "he_volcano": 0.0, "he_landslide": 0.048298, "he_earthquake": 0.07142899999999999, "name": "Bila"}, "PH141104003": {"Water_Prop": 29.083665000000003, "Food_Prop": 3.676471, "Shelter_Prop": 0.0, "Health_Prop": 34.583715000000005, "Education_Prop": 7.44186, "Work_Prop": 38.095238, "Peace_Prop": 0.0, "Participation_Prop": "", "SocialProtection_Prop": 99.441786, "Environment_Prop": 28.387249, "shelter_electricity": 15.53784861, "health_center_attendance": 34.58371455, "work_farms": 29.55465587, "work_unskilled": 44.73684211, "health_programs": 14.74103586, "sp_philhealth": 14.74103586, "water_toilet": 17.131474100000002, "shelter_makeshift_nhts": 0.0, "food_malnourished": 2.4000001, "health_child_death": 0.0, "health_maternal_death": 0.0, "he_flood": 0.0, "he_volcano": 0.0, "he_landslide": 0.04835, "he_earthquake": 0.28571399999999997, "name": "Bobok-Bisal"}, "PH141104004": {"Water_Prop": 36.674817, "Food_Prop": 25.0, "Shelter_Prop": 0.24449899999999997, "Health_Prop": 14.518002, "Education_Prop": 3.4782610000000003, "Work_Prop": 38.723051, "Peace_Prop": 0.0, "Participation_Prop": "", "SocialProtection_Prop": 99.01315799999999, "Environment_Prop": 13.238285000000001, "shelter_electricity": 12.22493888, "health_center_attendance": 14.51800232, "work_farms": 22.05683356, "work_unskilled": 40.1894452, "health_programs": 29.58435208, "sp_philhealth": 29.58435208, "water_toilet": 39.1198044, "shelter_makeshift_nhts": 0.0, "food_malnourished": 0.5, "health_child_death": 0.0, "health_maternal_death": 0.0, "he_flood": 0.0, "he_volcano": 0.0, "he_landslide": 0.011718000000000001, "he_earthquake": 0.14285699999999998, "name": "Daclan"}, "PH141104005": {"Water_Prop": 58.385093000000005, "Food_Prop": 0.0, "Shelter_Prop": 0.0, "Health_Prop": 49.373434, "Education_Prop": 5.780347, "Work_Prop": 45.009415999999995, "Peace_Prop": 0.0, "Participation_Prop": "", "SocialProtection_Prop": 99.040767, "Environment_Prop": 21.796975, "shelter_electricity": 42.85714286, "health_center_attendance": 49.37343358, "work_farms": 39.7260274, "work_unskilled": 48.28767123, "health_programs": 13.04347826, "sp_philhealth": 13.04347826, "water_toilet": 44.72049689, "shelter_makeshift_nhts": 0.0, "food_malnourished": 13.5, "health_child_death": 0.0, "health_maternal_death": 0.0, "he_flood": 0.0, "he_volcano": 0.0, "he_landslide": 0.192135, "he_earthquake": 0.0, "name": "Ekip"}, "PH141104006": {"Water_Prop": 38.541667, "Food_Prop": 28.571429, "Shelter_Prop": 0.520833, "Health_Prop": 45.670103000000005, "Education_Prop": 4.733728, "Work_Prop": 42.977528, "Peace_Prop": 0.0, "Participation_Prop": "", "SocialProtection_Prop": 98.382204, "Environment_Prop": 28.559185999999997, "shelter_electricity": 10.9375, "health_center_attendance": 45.67010309, "work_farms": 27.33990148, "work_unskilled": 42.36453202, "health_programs": 11.97916667, "sp_philhealth": 11.97916667, "water_toilet": 11.97916667, "shelter_makeshift_nhts": 0.0, "food_malnourished": 1.3, "health_child_death": 0.0, "health_maternal_death": 0.0, "he_flood": 0.0, "he_volcano": 0.0, "he_landslide": 0.048298, "he_earthquake": 0.0, "name": "Karao"}, "PH141104007": {"Water_Prop": 68.944099, "Food_Prop": 51.785714, "Shelter_Prop": 1.2422360000000001, "Health_Prop": 25.722542999999998, "Education_Prop": 6.6115699999999995, "Work_Prop": 31.707317, "Peace_Prop": 0.0, "Participation_Prop": "", "SocialProtection_Prop": 99.139415, "Environment_Prop": 3.6413029999999997, "shelter_electricity": 26.08695652, "health_center_attendance": 25.72254335, "work_farms": 38.095238099999996, "work_unskilled": 48.51190476, "health_programs": 18.63354037, "sp_philhealth": 18.63354037, "water_toilet": 52.79503106, "shelter_makeshift_nhts": 0.9316770190000001, "food_malnourished": 5.6999998, "health_child_death": 0.0, "health_maternal_death": 0.0, "he_flood": 0.0, "he_volcano": 0.0, "he_landslide": 0.048773000000000004, "he_earthquake": 0.07142899999999999, "name": "Nawal"}, "PH141104008": {"Water_Prop": 46.190476000000004, "Food_Prop": 0.0, "Shelter_Prop": 0.9523809999999999, "Health_Prop": 42.446709999999996, "Education_Prop": 2.066116, "Work_Prop": 40.285714, "Peace_Prop": 0.0, "Participation_Prop": "", "SocialProtection_Prop": 99.175824, "Environment_Prop": 48.896856, "shelter_electricity": 26.19047619, "health_center_attendance": 42.44670992, "work_farms": 36.60287081, "work_unskilled": 38.99521531, "health_programs": 9.523809523999999, "sp_philhealth": 9.523809523999999, "water_toilet": 38.57142857, "shelter_makeshift_nhts": 0.0, "food_malnourished": 7.099999900000001, "health_child_death": 2.2, "health_maternal_death": 4.3000002, "he_flood": 0.0, "he_volcano": 0.0, "he_landslide": 0.048192, "he_earthquake": 0.357143, "name": "Pito"}, "PH141104009": {"Water_Prop": 47.991071000000005, "Food_Prop": 42.666667, "Shelter_Prop": 0.669643, "Health_Prop": 32.310015, "Education_Prop": 4.9608360000000005, "Work_Prop": 45.985401, "Peace_Prop": 0.446429, "Participation_Prop": "", "SocialProtection_Prop": 98.28094300000001, "Environment_Prop": 56.472324, "shelter_electricity": 11.60714286, "health_center_attendance": 32.3100151, "work_farms": 21.35135135, "work_unskilled": 37.43243243, "health_programs": 9.821428571, "sp_philhealth": 9.821428571, "water_toilet": 21.65178571, "shelter_makeshift_nhts": 0.334821429, "food_malnourished": 2.4000001, "health_child_death": 1.2, "health_maternal_death": 0.0, "he_flood": 0.0, "he_volcano": 0.0, "he_landslide": 0.19076300000000002, "he_earthquake": 0.214286, "name": "Poblacion"}, "PH141104010": {"Water_Prop": 69.84127, "Food_Prop": "", "Shelter_Prop": 0.0, "Health_Prop": 29.445507, "Education_Prop": 2.912621, "Work_Prop": 46.648045, "Peace_Prop": 0.0, "Participation_Prop": "", "SocialProtection_Prop": 99.303136, "Environment_Prop": 4.765529, "shelter_electricity": 19.84126984, "health_center_attendance": 29.44550669, "work_farms": 29.84293194, "work_unskilled": 51.83246073, "health_programs": 19.84126984, "sp_philhealth": 19.84126984, "water_toilet": 76.98412698, "shelter_makeshift_nhts": 0.396825397, "food_malnourished": 4.4000001, "health_child_death": 0.0, "health_maternal_death": 0.0, "he_flood": 1e-06, "he_volcano": 0.0, "he_landslide": 0.048244999999999996, "he_earthquake": 0.07142899999999999, "name": "Tikey"}}