{"PH144406001": {"water_access": 7.334525999999999, "food_tenure": 87.5, "shelter_informal_settlers_nhts": 1.9678, "health_center_attendance": 47.515291, "educ_outofschool_all": 7.035928, "work_unemployment": 48.363186999999996, "po_conflict": 0.178891, "participation_assembly_attendance": "", "sp_sss": 98.240589, "he_risk": 20.993845999999998, "shelter_electricity": 16.45796064, "health_center_attendance.1": 47.51529052, "work_farms": 55.62200957, "work_unskilled": 36.84210526, "health_programs": 28.80143113, "sp_philhealth": 28.80143113, "water_toilet": 46.51162791, "shelter_makeshift_nhts": 12.79069767, "food_malnourished": "", "health_child_death": "", "health_maternal_death": "", "he_flood": 0.0, "he_volcano": 0.0, "he_landslide": 0.000792, "he_earthquake": 0.07142899999999999, "name": "Anonat"}, "PH144406002": {"water_access": 28.467153000000003, "food_tenure": 83.44594599999999, "shelter_informal_settlers_nhts": 0.912409, "health_center_attendance": 81.097109, "educ_outofschool_all": 11.302983, "work_unemployment": 41.367118, "po_conflict": 1.459854, "participation_assembly_attendance": "", "sp_sss": 98.472727, "he_risk": 2.737343, "shelter_electricity": 22.26277372, "health_center_attendance.1": 81.09710897, "work_farms": 51.85929648, "work_unskilled": 37.18592965, "health_programs": 50.0, "sp_philhealth": 50.0, "water_toilet": 65.51094891, "shelter_makeshift_nhts": 15.145985399999999, "food_malnourished": "", "health_child_death": "", "health_maternal_death": "", "he_flood": 0.0, "he_volcano": 0.0, "he_landslide": 0.011613, "he_earthquake": 0.0, "name": "Bacarni"}, "PH144406003": {"water_access": 8.849558, "food_tenure": 78.544061, "shelter_informal_settlers_nhts": 0.663717, "health_center_attendance": 61.34259300000001, "educ_outofschool_all": 6.854839, "work_unemployment": 48.989899, "po_conflict": 0.0, "participation_assembly_attendance": "", "sp_sss": 98.423006, "he_risk": 2.735402, "shelter_electricity": 13.9380531, "health_center_attendance.1": 61.34259259, "work_farms": 42.29137199, "work_unskilled": 37.90664781, "health_programs": 54.6460177, "sp_philhealth": 54.6460177, "water_toilet": 32.52212389, "shelter_makeshift_nhts": 7.6327433629999994, "food_malnourished": "", "health_child_death": "", "health_maternal_death": "", "he_flood": 0.0, "he_volcano": 0.0, "he_landslide": 0.011507, "he_earthquake": 0.0, "name": "Bananao"}, "PH144406004": {"water_access": 31.291028000000004, "food_tenure": 65.451895, "shelter_informal_settlers_nhts": 2.188184, "health_center_attendance": 78.921892, "educ_outofschool_all": 12.642669, "work_unemployment": 43.599258, "po_conflict": 0.437637, "participation_assembly_attendance": "", "sp_sss": 99.247674, "he_risk": 1.892783, "shelter_electricity": 30.19693654, "health_center_attendance.1": 78.92189219, "work_farms": 55.59210526, "work_unskilled": 32.17105263, "health_programs": 48.68708972, "sp_philhealth": 48.68708972, "water_toilet": 63.78555799, "shelter_makeshift_nhts": 5.6892778989999995, "food_malnourished": "", "health_child_death": "", "health_maternal_death": "", "he_flood": 0.0, "he_volcano": 0.0, "he_landslide": 0.011665, "he_earthquake": 0.0, "name": "Bantay"}, "PH144406005": {"water_access": 4.930663, "food_tenure": 85.872576, "shelter_informal_settlers_nhts": 0.770416, "health_center_attendance": 83.71705, "educ_outofschool_all": 10.179641, "work_unemployment": 44.736841999999996, "po_conflict": 0.154083, "participation_assembly_attendance": "", "sp_sss": 98.986144, "he_risk": 2.732941, "shelter_electricity": 9.399075501, "health_center_attendance.1": 83.71705038, "work_farms": 31.59340659, "work_unskilled": 48.99267399, "health_programs": 53.92912173, "sp_philhealth": 53.92912173, "water_toilet": 43.29738059, "shelter_makeshift_nhts": 10.47765794, "food_malnourished": "", "health_child_death": "", "health_maternal_death": "", "he_flood": 0.0, "he_volcano": 0.0, "he_landslide": 0.011349, "he_earthquake": 0.0, "name": "Butigue"}, "PH144406006": {"water_access": 31.831832000000002, "food_tenure": 57.875457999999995, "shelter_informal_settlers_nhts": 1.5015020000000001, "health_center_attendance": 72.840173, "educ_outofschool_all": 8.541667, "work_unemployment": 45.540309, "po_conflict": 0.0, "participation_assembly_attendance": "", "sp_sss": 97.744361, "he_risk": 1.037933, "shelter_electricity": 23.72372372, "health_center_attendance.1": 72.84017279, "work_farms": 60.47244094, "work_unskilled": 30.23622047, "health_programs": 47.44744745, "sp_philhealth": 47.44744745, "water_toilet": 54.35435435, "shelter_makeshift_nhts": 3.1531531530000003, "food_malnourished": "", "health_child_death": "", "health_maternal_death": "", "he_flood": 0.0, "he_volcano": 0.0, "he_landslide": 0.011507, "he_earthquake": 0.0, "name": "Bunot"}, "PH144406007": {"water_access": 32.258065, "food_tenure": 59.270517000000005, "shelter_informal_settlers_nhts": 1.935484, "health_center_attendance": 71.815609, "educ_outofschool_all": 15.254237, "work_unemployment": 40.748441, "po_conflict": 1.075269, "participation_assembly_attendance": "", "sp_sss": 98.770492, "he_risk": 19.866247, "shelter_electricity": 28.17204301, "health_center_attendance.1": 71.81560857, "work_farms": 65.02923977, "work_unskilled": 26.19883041, "health_programs": 44.51612903, "sp_philhealth": 44.51612903, "water_toilet": 61.29032258, "shelter_makeshift_nhts": 5.913978495, "food_malnourished": "", "health_child_death": "", "health_maternal_death": "", "he_flood": 0.0, "he_volcano": 0.0, "he_landslide": 0.001056, "he_earthquake": 0.07142899999999999, "name": "Buringal"}, "PH144406008": {"water_access": 2.702703, "food_tenure": 26.557377000000002, "shelter_informal_settlers_nhts": 1.351351, "health_center_attendance": 52.097902000000005, "educ_outofschool_all": 10.746269, "work_unemployment": 42.638521999999995, "po_conflict": 0.15015, "participation_assembly_attendance": "", "sp_sss": 98.14004399999999, "he_risk": 1.71383, "shelter_electricity": 16.21621622, "health_center_attendance.1": 52.0979021, "work_farms": 43.05427783, "work_unskilled": 45.63017479, "health_programs": 41.14114114, "sp_philhealth": 41.14114114, "water_toilet": 28.22822823, "shelter_makeshift_nhts": 3.603603604, "food_malnourished": "", "health_child_death": "", "health_maternal_death": "", "he_flood": 0.0, "he_volcano": 0.0, "he_landslide": 0.000792, "he_earthquake": 0.0, "name": "Palitod"}, "PH144406009": {"water_access": 18.130841, "food_tenure": 36.650083, "shelter_informal_settlers_nhts": 1.028037, "health_center_attendance": 75.625849, "educ_outofschool_all": 8.821233, "work_unemployment": 47.736371999999996, "po_conflict": 0.186916, "participation_assembly_attendance": "", "sp_sss": 98.79659000000001, "he_risk": 4.7904279999999995, "shelter_electricity": 16.168224300000002, "health_center_attendance.1": 75.62584902, "work_farms": 37.30111962, "work_unskilled": 34.53152622, "health_programs": 50.46728972, "sp_philhealth": 50.46728972, "water_toilet": 34.76635514, "shelter_makeshift_nhts": 11.54205607, "food_malnourished": "", "health_child_death": "", "health_maternal_death": "", "he_flood": 0.0, "he_volcano": 0.0, "he_landslide": 0.191027, "he_earthquake": 0.0, "name": "Poblacion"}}