{"PH143208001": {"Water_Prop": 0.0, "Food_Prop": 7.142857000000001, "Shelter_Prop": 1.052632, "Health_Prop": 61.149826000000004, "Education_Prop": 4.901961, "Work_Prop": 31.59204, "Peace_Prop": 2.105263, "Participation_Prop": 93.95604399999999, "SocialProtection_Prop": 99.6337, "Environment_Prop": 29.586194, "shelter_electricity": 9.473684211, "health_center_attendance": 61.14982578, "work_farms": 28.36363636, "work_unskilled": 52.0, "health_programs": 11.57894737, "sp_philhealth": 11.57894737, "water_toilet": 24.21052632, "shelter_makeshift_nhts": 1.052631579, "food_malnourished": "", "health_child_death": "", "health_maternal_death": "", "he_flood": 0.0, "he_volcano": 0.0, "he_landslide": 0.194141, "he_earthquake": 0.0}, "PH143208002": {"Water_Prop": 0.28089899999999995, "Food_Prop": 80.0, "Shelter_Prop": 0.8426969999999999, "Health_Prop": 68.414918, "Education_Prop": 4.248366000000001, "Work_Prop": 36.170213000000004, "Peace_Prop": 0.5617979999999999, "Participation_Prop": 96.30314200000001, "SocialProtection_Prop": 99.322243, "Environment_Prop": 22.648088, "shelter_electricity": 18.53932584, "health_center_attendance": 68.41491841, "work_farms": 26.26666667, "work_unskilled": 57.6, "health_programs": 20.2247191, "sp_philhealth": 20.2247191, "water_toilet": 20.78651685, "shelter_makeshift_nhts": 3.7921348310000003, "food_malnourished": "", "health_child_death": "", "health_maternal_death": "", "he_flood": 0.0, "he_volcano": 0.0, "he_landslide": 0.049301, "he_earthquake": 0.14285699999999998}, "PH143208003": {"Water_Prop": 0.645161, "Food_Prop": 5.882353, "Shelter_Prop": 0.645161, "Health_Prop": 61.69265, "Education_Prop": 5.820106, "Work_Prop": 30.298013, "Peace_Prop": 0.0, "Participation_Prop": 92.63721600000001, "SocialProtection_Prop": 99.598394, "Environment_Prop": 13.105732000000001, "shelter_electricity": 35.48387097, "health_center_attendance": 61.69265033, "work_farms": 32.06650831, "work_unskilled": 49.40617577, "health_programs": 14.19354839, "sp_philhealth": 14.19354839, "water_toilet": 19.35483871, "shelter_makeshift_nhts": 0.0, "food_malnourished": "", "health_child_death": "", "health_maternal_death": "", "he_flood": 0.0, "he_volcano": 0.0, "he_landslide": 0.19989400000000002, "he_earthquake": 0.0}, "PH143208005": {"Water_Prop": 3.030303, "Food_Prop": 89.090909, "Shelter_Prop": 0.4329, "Health_Prop": 69.090909, "Education_Prop": 2.922078, "Work_Prop": 33.96648, "Peace_Prop": 0.865801, "Participation_Prop": 95.611285, "SocialProtection_Prop": 99.216301, "Environment_Prop": 46.825739, "shelter_electricity": 14.71861472, "health_center_attendance": 69.09090909, "work_farms": 32.31810491, "work_unskilled": 47.20812183, "health_programs": 13.85281385, "sp_philhealth": 13.85281385, "water_toilet": 22.94372294, "shelter_makeshift_nhts": 3.463203463, "food_malnourished": "", "health_child_death": "", "health_maternal_death": "", "he_flood": 0.0, "he_volcano": 0.0, "he_landslide": 0.014568000000000001, "he_earthquake": 0.0}, "PH143208007": {"Water_Prop": 1.388889, "Food_Prop": 6.976744, "Shelter_Prop": 1.388889, "Health_Prop": 66.028708, "Education_Prop": 6.122449, "Work_Prop": 33.707865000000005, "Peace_Prop": 4.1666669999999995, "Participation_Prop": 82.240437, "SocialProtection_Prop": 98.360656, "Environment_Prop": 23.494415, "shelter_electricity": 59.72222222, "health_center_attendance": 66.02870813, "work_farms": 35.59322034, "work_unskilled": 47.45762712, "health_programs": 13.88888889, "sp_philhealth": 13.88888889, "water_toilet": 19.44444444, "shelter_makeshift_nhts": 2.777777778, "food_malnourished": "", "health_child_death": "", "health_maternal_death": "", "he_flood": 0.0, "he_volcano": 0.0, "he_landslide": 0.049142, "he_earthquake": 0.14285699999999998}, "PH143208008": {"Water_Prop": 6.024096, "Food_Prop": "", "Shelter_Prop": 1.204819, "Health_Prop": 61.702128, "Education_Prop": 7.692308000000001, "Work_Prop": 30.973451, "Peace_Prop": 0.0, "Participation_Prop": 87.5, "SocialProtection_Prop": 99.583333, "Environment_Prop": 19.588925, "shelter_electricity": 4.8192771080000005, "health_center_attendance": 61.70212766, "work_farms": 30.76923077, "work_unskilled": 44.01709402, "health_programs": 6.024096386, "sp_philhealth": 6.024096386, "water_toilet": 20.48192771, "shelter_makeshift_nhts": 1.2048192770000001, "food_malnourished": "", "health_child_death": "", "health_maternal_death": "", "he_flood": 0.0, "he_volcano": 0.0, "he_landslide": 0.194669, "he_earthquake": 0.0}, "PH143208009": {"Water_Prop": 2.564103, "Food_Prop": 34.0, "Shelter_Prop": 1.709402, "Health_Prop": 62.779553, "Education_Prop": 5.109489, "Work_Prop": 30.630631, "Peace_Prop": 0.854701, "Participation_Prop": 87.931034, "SocialProtection_Prop": 99.13793100000001, "Environment_Prop": 19.551506, "shelter_electricity": 8.547008547, "health_center_attendance": 62.77955272, "work_farms": 33.11688312, "work_unskilled": 37.66233766, "health_programs": 3.4188034189999996, "sp_philhealth": 3.4188034189999996, "water_toilet": 31.62393162, "shelter_makeshift_nhts": 0.854700855, "food_malnourished": "", "health_child_death": "", "health_maternal_death": "", "he_flood": 0.0, "he_volcano": 0.0, "he_landslide": 0.192874, "he_earthquake": 0.0}, "PH143208010": {"Water_Prop": 6.944444, "Food_Prop": 8.333333, "Shelter_Prop": 8.333333, "Health_Prop": 65.374677, "Education_Prop": 6.578947, "Work_Prop": 38.541667, "Peace_Prop": 0.0, "Participation_Prop": 81.108312, "SocialProtection_Prop": 98.488665, "Environment_Prop": 2.175035, "shelter_electricity": 9.722222222000001, "health_center_attendance": 65.374677, "work_farms": 31.07344633, "work_unskilled": 51.41242938, "health_programs": 9.722222222000001, "sp_philhealth": 9.722222222000001, "water_toilet": 13.88888889, "shelter_makeshift_nhts": 1.388888889, "food_malnourished": "", "health_child_death": "", "health_maternal_death": "", "he_flood": 0.0, "he_volcano": 0.0, "he_landslide": 0.011876000000000001, "he_earthquake": 0.0}, "PH143208011": {"Water_Prop": 1.190476, "Food_Prop": 0.0, "Shelter_Prop": 2.380952, "Health_Prop": 66.59729399999999, "Education_Prop": 3.333333, "Work_Prop": 39.175258, "Peace_Prop": 1.190476, "Participation_Prop": 89.895833, "SocialProtection_Prop": 98.75, "Environment_Prop": 1.383286, "shelter_electricity": 3.571428571, "health_center_attendance": 66.59729448, "work_farms": 28.08716707, "work_unskilled": 41.1622276, "health_programs": 16.66666667, "sp_philhealth": 16.66666667, "water_toilet": 25.0, "shelter_makeshift_nhts": 4.464285714, "food_malnourished": "", "health_child_death": "", "health_maternal_death": "", "he_flood": 0.0, "he_volcano": 0.0, "he_landslide": 0.05004, "he_earthquake": 0.0}, "PH143208012": {"Water_Prop": 0.0, "Food_Prop": 100.0, "Shelter_Prop": 2.325581, "Health_Prop": 64.691047, "Education_Prop": 1.675978, "Work_Prop": 33.094812, "Peace_Prop": 0.7751939999999999, "Participation_Prop": 81.534091, "SocialProtection_Prop": 99.573864, "Environment_Prop": 3.8490510000000002, "shelter_electricity": 17.82945736, "health_center_attendance": 64.69104666, "work_farms": 30.748663099999998, "work_unskilled": 47.32620321, "health_programs": 12.40310078, "sp_philhealth": 12.40310078, "water_toilet": 24.80620155, "shelter_makeshift_nhts": 0.775193798, "food_malnourished": "", "health_child_death": "", "health_maternal_death": "", "he_flood": 0.0, "he_volcano": 0.0, "he_landslide": 0.20285, "he_earthquake": 0.0}, "PH143208013": {"Water_Prop": 0.0, "Food_Prop": 21.428570999999998, "Shelter_Prop": 2.247191, "Health_Prop": 57.552581, "Education_Prop": 0.892857, "Work_Prop": 37.801609, "Peace_Prop": 0.0, "Participation_Prop": 86.013986, "SocialProtection_Prop": 97.902098, "Environment_Prop": 3.5709459999999997, "shelter_electricity": 7.865168539, "health_center_attendance": 57.55258126, "work_farms": 31.89655172, "work_unskilled": 46.55172414, "health_programs": 10.11235955, "sp_philhealth": 10.11235955, "water_toilet": 11.23595506, "shelter_makeshift_nhts": 2.808988764, "food_malnourished": "",