{"PH148103001": {"water_access": 60.358056000000005, "food_tenure": 70.588235, "shelter_informal_settlers_nhts": 4.092072, "health_center_attendance": 58.914286, "educ_outofschool_all": 13.00578, "work_unemployment": 60.971524, "po_conflict": 2.557545, "participation_assembly_attendance": 87.461774, "sp_sss": 99.08256899999999, "he_risk": 1.139248, "shelter_electricity": 21.22762148, "health_center_attendance.1": 58.91428571, "work_farms": 34.7639485, "work_unskilled": 40.77253219, "health_programs": 43.98976982, "sp_philhealth": 43.98976982, "water_toilet": 7.9283887470000005, "shelter_makeshift_nhts": 1.406649616, "food_malnourished": 3.7, "health_child_death": 0.0, "health_maternal_death": 0.0, "he_flood": 0.0, "he_volcano": 0.0, "he_landslide": 0.0, "he_earthquake": 0.0, "name": "Allig"}, "PH148103002": {"water_access": 50.666667, "food_tenure": 79.79798000000001, "shelter_informal_settlers_nhts": 7.555556, "health_center_attendance": 74.672048, "educ_outofschool_all": 11.214953, "work_unemployment": 51.764706, "po_conflict": 0.44444399999999995, "participation_assembly_attendance": 80.80229200000001, "sp_sss": 98.853868, "he_risk": 1.450167, "shelter_electricity": 23.11111111, "health_center_attendance.1": 74.67204844, "work_farms": 34.14634146, "work_unskilled": 48.47560976, "health_programs": 47.55555556, "sp_philhealth": 47.55555556, "water_toilet": 12.0, "shelter_makeshift_nhts": 0.444444444, "food_malnourished": 2.0, "health_child_death": 0.0, "health_maternal_death": 0.0, "he_flood": 0.0, "he_volcano": 0.0, "he_landslide": 0.001584, "he_earthquake": 0.0, "name": "Anninipan"}, "PH148103003": {"water_access": 59.545455000000004, "food_tenure": 81.132075, "shelter_informal_settlers_nhts": 10.0, "health_center_attendance": 78.221778, "educ_outofschool_all": 10.810811, "work_unemployment": 50.0, "po_conflict": 1.363636, "participation_assembly_attendance": 69.158879, "sp_sss": 99.53271, "he_risk": 1.441373, "shelter_electricity": 45.45454545, "health_center_attendance.1": 78.22177822, "work_farms": 29.90936556, "work_unskilled": 40.48338369, "health_programs": 46.36363636, "sp_philhealth": 46.36363636, "water_toilet": 20.90909091, "shelter_makeshift_nhts": 2.045454545, "food_malnourished": 0.7, "health_child_death": 0.0, "health_maternal_death": 0.0, "he_flood": 0.0, "he_volcano": 0.0, "he_landslide": 0.001372, "he_earthquake": 0.0, "name": "Atok"}, "PH148103004": {"water_access": 41.515152, "food_tenure": 0.0, "shelter_informal_settlers_nhts": 10.30303, "health_center_attendance": 84.934498, "educ_outofschool_all": 5.985915, "work_unemployment": 49.633508, "po_conflict": 0.0, "participation_assembly_attendance": 79.340659, "sp_sss": 99.194139, "he_risk": 9.9392, "shelter_electricity": 13.33333333, "health_center_attendance.1": 84.93449782, "work_farms": 17.67151767, "work_unskilled": 51.35135135, "health_programs": 48.48484848, "sp_philhealth": 48.48484848, "water_toilet": 4.545454545, "shelter_makeshift_nhts": 1.8181818180000002, "food_malnourished": 11.1, "health_child_death": 0.0, "health_maternal_death": 0.0, "he_flood": 0.0, "he_volcano": 0.0, "he_landslide": 0.001056, "he_earthquake": 0.0, "name": "Bagutong"}, "PH148103005": {"water_access": 71.42857099999999, "food_tenure": 3.278689, "shelter_informal_settlers_nhts": 0.0, "health_center_attendance": 12.048193, "educ_outofschool_all": 17.105263, "work_unemployment": 28.571429, "po_conflict": 28.571429, "participation_assembly_attendance": 76.95473299999999, "sp_sss": "", "he_risk": 0.8730020000000001, "shelter_electricity": 92.85714286, "health_center_attendance.1": 12.04819277, "work_farms": 52.63157895, "work_unskilled": 35.78947368, "health_programs": 5.3571428569999995, "sp_philhealth": 5.3571428569999995, "water_toilet": 53.57142857, "shelter_makeshift_nhts": 3.571428571, "food_malnourished": 3.9, "health_child_death": 2.3, "health_maternal_death": 0.0, "he_flood": 0.0, "he_volcano": 0.0, "he_landslide": 0.001372, "he_earthquake": 0.0, "name": "Balasi"}, "PH148103006": {"water_access": 46.749226, "food_tenure": 29.896907000000002, "shelter_informal_settlers_nhts": 4.024768, "health_center_attendance": 42.225201, "educ_outofschool_all": 13.377926, "work_unemployment": 47.184466, "po_conflict": 6.19195, "participation_assembly_attendance": 79.426172, "sp_sss": 98.880336, "he_risk": 10.304769, "shelter_electricity": 18.57585139, "health_center_attendance.1": 42.22520107, "work_farms": 34.375, "work_unskilled": 38.97058824, "health_programs": 11.14551084, "sp_philhealth": 11.14551084, "water_toilet": 18.57585139, "shelter_makeshift_nhts": 5.108359133, "food_malnourished": 2.4, "health_child_death": 0.5, "health_maternal_death": 0.0, "he_flood": 0.0, "he_volcano": 0.0, "he_landslide": 0.0, "he_earthquake": 0.0, "name": "Balluyan"}, "PH148103008": {"water_access": 42.038216999999996, "food_tenure": 35.424354, "shelter_informal_settlers_nhts": 2.547771, "health_center_attendance": 49.405646000000004, "educ_outofschool_all": 10.600707, "work_unemployment": 45.623632, "po_conflict": 5.414013, "participation_assembly_attendance": 80.989181, "sp_sss": 98.222566, "he_risk": 1.731904, "shelter_electricity": 37.89808917, "health_center_attendance.1": 49.40564636, "work_farms": 50.30181087, "work_unskilled": 35.41247485, "health_programs": 6.369426752000001, "sp_philhealth": 6.369426752000001, "water_toilet": 37.2611465, "shelter_makeshift_nhts": 1.7515923569999998, "food_malnourished": 6.4, "health_child_death": 0.0, "health_maternal_death": 0.0, "he_flood": 0.0, "he_volcano": 0.0, "he_landslide": 0.001584, "he_earthquake": 0.0, "name": "Malayugan"}, "PH148103009": {"water_access": 77.23880600000001, "food_tenure": 80.0, "shelter_informal_settlers_nhts": 3.731343, "health_center_attendance": 35.945946, "educ_outofschool_all": 8.849558, "work_unemployment": 42.160738, "po_conflict": 5.970149, "participation_assembly_attendance": 81.34920600000001, "sp_sss": 99.30555600000001, "he_risk": 1.4200760000000001, "shelter_electricity": 19.02985075, "health_center_attendance.1": 35.94594595, "work_farms": 29.157175399999996, "work_unskilled": 53.75854214, "health_programs": 9.701492537, "sp_philhealth": 9.701492537, "water_toilet": 3.731343284, "shelter_makeshift_nhts": 1.865671642, "food_malnourished": 5.8, "health_child_death": 0.0, "health_maternal_death": 0.0, "he_flood": 0.0, "he_volcano": 0.0, "he_landslide": 0.0, "he_earthquake": 0.0, "name": "Malubibit Norte"}, "PH148103010": {"water_access": 63.807531000000004, "food_tenure": 11.666667, "shelter_informal_settlers_nhts": 2.719665, "health_center_attendance": 50.318784, "educ_outofschool_all": 4.487179, "work_unemployment": 47.819871, "po_conflict": 0.20920500000000003, "participation_assembly_attendance": 80.19874899999999, "sp_sss": 98.711815, "he_risk": 9.123889, "shelter_electricity": 14.22594142, "health_center_attendance.1": 50.31878372, "work_farms": 19.589041100000003, "work_unskilled": 33.28767123, "health_programs": 11.08786611, "sp_philhealth": 11.08786611, "water_toilet": 1.2552301259999998, "shelter_makeshift_nhts": 1.359832636, "food_malnourished": 3.0, "health_child_death": 0.0, "health_maternal_death": 0.0, "he_flood": 0.0, "he_volcano": 0.0, "he_landslide": 0.001056, "he_earthquake": 0.0, "name": "Poblacion East"}, "PH148103011": {"water_access": 70.720721, "food_tenure": 57.446808999999995, "shelter_informal_settlers_nhts": 12.162162, "health_center_attendance": 78.399123, "educ_outofschool_all": 5.641026, "work_unemployment": 49.432739, "po_conflict": 0.0, "participation_assembly_attendance": 87.730727, "sp_sss": 99.565689, "he_risk": 1.9881119999999999, "shelter_electricity": 19.36936937, "health_center_attendance.1": 78.39912281, "work_farms": 17.30769231, "work_unskilled": 55.12820513, "health_programs": 43.24324324, "sp_philhealth": 43.24324324, "water_toilet": 4.054054054, "shelter_makeshift_nhts": 3.3783783780000003, "food_malnourished": 2.7, "health_child_death": 0.0, "health_maternal_death": 0.0, "he_flood": 0.0,