{"PH144407001": {"Water_Prop": 0.0, "Food_Prop": 100.0, "Shelter_Prop": 0.0, "Health_Prop": 28.969359000000004, "Education_Prop": 1.3698629999999998, "Work_Prop": 39.2, "Peace_Prop": 0.0, "Participation_Prop": 79.40379399999999, "SocialProtection_Prop": 99.186992, "Environment_Prop": 16.390539, "shelter_electricity": 3.614457831, "health_center_attendance": 28.96935933, "work_farms": 15.78947368, "work_unskilled": 40.78947368, "health_programs": 28.91566265, "sp_philhealth": 28.91566265, "water_toilet": 1.2048192770000001, "shelter_makeshift_nhts": 0.0, "food_malnourished": 0.0, "health_child_death": "", "health_maternal_death": 0.0, "he_flood": 0.0, "he_volcano": 0.0, "he_landslide": 0.011876000000000001, "he_earthquake": 0.0, "name": "Bao-angan"}, "PH144407002": {"Water_Prop": 0.446429, "Food_Prop": 100.0, "Shelter_Prop": 0.0, "Health_Prop": 26.572668, "Education_Prop": 5.418719, "Work_Prop": 40.52795, "Peace_Prop": 0.446429, "Participation_Prop": 92.114695, "SocialProtection_Prop": 98.685783, "Environment_Prop": 18.714091, "shelter_electricity": 1.339285714, "health_center_attendance": 26.57266811, "work_farms": 26.89295039, "work_unskilled": 35.24804178, "health_programs": 20.53571429, "sp_philhealth": 20.53571429, "water_toilet": 0.0, "shelter_makeshift_nhts": 0.223214286, "food_malnourished": "", "health_child_death": "", "health_maternal_death": "", "he_flood": 0.0, "he_volcano": 0.0, "he_landslide": 0.048614, "he_earthquake": 0.0, "name": "Bun-ayan"}, "PH144407003": {"Water_Prop": 0.0, "Food_Prop": 75.86206899999999, "Shelter_Prop": 0.0, "Health_Prop": 20.512821, "Education_Prop": 8.433735, "Work_Prop": 37.226277, "Peace_Prop": 0.0, "Participation_Prop": 78.319783, "SocialProtection_Prop": 98.644986, "Environment_Prop": 17.067764999999998, "shelter_electricity": 6.666666667, "health_center_attendance": 20.51282051, "work_farms": 21.51162791, "work_unskilled": 47.674418599999996, "health_programs": 32.22222222, "sp_philhealth": 32.22222222, "water_toilet": 1.111111111, "shelter_makeshift_nhts": 1.111111111, "food_malnourished": "", "health_child_death": "", "health_maternal_death": "", "he_flood": 0.0, "he_volcano": 0.0, "he_landslide": 0.048773000000000004, "he_earthquake": 0.0, "name": "Busa"}, "PH144407004": {"Water_Prop": 0.0, "Food_Prop": 78.481013, "Shelter_Prop": 0.0, "Health_Prop": 30.444698, "Education_Prop": 3.141361, "Work_Prop": 34.596376, "Peace_Prop": 0.0, "Participation_Prop": 90.517241, "SocialProtection_Prop": 98.152709, "Environment_Prop": 19.046408, "shelter_electricity": 2.7624309389999997, "health_center_attendance": 30.44469783, "work_farms": 15.11335013, "work_unskilled": 35.26448363, "health_programs": 38.12154696, "sp_philhealth": 38.12154696, "water_toilet": 0.5524861879999999, "shelter_makeshift_nhts": 0.5524861879999999, "food_malnourished": "", "health_child_death": "", "health_maternal_death": "", "he_flood": 0.0, "he_volcano": 0.0, "he_landslide": 0.04872, "he_earthquake": 0.0, "name": "Camatagan"}, "PH144407005": {"Water_Prop": 0.0, "Food_Prop": 65.217391, "Shelter_Prop": 0.0, "Health_Prop": 21.404682, "Education_Prop": 4.83871, "Work_Prop": 30.622009999999996, "Peace_Prop": 0.0, "Participation_Prop": 85.830619, "SocialProtection_Prop": 99.022801, "Environment_Prop": 18.051758, "shelter_electricity": 1.503759399, "health_center_attendance": 21.40468227, "work_farms": 19.31034483, "work_unskilled": 32.41379310000001, "health_programs": 38.34586466, "sp_philhealth": 38.34586466, "water_toilet": 0.0, "shelter_makeshift_nhts": 0.0, "food_malnourished": "", "health_child_death": "", "health_maternal_death": "", "he_flood": 0.0, "he_volcano": 0.0, "he_landslide": 0.048562, "he_earthquake": 0.0, "name": "Capinitan"}, "PH144407006": {"Water_Prop": 5.027933, "Food_Prop": 22.307692000000003, "Shelter_Prop": 0.0, "Health_Prop": 32.071006, "Education_Prop": 11.428571, "Work_Prop": 48.141593, "Peace_Prop": 0.0, "Participation_Prop": 89.119804, "SocialProtection_Prop": 98.89975600000001, "Environment_Prop": 0.48181899999999994, "shelter_electricity": 0.558659218, "health_center_attendance": 32.07100592, "work_farms": 42.32081911, "work_unskilled": 24.57337884, "health_programs": 41.89944134, "sp_philhealth": 41.89944134, "water_toilet": 7.82122905, "shelter_makeshift_nhts": 0.0, "food_malnourished": "", "health_child_death": "", "health_maternal_death": "", "he_flood": 0.0, "he_volcano": 0.0, "he_landslide": 0.011929, "he_earthquake": 0.0, "name": "Data"}, "PH144407007": {"Water_Prop": 0.0, "Food_Prop": 48.275862, "Shelter_Prop": 1.0989010000000001, "Health_Prop": 17.842323999999998, "Education_Prop": 4.629630000000001, "Work_Prop": 44.545455, "Peace_Prop": 2.1978020000000003, "Participation_Prop": 82.23234599999999, "SocialProtection_Prop": 98.405467, "Environment_Prop": 2.769895, "shelter_electricity": 7.692307692000001, "health_center_attendance": 17.84232365, "work_farms": 24.59016393, "work_unskilled": 46.99453552, "health_programs": 23.07692308, "sp_philhealth": 23.07692308, "water_toilet": 1.098901099, "shelter_makeshift_nhts": 0.0, "food_malnourished": 1.8, "health_child_death": "", "health_maternal_death": 0.0, "he_flood": 0.0, "he_volcano": 0.0, "he_landslide": 0.04872, "he_earthquake": 0.0, "name": "Gayang"}, "PH144407008": {"Water_Prop": 0.0, "Food_Prop": 0.0, "Shelter_Prop": 0.0, "Health_Prop": 22.44898, "Education_Prop": 1.1235959999999998, "Work_Prop": 36.944444, "Peace_Prop": 0.0, "Participation_Prop": 79.876797, "SocialProtection_Prop": 98.562628, "Environment_Prop": 18.387929999999997, "shelter_electricity": 1.8518518519999998, "health_center_attendance": 22.44897959, "work_farms": 9.691629956, "work_unskilled": 39.20704846, "health_programs": 46.2962963, "sp_philhealth": 46.2962963, "water_toilet": 0.9259259259999999, "shelter_makeshift_nhts": 0.0, "food_malnourished": "", "health_child_death": "", "health_maternal_death": "", "he_flood": 0.0, "he_volcano": 0.0, "he_landslide": 0.048773000000000004, "he_earthquake": 0.0, "name": "Lagan"}, "PH144407009": {"Water_Prop": 0.0, "Food_Prop": 97.61904799999999, "Shelter_Prop": 1.3698629999999998, "Health_Prop": 22.267205999999998, "Education_Prop": 3.007519, "Work_Prop": 36.05948, "Peace_Prop": 0.0, "Participation_Prop": 82.714055, "SocialProtection_Prop": 99.030695, "Environment_Prop": 18.386713, "shelter_electricity": 0.684931507, "health_center_attendance": 22.26720648, "work_farms": 29.65116279, "work_unskilled": 31.97674419, "health_programs": 47.26027397, "sp_philhealth": 47.26027397, "water_toilet": 0.684931507, "shelter_makeshift_nhts": 0.0, "food_malnourished": 0.0, "health_child_death": "", "health_maternal_death": 0.0, "he_flood": 0.0, "he_volcano": 0.0, "he_landslide": 0.048614, "he_earthquake": 0.0, "name": "Losad"}, "PH144407010": {"Water_Prop": 0.694444, "Food_Prop": 80.0, "Shelter_Prop": 2.777778, "Health_Prop": 17.496635, "Education_Prop": 4.0, "Work_Prop": 43.33996, "Peace_Prop": 0.0, "Participation_Prop": 83.717775, "SocialProtection_Prop": 98.77883299999999, "Environment_Prop": 17.395995000000003, "shelter_electricity": 4.8611111110000005, "health_center_attendance": 17.49663526, "work_farms": 12.63157895, "work_unskilled": 38.24561404, "health_programs": 38.19444444, "sp_philhealth": 38.19444444, "water_toilet": 2.083333333, "shelter_makeshift_nhts": 0.694444444, "food_malnourished": "", "health_child_death": "", "health_maternal_death": "", "he_flood": 0.0, "he_volcano": 0.0, "he_landslide": 0.048826, "he_earthquake": 0.0, "name": "Namatec"}, "PH144407011": {"Water_Prop": 3.521127, "Food_Prop": 92.307692, "Shelter_Prop": 0.704225, "Health_Prop": 28.746594, "Education_Prop": 8.695652, "Work_Prop": 42.857143, "Peace_Prop": 0.704225, "Participation_Prop": 89.644513, "SocialProtection_Prop": 99.072643, "Environment_Prop": 37.879914, "shelter_electricity": 4.2253521130000005, "health_center_attendance": 28.74659401, "work_farms": 42.95774648, "work_unskilled": 34.15492958, "health_programs": 35.21126761, "sp_philhealth": 35.21126761,