{"PH140125001": {"water_access": 1.360544, "food_tenure": 42.307691999999996, "shelter_informal_settlers_nhts": 0.0, "health_center_attendance": 52.236652, "educ_outofschool_all": 1.388889, "work_unemployment": 34.557235, "po_conflict": 0.0, "participation_assembly_attendance": "", "sp_sss": 98.068351, "he_risk": 1.480893, "shelter_electricity": 44.21768707, "health_center_attendance.1": 52.23665224, "work_farms": 51.15511551, "work_unskilled": 15.18151815, "health_programs": 10.88435374, "sp_philhealth": 10.88435374, "water_toilet": 38.7755102, "shelter_makeshift_nhts": 0.680272109, "food_malnourished": "", "health_child_death": "", "health_maternal_death": "", "he_flood": 0.0, "he_volcano": 0.0, "he_landslide": 0.0038, "he_earthquake": 0.0, "name": "Poblacion (Agsimao)"}, "PH140125002": {"water_access": 7.865169, "food_tenure": 4.5454550000000005, "shelter_informal_settlers_nhts": 0.0, "health_center_attendance": 52.088772999999996, "educ_outofschool_all": 2.994012, "work_unemployment": 28.285078000000002, "po_conflict": 0.0, "participation_assembly_attendance": "", "sp_sss": 99.168646, "he_risk": 6.749394000000001, "shelter_electricity": 57.30337079, "health_center_attendance.1": 52.08877285, "work_farms": 76.70807453, "work_unskilled": 4.968944099, "health_programs": 21.34831461, "sp_philhealth": 21.34831461, "water_toilet": 53.93258427, "shelter_makeshift_nhts": 0.8426966290000001, "food_malnourished": "", "health_child_death": "", "health_maternal_death": "", "he_flood": 0.0, "he_volcano": 0.0, "he_landslide": 0.011982, "he_earthquake": 0.14285699999999998, "name": "Alaoa"}, "PH140125003": {"water_access": 37.209302, "food_tenure": "", "shelter_informal_settlers_nhts": 0.0, "health_center_attendance": 63.478260999999996, "educ_outofschool_all": 11.111111, "work_unemployment": 35.384615000000004, "po_conflict": 0.0, "participation_assembly_attendance": "", "sp_sss": "", "he_risk": 5.883986, "shelter_electricity": 76.74418605, "health_center_attendance.1": 63.47826087, "work_farms": 80.95238095, "work_unskilled": 5.952380952, "health_programs": 2.325581395, "sp_philhealth": 2.325581395, "water_toilet": 88.37209302, "shelter_makeshift_nhts": 2.325581395, "food_malnourished": "", "health_child_death": "", "health_maternal_death": "", "he_flood": 0.0, "he_volcano": 0.0, "he_landslide": 0.012299, "he_earthquake": 0.07142899999999999, "name": "Anayan"}, "PH140125004": {"water_access": 36.842105, "food_tenure": 0.0, "shelter_informal_settlers_nhts": 0.0, "health_center_attendance": 45.384615000000004, "educ_outofschool_all": 7.692308000000001, "work_unemployment": 24.844720000000002, "po_conflict": 0.0, "participation_assembly_attendance": "", "sp_sss": "", "he_risk": 6.049081, "shelter_electricity": 84.21052632, "health_center_attendance.1": 45.38461538, "work_farms": 75.20661157, "work_unskilled": 6.611570248, "health_programs": 14.03508772, "sp_philhealth": 14.03508772, "water_toilet": 59.64912281, "shelter_makeshift_nhts": 0.0, "food_malnourished": "", "health_child_death": "", "health_maternal_death": "", "he_flood": 0.0, "he_volcano": 0.0, "he_landslide": 0.0036950000000000004, "he_earthquake": 0.14285699999999998, "name": "Apao"}, "PH140125005": {"water_access": 5.4545449999999995, "food_tenure": 50.0, "shelter_informal_settlers_nhts": 0.0, "health_center_attendance": 43.346008000000005, "educ_outofschool_all": 0.0, "work_unemployment": 39.263804, "po_conflict": 0.0, "participation_assembly_attendance": "", "sp_sss": 98.993289, "he_risk": 3.1965169999999996, "shelter_electricity": 76.36363636, "health_center_attendance.1": 43.3460076, "work_farms": 64.64646465, "work_unskilled": 16.16161616, "health_programs": 12.72727273, "sp_philhealth": 12.72727273, "water_toilet": 52.72727273, "shelter_makeshift_nhts": 3.6363636360000005, "food_malnourished": "", "health_child_death": "", "health_maternal_death": "", "he_flood": 0.0, "he_volcano": 0.0, "he_landslide": 0.0036950000000000004, "he_earthquake": 0.07142899999999999, "name": "Belaat"}, "PH140125006": {"water_access": 27.802690999999996, "food_tenure": 35.849057, "shelter_informal_settlers_nhts": 1.793722, "health_center_attendance": 46.227315999999995, "educ_outofschool_all": 3.985507, "work_unemployment": 34.83871, "po_conflict": 0.0, "participation_assembly_attendance": "", "sp_sss": 99.030695, "he_risk": 32.630305, "shelter_electricity": 52.91479821, "health_center_attendance.1": 46.22731614, "work_farms": 68.81188119, "work_unskilled": 7.178217822000001, "health_programs": 15.24663677, "sp_philhealth": 15.24663677, "water_toilet": 44.39461883, "shelter_makeshift_nhts": 1.121076233, "food_malnourished": "", "health_child_death": "", "health_maternal_death": "", "he_flood": 0.0, "he_volcano": 0.0, "he_landslide": 0.048562, "he_earthquake": 0.428571, "name": "Caganayan"}, "PH140125007": {"water_access": 11.320755, "food_tenure": 8.695652, "shelter_informal_settlers_nhts": 0.9433959999999999, "health_center_attendance": 45.471697999999996, "educ_outofschool_all": 2.9629630000000002, "work_unemployment": 36.119403000000005, "po_conflict": 0.9433959999999999, "participation_assembly_attendance": "", "sp_sss": 98.431373, "he_risk": 8.873485, "shelter_electricity": 66.98113208, "health_center_attendance.1": 45.47169811, "work_farms": 72.42990654, "work_unskilled": 6.074766355, "health_programs": 5.660377358, "sp_philhealth": 5.660377358, "water_toilet": 73.58490566, "shelter_makeshift_nhts": 0.0, "food_malnourished": "", "health_child_death": "", "health_maternal_death": "", "he_flood": 0.0, "he_volcano": 0.0, "he_landslide": 0.00322, "he_earthquake": 0.14285699999999998, "name": "Cogon"}, "PH140125008": {"water_access": 7.407407000000001, "food_tenure": 0.0, "shelter_informal_settlers_nhts": 0.0, "health_center_attendance": 56.81818199999999, "educ_outofschool_all": 3.225806, "work_unemployment": 36.470588, "po_conflict": 0.0, "participation_assembly_attendance": "", "sp_sss": 99.53488399999999, "he_risk": 3.351516, "shelter_electricity": 51.85185185, "health_center_attendance.1": 56.81818182, "work_farms": 79.62962963, "work_unskilled": 5.555555556, "health_programs": 11.11111111, "sp_philhealth": 11.11111111, "water_toilet": 66.66666667, "shelter_makeshift_nhts": 0.0, "food_malnourished": "", "health_child_death": "", "health_maternal_death": "", "he_flood": 0.0, "he_volcano": 0.0, "he_landslide": 0.04967, "he_earthquake": 0.0, "name": "Lanec"}, "PH140125009": {"water_access": 8.163264999999999, "food_tenure": 40.909091, "shelter_informal_settlers_nhts": 1.020408, "health_center_attendance": 51.193059000000005, "educ_outofschool_all": 2.678571, "work_unemployment": 31.597222, "po_conflict": 0.0, "participation_assembly_attendance": "", "sp_sss": 98.666667, "he_risk": 1.342629, "shelter_electricity": 11.2244898, "health_center_attendance.1": 51.19305857, "work_farms": 67.51269036, "work_unskilled": 14.21319797, "health_programs": 17.34693878, "sp_philhealth": 17.34693878, "water_toilet": 41.83673469, "shelter_makeshift_nhts": 0.0, "food_malnourished": "", "health_child_death": "", "health_maternal_death": "", "he_flood": 0.0, "he_volcano": 0.0, "he_landslide": 0.012931999999999999, "he_earthquake": 0.0, "name": "Lapat-Balantay"}, "PH140125010": {"water_access": 11.940299000000001, "food_tenure": "", "shelter_informal_settlers_nhts": 1.492537, "health_center_attendance": 51.807229, "educ_outofschool_all": 5.555556, "work_unemployment": 48.130841, "po_conflict": 0.0, "participation_assembly_attendance": "", "sp_sss": 99.22077900000001, "he_risk": 6.198525, "shelter_electricity": 76.11940299, "health_center_attendance.1": 51.80722892, "work_farms": 69.36936937, "work_unskilled": 18.01801802, "health_programs": 16.41791045, "sp_philhealth": 16.41791045, "water_toilet": 80.59701493, "shelter_makeshift_nhts": 0.0, "food_malnourished": "", "health_child_death": "", "health_maternal_death": "", "he_flood": 0.0, "he_volcano": 0.0, "he_landslide": 0.049301, "he_earthquake": 0.07142899999999999,