{"PH140108002": {"water_access": 99.230769, "food_tenure": 41.666667, "shelter_informal_settlers_nhts": 1.538462, "health_center_attendance": 27.097902, "educ_outofschool_all": 15.03268, "work_unemployment": 50.282486, "po_conflict": 0.769231, "participation_assembly_attendance": "", "sp_sss": 99.638989, "he_risk": 9.017237, "shelter_electricity": 32.30769231, "health_center_attendance.1": 27.097902100000002, "work_farms": 53.97727273, "work_unskilled": 12.5, "health_programs": 34.61538462, "sp_philhealth": 34.61538462, "water_toilet": 44.61538462, "shelter_makeshift_nhts": 1.5384615380000002, "food_malnourished": "", "health_child_death": "", "health_maternal_death": "", "he_flood": 0.0, "he_volcano": 0.0, "he_landslide": 0.001056, "he_earthquake": 0.0, "name": "Benben (Bonbon)"}, "PH140108003": {"water_access": 15.57971, "food_tenure": 8.333333, "shelter_informal_settlers_nhts": 1.811594, "health_center_attendance": 34.548336, "educ_outofschool_all": 6.143345, "work_unemployment": 52.643947999999995, "po_conflict": 0.0, "participation_assembly_attendance": "", "sp_sss": 98.36956500000001, "he_risk": 0.029182, "shelter_electricity": 17.02898551, "health_center_attendance.1": 34.54833597, "work_farms": 50.86848635, "work_unskilled": 16.37717122, "health_programs": 27.17391304, "sp_philhealth": 27.17391304, "water_toilet": 17.02898551, "shelter_makeshift_nhts": 0.362318841, "food_malnourished": "", "health_child_death": "", "health_maternal_death": "", "he_flood": 1e-06, "he_volcano": 0.0, "he_landslide": 0.0, "he_earthquake": 0.0, "name": "Bulbulala"}, "PH140108004": {"water_access": 80.909091, "food_tenure": 17.346939000000003, "shelter_informal_settlers_nhts": 2.727273, "health_center_attendance": 28.738318, "educ_outofschool_all": 11.836735000000001, "work_unemployment": 52.80528100000001, "po_conflict": 0.0, "participation_assembly_attendance": "", "sp_sss": 98.56303100000001, "he_risk": 1.444553, "shelter_electricity": 12.72727273, "health_center_attendance.1": 28.73831776, "work_farms": 51.28205128, "work_unskilled": 22.14452214, "health_programs": 20.90909091, "sp_philhealth": 20.90909091, "water_toilet": 32.12121212, "shelter_makeshift_nhts": 1.0606060609999999, "food_malnourished": "", "health_child_death": "", "health_maternal_death": "", "he_flood": 0.0, "he_volcano": 0.0, "he_landslide": 0.001056, "he_earthquake": 0.0, "name": "Buli"}, "PH140108005": {"water_access": 34.146341, "food_tenure": 5.504587, "shelter_informal_settlers_nhts": 0.348432, "health_center_attendance": 65.169492, "educ_outofschool_all": 3.524229, "work_unemployment": 51.001178, "po_conflict": 0.0, "participation_assembly_attendance": "", "sp_sss": 99.49422, "he_risk": 8.459447, "shelter_electricity": 5.574912892, "health_center_attendance.1": 65.16949153, "work_farms": 37.74038462, "work_unskilled": 19.47115385, "health_programs": 25.08710801, "sp_philhealth": 25.08710801, "water_toilet": 9.756097561, "shelter_makeshift_nhts": 1.045296167, "food_malnourished": "", "health_child_death": "", "health_maternal_death": "", "he_flood": 0.0, "he_volcano": 0.0, "he_landslide": 0.001056, "he_earthquake": 0.0, "name": "Canan (Gapan)"}, "PH140108006": {"water_access": 55.156951, "food_tenure": 5.426357, "shelter_informal_settlers_nhts": 0.0, "health_center_attendance": 24.894068, "educ_outofschool_all": 6.25, "work_unemployment": 48.012719, "po_conflict": 0.0, "participation_assembly_attendance": "", "sp_sss": 99.280576, "he_risk": 1.437116, "shelter_electricity": 27.35426009, "health_center_attendance.1": 24.894067800000002, "work_farms": 44.95412844, "work_unskilled": 23.24159021, "health_programs": 30.49327354, "sp_philhealth": 30.49327354, "water_toilet": 43.04932735, "shelter_makeshift_nhts": 1.121076233, "food_malnourished": "", "health_child_death": "", "health_maternal_death": "", "he_flood": 0.0, "he_volcano": 0.0, "he_landslide": 0.01251, "he_earthquake": 0.0, "name": "Liguis"}, "PH140108007": {"water_access": 71.84466, "food_tenure": 11.702128, "shelter_informal_settlers_nhts": 0.970874, "health_center_attendance": 41.557377, "educ_outofschool_all": 6.360424, "work_unemployment": 50.0, "po_conflict": 0.323625, "participation_assembly_attendance": "", "sp_sss": 98.28101600000001, "he_risk": 1.999871, "shelter_electricity": 20.71197411, "health_center_attendance.1": 41.55737705, "work_farms": 55.52825553, "work_unskilled": 20.39312039, "health_programs": 20.38834951, "sp_philhealth": 20.38834951, "water_toilet": 44.01294498, "shelter_makeshift_nhts": 1.1326860840000001, "food_malnourished": "", "health_child_death": "", "health_maternal_death": "", "he_flood": 0.0, "he_volcano": 0.0, "he_landslide": 0.001056, "he_earthquake": 0.0, "name": "Malabbaga"}, "PH140108008": {"water_access": 18.374558, "food_tenure": 0.0, "shelter_informal_settlers_nhts": 1.4134280000000001, "health_center_attendance": 59.369527000000005, "educ_outofschool_all": 4.4, "work_unemployment": 46.701164, "po_conflict": 0.0, "participation_assembly_attendance": "", "sp_sss": 99.05579399999999, "he_risk": 9.135381, "shelter_electricity": 13.78091873, "health_center_attendance.1": 59.36952715, "work_farms": 25.72815534, "work_unskilled": 36.16504854, "health_programs": 35.33568905, "sp_philhealth": 35.33568905, "water_toilet": 32.50883392, "shelter_makeshift_nhts": 4.2402826860000005, "food_malnourished": "", "health_child_death": "", "health_maternal_death": "", "he_flood": 0.0, "he_volcano": 0.0, "he_landslide": 0.001056, "he_earthquake": 0.0, "name": "Mudeng"}, "PH140108009": {"water_access": 5.978261, "food_tenure": 17.948718, "shelter_informal_settlers_nhts": 0.0, "health_center_attendance": 76.83544300000001, "educ_outofschool_all": 2.923977, "work_unemployment": 47.787611, "po_conflict": 0.0, "participation_assembly_attendance": "", "sp_sss": 98.676294, "he_risk": 9.030757000000001, "shelter_electricity": 10.32608696, "health_center_attendance.1": 76.83544304, "work_farms": 32.88135593, "work_unskilled": 24.06779661, "health_programs": 20.65217391, "sp_philhealth": 20.65217391, "water_toilet": 15.2173913, "shelter_makeshift_nhts": 2.173913043, "food_malnourished": "", "health_child_death": "", "health_maternal_death": "", "he_flood": 1e-06, "he_volcano": 0.0, "he_landslide": 0.001056, "he_earthquake": 0.0, "name": "Pidipid"}, "PH140108010": {"water_access": 24.161074, "food_tenure": 14.893617, "shelter_informal_settlers_nhts": 1.6778520000000001, "health_center_attendance": 58.744206000000005, "educ_outofschool_all": 10.458716, "work_unemployment": 57.05368299999999, "po_conflict": 0.0, "participation_assembly_attendance": "", "sp_sss": 98.69983, "he_risk": 0.871775, "shelter_electricity": 9.395973154, "health_center_attendance.1": 58.74420565, "work_farms": 31.97674419, "work_unskilled": 28.9244186, "health_programs": 11.40939597, "sp_philhealth": 11.40939597, "water_toilet": 15.93959732, "shelter_makeshift_nhts": 2.013422819, "food_malnourished": "", "health_child_death": "", "health_maternal_death": "", "he_flood": 0.0, "he_volcano": 0.0, "he_landslide": 0.0, "he_earthquake": 0.0, "name": "Poblacion"}, "PH140108011": {"water_access": 1.2269940000000001, "food_tenure": 1.666667, "shelter_informal_settlers_nhts": 0.306748, "health_center_attendance": 77.138531, "educ_outofschool_all": 5.098039, "work_unemployment": 45.957446999999995, "po_conflict": 0.0, "participation_assembly_attendance": "", "sp_sss": 99.56331899999999, "he_risk": 9.121093, "shelter_electricity": 9.81595092, "health_center_attendance.1": 77.13853142, "work_farms": 25.98425197, "work_unskilled": 28.74015748, "health_programs": 33.43558282, "sp_philhealth": 33.43558282, "water_toilet": 24.5398773, "shelter_makeshift_nhts": 0.7668711659999999, "food_malnourished": "", "health_child_death": "", "health_maternal_death": "", "he_flood": 0.0, "he_volcano": 0.0, "he_landslide": 0.001056, "he_earthquake": 0.0, "name": "San Gregorio"}, "PH140108012": {"water_access": 87.05357099999999, "food_tenure": 18.181818,