{"PH144410002": {"water_access": 9.333333, "food_tenure": 100.0, "shelter_informal_settlers_nhts": 0.44444399999999995, "health_center_attendance": 71.117166, "educ_outofschool_all": 1.843318, "work_unemployment": 42.239186, "po_conflict": 0.0, "participation_assembly_attendance": "", "sp_sss": 0.9409749999999946, "he_risk": 27.333021000000002, "shelter_electricity": 2.222222222, "health_center_attendance.1": 71.11716621, "work_farms": 27.53303965, "work_unskilled": 37.66519824, "health_programs": 31.55555556, "sp_philhealth": 68.44444444, "water_toilet": 0.444444444, "shelter_makeshift_nhts": 0.222222222, "food_malnourished": "", "health_child_death": "", "health_maternal_death": "", "he_flood": 0.0, "he_volcano": 0.0, "he_landslide": 0.04872, "he_earthquake": 0.0, "name": "Balaoa"}, "PH144410003": {"water_access": 13.939394, "food_tenure": 10.975610000000001, "shelter_informal_settlers_nhts": 1.818182, "health_center_attendance": 42.822086, "educ_outofschool_all": 10.982659, "work_unemployment": 36.15917, "po_conflict": 0.606061, "participation_assembly_attendance": "", "sp_sss": 0.3177969999999988, "he_risk": 1.931461, "shelter_electricity": 3.6363636360000005, "health_center_attendance.1": 42.82208589, "work_farms": 40.6504065, "work_unskilled": 43.90243902, "health_programs": 37.57575758, "sp_philhealth": 62.42424242, "water_toilet": 0.606060606, "shelter_makeshift_nhts": 0.303030303, "food_malnourished": "", "health_child_death": "", "health_maternal_death": "", "he_flood": 0.0, "he_volcano": 0.0, "he_landslide": 0.048456, "he_earthquake": 0.0, "name": "Banaao"}, "PH144410004": {"water_access": 32.307691999999996, "food_tenure": 100.0, "shelter_informal_settlers_nhts": 0.769231, "health_center_attendance": 87.856072, "educ_outofschool_all": 11.83432, "work_unemployment": 39.179953999999995, "po_conflict": 0.0, "participation_assembly_attendance": "", "sp_sss": 1.3831260000000043, "he_risk": 0.7894899999999999, "shelter_electricity": 2.307692308, "health_center_attendance.1": 87.85607196, "work_farms": 37.82771536, "work_unskilled": 27.71535581, "health_programs": 23.84615385, "sp_philhealth": 76.15384614999999, "water_toilet": 0.7692307690000001, "shelter_makeshift_nhts": 0.0, "food_malnourished": "", "health_child_death": "", "health_maternal_death": "", "he_flood": 0.0, "he_volcano": 0.0, "he_landslide": 0.048667, "he_earthquake": 0.0, "name": "Bantey"}, "PH144410005": {"water_access": 11.333333, "food_tenure": 95.55555600000001, "shelter_informal_settlers_nhts": 1.333333, "health_center_attendance": 88.396947, "educ_outofschool_all": 9.923664, "work_unemployment": 33.901919, "po_conflict": 0.0, "participation_assembly_attendance": "", "sp_sss": 1.8416209999999893, "he_risk": 1.6384470000000002, "shelter_electricity": 6.0, "health_center_attendance.1": 88.39694656, "work_farms": 28.06451613, "work_unskilled": 26.77419355, "health_programs": 40.0, "sp_philhealth": 60.0, "water_toilet": 2.666666667, "shelter_makeshift_nhts": 0.0, "food_malnourished": "", "health_child_death": "", "health_maternal_death": "", "he_flood": 0.0, "he_volcano": 0.0, "he_landslide": 0.048562, "he_earthquake": 0.0, "name": "Batayan"}, "PH144410006": {"water_access": 16.339869, "food_tenure": 100.0, "shelter_informal_settlers_nhts": 0.0, "health_center_attendance": 77.14701600000001, "educ_outofschool_all": 7.407407000000001, "work_unemployment": 42.825607, "po_conflict": 0.0, "participation_assembly_attendance": "", "sp_sss": 1.203007999999997, "he_risk": 17.368688, "shelter_electricity": 2.614379085, "health_center_attendance.1": 77.14701601, "work_farms": 24.71042471, "work_unskilled": 54.05405405, "health_programs": 43.1372549, "sp_philhealth": 56.8627451, "water_toilet": 3.2679738560000002, "shelter_makeshift_nhts": 1.307189542, "food_malnourished": "", "health_child_death": "", "health_maternal_death": "", "he_flood": 0.0, "he_volcano": 0.0, "he_landslide": 0.012034999999999999, "he_earthquake": 0.0, "name": "Bunga"}, "PH144410007": {"water_access": 29.302326, "food_tenure": 50.0, "shelter_informal_settlers_nhts": 0.930233, "health_center_attendance": 74.52006999999999, "educ_outofschool_all": 8.250825, "work_unemployment": 37.123288, "po_conflict": 0.465116, "participation_assembly_attendance": "", "sp_sss": 1.3821140000000014, "he_risk": 4.271605, "shelter_electricity": 6.046511627999999, "health_center_attendance.1": 74.52006981, "work_farms": 42.04793028, "work_unskilled": 47.27668845, "health_programs": 32.55813953, "sp_philhealth": 67.44186047, "water_toilet": 2.7906976739999996, "shelter_makeshift_nhts": 0.0, "food_malnourished": "", "health_child_death": "", "health_maternal_death": "", "he_flood": 0.0, "he_volcano": 0.0, "he_landslide": 0.193877, "he_earthquake": 0.0, "name": "Cadad-anan"}, "PH144410008": {"water_access": 45.142857, "food_tenure": 52.12766, "shelter_informal_settlers_nhts": 1.714286, "health_center_attendance": 71.39451700000001, "educ_outofschool_all": 7.857142999999999, "work_unemployment": 40.191388, "po_conflict": 0.0, "participation_assembly_attendance": "", "sp_sss": 1.3736260000000016, "he_risk": 1.042987, "shelter_electricity": 2.857142857, "health_center_attendance.1": 71.39451728, "work_farms": 32.26666667, "work_unskilled": 43.73333333, "health_programs": 32.0, "sp_philhealth": 68.0, "water_toilet": 0.571428571, "shelter_makeshift_nhts": 0.0, "food_malnourished": "", "health_child_death": "", "health_maternal_death": "", "he_flood": 0.0, "he_volcano": 0.0, "he_landslide": 0.011454, "he_earthquake": 0.0, "name": "Cagubatan"}, "PH144410009": {"water_access": 6.4102559999999995, "food_tenure": 97.368421, "shelter_informal_settlers_nhts": 0.0, "health_center_attendance": 94.153846, "educ_outofschool_all": 14.102564000000001, "work_unemployment": 37.5, "po_conflict": 0.0, "participation_assembly_attendance": "", "sp_sss": 0.6802720000000022, "he_risk": 2.202881, "shelter_electricity": 1.282051282, "health_center_attendance.1": 94.15384615, "work_farms": 31.11111111, "work_unskilled": 30.37037037, "health_programs": 37.17948718, "sp_philhealth": 62.82051282, "water_toilet": 2.564102564, "shelter_makeshift_nhts": 0.0, "food_malnourished": "", "health_child_death": "", "health_maternal_death": "", "he_flood": 0.0, "he_volcano": 0.0, "he_landslide": 0.04872, "he_earthquake": 0.0, "name": "Duagan"}, "PH144410010": {"water_access": 17.142857, "food_tenure": 14.782608999999999, "shelter_informal_settlers_nhts": 0.408163, "health_center_attendance": 70.765987, "educ_outofschool_all": 3.197674, "work_unemployment": 45.750262, "po_conflict": 0.0, "participation_assembly_attendance": "", "sp_sss": 1.139961999999997, "he_risk": 11.479772, "shelter_electricity": 2.040816327, "health_center_attendance.1": 70.76598735, "work_farms": 31.72147002, "work_unskilled": 49.903288200000006, "health_programs": 25.71428571, "sp_philhealth": 74.28571429, "water_toilet": 0.408163265, "shelter_makeshift_nhts": 0.0, "food_malnourished": "", "health_child_death": "", "health_maternal_death": "", "he_flood": 0.0, "he_volcano": 0.0, "he_landslide": 0.048667, "he_earthquake": 0.0, "name": "Dacudac"}, "PH144410011": {"water_access": 22.815534, "food_tenure": 0.0, "shelter_informal_settlers_nhts": 0.970874, "health_center_attendance": 75.120773, "educ_outofschool_all": 6.369427, "work_unemployment": 42.105263, "po_conflict": 0.485437, "participation_assembly_attendance": "", "sp_sss": 1.0909089999999964, "he_risk": 17.376094000000002, "shelter_electricity": 2.9126213589999996, "health_center_attendance.1": 75.12077295, "work_farms": 20.73863636, "work_unskilled": 36.93181818, "health_programs": 42.23300971, "sp_philhealth": 57.76699029, "water_toilet": 0.970873786, "shelter_makeshift_nhts": 0.0, "food_malnourished": "", "health_child_death": "", "health_maternal_death": "", "he_flood": 0.0, "he_volcano": 0.0, "he_landslide": 0.011876000000000001, "he_earthquake": 0.0, "name": "Kayan East"}, "PH144410012": {"water_access": 12.056738000000001,