{"PH141105001": {"water_access": 44.113842, "food_tenure": 64.24580999999999, "shelter_informal_settlers_nhts": 1.034929, "health_center_attendance": 16.183412, "educ_outofschool_all": 3.6971830000000003, "work_unemployment": 31.044487, "po_conflict": 0.0, "participation_assembly_attendance": 95.911111, "sp_sss": 98.074074, "he_risk": 31.709893, "shelter_electricity": 0.905562743, "health_center_attendance.1": 16.183412, "work_farms": 21.80925666, "work_unskilled": 30.01402525, "health_programs": 75.29107374, "sp_philhealth": 75.29107374, "water_toilet": 9.314359637999999, "shelter_makeshift_nhts": 0.129366106, "food_malnourished": 0.30000001, "health_child_death": 0.30000001, "health_maternal_death": 0.0, "he_flood": 0.0, "he_volcano": 0.0, "he_landslide": 0.011613, "he_earthquake": 0.0, "name": "Abatan"}, "PH141105002": {"water_access": 71.195652, "food_tenure": 68.75, "shelter_informal_settlers_nhts": 0.407609, "health_center_attendance": 6.206053, "educ_outofschool_all": 6.656347, "work_unemployment": 28.860215000000004, "po_conflict": 0.13587, "participation_assembly_attendance": 95.890805, "sp_sss": 99.166667, "he_risk": 37.212917, "shelter_electricity": 5.8423913039999995, "health_center_attendance.1": 6.206053195, "work_farms": 41.59613059, "work_unskilled": 35.79201935, "health_programs": 50.54347826, "sp_philhealth": 50.54347826, "water_toilet": 14.67391304, "shelter_makeshift_nhts": 0.0, "food_malnourished": 0.0, "health_child_death": 0.0, "health_maternal_death": 0.0, "he_flood": 0.0, "he_volcano": 0.0, "he_landslide": 0.048244999999999996, "he_earthquake": 0.0, "name": "Amgaleyguey"}, "PH141105003": {"water_access": 14.644351, "food_tenure": 17.241379000000002, "shelter_informal_settlers_nhts": 0.0, "health_center_attendance": 37.244444, "educ_outofschool_all": 5.963303, "work_unemployment": 26.896112, "po_conflict": 7.740586, "participation_assembly_attendance": 90.933817, "sp_sss": 99.00272, "he_risk": 28.564048, "shelter_electricity": 15.06276151, "health_center_attendance.1": 37.24444444, "work_farms": 41.23801221, "work_unskilled": 47.60244115, "health_programs": 34.72803347, "sp_philhealth": 34.72803347, "water_toilet": 22.17573222, "shelter_makeshift_nhts": 0.0, "food_malnourished": 0.40000001, "health_child_death": 0.0, "health_maternal_death": 0.0, "he_flood": 0.0, "he_volcano": 0.0, "he_landslide": 0.04872, "he_earthquake": 0.0, "name": "Amlimay"}, "PH141105004": {"water_access": 19.122807, "food_tenure": 34.237288, "shelter_informal_settlers_nhts": 0.175439, "health_center_attendance": 16.245487, "educ_outofschool_all": 10.03861, "work_unemployment": 26.409314000000002, "po_conflict": 0.0, "participation_assembly_attendance": 94.492441, "sp_sss": 99.316055, "he_risk": 32.233273, "shelter_electricity": 11.92982456, "health_center_attendance.1": 16.24548736, "work_farms": 44.46294754, "work_unskilled": 44.04662781, "health_programs": 62.80701754, "sp_philhealth": 62.80701754, "water_toilet": 41.57894737, "shelter_makeshift_nhts": 0.175438596, "food_malnourished": 0.0, "health_child_death": 0.0, "health_maternal_death": 0.0, "he_flood": 0.0, "he_volcano": 0.0, "he_landslide": 0.048509, "he_earthquake": 0.0, "name": "Baculongan Norte"}, "PH141105006": {"water_access": 5.754615, "food_tenure": 6.6666669999999995, "shelter_informal_settlers_nhts": 0.43431099999999995, "health_center_attendance": 18.293007, "educ_outofschool_all": 4.896907, "work_unemployment": 31.549190000000003, "po_conflict": 0.0, "participation_assembly_attendance": 93.086681, "sp_sss": 98.794926, "he_risk": 38.651746, "shelter_electricity": 3.3659066230000003, "health_center_attendance.1": 18.29300718, "work_farms": 42.23568282, "work_unskilled": 39.15198238, "health_programs": 75.35287731, "sp_philhealth": 75.35287731, "water_toilet": 22.58414767, "shelter_makeshift_nhts": 0.0, "food_malnourished": 0.0, "health_child_death": 0.60000002, "health_maternal_death": 0.0, "he_flood": 0.0, "he_volcano": 0.0, "he_landslide": 0.04835, "he_earthquake": 0.0, "name": "Bangao"}, "PH141105007": {"water_access": 75.10791400000001, "food_tenure": 29.078014000000003, "shelter_informal_settlers_nhts": 0.719424, "health_center_attendance": 13.582989999999999, "educ_outofschool_all": 11.505922, "work_unemployment": 30.109409000000003, "po_conflict": 0.14388499999999999, "participation_assembly_attendance": 98.075767, "sp_sss": 98.91761899999999, "he_risk": 50.545929, "shelter_electricity": 3.597122302, "health_center_attendance.1": 13.58298953, "work_farms": 38.57232311, "work_unskilled": 36.50594865, "health_programs": 53.09352518, "sp_philhealth": 53.09352518, "water_toilet": 12.08633094, "shelter_makeshift_nhts": 0.0, "food_malnourished": 0.0, "health_child_death": 0.0, "health_maternal_death": 0.0, "he_flood": 0.0, "he_volcano": 0.0, "he_landslide": 0.04872, "he_earthquake": 0.0, "name": "Buyacaoan"}, "PH141105008": {"water_access": 13.541667000000002, "food_tenure": 18.181818, "shelter_informal_settlers_nhts": 0.0, "health_center_attendance": 22.436671, "educ_outofschool_all": 6.217617, "work_unemployment": 28.16092, "po_conflict": 0.0, "participation_assembly_attendance": 87.62254899999999, "sp_sss": 99.38725500000001, "he_risk": 2.0224889999999998, "shelter_electricity": 12.5, "health_center_attendance.1": 22.43667069, "work_farms": 46.13333333, "work_unskilled": 44.26666667, "health_programs": 57.29166667, "sp_philhealth": 57.29166667, "water_toilet": 52.60416667, "shelter_makeshift_nhts": 1.041666667, "food_malnourished": 0.0, "health_child_death": 0.0, "health_maternal_death": 0.0, "he_flood": 0.0, "he_volcano": 0.0, "he_landslide": 0.04872, "he_earthquake": 0.0, "name": "Calamagan"}, "PH141105009": {"water_access": 6.1588330000000004, "food_tenure": 28.151260999999998, "shelter_informal_settlers_nhts": 0.32414899999999996, "health_center_attendance": 45.414252000000005, "educ_outofschool_all": 6.18238, "work_unemployment": 26.274714000000003, "po_conflict": 0.162075, "participation_assembly_attendance": 94.24, "sp_sss": 99.008, "he_risk": 2.480444, "shelter_electricity": 20.25931929, "health_center_attendance.1": 45.41425162, "work_farms": 43.18983769, "work_unskilled": 42.83697953, "health_programs": 35.17017828, "sp_philhealth": 35.17017828, "water_toilet": 40.51863857, "shelter_makeshift_nhts": 0.0, "food_malnourished": 0.0, "health_child_death": 0.30000001, "health_maternal_death": 0.0, "he_flood": 0.0, "he_volcano": 0.0, "he_landslide": 0.04835, "he_earthquake": 0.0, "name": "Catlubong"}, "PH141105010": {"water_access": 6.468172, "food_tenure": 25.45156, "shelter_informal_settlers_nhts": 0.10266900000000001, "health_center_attendance": 15.277454999999998, "educ_outofschool_all": 8.896396000000001, "work_unemployment": 28.536921999999997, "po_conflict": 0.0, "participation_assembly_attendance": 94.640821, "sp_sss": 99.087799, "he_risk": 29.288520000000002, "shelter_electricity": 2.9774127310000003, "health_center_attendance.1": 15.27745531, "work_farms": 39.49782714, "work_unskilled": 40.36697248, "health_programs": 68.48049281, "sp_philhealth": 68.48049281, "water_toilet": 25.56468172, "shelter_makeshift_nhts": 0.20533880899999998, "food_malnourished": 0.2, "health_child_death": 0.69999999, "health_maternal_death": 0.0, "he_flood": 0.0, "he_volcano": 0.0, "he_landslide": 0.048298, "he_earthquake": 0.0, "name": "Loo"}, "PH141105012": {"water_access": 66.907776, "food_tenure": 28.248588, "shelter_informal_settlers_nhts": 0.542495, "health_center_attendance": 12.343687, "educ_outofschool_all": 7.5, "work_unemployment": 22.520908, "po_conflict": 0.180832, "participation_assembly_attendance": 95.318352, "sp_sss": 99.775281, "he_risk": 22.110895000000003, "shelter_electricity": 5.424954792, "health_center_attendance.1": 12.34368697, "work_farms": 43.94757132, "work_unskilled": 40.94063223, "health_programs": 66.36528029, "sp_philhealth": 66.36528029, "water_toilet": 20.79566004, "shelter_makeshift_nhts": 0.0, "food_malnourished": 0.30000001,