{"PH142707001": {"water_access": 0.0, "food_tenure": 16.666667, "shelter_informal_settlers_nhts": 0.0, "health_center_attendance": 51.830443, "educ_outofschool_all": 7.0, "work_unemployment": 41.961853000000005, "po_conflict": 0.0, "participation_assembly_attendance": 84.65704000000001, "sp_sss": 0.5415160000000014, "he_risk": 0.872094, "shelter_electricity": 3.1496062989999998, "health_center_attendance.1": 51.83044316, "work_farms": 16.90140845, "work_unskilled": 53.05164319, "health_programs": 65.35433071, "sp_philhealth": 34.64566929, "water_toilet": 1.57480315, "shelter_makeshift_nhts": 1.181102362, "food_malnourished": "", "health_child_death": "", "health_maternal_death": "", "he_flood": 1e-06, "he_volcano": 0.0, "he_landslide": 0.000792, "he_earthquake": 0.0, "name": "Bangar"}, "PH142707002": {"water_access": 4.026846, "food_tenure": 82.45614, "shelter_informal_settlers_nhts": 0.671141, "health_center_attendance": 42.968143, "educ_outofschool_all": 11.742424, "work_unemployment": 39.930955, "po_conflict": 0.0, "participation_assembly_attendance": 90.75179, "sp_sss": 0.6563249999999954, "he_risk": 0.868041, "shelter_electricity": 11.40939597, "health_center_attendance.1": 42.96814297, "work_farms": 24.32950192, "work_unskilled": 42.52873563, "health_programs": 68.79194631, "sp_philhealth": 31.20805369, "water_toilet": 13.75838926, "shelter_makeshift_nhts": 0.838926174, "food_malnourished": "", "health_child_death": "", "health_maternal_death": "", "he_flood": 0.0, "he_volcano": 0.0, "he_landslide": 0.000792, "he_earthquake": 0.0, "name": "Busilac"}, "PH142707003": {"water_access": 2.097902, "food_tenure": 76.363636, "shelter_informal_settlers_nhts": 2.7972029999999997, "health_center_attendance": 72.41866999999999, "educ_outofschool_all": 8.391608, "work_unemployment": 38.4, "po_conflict": 0.0, "participation_assembly_attendance": 84.10104, "sp_sss": 1.04011899999999, "he_risk": 16.471275, "shelter_electricity": 4.895104895, "health_center_attendance.1": 72.41867044, "work_farms": 25.64935065, "work_unskilled": 47.72727273, "health_programs": 58.74125874, "sp_philhealth": 41.25874126, "water_toilet": 6.293706294, "shelter_makeshift_nhts": 0.34965035, "food_malnourished": "", "health_child_death": "", "health_maternal_death": "", "he_flood": 0.0, "he_volcano": 0.0, "he_landslide": 0.000792, "he_earthquake": 0.0, "name": "Calimag"}, "PH142707004": {"water_access": 5.095541000000001, "food_tenure": 75.80645200000001, "shelter_informal_settlers_nhts": 2.547771, "health_center_attendance": 37.347767, "educ_outofschool_all": 19.444444, "work_unemployment": 43.220339, "po_conflict": 0.636943, "participation_assembly_attendance": 83.473054, "sp_sss": 1.5568859999999916, "he_risk": 17.690561, "shelter_electricity": 9.554140127, "health_center_attendance.1": 37.34776725, "work_farms": 41.04477612, "work_unskilled": 29.10447761, "health_programs": 63.69426752, "sp_philhealth": 36.30573248, "water_toilet": 17.19745223, "shelter_makeshift_nhts": 3.821656051, "food_malnourished": "", "health_child_death": "", "health_maternal_death": "", "he_flood": 0.0, "he_volcano": 0.0, "he_landslide": 0.000792, "he_earthquake": 0.0, "name": "Calupaan"}, "PH142707005": {"water_access": 7.428571000000001, "food_tenure": 9.183672999999999, "shelter_informal_settlers_nhts": 1.142857, "health_center_attendance": 56.618911, "educ_outofschool_all": 11.111111, "work_unemployment": 36.19403, "po_conflict": 0.571429, "participation_assembly_attendance": 90.869328, "sp_sss": 1.2575180000000046, "he_risk": 18.730952, "shelter_electricity": 9.142857142999999, "health_center_attendance.1": 56.61891117, "work_farms": 48.24561404, "work_unskilled": 34.06432749, "health_programs": 45.14285714, "sp_philhealth": 54.85714286, "water_toilet": 49.42857143, "shelter_makeshift_nhts": 0.28571428600000004, "food_malnourished": "", "health_child_death": "", "health_maternal_death": "", "he_flood": 0.0, "he_volcano": 0.0, "he_landslide": 0.000792, "he_earthquake": 0.07142899999999999, "name": "Caragasan"}, "PH142707006": {"water_access": 6.10687, "food_tenure": 21.176471, "shelter_informal_settlers_nhts": 0.0, "health_center_attendance": 81.94945799999999, "educ_outofschool_all": 7.476636, "work_unemployment": 30.534351, "po_conflict": 0.0, "participation_assembly_attendance": 91.147994, "sp_sss": 1.2448129999999935, "he_risk": 17.15541, "shelter_electricity": 14.50381679, "health_center_attendance.1": 81.94945848, "work_farms": 31.13553114, "work_unskilled": 46.15384615, "health_programs": 69.46564886, "sp_philhealth": 30.53435114, "water_toilet": 25.19083969, "shelter_makeshift_nhts": 0.0, "food_malnourished": "", "health_child_death": "", "health_maternal_death": "", "he_flood": 0.0, "he_volcano": 0.0, "he_landslide": 0.000792, "he_earthquake": 0.0, "name": "Dolowog"}, "PH142707007": {"water_access": 8.816121, "food_tenure": 93.785311, "shelter_informal_settlers_nhts": 0.503778, "health_center_attendance": 55.788249, "educ_outofschool_all": 14.56044, "work_unemployment": 44.836717, "po_conflict": 1.007557, "participation_assembly_attendance": 95.838809, "sp_sss": 0.7884360000000044, "he_risk": 18.424324, "shelter_electricity": 22.16624685, "health_center_attendance.1": 55.78824898, "work_farms": 35.84, "work_unskilled": 46.08, "health_programs": 66.49874055, "sp_philhealth": 33.501259450000006, "water_toilet": 46.59949622, "shelter_makeshift_nhts": 0.377833753, "food_malnourished": "", "health_child_death": "", "health_maternal_death": "", "he_flood": 0.0, "he_volcano": 0.0, "he_landslide": 0.000792, "he_earthquake": 0.0, "name": "Kiling"}, "PH142707008": {"water_access": 13.970588000000001, "food_tenure": 71.73913, "shelter_informal_settlers_nhts": 0.0, "health_center_attendance": 95.354151, "educ_outofschool_all": 5.714286, "work_unemployment": 36.807095000000004, "po_conflict": 0.0, "participation_assembly_attendance": 88.56, "sp_sss": 1.0400000000000063, "he_risk": 11.031485, "shelter_electricity": 11.02941176, "health_center_attendance.1": 95.35415079999999, "work_farms": 38.94736842, "work_unskilled": 38.59649123, "health_programs": 55.51470588, "sp_philhealth": 44.48529412, "water_toilet": 24.26470588, "shelter_makeshift_nhts": 0.367647059, "food_malnourished": "", "health_child_death": "", "health_maternal_death": "", "he_flood": 0.0, "he_volcano": 0.0, "he_landslide": 0.011085, "he_earthquake": 0.0, "name": "Namnama"}, "PH142707009": {"water_access": 1.496259, "food_tenure": 0.0, "shelter_informal_settlers_nhts": 0.997506, "health_center_attendance": 46.857143, "educ_outofschool_all": 17.210682000000002, "work_unemployment": 49.959184, "po_conflict": 0.0, "participation_assembly_attendance": 90.081154, "sp_sss": 2.028855000000007, "he_risk": 31.227688, "shelter_electricity": 8.97755611, "health_center_attendance.1": 46.85714286, "work_farms": 22.34910277, "work_unskilled": 30.8319739, "health_programs": 69.07730673, "sp_philhealth": 30.922693269999996, "water_toilet": 8.97755611, "shelter_makeshift_nhts": 2.119700748, "food_malnourished": "", "health_child_death": "", "health_maternal_death": "", "he_flood": 0.0, "he_volcano": 0.0, "he_landslide": 0.000792, "he_earthquake": 0.0, "name": "Namillangan"}, "PH142707010": {"water_access": 5.521472, "food_tenure": 51.186944, "shelter_informal_settlers_nhts": 0.6134970000000001, "health_center_attendance": 93.17867, "educ_outofschool_all": 5.405405, "work_unemployment": 38.597403, "po_conflict": 0.0, "participation_assembly_attendance": 94.591114, "sp_sss": 1.191243, "he_risk": 1.4320899999999999, "shelter_electricity": 13.34355828, "health_center_attendance.1": 93.17867036, "work_farms": 46.61590525, "work_unskilled": 31.47208122, "health_programs": 65.95092025, "sp_philhealth": 34.049079750000004, "water_toilet": 21.779141100000004, "shelter_makeshift_nhts": 0.23006135, "food_malnourished": "", "health_child_death": "", "health_maternal_death": "", "he_flood": 0.0, "he_volcano": 0.0, "he_landslide": 0.000792, "he_earthquake": 0.0,