{"PH141113001": {"Water_Prop": 77.325581, "Food_Prop": 56.25, "Shelter_Prop": 4.457364, "Health_Prop": 22.580645, "Education_Prop": 11.545988000000001, "Work_Prop": 34.696332, "Peace_Prop": 4.069767, "Participation_Prop": 92.875105, "SocialProtection_Prop": 98.365465, "Environment_Prop": 24.24565, "shelter_electricity": 54.45736434, "health_center_attendance": 22.58064516, "work_farms": 38.85819521, "work_unskilled": 46.13259669, "health_programs": 50.3875969, "sp_philhealth": 50.3875969, "water_toilet": 34.10852713, "shelter_makeshift_nhts": 0.775193798, "food_malnourished": 0.89999998, "health_child_death": 0.0, "health_maternal_death": 0.0, "he_flood": 0.0, "he_volcano": 0.0, "he_landslide": 0.194616, "he_earthquake": 0.07142899999999999}, "PH141113002": {"Water_Prop": 95.07772, "Food_Prop": 22.580645, "Shelter_Prop": 1.2953370000000002, "Health_Prop": 17.223502, "Education_Prop": 5.988024, "Work_Prop": 35.390947, "Peace_Prop": 1.2953370000000002, "Participation_Prop": 90.524535, "SocialProtection_Prop": 98.533559, "Environment_Prop": 25.206344, "shelter_electricity": 20.98445596, "health_center_attendance": 17.2235023, "work_farms": 31.59235669, "work_unskilled": 38.47133758, "health_programs": 59.58549223, "sp_philhealth": 59.58549223, "water_toilet": 16.06217617, "shelter_makeshift_nhts": 0.259067358, "food_malnourished": 0.0, "health_child_death": 0.69999999, "health_maternal_death": 0.0, "he_flood": 0.0, "he_volcano": 0.0, "he_landslide": 0.193402, "he_earthquake": 0.07142899999999999}, "PH141113003": {"Water_Prop": 37.554584999999996, "Food_Prop": 7.142857000000001, "Shelter_Prop": 1.091703, "Health_Prop": 16.740873, "Education_Prop": 7.860262, "Work_Prop": 43.976684000000006, "Peace_Prop": 0.21834099999999998, "Participation_Prop": 99.10296, "SocialProtection_Prop": 98.564736, "Environment_Prop": 42.264927, "shelter_electricity": 17.2489083, "health_center_attendance": 16.74087266, "work_farms": 24.04624277, "work_unskilled": 41.84971098, "health_programs": 49.56331878, "sp_philhealth": 49.56331878, "water_toilet": 10.69868996, "shelter_makeshift_nhts": 1.746724891, "food_malnourished": 2.2, "health_child_death": 0.2, "health_maternal_death": 0.0, "he_flood": 0.0, "he_volcano": 0.0, "he_landslide": 0.803114, "he_earthquake": 0.214286}, "PH141113004": {"Water_Prop": 97.935103, "Food_Prop": 100.0, "Shelter_Prop": 1.548673, "Health_Prop": 7.5044770000000005, "Education_Prop": 6.6719, "Work_Prop": 39.580283, "Peace_Prop": 1.106195, "Participation_Prop": 98.654709, "SocialProtection_Prop": 98.514574, "Environment_Prop": 38.239902, "shelter_electricity": 5.309734513, "health_center_attendance": 7.50447664, "work_farms": 9.450726979, "work_unskilled": 31.94668821, "health_programs": 65.56047198, "sp_philhealth": 65.56047198, "water_toilet": 2.9498525069999997, "shelter_makeshift_nhts": 0.25811209399999996, "food_malnourished": 1.7, "health_child_death": 0.30000001, "health_maternal_death": 0.0, "he_flood": 0.0, "he_volcano": 0.0, "he_landslide": 0.801478, "he_earthquake": 0.07142899999999999}, "PH141113006": {"Water_Prop": 12.790697999999999, "Food_Prop": 16.666667, "Shelter_Prop": 1.162791, "Health_Prop": 19.843234, "Education_Prop": 5.440901, "Work_Prop": 40.662651000000004, "Peace_Prop": 0.38759699999999997, "Participation_Prop": 93.423757, "SocialProtection_Prop": 98.725853, "Environment_Prop": 3.591622, "shelter_electricity": 12.40310078, "health_center_attendance": 19.84323432, "work_farms": 17.05583756, "work_unskilled": 41.52284264, "health_programs": 76.74418605, "sp_philhealth": 76.74418605, "water_toilet": 10.07751938, "shelter_makeshift_nhts": 0.968992248, "food_malnourished": 2.7, "health_child_death": 0.0, "health_maternal_death": 0.0, "he_flood": 0.0, "he_volcano": 0.0, "he_landslide": 0.051359, "he_earthquake": 0.0}, "PH141113007": {"Water_Prop": 28.881738000000002, "Food_Prop": 50.0, "Shelter_Prop": 0.241352, "Health_Prop": 2.826494, "Education_Prop": 5.626598, "Work_Prop": 38.999009, "Peace_Prop": 0.482703, "Participation_Prop": 96.30398100000001, "SocialProtection_Prop": 98.469719, "Environment_Prop": 29.31983, "shelter_electricity": 7.320997586, "health_center_attendance": 2.826494126, "work_farms": 24.93907392, "work_unskilled": 26.60438668, "health_programs": 74.25583266, "sp_philhealth": 74.25583266, "water_toilet": 11.50442478, "shelter_makeshift_nhts": 0.522928399, "food_malnourished": 3.9000001, "health_child_death": 0.2, "health_maternal_death": 0.0, "he_flood": 0.0, "he_volcano": 0.0, "he_landslide": 0.203325, "he_earthquake": 0.14285699999999998}, "PH141113008": {"Water_Prop": 14.414414, "Food_Prop": 24.166667, "Shelter_Prop": 0.45045, "Health_Prop": 6.510682, "Education_Prop": 6.8062830000000005, "Work_Prop": 41.418440000000004, "Peace_Prop": 0.9009010000000001, "Participation_Prop": 82.229965, "SocialProtection_Prop": 99.21602800000001, "Environment_Prop": 6.262343, "shelter_electricity": 38.73873874, "health_center_attendance": 6.5106815870000005, "work_farms": 55.93220339, "work_unskilled": 23.48668281, "health_programs": 50.45045045, "sp_philhealth": 50.45045045, "water_toilet": 36.48648649, "shelter_makeshift_nhts": 0.900900901, "food_malnourished": 1.9, "health_child_death": 0.0, "health_maternal_death": 0.0, "he_flood": 0.0, "he_volcano": 0.0, "he_landslide": 0.19355999999999998, "he_earthquake": 0.0}, "PH141113009": {"Water_Prop": 7.604563000000001, "Food_Prop": 12.244898, "Shelter_Prop": 1.140684, "Health_Prop": 21.797005, "Education_Prop": 8.737864, "Work_Prop": 27.100592, "Peace_Prop": 3.422053, "Participation_Prop": 89.381153, "SocialProtection_Prop": 99.156118, "Environment_Prop": 11.949072, "shelter_electricity": 24.33460076, "health_center_attendance": 21.79700499, "work_farms": 42.20779221, "work_unskilled": 38.7987013, "health_programs": 55.89353612, "sp_philhealth": 55.89353612, "water_toilet": 22.81368821, "shelter_makeshift_nhts": 0.0, "food_malnourished": 3.3, "health_child_death": 1.5, "health_maternal_death": 0.0, "he_flood": 0.0, "he_volcano": 0.0, "he_landslide": 0.210029, "he_earthquake": 0.214286}, "PH141113010": {"Water_Prop": 17.361110999999998, "Food_Prop": 0.0, "Shelter_Prop": 0.694444, "Health_Prop": 9.134234, "Education_Prop": 4.693141000000001, "Work_Prop": 38.122172, "Peace_Prop": 0.347222, "Participation_Prop": 82.129278, "SocialProtection_Prop": 98.47908699999999, "Environment_Prop": 26.377959999999998, "shelter_electricity": 33.33333333, "health_center_attendance": 9.134233519, "work_farms": 54.47897623, "work_unskilled": 24.13162706, "health_programs": 62.84722222, "sp_philhealth": 62.84722222, "water_toilet": 29.51388889, "shelter_makeshift_nhts": 2.430555556, "food_malnourished": 0.0, "health_child_death": 0.0, "health_maternal_death": 0.0, "he_flood": 0.0, "he_volcano": 0.0, "he_landslide": 0.20417000000000002, "he_earthquake": 0.07142899999999999}, "PH141113011": {"Water_Prop": 20.882852, "Food_Prop": 54.545455000000004, "Shelter_Prop": 1.612903, "Health_Prop": 16.147973999999998, "Education_Prop": 5.750487000000001, "Work_Prop": 40.112835, "Peace_Prop": 5.008489, "Participation_Prop": 98.690671, "SocialProtection_Prop": 98.497247, "Environment_Prop": 36.825857, "shelter_electricity": 9.337860781, "health_center_attendance": 16.14797416, "work_farms": 12.05840791, "work_unskilled": 34.33820066, "health_programs": 62.56366723, "sp_philhealth": 62.56366723, "water_toilet": 6.960950764, "shelter_makeshift_nhts": 0.424448217, "food_malnourished": 0.30000001, "health_child_death": 0.2, "health_maternal_death": 0.0, "he_flood": 0.0, "he_volcano": 0.0, "he_landslide": 0.193244, "he_earthquake": 0.07142899999999999}, "PH141113012": {"Water_Prop": 14.909091, "Food_Prop": 0.0, "Shelter_Prop": 0.727273, "Health_Prop": 25.087413, "Education_Prop": 11.587983, "Work_Prop": 26.717557, "Peace_Prop": 0.363636, "Participation_Prop": "", "SocialProtection_Prop": 99.140401, "Environment_Prop": 24.411535, "shelter_electricity": 37.09090909, "health_center_attendance": 25.08741259,