{"PH142707001": {"Water_Prop": 0.0, "Food_Prop": 16.666667, "Shelter_Prop": 0.0, "Health_Prop": 51.830443, "Education_Prop": 7.0, "Work_Prop": 41.961853000000005, "Peace_Prop": 0.0, "Participation_Prop": 84.65704000000001, "SocialProtection_Prop": 99.458484, "Environment_Prop": 0.872094, "shelter_electricity": 3.1496062989999998, "health_center_attendance": 51.83044316, "work_farms": 16.90140845, "work_unskilled": 53.05164319, "health_programs": 65.35433071, "sp_philhealth": 65.35433071, "water_toilet": 1.57480315, "shelter_makeshift_nhts": 1.181102362, "food_malnourished": "", "health_child_death": "", "health_maternal_death": "", "he_flood": 1e-06, "he_volcano": 0.0, "he_landslide": 0.000792, "he_earthquake": 0.0, "name": "Bangar"}, "PH142707002": {"Water_Prop": 4.026846, "Food_Prop": 82.45614, "Shelter_Prop": 0.671141, "Health_Prop": 42.968143, "Education_Prop": 11.742424, "Work_Prop": 39.930955, "Peace_Prop": 0.0, "Participation_Prop": 90.75179, "SocialProtection_Prop": 99.343675, "Environment_Prop": 0.868041, "shelter_electricity": 11.40939597, "health_center_attendance": 42.96814297, "work_farms": 24.32950192, "work_unskilled": 42.52873563, "health_programs": 68.79194631, "sp_philhealth": 68.79194631, "water_toilet": 13.75838926, "shelter_makeshift_nhts": 0.838926174, "food_malnourished": "", "health_child_death": "", "health_maternal_death": "", "he_flood": 0.0, "he_volcano": 0.0, "he_landslide": 0.000792, "he_earthquake": 0.0, "name": "Busilac"}, "PH142707003": {"Water_Prop": 2.097902, "Food_Prop": 76.363636, "Shelter_Prop": 2.7972029999999997, "Health_Prop": 72.41866999999999, "Education_Prop": 8.391608, "Work_Prop": 38.4, "Peace_Prop": 0.0, "Participation_Prop": 84.10104, "SocialProtection_Prop": 98.95988100000001, "Environment_Prop": 16.471275, "shelter_electricity": 4.895104895, "health_center_attendance": 72.41867044, "work_farms": 25.64935065, "work_unskilled": 47.72727273, "health_programs": 58.74125874, "sp_philhealth": 58.74125874, "water_toilet": 6.293706294, "shelter_makeshift_nhts": 0.34965035, "food_malnourished": "", "health_child_death": "", "health_maternal_death": "", "he_flood": 0.0, "he_volcano": 0.0, "he_landslide": 0.000792, "he_earthquake": 0.0, "name": "Calimag"}, "PH142707004": {"Water_Prop": 5.095541000000001, "Food_Prop": 75.80645200000001, "Shelter_Prop": 2.547771, "Health_Prop": 37.347767, "Education_Prop": 19.444444, "Work_Prop": 43.220339, "Peace_Prop": 0.636943, "Participation_Prop": 83.473054, "SocialProtection_Prop": 98.44311400000001, "Environment_Prop": 17.690561, "shelter_electricity": 9.554140127, "health_center_attendance": 37.34776725, "work_farms": 41.04477612, "work_unskilled": 29.10447761, "health_programs": 63.69426752, "sp_philhealth": 63.69426752, "water_toilet": 17.19745223, "shelter_makeshift_nhts": 3.821656051, "food_malnourished": "", "health_child_death": "", "health_maternal_death": "", "he_flood": 0.0, "he_volcano": 0.0, "he_landslide": 0.000792, "he_earthquake": 0.0, "name": "Calupaan"}, "PH142707005": {"Water_Prop": 7.428571000000001, "Food_Prop": 9.183672999999999, "Shelter_Prop": 1.142857, "Health_Prop": 56.618911, "Education_Prop": 11.111111, "Work_Prop": 36.19403, "Peace_Prop": 0.571429, "Participation_Prop": 90.869328, "SocialProtection_Prop": 98.742482, "Environment_Prop": 18.730952, "shelter_electricity": 9.142857142999999, "health_center_attendance": 56.61891117, "work_farms": 48.24561404, "work_unskilled": 34.06432749, "health_programs": 45.14285714, "sp_philhealth": 45.14285714, "water_toilet": 49.42857143, "shelter_makeshift_nhts": 0.28571428600000004, "food_malnourished": "", "health_child_death": "", "health_maternal_death": "", "he_flood": 0.0, "he_volcano": 0.0, "he_landslide": 0.000792, "he_earthquake": 0.07142899999999999, "name": "Caragasan"}, "PH142707006": {"Water_Prop": 6.10687, "Food_Prop": 21.176471, "Shelter_Prop": 0.0, "Health_Prop": 81.94945799999999, "Education_Prop": 7.476636, "Work_Prop": 30.534351, "Peace_Prop": 0.0, "Participation_Prop": 91.147994, "SocialProtection_Prop": 98.755187, "Environment_Prop": 17.15541, "shelter_electricity": 14.50381679, "health_center_attendance": 81.94945848, "work_farms": 31.13553114, "work_unskilled": 46.15384615, "health_programs": 69.46564886, "sp_philhealth": 69.46564886, "water_toilet": 25.19083969, "shelter_makeshift_nhts": 0.0, "food_malnourished": "", "health_child_death": "", "health_maternal_death": "", "he_flood": 0.0, "he_volcano": 0.0, "he_landslide": 0.000792, "he_earthquake": 0.0, "name": "Dolowog"}, "PH142707007": {"Water_Prop": 8.816121, "Food_Prop": 93.785311, "Shelter_Prop": 0.503778, "Health_Prop": 55.788249, "Education_Prop": 14.56044, "Work_Prop": 44.836717, "Peace_Prop": 1.007557, "Participation_Prop": 95.838809, "SocialProtection_Prop": 99.211564, "Environment_Prop": 18.424324, "shelter_electricity": 22.16624685, "health_center_attendance": 55.78824898, "work_farms": 35.84, "work_unskilled": 46.08, "health_programs": 66.49874055, "sp_philhealth": 66.49874055, "water_toilet": 46.59949622, "shelter_makeshift_nhts": 0.377833753, "food_malnourished": "", "health_child_death": "", "health_maternal_death": "", "he_flood": 0.0, "he_volcano": 0.0, "he_landslide": 0.000792, "he_earthquake": 0.0, "name": "Kiling"}, "PH142707008": {"Water_Prop": 13.970588000000001, "Food_Prop": 71.73913, "Shelter_Prop": 0.0, "Health_Prop": 95.354151, "Education_Prop": 5.714286, "Work_Prop": 36.807095000000004, "Peace_Prop": 0.0, "Participation_Prop": 88.56, "SocialProtection_Prop": 98.96, "Environment_Prop": 11.031485, "shelter_electricity": 11.02941176, "health_center_attendance": 95.35415079999999, "work_farms": 38.94736842, "work_unskilled": 38.59649123, "health_programs": 55.51470588, "sp_philhealth": 55.51470588, "water_toilet": 24.26470588, "shelter_makeshift_nhts": 0.367647059, "food_malnourished": "", "health_child_death": "", "health_maternal_death": "", "he_flood": 0.0, "he_volcano": 0.0, "he_landslide": 0.011085, "he_earthquake": 0.0, "name": "Namnama"}, "PH142707009": {"Water_Prop": 1.496259, "Food_Prop": 0.0, "Shelter_Prop": 0.997506, "Health_Prop": 46.857143, "Education_Prop": 17.210682000000002, "Work_Prop": 49.959184, "Peace_Prop": 0.0, "Participation_Prop": 90.081154, "SocialProtection_Prop": 97.97114499999999, "Environment_Prop": 31.227688, "shelter_electricity": 8.97755611, "health_center_attendance": 46.85714286, "work_farms": 22.34910277, "work_unskilled": 30.8319739, "health_programs": 69.07730673, "sp_philhealth": 69.07730673, "water_toilet": 8.97755611, "shelter_makeshift_nhts": 2.119700748, "food_malnourished": "", "health_child_death": "", "health_maternal_death": "", "he_flood": 0.0, "he_volcano": 0.0, "he_landslide": 0.000792, "he_earthquake": 0.0, "name": "Namillangan"}, "PH142707010": {"Water_Prop": 5.521472, "Food_Prop": 51.186944, "Shelter_Prop": 0.6134970000000001, "Health_Prop": 93.17867, "Education_Prop": 5.405405, "Work_Prop": 38.597403, "Peace_Prop": 0.0, "Participation_Prop": 94.591114, "SocialProtection_Prop": 98.808757, "Environment_Prop": 1.4320899999999999, "shelter_electricity": 13.34355828, "health_center_attendance": 93.17867036, "work_farms": 46.61590525, "work_unskilled": 31.47208122, "health_programs": 65.95092025, "sp_philhealth": 65.95092025, "water_toilet": 21.779141100000004, "shelter_makeshift_nhts": 0.23006135, "food_malnourished": "", "health_child_death": "", "health_maternal_death": "", "he_flood": 0.0, "he_volcano": 0.0, "he_landslide": 0.000792, "he_earthquake": 0.0, "name": "Pinto"}, "PH142707011": {"Water_Prop": 8.872902, "Food_Prop": 66.875, "Shelter_Prop": 1.199041, "Health_Prop": 49.244398, "Education_Prop": 9.808612, "Work_Prop": 41.569542, "Peace_Prop": 1.918465, "Participation_Prop": 93.730887, "SocialProtection_Prop": 98.47094799999999, "Environment_Prop": 26.925143, "shelter_electricity": 5.275779377, "health_center_attendance": 49.24439812, "work_farms": 29.25531915, "work_unskilled": 20.87765957, "health_programs": 61.39088729, "sp_philhealth": 61.39088729,