{"PH142705002": {"water_access": 76.153846, "food_tenure": 59.782608999999994, "shelter_informal_settlers_nhts": 0.0, "health_center_attendance": 46.214511, "educ_outofschool_all": 3.521127, "work_unemployment": 30.496453999999996, "po_conflict": 0.769231, "participation_assembly_attendance": 53.020134, "sp_sss": 1.0738259999999968, "he_risk": 1.920079, "shelter_electricity": 4.615384615, "health_center_attendance.1": 46.21451104, "work_farms": 28.57142857, "work_unskilled": 42.17687075, "health_programs": 16.15384615, "sp_philhealth": 83.84615385000001, "water_toilet": 47.69230769, "shelter_makeshift_nhts": 0.0, "food_malnourished": "", "health_child_death": "", "health_maternal_death": "", "he_flood": 0.0, "he_volcano": 0.0, "he_landslide": 0.048034, "he_earthquake": 0.0, "name": "Ambasa"}, "PH142705004": {"water_access": 19.814241, "food_tenure": 37.327189000000004, "shelter_informal_settlers_nhts": 0.309598, "health_center_attendance": 35.772358000000004, "educ_outofschool_all": 4.176904, "work_unemployment": 37.941176, "po_conflict": 0.6191949999999999, "participation_assembly_attendance": 91.268917, "sp_sss": 1.3387660000000068, "he_risk": 2.170527, "shelter_electricity": 16.71826625, "health_center_attendance.1": 35.77235772, "work_farms": 39.65244866, "work_unskilled": 36.17693523, "health_programs": 14.55108359, "sp_philhealth": 85.44891641, "water_toilet": 23.83900929, "shelter_makeshift_nhts": 0.92879257, "food_malnourished": "", "health_child_death": "", "health_maternal_death": "", "he_flood": 0.0, "he_volcano": 0.0, "he_landslide": 0.011349, "he_earthquake": 0.0, "name": "Hapid"}, "PH142705005": {"water_access": 2.6058630000000003, "food_tenure": 62.5, "shelter_informal_settlers_nhts": 2.931596, "health_center_attendance": 45.73213, "educ_outofschool_all": 7.094595, "work_unemployment": 39.198436, "po_conflict": 3.5830620000000004, "participation_assembly_attendance": 72.183588, "sp_sss": 1.877607999999995, "he_risk": 0.885919, "shelter_electricity": 3.25732899, "health_center_attendance.1": 45.73213047, "work_farms": 13.98713826, "work_unskilled": 51.28617363, "health_programs": 30.61889251, "sp_philhealth": 69.38110749, "water_toilet": 12.05211726, "shelter_makeshift_nhts": 0.48859934899999996, "food_malnourished": "", "health_child_death": "", "health_maternal_death": "", "he_flood": 0.0, "he_volcano": 0.0, "he_landslide": 0.000792, "he_earthquake": 0.0, "name": "Lawig"}, "PH142705006": {"water_access": 3.08642, "food_tenure": 87.95180699999999, "shelter_informal_settlers_nhts": 1.234568, "health_center_attendance": 26.962025, "educ_outofschool_all": 3.5928139999999997, "work_unemployment": 39.332096, "po_conflict": 4.938272, "participation_assembly_attendance": 100.0, "sp_sss": 1.382979000000006, "he_risk": 0.87375, "shelter_electricity": 11.72839506, "health_center_attendance.1": 26.96202532, "work_farms": 19.26605505, "work_unskilled": 46.17737003, "health_programs": 10.49382716, "sp_philhealth": 89.50617284, "water_toilet": 25.92592593, "shelter_makeshift_nhts": 0.308641975, "food_malnourished": 2.4000001, "health_child_death": "", "health_maternal_death": 0.0, "he_flood": 0.0, "he_volcano": 0.0, "he_landslide": 0.000792, "he_earthquake": 0.0, "name": "Lucban"}, "PH142705007": {"water_access": 1.9512200000000002, "food_tenure": 0.0, "shelter_informal_settlers_nhts": 0.9756100000000001, "health_center_attendance": 29.396045, "educ_outofschool_all": 6.728538, "work_unemployment": 38.087773999999996, "po_conflict": 1.9512200000000002, "participation_assembly_attendance": 100.0, "sp_sss": 1.4401439999999894, "he_risk": 21.484194, "shelter_electricity": 4.634146341, "health_center_attendance.1": 29.396044899999996, "work_farms": 10.63291139, "work_unskilled": 31.772151899999997, "health_programs": 23.90243902, "sp_philhealth": 76.09756098, "water_toilet": 5.365853659, "shelter_makeshift_nhts": 1.341463415, "food_malnourished": "", "health_child_death": "", "health_maternal_death": "", "he_flood": 0.0, "he_volcano": 0.0, "he_landslide": 0.000792, "he_earthquake": 0.0, "name": "Mabatobato (Lamut)"}, "PH142705008": {"water_access": 24.0, "food_tenure": 76.097561, "shelter_informal_settlers_nhts": 1.333333, "health_center_attendance": 33.038087, "educ_outofschool_all": 3.831418, "work_unemployment": 32.620321000000004, "po_conflict": 1.333333, "participation_assembly_attendance": 74.615385, "sp_sss": 1.3846149999999966, "he_risk": 2.4823310000000003, "shelter_electricity": 16.44444444, "health_center_attendance.1": 33.0380868, "work_farms": 34.92063492, "work_unskilled": 42.06349206, "health_programs": 12.88888889, "sp_philhealth": 87.11111111, "water_toilet": 48.44444444, "shelter_makeshift_nhts": 0.444444444, "food_malnourished": "", "health_child_death": "", "health_maternal_death": "", "he_flood": 0.0, "he_volcano": 0.0, "he_landslide": 0.048034, "he_earthquake": 0.0, "name": "Magulon"}, "PH142705009": {"water_access": 32.692308000000004, "food_tenure": 12.5, "shelter_informal_settlers_nhts": 0.48076899999999995, "health_center_attendance": 32.634731, "educ_outofschool_all": 4.0, "work_unemployment": 38.494935, "po_conflict": 0.48076899999999995, "participation_assembly_attendance": 68.403074, "sp_sss": 2.0495300000000043, "he_risk": 17.029010999999997, "shelter_electricity": 20.19230769, "health_center_attendance.1": 32.63473054, "work_farms": 24.0, "work_unskilled": 22.82352941, "health_programs": 17.30769231, "sp_philhealth": 82.69230769, "water_toilet": 27.88461538, "shelter_makeshift_nhts": 0.0, "food_malnourished": "", "health_child_death": "", "health_maternal_death": "", "he_flood": 0.0, "he_volcano": 0.0, "he_landslide": 0.011349, "he_earthquake": 0.0, "name": "Nayon"}, "PH142705010": {"water_access": 11.627907, "food_tenure": 45.283019, "shelter_informal_settlers_nhts": 0.930233, "health_center_attendance": 31.528965000000003, "educ_outofschool_all": 3.5, "work_unemployment": 40.161725, "po_conflict": 0.0, "participation_assembly_attendance": 100.0, "sp_sss": 1.333332999999996, "he_risk": 1.3235270000000001, "shelter_electricity": 9.76744186, "health_center_attendance.1": 31.52896486, "work_farms": 25.9009009, "work_unskilled": 35.58558559, "health_programs": 15.34883721, "sp_philhealth": 84.65116279, "water_toilet": 12.55813953, "shelter_makeshift_nhts": 0.23255814, "food_malnourished": "", "health_child_death": "", "health_maternal_death": "", "he_flood": 0.0, "he_volcano": 0.0, "he_landslide": 0.011349, "he_earthquake": 0.0, "name": "Panopdopan"}, "PH142705011": {"water_access": 25.684932, "food_tenure": 35.849057, "shelter_informal_settlers_nhts": 0.0, "health_center_attendance": 25.554807999999998, "educ_outofschool_all": 3.645833, "work_unemployment": 35.095137, "po_conflict": 0.684932, "participation_assembly_attendance": 73.85620899999999, "sp_sss": 0.915032999999994, "he_risk": 18.345419, "shelter_electricity": 18.83561644, "health_center_attendance.1": 25.55480834, "work_farms": 27.68729642, "work_unskilled": 36.97068404, "health_programs": 19.17808219, "sp_philhealth": 80.82191781, "water_toilet": 33.21917808, "shelter_makeshift_nhts": 0.684931507, "food_malnourished": "", "health_child_death": "", "health_maternal_death": "", "he_flood": 0.0, "he_volcano": 0.0, "he_landslide": 0.011349, "he_earthquake": 0.0, "name": "Payawan"}, "PH142705012": {"water_access": 3.6144580000000004, "food_tenure": 60.39604, "shelter_informal_settlers_nhts": 0.0, "health_center_attendance": 37.971391, "educ_outofschool_all": 2.877698, "work_unemployment": 31.801471000000003, "po_conflict": 1.204819, "participation_assembly_attendance": 100.0, "sp_sss": 0.8894540000000006, "he_risk": 1.317374, "shelter_electricity": 12.04819277, "health_center_attendance.1": 37.97139142, "work_farms": 25.33692722, "work_unskilled": 41.23989218, "health_programs": 12.65060241, "sp_philhealth": 87.34939759, "water_toilet": 34.3373494, "shelter_makeshift_nhts": 0.301204819, "food_malnourished": 5.0, "health_child_death": "",