{"PH140118001": {"water_access": 20.704846, "food_tenure": 19.047619, "shelter_informal_settlers_nhts": 1.762115, "health_center_attendance": 69.507187, "educ_outofschool_all": 6.7708330000000005, "work_unemployment": 48.898678000000004, "po_conflict": 0.0, "participation_assembly_attendance": "", "sp_sss": 0.9782610000000034, "he_risk": 11.079922999999999, "shelter_electricity": 10.13215859, "health_center_attendance.1": 69.50718686, "work_farms": 33.90804598, "work_unskilled": 25.57471264, "health_programs": 51.54185022, "sp_philhealth": 48.45814978, "water_toilet": 16.29955947, "shelter_makeshift_nhts": 0.220264317, "food_malnourished": "", "health_child_death": "", "health_maternal_death": "", "he_flood": 0.0, "he_volcano": 0.0, "he_landslide": 0.048931, "he_earthquake": 0.0, "name": "Alinaya"}, "PH140118002": {"water_access": 80.34188, "food_tenure": 5.747126000000001, "shelter_informal_settlers_nhts": 0.0, "health_center_attendance": 75.471698, "educ_outofschool_all": 9.016392999999999, "work_unemployment": 46.458923999999996, "po_conflict": 0.0, "participation_assembly_attendance": "", "sp_sss": 2.340426000000008, "he_risk": 1.7497619999999998, "shelter_electricity": 10.25641026, "health_center_attendance.1": 75.47169811, "work_farms": 37.03703704, "work_unskilled": 23.28042328, "health_programs": 39.31623932, "sp_philhealth": 60.68376068, "water_toilet": 10.25641026, "shelter_makeshift_nhts": 2.1367521369999998, "food_malnourished": "", "health_child_death": "", "health_maternal_death": "", "he_flood": 0.0, "he_volcano": 0.0, "he_landslide": 0.002903, "he_earthquake": 0.0, "name": "Arab"}, "PH140118004": {"water_access": 7.586207000000001, "food_tenure": 16.666667, "shelter_informal_settlers_nhts": 0.0, "health_center_attendance": 72.153846, "educ_outofschool_all": 2.564103, "work_unemployment": 49.532709999999994, "po_conflict": 0.0, "participation_assembly_attendance": "", "sp_sss": 2.157165000000006, "he_risk": 8.717145, "shelter_electricity": 12.4137931, "health_center_attendance.1": 72.15384615, "work_farms": 31.01851852, "work_unskilled": 23.61111111, "health_programs": 48.27586207, "sp_philhealth": 51.72413793, "water_toilet": 1.379310345, "shelter_makeshift_nhts": 0.0, "food_malnourished": "", "health_child_death": "", "health_maternal_death": "", "he_flood": 0.0, "he_volcano": 0.0, "he_landslide": 0.001056, "he_earthquake": 0.0, "name": "Garreta"}, "PH140118005": {"water_access": 79.591837, "food_tenure": 0.0, "shelter_informal_settlers_nhts": 0.0, "health_center_attendance": 73.230769, "educ_outofschool_all": 5.072464, "work_unemployment": 41.666667, "po_conflict": 0.0, "participation_assembly_attendance": "", "sp_sss": 0.8143319999999932, "he_risk": 0.590151, "shelter_electricity": 19.04761905, "health_center_attendance.1": 73.23076923, "work_farms": 31.74603175, "work_unskilled": 38.88888889, "health_programs": 37.41496599, "sp_philhealth": 62.58503401, "water_toilet": 17.00680272, "shelter_makeshift_nhts": 0.34013605399999997, "food_malnourished": "", "health_child_death": "", "health_maternal_death": "", "he_flood": 2e-06, "he_volcano": 0.0, "he_landslide": 0.001056, "he_earthquake": 0.0, "name": "Immuli"}, "PH140118007": {"water_access": 29.545455, "food_tenure": 24.0, "shelter_informal_settlers_nhts": 0.757576, "health_center_attendance": 63.728814, "educ_outofschool_all": 6.25, "work_unemployment": 48.994975, "po_conflict": 0.0, "participation_assembly_attendance": "", "sp_sss": 1.4084509999999995, "he_risk": 0.598298, "shelter_electricity": 18.18181818, "health_center_attendance.1": 63.72881356, "work_farms": 38.91625616, "work_unskilled": 29.06403941, "health_programs": 34.84848485, "sp_philhealth": 65.15151515, "water_toilet": 6.0606060610000005, "shelter_makeshift_nhts": 1.515151515, "food_malnourished": "", "health_child_death": "", "health_maternal_death": "", "he_flood": 0.0, "he_volcano": 0.0, "he_landslide": 0.001056, "he_earthquake": 0.0, "name": "Laskig"}, "PH140118008": {"water_access": 0.666667, "food_tenure": 0.0, "shelter_informal_settlers_nhts": 0.0, "health_center_attendance": 82.96875, "educ_outofschool_all": 7.8125, "work_unemployment": 48.026315999999994, "po_conflict": 0.0, "participation_assembly_attendance": "", "sp_sss": 1.840491, "he_risk": 8.200891, "shelter_electricity": 6.666666667, "health_center_attendance.1": 82.96875, "work_farms": 20.67510549, "work_unskilled": 24.47257384, "health_programs": 45.33333333, "sp_philhealth": 54.66666667, "water_toilet": 1.333333333, "shelter_makeshift_nhts": 0.0, "food_malnourished": "", "health_child_death": "", "health_maternal_death": "", "he_flood": 1e-06, "he_volcano": 0.0, "he_landslide": 0.001056, "he_earthquake": 0.0, "name": "Naguirayan"}, "PH140118009": {"water_access": 36.964981, "food_tenure": 0.0, "shelter_informal_settlers_nhts": 0.0, "health_center_attendance": 79.836512, "educ_outofschool_all": 2.7397259999999997, "work_unemployment": 47.704082, "po_conflict": 0.0, "participation_assembly_attendance": "", "sp_sss": 2.1996620000000036, "he_risk": 9.728997, "shelter_electricity": 10.11673152, "health_center_attendance.1": 79.83651226, "work_farms": 28.29268293, "work_unskilled": 27.07317073, "health_programs": 61.47859922, "sp_philhealth": 38.52140078, "water_toilet": 10.11673152, "shelter_makeshift_nhts": 0.778210117, "food_malnourished": "", "health_child_death": "", "health_maternal_death": "", "he_flood": 0.0, "he_volcano": 0.0, "he_landslide": 0.001056, "he_earthquake": 0.0, "name": "Monggoc"}, "PH140118010": {"water_access": 3.787879, "food_tenure": 0.0, "shelter_informal_settlers_nhts": 1.515152, "health_center_attendance": 83.00885, "educ_outofschool_all": 2.020202, "work_unemployment": 47.877358, "po_conflict": 0.0, "participation_assembly_attendance": "", "sp_sss": 1.4128730000000047, "he_risk": 8.113066, "shelter_electricity": 2.272727273, "health_center_attendance.1": 83.00884956, "work_farms": 16.74208145, "work_unskilled": 22.1719457, "health_programs": 62.12121212, "sp_philhealth": 37.87878788, "water_toilet": 1.515151515, "shelter_makeshift_nhts": 0.757575758, "food_malnourished": "", "health_child_death": "", "health_maternal_death": "", "he_flood": 1e-06, "he_volcano": 0.0, "he_landslide": 0.001056, "he_earthquake": 0.0, "name": "Pamutic"}, "PH140118011": {"water_access": 15.530303, "food_tenure": 10.583942, "shelter_informal_settlers_nhts": 0.757576, "health_center_attendance": 79.539642, "educ_outofschool_all": 5.172414, "work_unemployment": 46.75, "po_conflict": 0.0, "participation_assembly_attendance": "", "sp_sss": 0.8746359999999953, "he_risk": 8.507710000000001, "shelter_electricity": 12.5, "health_center_attendance.1": 79.53964194, "work_farms": 27.23004695, "work_unskilled": 29.10798122, "health_programs": 48.10606061, "sp_philhealth": 51.89393939, "water_toilet": 5.303030303, "shelter_makeshift_nhts": 1.325757576, "food_malnourished": "", "health_child_death": "", "health_maternal_death": "", "he_flood": 0.0, "he_volcano": 0.0, "he_landslide": 0.001056, "he_earthquake": 0.0, "name": "Pangtud"}, "PH140118012": {"water_access": 1.240695, "food_tenure": 10.0, "shelter_informal_settlers_nhts": 0.496278, "health_center_attendance": 87.949527, "educ_outofschool_all": 7.042254, "work_unemployment": 49.400684999999996, "po_conflict": 0.0, "participation_assembly_attendance": "", "sp_sss": 2.2797290000000032, "he_risk": 8.657943, "shelter_electricity": 5.459057072, "health_center_attendance.1": 87.94952681, "work_farms": 6.260575296, "work_unskilled": 23.01184433, "health_programs": 66.25310174, "sp_philhealth": 33.746898259999995, "water_toilet": 1.240694789, "shelter_makeshift_nhts": 0.9925558309999999, "food_malnourished": "", "health_child_death": "", "health_maternal_death": "", "he_flood": 1e-06, "he_volcano": 0.0, "he_landslide": 0.001056, "he_earthquake": 0.0, "name": "Poblacion East"}, "PH140118013": {"water_access": 0.649351, "food_tenure": 20.588235, "shelter_informal_settlers_nhts": 0.0,