{"PH153811008": {"Water_Prop": 92.67139499999999, "Food_Prop": "", "Shelter_Prop": 9.219858, "Health_Prop": 86.846115, "Education_Prop": 26.578073, "Work_Prop": 52.518657, "Peace_Prop": 0.0, "Participation_Prop": "", "SocialProtection_Prop": "", "Environment_Prop": 8.29118, "shelter_electricity": 68.55791962, "health_center_attendance": 86.84611478, "work_farms": 81.33595285, "work_unskilled": 6.286836935, "health_programs": 73.75886525, "sp_philhealth": 73.75886525, "water_toilet": 72.34042553, "shelter_makeshift_nhts": 13.94799054, "food_malnourished": "", "health_child_death": "", "health_maternal_death": "", "he_flood": 0.0, "he_volcano": 0.0, "he_landslide": 0.000792, "he_earthquake": 0.0, "name": "Gadungan"}, "PH153811009": {"Water_Prop": 71.76015500000001, "Food_Prop": "", "Shelter_Prop": 5.029014, "Health_Prop": 86.334165, "Education_Prop": 16.666667, "Work_Prop": 53.055142000000004, "Peace_Prop": 0.967118, "Participation_Prop": "", "SocialProtection_Prop": "", "Environment_Prop": 0.498255, "shelter_electricity": 49.12959381, "health_center_attendance": 86.33416459, "work_farms": 49.84126984, "work_unskilled": 20.95238095, "health_programs": 76.01547389, "sp_philhealth": 76.01547389, "water_toilet": 59.18762089, "shelter_makeshift_nhts": 12.57253385, "food_malnourished": "", "health_child_death": "", "health_maternal_death": "", "he_flood": 0.0, "he_volcano": 0.0, "he_landslide": 0.000792, "he_earthquake": 0.0, "name": "Gumagadong Calawag"}, "PH153811010": {"Water_Prop": 88.58351, "Food_Prop": "", "Shelter_Prop": 1.4799149999999999, "Health_Prop": 86.303134, "Education_Prop": 23.580786, "Work_Prop": 56.474258999999996, "Peace_Prop": 8.879493, "Participation_Prop": "", "SocialProtection_Prop": "", "Environment_Prop": 25.884917, "shelter_electricity": 50.73995772, "health_center_attendance": 86.30313439, "work_farms": 72.22222222, "work_unskilled": 11.11111111, "health_programs": 67.44186047, "sp_philhealth": 67.44186047, "water_toilet": 68.92177590000001, "shelter_makeshift_nhts": 3.6997885839999998, "food_malnourished": "", "health_child_death": "", "health_maternal_death": "", "he_flood": 0.0, "he_volcano": 0.0, "he_landslide": 0.001372, "he_earthquake": 0.07142899999999999, "name": "Guiday T. Biruar"}, "PH153811012": {"Water_Prop": 44.126315999999996, "Food_Prop": "", "Shelter_Prop": 16.968421, "Health_Prop": 83.29670300000001, "Education_Prop": 13.710747, "Work_Prop": 57.056658999999996, "Peace_Prop": 0.16842100000000002, "Participation_Prop": "", "SocialProtection_Prop": "", "Environment_Prop": 10.530845, "shelter_electricity": 17.13684211, "health_center_attendance": 83.29670329999999, "work_farms": 19.39684716, "work_unskilled": 31.22001371, "health_programs": 79.91578947, "sp_philhealth": 79.91578947, "water_toilet": 59.2, "shelter_makeshift_nhts": 2.336842105, "food_malnourished": "", "health_child_death": "", "health_maternal_death": "", "he_flood": 0.0, "he_volcano": 0.0, "he_landslide": 0.000792, "he_earthquake": 0.0, "name": "Landasan (Sarmiento)"}, "PH153811013": {"Water_Prop": 91.638796, "Food_Prop": "", "Shelter_Prop": 2.341137, "Health_Prop": 93.38959200000001, "Education_Prop": 16.404494, "Work_Prop": 59.90099, "Peace_Prop": 12.70903, "Participation_Prop": "", "SocialProtection_Prop": "", "Environment_Prop": 2.389518, "shelter_electricity": 86.28762542, "health_center_attendance": 93.38959212, "work_farms": 77.16049383, "work_unskilled": 20.0617284, "health_programs": 67.89297659, "sp_philhealth": 67.89297659, "water_toilet": 59.19732441, "shelter_makeshift_nhts": 4.849498328, "food_malnourished": "", "health_child_death": "", "health_maternal_death": "", "he_flood": 0.0, "he_volcano": 0.0, "he_landslide": 0.0, "he_earthquake": 0.0, "name": "Limbayan"}, "PH153811014": {"Water_Prop": 93.49376099999999, "Food_Prop": "", "Shelter_Prop": 4.0998220000000005, "Health_Prop": 97.510925, "Education_Prop": 34.070221000000004, "Work_Prop": 58.986175, "Peace_Prop": 3.11943, "Participation_Prop": "", "SocialProtection_Prop": "", "Environment_Prop": 3.6503690000000004, "shelter_electricity": 81.46167558, "health_center_attendance": 97.51092533, "work_farms": 80.81244598, "work_unskilled": 13.65600691, "health_programs": 81.99643494, "sp_philhealth": 81.99643494, "water_toilet": 65.06238859, "shelter_makeshift_nhts": 7.620320856, "food_malnourished": "", "health_child_death": "", "health_maternal_death": "", "he_flood": 0.0, "he_volcano": 0.0, "he_landslide": 0.0, "he_earthquake": 0.0, "name": "Bongo Island (Litayen)"}, "PH153811015": {"Water_Prop": 80.988275, "Food_Prop": "", "Shelter_Prop": 2.6800669999999998, "Health_Prop": 89.79275600000001, "Education_Prop": 12.128514, "Work_Prop": 58.376093999999995, "Peace_Prop": 0.251256, "Participation_Prop": "", "SocialProtection_Prop": "", "Environment_Prop": 20.352311, "shelter_electricity": 26.29815745, "health_center_attendance": 89.79275615, "work_farms": 37.27338651, "work_unskilled": 25.74329224, "health_programs": 70.51926298, "sp_philhealth": 70.51926298, "water_toilet": 38.27470687, "shelter_makeshift_nhts": 10.84589615, "food_malnourished": "", "health_child_death": "", "health_maternal_death": "", "he_flood": 0.0, "he_volcano": 0.0, "he_landslide": 0.0, "he_earthquake": 0.0, "name": "Magsaysay"}, "PH153811016": {"Water_Prop": 79.76438, "Food_Prop": "", "Shelter_Prop": 7.415107000000001, "Health_Prop": 89.476309, "Education_Prop": 12.651894, "Work_Prop": 55.350269, "Peace_Prop": 0.0, "Participation_Prop": "", "SocialProtection_Prop": "", "Environment_Prop": 21.184949, "shelter_electricity": 23.97782398, "health_center_attendance": 89.47630923, "work_farms": 18.62068966, "work_unskilled": 31.609195399999997, "health_programs": 83.36798337, "sp_philhealth": 83.36798337, "water_toilet": 41.92654193, "shelter_makeshift_nhts": 13.40956341, "food_malnourished": "", "health_child_death": "", "health_maternal_death": "", "he_flood": 0.0, "he_volcano": 0.0, "he_landslide": 0.000792, "he_earthquake": 0.0, "name": "Making"}, "PH153811017": {"Water_Prop": 80.490524, "Food_Prop": "", "Shelter_Prop": 9.0301, "Health_Prop": 85.115931, "Education_Prop": 16.800805, "Work_Prop": 59.396106, "Peace_Prop": 3.121516, "Participation_Prop": "", "SocialProtection_Prop": "", "Environment_Prop": 25.583101, "shelter_electricity": 22.40802676, "health_center_attendance": 85.11593119, "work_farms": 24.85322896, "work_unskilled": 28.76712329, "health_programs": 78.14938685, "sp_philhealth": 78.14938685, "water_toilet": 65.32887402, "shelter_makeshift_nhts": 7.692307692000001, "food_malnourished": "", "health_child_death": "", "health_maternal_death": "", "he_flood": 0.0, "he_volcano": 0.0, "he_landslide": 0.000792, "he_earthquake": 0.0, "name": "Nituan"}, "PH153811018": {"Water_Prop": 98.4375, "Food_Prop": "", "Shelter_Prop": 3.90625, "Health_Prop": 97.631134, "Education_Prop": 31.446540999999996, "Work_Prop": 60.606061, "Peace_Prop": 0.0, "Participation_Prop": "", "SocialProtection_Prop": "", "Environment_Prop": 8.192411, "shelter_electricity": 64.84375, "health_center_attendance": 97.63113367, "work_farms": 80.0, "work_unskilled": 10.0, "health_programs": 78.90625, "sp_philhealth": 78.90625, "water_toilet": 76.5625, "shelter_makeshift_nhts": 22.65625, "food_malnourished": "", "health_child_death": "", "health_maternal_death": "", "he_flood": 0.0, "he_volcano": 0.0, "he_landslide": 0.001056, "he_earthquake": 0.0, "name": "Orandang"}, "PH153811019": {"Water_Prop": 83.640553, "Food_Prop": "", "Shelter_Prop": 3.225806, "Health_Prop": 76.27701400000001, "Education_Prop": 23.125997, "Work_Prop": 59.705373, "Peace_Prop": 0.691244, "Participation_Prop": "", "SocialProtection_Prop": "", "Environment_Prop": 16.580914, "shelter_electricity": 55.99078341, "health_center_attendance": 76.27701375, "work_farms": 76.98924731, "work_unskilled": 12.04301075, "health_programs": 66.8202765, "sp_philhealth": 66.8202765, "water_toilet": 79.72350229999999, "shelter_makeshift_nhts": 15.20737327, "food_malnourished": "",