{"PH153631001": {"Water_Prop": 42.293907, "Food_Prop": "", "Shelter_Prop": 1.433692, "Health_Prop": 82.391163, "Education_Prop": 33.958333, "Work_Prop": 56.080114, "Peace_Prop": 0.358423, "Participation_Prop": "", "SocialProtection_Prop": "", "Environment_Prop": 16.174518, "shelter_electricity": 61.29032258, "health_center_attendance": 82.39116309, "work_farms": 76.87296417, "work_unskilled": 13.35504886, "health_programs": 90.68100358, "sp_philhealth": 90.68100358, "water_toilet": 64.15770609, "shelter_makeshift_nhts": 4.301075269, "food_malnourished": "", "health_child_death": "", "health_maternal_death": "", "he_flood": 0.0, "he_volcano": 0.0, "he_landslide": 0.001056, "he_earthquake": 0.0}, "PH153631002": {"Water_Prop": 53.271028, "Food_Prop": "", "Shelter_Prop": 14.953270999999999, "Health_Prop": 87.62798599999999, "Education_Prop": 50.0, "Work_Prop": 56.785714, "Peace_Prop": 7.009346000000001, "Participation_Prop": "", "SocialProtection_Prop": "", "Environment_Prop": 0.062246, "shelter_electricity": 70.09345794, "health_center_attendance": 87.62798635, "work_farms": 72.31404959, "work_unskilled": 14.46280992, "health_programs": 84.57943925, "sp_philhealth": 84.57943925, "water_toilet": 57.47663551, "shelter_makeshift_nhts": 2.102803738, "food_malnourished": "", "health_child_death": "", "health_maternal_death": "", "he_flood": 0.0, "he_volcano": 0.0, "he_landslide": 0.0036950000000000004, "he_earthquake": 0.0}, "PH153631004": {"Water_Prop": 20.765027, "Food_Prop": "", "Shelter_Prop": 2.73224, "Health_Prop": 93.089005, "Education_Prop": 58.360656000000006, "Work_Prop": 62.653061, "Peace_Prop": 2.73224, "Participation_Prop": "", "SocialProtection_Prop": "", "Environment_Prop": 0.022626, "shelter_electricity": 79.78142077, "health_center_attendance": 93.08900524, "work_farms": 84.69945355, "work_unskilled": 7.103825137, "health_programs": 66.66666667, "sp_philhealth": 66.66666667, "water_toilet": 81.42076503, "shelter_makeshift_nhts": 5.4644808739999995, "food_malnourished": "", "health_child_death": "", "health_maternal_death": "", "he_flood": 0.0, "he_volcano": 0.0, "he_landslide": 0.001056, "he_earthquake": 0.0}, "PH153631005": {"Water_Prop": 49.731183, "Food_Prop": "", "Shelter_Prop": 5.3763440000000005, "Health_Prop": 93.177083, "Education_Prop": 35.464231, "Work_Prop": 53.808354, "Peace_Prop": 1.88172, "Participation_Prop": "", "SocialProtection_Prop": "", "Environment_Prop": 16.177334, "shelter_electricity": 64.24731183, "health_center_attendance": 93.17708333, "work_farms": 75.79787234, "work_unskilled": 10.90425532, "health_programs": 93.27956989, "sp_philhealth": 93.27956989, "water_toilet": 67.74193548, "shelter_makeshift_nhts": 9.946236558999999, "food_malnourished": "", "health_child_death": "", "health_maternal_death": "", "he_flood": 0.0, "he_volcano": 0.0, "he_landslide": 0.001056, "he_earthquake": 0.0}, "PH153631006": {"Water_Prop": 29.885057, "Food_Prop": "", "Shelter_Prop": 1.149425, "Health_Prop": 85.650224, "Education_Prop": 30.167597999999998, "Work_Prop": 56.796117, "Peace_Prop": 24.137931, "Participation_Prop": "", "SocialProtection_Prop": "", "Environment_Prop": 16.206411, "shelter_electricity": 89.65517241, "health_center_attendance": 85.65022422, "work_farms": 96.62921348, "work_unskilled": 1.123595506, "health_programs": 55.17241379, "sp_philhealth": 55.17241379, "water_toilet": 49.42528736, "shelter_makeshift_nhts": 12.64367816, "food_malnourished": "", "health_child_death": "", "health_maternal_death": "", "he_flood": 0.0, "he_volcano": 1.0, "he_landslide": 0.0036950000000000004, "he_earthquake": 0.0}, "PH153631008": {"Water_Prop": 36.144578, "Food_Prop": "", "Shelter_Prop": 0.60241, "Health_Prop": 91.256831, "Education_Prop": 35.56338, "Work_Prop": 62.612613, "Peace_Prop": 3.6144580000000004, "Participation_Prop": "", "SocialProtection_Prop": "", "Environment_Prop": 0.022629, "shelter_electricity": 77.71084337, "health_center_attendance": 91.2568306, "work_farms": 77.71084337, "work_unskilled": 15.06024096, "health_programs": 70.48192771, "sp_philhealth": 70.48192771, "water_toilet": 56.62650602, "shelter_makeshift_nhts": 9.337349397999999, "food_malnourished": "", "health_child_death": "", "health_maternal_death": "", "he_flood": 0.0, "he_volcano": 0.0, "he_landslide": 0.001056, "he_earthquake": 0.0}, "PH153631009": {"Water_Prop": 30.0, "Food_Prop": "", "Shelter_Prop": 9.583333, "Health_Prop": 86.039677, "Education_Prop": 43.886463, "Work_Prop": 60.719875, "Peace_Prop": 0.0, "Participation_Prop": "", "SocialProtection_Prop": "", "Environment_Prop": 0.029817000000000003, "shelter_electricity": 72.91666667, "health_center_attendance": 86.03967671, "work_farms": 82.86852590000001, "work_unskilled": 7.96812749, "health_programs": 90.83333333, "sp_philhealth": 90.83333333, "water_toilet": 62.5, "shelter_makeshift_nhts": 3.125, "food_malnourished": "", "health_child_death": "", "health_maternal_death": "", "he_flood": 0.0, "he_volcano": 0.0, "he_landslide": 0.001056, "he_earthquake": 0.0}, "PH153631010": {"Water_Prop": 48.837209, "Food_Prop": "", "Shelter_Prop": 7.751938000000001, "Health_Prop": 89.782609, "Education_Prop": 41.544885, "Work_Prop": 57.069846999999996, "Peace_Prop": 3.8759690000000004, "Participation_Prop": "", "SocialProtection_Prop": "", "Environment_Prop": 0.028326999999999998, "shelter_electricity": 75.19379845, "health_center_attendance": 89.78260870000001, "work_farms": 84.12698413, "work_unskilled": 9.523809523999999, "health_programs": 75.19379845, "sp_philhealth": 75.19379845, "water_toilet": 56.97674419, "shelter_makeshift_nhts": 8.333333332999999, "food_malnourished": "", "health_child_death": "", "health_maternal_death": "", "he_flood": 0.0, "he_volcano": 0.0, "he_landslide": 0.001056, "he_earthquake": 0.0}, "PH153631011": {"Water_Prop": 71.945701, "Food_Prop": "", "Shelter_Prop": 1.357466, "Health_Prop": 90.205761, "Education_Prop": 53.349281999999995, "Work_Prop": 56.405354, "Peace_Prop": 0.904977, "Participation_Prop": "", "SocialProtection_Prop": "", "Environment_Prop": 16.17151, "shelter_electricity": 58.37104072, "health_center_attendance": 90.20576132, "work_farms": 84.64912281, "work_unskilled": 4.3859649119999995, "health_programs": 94.57013575, "sp_philhealth": 94.57013575, "water_toilet": 62.89592760000001, "shelter_makeshift_nhts": 5.429864253, "food_malnourished": "", "health_child_death": "", "health_maternal_death": "", "he_flood": 0.0, "he_volcano": 0.0, "he_landslide": 0.001056, "he_earthquake": 0.0}, "PH153631012": {"Water_Prop": 47.333333, "Food_Prop": "", "Shelter_Prop": 4.6666669999999995, "Health_Prop": 89.427313, "Education_Prop": 44.247788, "Work_Prop": 60.84788, "Peace_Prop": 4.6666669999999995, "Participation_Prop": "", "SocialProtection_Prop": "", "Environment_Prop": 0.017848, "shelter_electricity": 75.33333333, "health_center_attendance": 89.42731278, "work_farms": 78.34394904, "work_unskilled": 13.37579618, "health_programs": 76.66666667, "sp_philhealth": 76.66666667, "water_toilet": 54.66666667, "shelter_makeshift_nhts": 5.0, "food_malnourished": "", "health_child_death": "", "health_maternal_death": "", "he_flood": 0.0, "he_volcano": 0.0, "he_landslide": 0.001056, "he_earthquake": 0.0}, "PH153631015": {"Water_Prop": 30.538921999999996, "Food_Prop": "", "Shelter_Prop": 2.39521, "Health_Prop": 88.413948, "Education_Prop": 52.394366, "Work_Prop": 54.731457999999996, "Peace_Prop": 0.5988020000000001, "Participation_Prop": "", "SocialProtection_Prop": "", "Environment_Prop": 0.069864, "shelter_electricity": 86.82634731, "health_center_attendance": 88.41394826, "work_farms": 87.00564972, "work_unskilled": 10.73446328, "health_programs": 56.88622754, "sp_philhealth": 56.88622754, "water_toilet": 63.47305389, "shelter_makeshift_nhts": 4.491017964, "food_malnourished": "", "health_child_death": "", "health_maternal_death": "", "he_flood": 0.0, "he_volcano": 0.0, "he_landslide": 0.004064, "he_earthquake": 0.0}, "PH153631016": {"Water_Prop": 54.72973, "Food_Prop": "",