{"PH153636004": {"water_access": 93.00699300000001, "food_tenure": "", "shelter_informal_settlers_nhts": 4.195804, "health_center_attendance": 87.047995, "educ_outofschool_all": 20.720720999999998, "work_unemployment": 24.545455, "po_conflict": 0.6993010000000001, "participation_assembly_attendance": "", "sp_sss": "", "he_risk": 0.052552, "shelter_electricity": 3.8461538460000004, "health_center_attendance.1": 87.04799474, "work_farms": 48.79518072, "work_unskilled": 6.626506023999999, "health_programs": 68.18181818, "sp_philhealth": 31.818181820000007, "water_toilet": 98.95104895, "shelter_makeshift_nhts": 0.524475524, "food_malnourished": "", "health_child_death": "", "health_maternal_death": "", "he_flood": 0.0, "he_volcano": 0.0, "he_landslide": 0.000528, "he_earthquake": 0.0, "name": "Bagoaingud"}, "PH153636005": {"water_access": 91.735537, "food_tenure": "", "shelter_informal_settlers_nhts": 1.101928, "health_center_attendance": 89.72795500000001, "educ_outofschool_all": 27.400768, "work_unemployment": 42.388059999999996, "po_conflict": 1.37741, "participation_assembly_attendance": "", "sp_sss": "", "he_risk": 8.237275, "shelter_electricity": 1.652892562, "health_center_attendance.1": 89.72795497, "work_farms": 45.94127807, "work_unskilled": 12.95336788, "health_programs": 58.67768595, "sp_philhealth": 41.32231405, "water_toilet": 89.25619835, "shelter_makeshift_nhts": 1.101928375, "food_malnourished": "", "health_child_death": "", "health_maternal_death": "", "he_flood": 0.0, "he_volcano": 0.0, "he_landslide": 0.000528, "he_earthquake": 0.0, "name": "Balaigay"}, "PH153636007": {"water_access": 90.434783, "food_tenure": "", "shelter_informal_settlers_nhts": 3.913043, "health_center_attendance": 87.914692, "educ_outofschool_all": 23.015873000000003, "work_unemployment": 44.48, "po_conflict": 1.7391299999999998, "participation_assembly_attendance": "", "sp_sss": 0.1436780000000084, "he_risk": 0.125691, "shelter_electricity": 3.47826087, "health_center_attendance.1": 87.91469194, "work_farms": 49.85590778, "work_unskilled": 12.96829971, "health_programs": 82.60869565, "sp_philhealth": 17.39130435, "water_toilet": 96.08695652, "shelter_makeshift_nhts": 6.956521738999999, "food_malnourished": "", "health_child_death": "", "health_maternal_death": "", "he_flood": 0.0, "he_volcano": 0.0, "he_landslide": 0.000528, "he_earthquake": 0.0, "name": "Bualan"}, "PH153636008": {"water_access": 98.319328, "food_tenure": "", "shelter_informal_settlers_nhts": 3.3613449999999996, "health_center_attendance": 86.02693599999999, "educ_outofschool_all": 38.498789, "work_unemployment": 31.016043, "po_conflict": 0.42016800000000004, "participation_assembly_attendance": "", "sp_sss": "", "he_risk": 8.244589, "shelter_electricity": 2.9411764710000003, "health_center_attendance.1": 86.02693603, "work_farms": 51.9379845, "work_unskilled": 15.24547804, "health_programs": 84.45378151, "sp_philhealth": 15.546218490000001, "water_toilet": 97.4789916, "shelter_makeshift_nhts": 5.882352941000001, "food_malnourished": "", "health_child_death": "", "health_maternal_death": "", "he_flood": 0.0, "he_volcano": 0.0, "he_landslide": 0.000528, "he_earthquake": 0.0, "name": "Cadingilan"}, "PH153636009": {"water_access": 88.834951, "food_tenure": "", "shelter_informal_settlers_nhts": 3.883495, "health_center_attendance": 90.338983, "educ_outofschool_all": 23.155216, "work_unemployment": 42.52669, "po_conflict": 0.970874, "participation_assembly_attendance": "", "sp_sss": "", "he_risk": 0.055718, "shelter_electricity": 1.45631068, "health_center_attendance.1": 90.33898305, "work_farms": 41.48606811, "work_unskilled": 20.74303406, "health_programs": 71.84466019, "sp_philhealth": 28.15533981, "water_toilet": 95.63106796, "shelter_makeshift_nhts": 3.155339806, "food_malnourished": "", "health_child_death": "", "health_maternal_death": "", "he_flood": 0.0, "he_volcano": 0.0, "he_landslide": 0.001056, "he_earthquake": 0.0, "name": "Casalayan"}, "PH153636010": {"water_access": 95.0, "food_tenure": "", "shelter_informal_settlers_nhts": 1.25, "health_center_attendance": 90.347924, "educ_outofschool_all": 26.714801, "work_unemployment": 26.470588, "po_conflict": 1.25, "participation_assembly_attendance": "", "sp_sss": "", "he_risk": 8.113414, "shelter_electricity": 4.375, "health_center_attendance.1": 90.34792368, "work_farms": 51.0, "work_unskilled": 5.666666667, "health_programs": 91.875, "sp_philhealth": 8.125, "water_toilet": 99.375, "shelter_makeshift_nhts": 18.4375, "food_malnourished": "", "health_child_death": "", "health_maternal_death": "", "he_flood": 0.0, "he_volcano": 0.0, "he_landslide": 0.001056, "he_earthquake": 0.0, "name": "Dala (Dalama)"}, "PH153636012": {"water_access": 89.230769, "food_tenure": "", "shelter_informal_settlers_nhts": 3.076923, "health_center_attendance": 93.265007, "educ_outofschool_all": 31.578946999999996, "work_unemployment": 34.250765, "po_conflict": 1.538462, "participation_assembly_attendance": "", "sp_sss": "", "he_risk": 0.032588, "shelter_electricity": 2.307692308, "health_center_attendance.1": 93.26500732, "work_farms": 48.8372093, "work_unskilled": 14.41860465, "health_programs": 84.61538462, "sp_philhealth": 15.38461538, "water_toilet": 89.23076923, "shelter_makeshift_nhts": 1.5384615380000002, "food_malnourished": "", "health_child_death": "", "health_maternal_death": "", "he_flood": 0.0, "he_volcano": 0.0, "he_landslide": 0.0, "he_earthquake": 0.0, "name": "Dilimbayan"}, "PH153636013": {"water_access": 82.03125, "food_tenure": "", "shelter_informal_settlers_nhts": 1.5625, "health_center_attendance": 85.225718, "educ_outofschool_all": 19.158879000000002, "work_unemployment": 40.0, "po_conflict": 3.125, "participation_assembly_attendance": "", "sp_sss": "", "he_risk": 0.029068, "shelter_electricity": 2.34375, "health_center_attendance.1": 85.22571819, "work_farms": 33.802816899999996, "work_unskilled": 15.96244131, "health_programs": 87.5, "sp_philhealth": 12.5, "water_toilet": 82.03125, "shelter_makeshift_nhts": 0.390625, "food_malnourished": "", "health_child_death": "", "health_maternal_death": "", "he_flood": 0.0, "he_volcano": 0.0, "he_landslide": 0.0, "he_earthquake": 0.0, "name": "Cabuntungan"}, "PH153636014": {"water_access": 95.918367, "food_tenure": "", "shelter_informal_settlers_nhts": 0.680272, "health_center_attendance": 94.039735, "educ_outofschool_all": 33.031674, "work_unemployment": 43.705463, "po_conflict": 3.401361, "participation_assembly_attendance": "", "sp_sss": "", "he_risk": 0.027461000000000003, "shelter_electricity": 2.721088435, "health_center_attendance.1": 94.03973509999999, "work_farms": 54.85232068, "work_unskilled": 16.4556962, "health_programs": 74.14965986, "sp_philhealth": 25.85034014, "water_toilet": 88.43537415, "shelter_makeshift_nhts": 7.482993197000001, "food_malnourished": "", "health_child_death": "", "health_maternal_death": "", "he_flood": 0.0, "he_volcano": 0.0, "he_landslide": 0.0, "he_earthquake": 0.0, "name": "Lamin"}, "PH153636015": {"water_access": 92.553191, "food_tenure": "", "shelter_informal_settlers_nhts": 4.255319, "health_center_attendance": 89.2, "educ_outofschool_all": 18.125, "work_unemployment": 36.625514, "po_conflict": 0.0, "participation_assembly_attendance": "", "sp_sss": "", "he_risk": 0.078638, "shelter_electricity": 2.127659574, "health_center_attendance.1": 89.2, "work_farms": 41.55844156, "work_unskilled": 10.38961039, "health_programs": 79.78723404, "sp_philhealth": 20.21276596, "water_toilet": 94.68085106, "shelter_makeshift_nhts": 19.68085106, "food_malnourished": "", "health_child_death": "", "health_maternal_death": "", "he_flood": 0.0, "he_volcano": 0.0, "he_landslide": 0.001056, "he_earthquake": 0.0, "name": "Diromoyod"}, "PH153636017": {"water_access": 94.351464, "food_tenure": "", "shelter_informal_settlers_nhts": 1.6736400000000002, "health_center_attendance": 90.408674, "educ_outofschool_all": 18.551461, "work_unemployment": 31.266376, "po_conflict": 1.2552299999999998,