{"PH153635004": {"Water_Prop": 59.87526, "Food_Prop": "", "Shelter_Prop": 10.18711, "Health_Prop": 97.777778, "Education_Prop": 39.539749, "Work_Prop": 57.382847, "Peace_Prop": 2.702703, "Participation_Prop": "", "SocialProtection_Prop": 99.869366, "Environment_Prop": 35.173519, "shelter_electricity": 74.22037422, "health_center_attendance": 97.77777778, "work_farms": 71.78423237, "work_unskilled": 12.03319502, "health_programs": 80.87318087, "sp_philhealth": 80.87318087, "water_toilet": 90.43659044, "shelter_makeshift_nhts": 3.638253638, "food_malnourished": "", "health_child_death": "", "health_maternal_death": "", "he_flood": 0.0, "he_volcano": 0.0, "he_landslide": 0.004064, "he_earthquake": 0.0}, "PH153635007": {"Water_Prop": 29.216152, "Food_Prop": "", "Shelter_Prop": 2.375297, "Health_Prop": 98.12880799999999, "Education_Prop": 29.217603999999998, "Work_Prop": 59.911894, "Peace_Prop": 0.475059, "Participation_Prop": "", "SocialProtection_Prop": "", "Environment_Prop": 17.760445999999998, "shelter_electricity": 80.76009501, "health_center_attendance": 98.12880766, "work_farms": 55.38461538, "work_unskilled": 31.42857143, "health_programs": 75.53444181, "sp_philhealth": 75.53444181, "water_toilet": 93.82422803, "shelter_makeshift_nhts": 8.194774347000001, "food_malnourished": "", "health_child_death": "", "health_maternal_death": "", "he_flood": 0.0, "he_volcano": 0.0, "he_landslide": 0.004064, "he_earthquake": 0.07142899999999999}, "PH153635009": {"Water_Prop": 93.75, "Food_Prop": "", "Shelter_Prop": 1.666667, "Health_Prop": 100.0, "Education_Prop": 40.0, "Work_Prop": 56.626506000000006, "Peace_Prop": 51.666667, "Participation_Prop": "", "SocialProtection_Prop": "", "Environment_Prop": 16.359656, "shelter_electricity": 68.33333333, "health_center_attendance": 100.0, "work_farms": 80.95238095, "work_unskilled": 16.66666667, "health_programs": 90.0, "sp_philhealth": 90.0, "water_toilet": 88.75, "shelter_makeshift_nhts": 1.6666666669999999, "food_malnourished": "", "health_child_death": "", "health_maternal_death": "", "he_flood": 0.0, "he_volcano": 0.0, "he_landslide": 0.001056, "he_earthquake": 0.0}, "PH153635015": {"Water_Prop": 58.634538, "Food_Prop": "", "Shelter_Prop": 2.409639, "Health_Prop": 97.102649, "Education_Prop": 31.989247, "Work_Prop": 60.124611, "Peace_Prop": 1.6064260000000001, "Participation_Prop": "", "SocialProtection_Prop": "", "Environment_Prop": 16.266408, "shelter_electricity": 73.89558233, "health_center_attendance": 97.10264901, "work_farms": 60.546875, "work_unskilled": 19.140625, "health_programs": 80.32128514, "sp_philhealth": 80.32128514, "water_toilet": 93.17269076, "shelter_makeshift_nhts": 2.008032129, "food_malnourished": "", "health_child_death": "", "health_maternal_death": "", "he_flood": 0.0, "he_volcano": 0.0, "he_landslide": 0.001056, "he_earthquake": 0.0}, "PH153635016": {"Water_Prop": 81.012658, "Food_Prop": "", "Shelter_Prop": 2.531646, "Health_Prop": 99.867637, "Education_Prop": 27.505329999999997, "Work_Prop": 58.46926, "Peace_Prop": 3.797468, "Participation_Prop": "", "SocialProtection_Prop": "", "Environment_Prop": 16.358852, "shelter_electricity": 78.16455696, "health_center_attendance": 99.86763733, "work_farms": 69.18429003, "work_unskilled": 23.86706949, "health_programs": 94.30379747, "sp_philhealth": 94.30379747, "water_toilet": 95.88607595, "shelter_makeshift_nhts": 2.848101266, "food_malnourished": "", "health_child_death": "", "health_maternal_death": "", "he_flood": 0.0, "he_volcano": 0.0, "he_landslide": 0.001056, "he_earthquake": 0.0}, "PH153635024": {"Water_Prop": 31.318680999999998, "Food_Prop": "", "Shelter_Prop": 1.0989010000000001, "Health_Prop": 98.473282, "Education_Prop": 32.52818, "Work_Prop": 59.613319, "Peace_Prop": 1.648352, "Participation_Prop": "", "SocialProtection_Prop": "", "Environment_Prop": 21.393603, "shelter_electricity": 73.62637363, "health_center_attendance": 98.47328244, "work_farms": 60.90425532, "work_unskilled": 29.25531915, "health_programs": 85.16483516, "sp_philhealth": 85.16483516, "water_toilet": 96.15384615, "shelter_makeshift_nhts": 2.60989011, "food_malnourished": "", "health_child_death": "", "health_maternal_death": "", "he_flood": 0.0, "he_volcano": 0.0, "he_landslide": 0.001056, "he_earthquake": 0.0}, "PH153635028": {"Water_Prop": 63.31058, "Food_Prop": "", "Shelter_Prop": 5.802048, "Health_Prop": 99.455412, "Education_Prop": 32.666667, "Work_Prop": 58.685120999999995, "Peace_Prop": 0.34129699999999996, "Participation_Prop": "", "SocialProtection_Prop": 99.863667, "Environment_Prop": 16.416024, "shelter_electricity": 65.52901024, "health_center_attendance": 99.45541184, "work_farms": 69.68174204, "work_unskilled": 20.60301508, "health_programs": 72.52559727, "sp_philhealth": 72.52559727, "water_toilet": 94.53924915, "shelter_makeshift_nhts": 1.535836177, "food_malnourished": "", "health_child_death": "", "health_maternal_death": "", "he_flood": 0.0, "he_volcano": 0.0, "he_landslide": 0.004064, "he_earthquake": 0.0}, "PH153635029": {"Water_Prop": 20.119522, "Food_Prop": "", "Shelter_Prop": 1.3944219999999998, "Health_Prop": 99.682414, "Education_Prop": 25.978648, "Work_Prop": 60.993976, "Peace_Prop": 0.199203, "Participation_Prop": "", "SocialProtection_Prop": 99.861687, "Environment_Prop": 21.213262, "shelter_electricity": 72.90836653, "health_center_attendance": 99.68241366, "work_farms": 51.35135135, "work_unskilled": 29.34362934, "health_programs": 81.07569721, "sp_philhealth": 81.07569721, "water_toilet": 93.82470119999999, "shelter_makeshift_nhts": 6.673306772999999, "food_malnourished": "", "health_child_death": "", "health_maternal_death": "", "he_flood": 0.0, "he_volcano": 0.0, "he_landslide": 0.001056, "he_earthquake": 0.0}, "PH153635035": {"Water_Prop": 40.654206, "Food_Prop": "", "Shelter_Prop": 0.934579, "Health_Prop": 95.462963, "Education_Prop": 25.974026000000002, "Work_Prop": 59.013282999999994, "Peace_Prop": 0.0, "Participation_Prop": "", "SocialProtection_Prop": "", "Environment_Prop": 20.927524, "shelter_electricity": 81.77570093, "health_center_attendance": 95.46296296, "work_farms": 70.37037037, "work_unskilled": 20.37037037, "health_programs": 84.11214953, "sp_philhealth": 84.11214953, "water_toilet": 82.71028037, "shelter_makeshift_nhts": 11.44859813, "food_malnourished": "", "health_child_death": "", "health_maternal_death": "", "he_flood": 0.0, "he_volcano": 0.0, "he_landslide": 0.000792, "he_earthquake": 0.0}, "PH153635037": {"Water_Prop": 20.136519, "Food_Prop": "", "Shelter_Prop": 3.4129690000000004, "Health_Prop": 94.121287, "Education_Prop": 40.754039, "Work_Prop": 62.812872, "Peace_Prop": 1.0238909999999999, "Participation_Prop": "", "SocialProtection_Prop": 99.881517, "Environment_Prop": 16.292198000000003, "shelter_electricity": 32.42320819, "health_center_attendance": 94.12128713, "work_farms": 54.48717949, "work_unskilled": 29.48717949, "health_programs": 68.60068259, "sp_philhealth": 68.60068259, "water_toilet": 93.17406143, "shelter_makeshift_nhts": 4.778156997, "food_malnourished": "", "health_child_death": "", "health_maternal_death": "", "he_flood": 0.0, "he_volcano": 0.0, "he_landslide": 0.002639, "he_earthquake": 0.0}, "PH153635041": {"Water_Prop": 45.962733, "Food_Prop": "", "Shelter_Prop": 6.832298, "Health_Prop": 99.323493, "Education_Prop": 32.368897, "Work_Prop": 57.452229, "Peace_Prop": 0.0, "Participation_Prop": "", "SocialProtection_Prop": "", "Environment_Prop": 18.544385000000002, "shelter_electricity": 79.50310559, "health_center_attendance": 99.32349323, "work_farms": 66.76646707, "work_unskilled": 24.5508982, "health_programs": 82.60869565, "sp_philhealth": 82.60869565, "water_toilet": 95.65217391, "shelter_makeshift_nhts": 2.7950310560000005, "food_malnourished": "", "health_child_death": "", "health_maternal_death": "", "he_flood": 0.0, "he_volcano": 0.0, "he_landslide": 0.001056, "he_earthquake": 0.0}, "PH153635042": {"Water_Prop": 31.788078999999996, "Food_Prop": "",