{"PH153630001": {"Water_Prop": 35.195531, "Food_Prop": "", "Shelter_Prop": 6.145251, "Health_Prop": 79.225569, "Education_Prop": 6.994819000000001, "Work_Prop": 54.074783999999994, "Peace_Prop": 0.0, "Participation_Prop": "", "SocialProtection_Prop": 97.909408, "Environment_Prop": 1.470302, "shelter_electricity": 31.84357542, "health_center_attendance": 79.22556853, "work_farms": 25.26096033, "work_unskilled": 59.49895616, "health_programs": 60.05586592, "sp_philhealth": 60.05586592, "water_toilet": 40.22346369, "shelter_makeshift_nhts": 10.47486034, "food_malnourished": "", "health_child_death": "", "health_maternal_death": "", "he_flood": 0.0, "he_volcano": 0.0, "he_landslide": 0.001953, "he_earthquake": 0.07142899999999999}, "PH153630002": {"Water_Prop": 19.354839000000002, "Food_Prop": "", "Shelter_Prop": 3.225806, "Health_Prop": 93.829787, "Education_Prop": 17.142857, "Work_Prop": 60.137457, "Peace_Prop": 0.0, "Participation_Prop": "", "SocialProtection_Prop": 99.316005, "Environment_Prop": 0.017446, "shelter_electricity": 33.33333333, "health_center_attendance": 93.82978723, "work_farms": 25.86206897, "work_unskilled": 55.17241379, "health_programs": 38.70967742, "sp_philhealth": 38.70967742, "water_toilet": 37.6344086, "shelter_makeshift_nhts": 9.677419355, "food_malnourished": "", "health_child_death": "", "health_maternal_death": "", "he_flood": 0.0, "he_volcano": 0.0, "he_landslide": 0.001056, "he_earthquake": 0.0}, "PH153630003": {"Water_Prop": 17.164179, "Food_Prop": "", "Shelter_Prop": 1.8656720000000002, "Health_Prop": 61.684557999999996, "Education_Prop": 13.758389000000001, "Work_Prop": 58.160622, "Peace_Prop": 0.373134, "Participation_Prop": "", "SocialProtection_Prop": 98.700455, "Environment_Prop": 0.128372, "shelter_electricity": 25.74626866, "health_center_attendance": 61.68455822, "work_farms": 18.57585139, "work_unskilled": 60.68111455, "health_programs": 70.14925373, "sp_philhealth": 70.14925373, "water_toilet": 37.31343284, "shelter_makeshift_nhts": 9.141791045, "food_malnourished": "", "health_child_death": "", "health_maternal_death": "", "he_flood": 0.0, "he_volcano": 0.0, "he_landslide": 0.002006, "he_earthquake": 0.0}, "PH153630006": {"Water_Prop": 46.311475, "Food_Prop": "", "Shelter_Prop": 1.639344, "Health_Prop": 91.769231, "Education_Prop": 24.390244, "Work_Prop": 60.655738, "Peace_Prop": 8.606557, "Participation_Prop": "", "SocialProtection_Prop": 99.446494, "Environment_Prop": 0.036400999999999996, "shelter_electricity": 43.85245902, "health_center_attendance": 91.76923077, "work_farms": 25.34722222, "work_unskilled": 61.80555556, "health_programs": 65.98360656, "sp_philhealth": 65.98360656, "water_toilet": 41.80327869, "shelter_makeshift_nhts": 5.12295082, "food_malnourished": "", "health_child_death": "", "health_maternal_death": "", "he_flood": 0.0, "he_volcano": 0.0, "he_landslide": 0.002006, "he_earthquake": 0.0}, "PH153630007": {"Water_Prop": 42.592593, "Food_Prop": "", "Shelter_Prop": 3.703704, "Health_Prop": 70.509194, "Education_Prop": 21.374046, "Work_Prop": 58.57321700000001, "Peace_Prop": 1.111111, "Participation_Prop": "", "SocialProtection_Prop": 98.152425, "Environment_Prop": 0.112749, "shelter_electricity": 16.66666667, "health_center_attendance": 70.50919378, "work_farms": 25.98187311, "work_unskilled": 62.23564955, "health_programs": 61.11111111, "sp_philhealth": 61.11111111, "water_toilet": 28.14814815, "shelter_makeshift_nhts": 8.518518519, "food_malnourished": "", "health_child_death": "", "health_maternal_death": "", "he_flood": 0.0, "he_volcano": 0.0, "he_landslide": 0.001056, "he_earthquake": 0.0}, "PH153630009": {"Water_Prop": 94.136808, "Food_Prop": "", "Shelter_Prop": 3.5830620000000004, "Health_Prop": 70.673077, "Education_Prop": 14.199395999999998, "Work_Prop": 54.821803, "Peace_Prop": 0.325733, "Participation_Prop": "", "SocialProtection_Prop": 99.061584, "Environment_Prop": 0.020972, "shelter_electricity": 13.02931596, "health_center_attendance": 70.67307692, "work_farms": 17.16937355, "work_unskilled": 62.87703016, "health_programs": 75.57003257, "sp_philhealth": 75.57003257, "water_toilet": 14.65798046, "shelter_makeshift_nhts": 6.188925081, "food_malnourished": "", "health_child_death": "", "health_maternal_death": "", "he_flood": 0.0, "he_volcano": 0.0, "he_landslide": 0.001056, "he_earthquake": 0.0}, "PH153630010": {"Water_Prop": 28.716215999999996, "Food_Prop": "", "Shelter_Prop": 1.351351, "Health_Prop": 52.516411, "Education_Prop": 14.20765, "Work_Prop": 54.309327, "Peace_Prop": 1.013514, "Participation_Prop": "", "SocialProtection_Prop": 99.67511400000001, "Environment_Prop": 0.10935399999999999, "shelter_electricity": 40.87837838, "health_center_attendance": 52.51641138, "work_farms": 15.24547804, "work_unskilled": 61.75710594, "health_programs": 64.86486486, "sp_philhealth": 64.86486486, "water_toilet": 23.31081081, "shelter_makeshift_nhts": 4.5608108110000005, "food_malnourished": "", "health_child_death": "", "health_maternal_death": "", "he_flood": 0.0, "he_volcano": 0.0, "he_landslide": 0.0008449999999999999, "he_earthquake": 0.0}, "PH153630011": {"Water_Prop": 4.03397, "Food_Prop": "", "Shelter_Prop": 2.1231419999999996, "Health_Prop": 95.631529, "Education_Prop": 7.221007000000001, "Work_Prop": 57.99283199999999, "Peace_Prop": 0.0, "Participation_Prop": "", "SocialProtection_Prop": 98.027211, "Environment_Prop": 7.2342830000000005, "shelter_electricity": 11.0403397, "health_center_attendance": 95.63152896, "work_farms": 11.09215017, "work_unskilled": 44.70989761, "health_programs": 63.05732484, "sp_philhealth": 63.05732484, "water_toilet": 16.56050955, "shelter_makeshift_nhts": 8.067940552, "food_malnourished": "", "health_child_death": "", "health_maternal_death": "", "he_flood": 0.0, "he_volcano": 0.0, "he_landslide": 0.001056, "he_earthquake": 0.0}, "PH153630012": {"Water_Prop": 2.827763, "Food_Prop": "", "Shelter_Prop": 0.771208, "Health_Prop": 58.484163, "Education_Prop": 4.368932, "Work_Prop": 51.855047, "Peace_Prop": 0.0, "Participation_Prop": "", "SocialProtection_Prop": 98.616515, "Environment_Prop": 4.580259, "shelter_electricity": 7.4550128529999995, "health_center_attendance": 58.484162899999994, "work_farms": 12.54480287, "work_unskilled": 29.21146953, "health_programs": 78.14910026, "sp_philhealth": 78.14910026, "water_toilet": 3.8560411310000005, "shelter_makeshift_nhts": 1.670951157, "food_malnourished": "", "health_child_death": "", "health_maternal_death": "", "he_flood": 0.0, "he_volcano": 0.0, "he_landslide": 0.001056, "he_earthquake": 0.0}, "PH153630014": {"Water_Prop": 31.756757, "Food_Prop": "", "Shelter_Prop": 1.689189, "Health_Prop": 79.248366, "Education_Prop": 6.20155, "Work_Prop": 54.126214000000004, "Peace_Prop": 0.337838, "Participation_Prop": "", "SocialProtection_Prop": 99.188312, "Environment_Prop": 7.040707, "shelter_electricity": 14.18918919, "health_center_attendance": 79.24836601, "work_farms": 26.45502646, "work_unskilled": 48.67724868, "health_programs": 55.06756757, "sp_philhealth": 55.06756757, "water_toilet": 17.56756757, "shelter_makeshift_nhts": 8.614864865, "food_malnourished": "", "health_child_death": "", "health_maternal_death": "", "he_flood": 0.0, "he_volcano": 0.0, "he_landslide": 0.000686, "he_earthquake": 0.0}, "PH153630016": {"Water_Prop": 98.461538, "Food_Prop": "", "Shelter_Prop": 0.6153850000000001, "Health_Prop": 70.020394, "Education_Prop": 7.523511, "Work_Prop": 52.929085, "Peace_Prop": 0.0, "Participation_Prop": "", "SocialProtection_Prop": 98.54208100000001, "Environment_Prop": 0.013899000000000002, "shelter_electricity": 18.76923077, "health_center_attendance": 70.02039429, "work_farms": 22.27074236, "work_unskilled": 56.55021834, "health_programs": 55.07692308, "sp_philhealth": 55.07692308, "water_toilet": 28.30769231, "shelter_makeshift_nhts": 7.538461538, "food_malnourished": "", "health_child_death": "", "health_maternal_death": "", "he_flood": 0.0, "he_volcano": 0.0, "he_landslide": 0.000792,