{"PH156606002": {"Water_Prop": 93.589744, "Food_Prop": "", "Shelter_Prop": 1.9230770000000001, "Health_Prop": 60.951009, "Education_Prop": 43.137254999999996, "Work_Prop": 43.932039, "Peace_Prop": 5.128205, "Participation_Prop": "", "SocialProtection_Prop": "", "Environment_Prop": 0.000178, "shelter_electricity": 96.79487179, "health_center_attendance": 60.95100865, "work_farms": 98.70129870000001, "work_unskilled": 0.0, "health_programs": 83.97435897, "sp_philhealth": 83.97435897, "water_toilet": 100.0, "shelter_makeshift_nhts": 0.641025641, "food_malnourished": "", "health_child_death": "", "health_maternal_death": "", "he_flood": 0.0, "he_volcano": 0.0, "he_landslide": 0.0, "he_earthquake": 0.0}, "PH156606003": {"Water_Prop": 99.5338, "Food_Prop": "", "Shelter_Prop": 3.962704, "Health_Prop": 55.440158, "Education_Prop": 51.520571999999994, "Work_Prop": 40.905058000000004, "Peace_Prop": 6.526807, "Participation_Prop": "", "SocialProtection_Prop": 99.937888, "Environment_Prop": 0.000223, "shelter_electricity": 98.36829837, "health_center_attendance": 55.44015826, "work_farms": 99.24924925, "work_unskilled": 0.15015015, "health_programs": 85.78088578, "sp_philhealth": 85.78088578, "water_toilet": 98.6013986, "shelter_makeshift_nhts": 0.46620046600000004, "food_malnourished": "", "health_child_death": "", "health_maternal_death": "", "he_flood": 0.0, "he_volcano": 0.0, "he_landslide": 0.0, "he_earthquake": 0.0}, "PH156606008": {"Water_Prop": 99.653979, "Food_Prop": "", "Shelter_Prop": 23.875432999999997, "Health_Prop": 49.428105, "Education_Prop": 43.377483000000005, "Work_Prop": 42.34104, "Peace_Prop": 54.67128, "Participation_Prop": "", "SocialProtection_Prop": 99.912816, "Environment_Prop": 0.130296, "shelter_electricity": 99.65397924, "health_center_attendance": 49.42810458, "work_farms": 98.4962406, "work_unskilled": 0.501253133, "health_programs": 88.92733564, "sp_philhealth": 88.92733564, "water_toilet": 100.0, "shelter_makeshift_nhts": 3.633217993, "food_malnourished": "", "health_child_death": "", "health_maternal_death": "", "he_flood": 0.0, "he_volcano": 0.0, "he_landslide": 0.0, "he_earthquake": 0.0}, "PH156606012": {"Water_Prop": 98.198198, "Food_Prop": "", "Shelter_Prop": 8.108108, "Health_Prop": 65.19443100000001, "Education_Prop": 57.094595, "Work_Prop": 45.636364, "Peace_Prop": 0.225225, "Participation_Prop": "", "SocialProtection_Prop": 97.694236, "Environment_Prop": 0.096134, "shelter_electricity": 97.74774775, "health_center_attendance": 65.19443111, "work_farms": 92.47491639, "work_unskilled": 1.337792642, "health_programs": 79.72972973, "sp_philhealth": 79.72972973, "water_toilet": 99.54954955, "shelter_makeshift_nhts": 2.027027027, "food_malnourished": "", "health_child_death": "", "health_maternal_death": "", "he_flood": 0.0, "he_volcano": 0.0, "he_landslide": 0.0, "he_earthquake": 0.0}, "PH156606015": {"Water_Prop": 97.196262, "Food_Prop": "", "Shelter_Prop": 0.0, "Health_Prop": 98.217822, "Education_Prop": 49.21875, "Work_Prop": 44.561403999999996, "Peace_Prop": 7.476636, "Participation_Prop": "", "SocialProtection_Prop": 99.8557, "Environment_Prop": 0.001607, "shelter_electricity": 97.19626168, "health_center_attendance": 98.21782178, "work_farms": 100.0, "work_unskilled": 0.0, "health_programs": 90.65420561, "sp_philhealth": 90.65420561, "water_toilet": 85.98130841, "shelter_makeshift_nhts": 0.0, "food_malnourished": "", "health_child_death": "", "health_maternal_death": "", "he_flood": 0.0, "he_volcano": 0.0, "he_landslide": 0.0, "he_earthquake": 0.0}}