{"PH150713001": {"Water_Prop": 43.157895, "Food_Prop": "", "Shelter_Prop": 3.805668, "Health_Prop": 70.531053, "Education_Prop": 35.950156, "Work_Prop": 50.290135, "Peace_Prop": 0.24291500000000002, "Participation_Prop": "", "SocialProtection_Prop": 99.954107, "Environment_Prop": 0.038038, "shelter_electricity": 96.19433198, "health_center_attendance": 70.53105311, "work_farms": 85.9922179, "work_unskilled": 1.556420233, "health_programs": 89.55465587, "sp_philhealth": 89.55465587, "water_toilet": 91.41700405, "shelter_makeshift_nhts": 2.388663968, "food_malnourished": "", "health_child_death": "", "health_maternal_death": "", "he_flood": 0.0, "he_volcano": 0.0, "he_landslide": 0.0, "he_earthquake": 0.0}, "PH150713002": {"Water_Prop": 92.77310899999999, "Food_Prop": "", "Shelter_Prop": 0.168067, "Health_Prop": 91.421736, "Education_Prop": 21.600877, "Work_Prop": 42.162902, "Peace_Prop": 31.932772999999997, "Participation_Prop": "", "SocialProtection_Prop": 99.716513, "Environment_Prop": 0.042499, "shelter_electricity": 98.82352941, "health_center_attendance": 91.42173616, "work_farms": 55.14792899, "work_unskilled": 8.875739645, "health_programs": 91.2605042, "sp_philhealth": 91.2605042, "water_toilet": 98.15126049999999, "shelter_makeshift_nhts": 5.12605042, "food_malnourished": "", "health_child_death": "", "health_maternal_death": "", "he_flood": 0.0, "he_volcano": 0.0, "he_landslide": 0.0, "he_earthquake": 0.0}, "PH150713003": {"Water_Prop": 87.19211800000001, "Food_Prop": "", "Shelter_Prop": 6.896552000000001, "Health_Prop": 25.398512, "Education_Prop": 9.375, "Work_Prop": 42.528736, "Peace_Prop": 0.49261099999999997, "Participation_Prop": "", "SocialProtection_Prop": 99.920698, "Environment_Prop": 0.015571999999999999, "shelter_electricity": 98.52216749, "health_center_attendance": 25.39851222, "work_farms": 57.33333333, "work_unskilled": 3.0, "health_programs": 91.62561576, "sp_philhealth": 91.62561576, "water_toilet": 99.50738916, "shelter_makeshift_nhts": 0.738916256, "food_malnourished": "", "health_child_death": "", "health_maternal_death": "", "he_flood": 0.0, "he_volcano": 0.0, "he_landslide": 0.0, "he_earthquake": 0.0}, "PH150713004": {"Water_Prop": 96.179625, "Food_Prop": "", "Shelter_Prop": 5.227882, "Health_Prop": 87.757826, "Education_Prop": 26.311815999999997, "Work_Prop": 34.971645, "Peace_Prop": 22.117962, "Participation_Prop": "", "SocialProtection_Prop": 99.932976, "Environment_Prop": 0.057809000000000006, "shelter_electricity": 60.92493298, "health_center_attendance": 87.75782577, "work_farms": 65.60077519, "work_unskilled": 2.180232558, "health_programs": 72.05093834, "sp_philhealth": 72.05093834, "water_toilet": 98.86058981, "shelter_makeshift_nhts": 2.077747989, "food_malnourished": "", "health_child_death": "", "health_maternal_death": "", "he_flood": 0.0, "he_volcano": 0.0, "he_landslide": 0.0, "he_earthquake": 0.0}, "PH150713005": {"Water_Prop": 98.938053, "Food_Prop": "", "Shelter_Prop": 27.964602000000003, "Health_Prop": 62.97526800000001, "Education_Prop": 59.221902, "Work_Prop": 57.21519, "Peace_Prop": 0.0, "Participation_Prop": "", "SocialProtection_Prop": 99.948639, "Environment_Prop": 0.076086, "shelter_electricity": 92.21238938, "health_center_attendance": 62.97526763, "work_farms": 86.98224852, "work_unskilled": 4.7337278110000005, "health_programs": 88.14159292, "sp_philhealth": 88.14159292, "water_toilet": 81.23893805, "shelter_makeshift_nhts": 0.796460177, "food_malnourished": "", "health_child_death": "", "health_maternal_death": "", "he_flood": 0.0, "he_volcano": 0.0, "he_landslide": 0.0, "he_earthquake": 0.0}, "PH150713006": {"Water_Prop": 97.65070899999999, "Food_Prop": "", "Shelter_Prop": 25.132979000000002, "Health_Prop": 50.377453, "Education_Prop": 67.216891, "Work_Prop": 47.554836, "Peace_Prop": 0.0, "Participation_Prop": "", "SocialProtection_Prop": "", "Environment_Prop": 0.144371, "shelter_electricity": 90.69148936, "health_center_attendance": 50.37745345, "work_farms": 74.5629071, "work_unskilled": 4.868015084, "health_programs": 82.0035461, "sp_philhealth": 82.0035461, "water_toilet": 85.28368794, "shelter_makeshift_nhts": 8.643617021, "food_malnourished": "", "health_child_death": "", "health_maternal_death": "", "he_flood": 0.0, "he_volcano": 0.0, "he_landslide": 0.0, "he_earthquake": 0.0}, "PH150713007": {"Water_Prop": 99.348534, "Food_Prop": "", "Shelter_Prop": 0.325733, "Health_Prop": 90.954064, "Education_Prop": 11.30064, "Work_Prop": 23.195084, "Peace_Prop": 7.817589999999999, "Participation_Prop": "", "SocialProtection_Prop": "", "Environment_Prop": 8.170895, "shelter_electricity": 99.3485342, "health_center_attendance": 90.9540636, "work_farms": 59.8, "work_unskilled": 0.2, "health_programs": 79.80456026, "sp_philhealth": 79.80456026, "water_toilet": 99.3485342, "shelter_makeshift_nhts": 0.32573289899999996, "food_malnourished": "", "health_child_death": "", "health_maternal_death": "", "he_flood": 0.0, "he_volcano": 0.0, "he_landslide": 0.0, "he_earthquake": 0.0}, "PH150713008": {"Water_Prop": 96.434635, "Food_Prop": "", "Shelter_Prop": 1.1884549999999998, "Health_Prop": 99.288922, "Education_Prop": 32.631578999999995, "Work_Prop": 37.204801, "Peace_Prop": 3.735144, "Participation_Prop": "", "SocialProtection_Prop": 99.953008, "Environment_Prop": 0.194712, "shelter_electricity": 95.41595925, "health_center_attendance": 99.28892216, "work_farms": 67.94081381, "work_unskilled": 4.747225647, "health_programs": 100.0, "sp_philhealth": 100.0, "water_toilet": 96.26485569, "shelter_makeshift_nhts": 3.777589134, "food_malnourished": "", "health_child_death": "", "health_maternal_death": "", "he_flood": 0.0, "he_volcano": 0.0, "he_landslide": 0.0, "he_earthquake": 0.0}, "PH150713009": {"Water_Prop": 9.328358, "Food_Prop": "", "Shelter_Prop": 1.1194030000000001, "Health_Prop": 23.292469, "Education_Prop": 54.07855, "Work_Prop": 51.869919, "Peace_Prop": 0.373134, "Participation_Prop": "", "SocialProtection_Prop": "", "Environment_Prop": 0.017824, "shelter_electricity": 98.88059701, "health_center_attendance": 23.29246935, "work_farms": 77.02702703, "work_unskilled": 8.783783784, "health_programs": 89.92537313, "sp_philhealth": 89.92537313, "water_toilet": 98.50746269, "shelter_makeshift_nhts": 0.18656716399999998, "food_malnourished": "", "health_child_death": "", "health_maternal_death": "", "he_flood": 0.0, "he_volcano": 0.0, "he_landslide": 0.0, "he_earthquake": 0.0}, "PH150713010": {"Water_Prop": 94.345238, "Food_Prop": "", "Shelter_Prop": 27.678571, "Health_Prop": 82.518419, "Education_Prop": 25.454545, "Work_Prop": 28.125, "Peace_Prop": 10.119048, "Participation_Prop": "", "SocialProtection_Prop": "", "Environment_Prop": 0.0030800000000000003, "shelter_electricity": 94.94047619, "health_center_attendance": 82.51841929, "work_farms": 57.217391299999996, "work_unskilled": 0.347826087, "health_programs": 82.73809524, "sp_philhealth": 82.73809524, "water_toilet": 92.26190476, "shelter_makeshift_nhts": 0.446428571, "food_malnourished": "", "health_child_death": "", "health_maternal_death": "", "he_flood": 0.0, "he_volcano": 0.0, "he_landslide": 0.0, "he_earthquake": 0.0}, "PH150713011": {"Water_Prop": 91.078067, "Food_Prop": "", "Shelter_Prop": 1.301115, "Health_Prop": 91.595331, "Education_Prop": 13.608748, "Work_Prop": 38.766892, "Peace_Prop": 0.0, "Participation_Prop": "", "SocialProtection_Prop": 99.936789, "Environment_Prop": 0.020880000000000003, "shelter_electricity": 98.51301115, "health_center_attendance": 91.59533074, "work_farms": 72.68965517, "work_unskilled": 0.8275862070000001, "health_programs": 80.66914498, "sp_philhealth": 80.66914498, "water_toilet": 90.89219331, "shelter_makeshift_nhts": 1.672862454, "food_malnourished": "", "health_child_death": "", "health_maternal_death": "", "he_flood": 0.0, "he_volcano": 0.0, "he_landslide": 0.0, "he_earthquake": 0.0}, "PH150713012": {"Water_Prop": 96.661829, "Food_Prop": "", "Shelter_Prop": 5.079826000000001, "Health_Prop": 84.32823,