{"PH153602002": {"Water_Prop": 3.676471, "Food_Prop": "", "Shelter_Prop": 1.1764709999999998, "Health_Prop": 97.873026, "Education_Prop": 18.951132, "Work_Prop": 59.592712, "Peace_Prop": 0.0, "Participation_Prop": "", "SocialProtection_Prop": 98.592828, "Environment_Prop": 0.179453, "shelter_electricity": 94.85294118, "health_center_attendance": 97.87302609999999, "work_farms": 30.37135279, "work_unskilled": 40.45092838, "health_programs": 84.85294118, "sp_philhealth": 84.85294118, "water_toilet": 56.61764706, "shelter_makeshift_nhts": 2.9411764710000003, "food_malnourished": "", "health_child_death": "", "health_maternal_death": "", "he_flood": 0.0, "he_volcano": 0.0, "he_landslide": 0.000792, "he_earthquake": 0.0, "name": "Banago"}, "PH153602003": {"Water_Prop": 94.042553, "Food_Prop": "", "Shelter_Prop": 20.0, "Health_Prop": 95.151515, "Education_Prop": 26.346154, "Work_Prop": 58.805513, "Peace_Prop": 0.0, "Participation_Prop": "", "SocialProtection_Prop": 99.892589, "Environment_Prop": 16.199932999999998, "shelter_electricity": 75.74468085, "health_center_attendance": 95.15151515, "work_farms": 53.77942999, "work_unskilled": 30.35935564, "health_programs": 84.68085106, "sp_philhealth": 84.68085106, "water_toilet": 67.65957447, "shelter_makeshift_nhts": 12.90780142, "food_malnourished": "", "health_child_death": "", "health_maternal_death": "", "he_flood": 0.0, "he_volcano": 0.0, "he_landslide": 0.000792, "he_earthquake": 0.0, "name": "Barorao"}, "PH153602004": {"Water_Prop": 1.470588, "Food_Prop": "", "Shelter_Prop": 16.544118, "Health_Prop": 97.576622, "Education_Prop": 26.211454, "Work_Prop": 60.12987, "Peace_Prop": 0.0, "Participation_Prop": "", "SocialProtection_Prop": "", "Environment_Prop": 0.12338099999999999, "shelter_electricity": 70.58823529, "health_center_attendance": 97.57662153, "work_farms": 55.70032573, "work_unskilled": 34.5276873, "health_programs": 73.52941176, "sp_philhealth": 73.52941176, "water_toilet": 52.20588235, "shelter_makeshift_nhts": 7.904411765, "food_malnourished": "", "health_child_death": "", "health_maternal_death": "", "he_flood": 0.0, "he_volcano": 0.0, "he_landslide": 0.000792, "he_earthquake": 0.0, "name": "Batuan"}, "PH153602006": {"Water_Prop": 19.607843, "Food_Prop": "", "Shelter_Prop": 11.111111, "Health_Prop": 98.09384200000001, "Education_Prop": 38.862559000000005, "Work_Prop": 56.01023000000001, "Peace_Prop": 0.0, "Participation_Prop": "", "SocialProtection_Prop": "", "Environment_Prop": 0.117276, "shelter_electricity": 45.75163399, "health_center_attendance": 98.09384164, "work_farms": 61.04651163, "work_unskilled": 31.39534884, "health_programs": 91.50326797, "sp_philhealth": 91.50326797, "water_toilet": 64.70588235, "shelter_makeshift_nhts": 4.248366013, "food_malnourished": "", "health_child_death": "", "health_maternal_death": "", "he_flood": 0.0, "he_volcano": 0.0, "he_landslide": 0.000792, "he_earthquake": 0.0, "name": "Budas"}, "PH153602007": {"Water_Prop": 95.695364, "Food_Prop": "", "Shelter_Prop": 1.324503, "Health_Prop": 96.476965, "Education_Prop": 31.222707, "Work_Prop": 60.20025, "Peace_Prop": 5.629139, "Participation_Prop": "", "SocialProtection_Prop": 99.75874499999999, "Environment_Prop": 24.239461, "shelter_electricity": 91.39072848, "health_center_attendance": 96.47696477, "work_farms": 55.97484277, "work_unskilled": 30.50314465, "health_programs": 83.77483444, "sp_philhealth": 83.77483444, "water_toilet": 72.84768212, "shelter_makeshift_nhts": 1.490066225, "food_malnourished": "", "health_child_death": "", "health_maternal_death": "", "he_flood": 0.0, "he_volcano": 0.0, "he_landslide": 0.000792, "he_earthquake": 0.0, "name": "Calilangan"}, "PH153602008": {"Water_Prop": 97.890295, "Food_Prop": "", "Shelter_Prop": 26.582278000000002, "Health_Prop": 92.897196, "Education_Prop": 18.367347, "Work_Prop": 59.202454, "Peace_Prop": 0.0, "Participation_Prop": "", "SocialProtection_Prop": 99.014778, "Environment_Prop": 16.176282999999998, "shelter_electricity": 74.26160338, "health_center_attendance": 92.89719626, "work_farms": 66.16541353, "work_unskilled": 22.18045113, "health_programs": 83.96624473, "sp_philhealth": 83.96624473, "water_toilet": 65.82278481, "shelter_makeshift_nhts": 11.81434599, "food_malnourished": "", "health_child_death": "", "health_maternal_death": "", "he_flood": 0.0, "he_volcano": 0.0, "he_landslide": 0.001056, "he_earthquake": 0.0, "name": "Igabay"}, "PH153602010": {"Water_Prop": 95.379538, "Food_Prop": "", "Shelter_Prop": 2.310231, "Health_Prop": 95.01965899999999, "Education_Prop": 22.222222, "Work_Prop": 55.811138, "Peace_Prop": 3.960396, "Participation_Prop": "", "SocialProtection_Prop": 99.913719, "Environment_Prop": 22.456254, "shelter_electricity": 89.10891089, "health_center_attendance": 95.01965924, "work_farms": 65.47945205, "work_unskilled": 22.73972603, "health_programs": 78.87788779, "sp_philhealth": 78.87788779, "water_toilet": 57.09570957, "shelter_makeshift_nhts": 5.610561056, "food_malnourished": "", "health_child_death": "", "health_maternal_death": "", "he_flood": 0.0, "he_volcano": 0.0, "he_landslide": 0.000792, "he_earthquake": 0.0, "name": "Lalabuan"}, "PH153602011": {"Water_Prop": 27.309237, "Food_Prop": "", "Shelter_Prop": 41.365462, "Health_Prop": 98.872786, "Education_Prop": 22.070845000000002, "Work_Prop": 60.766962, "Peace_Prop": 0.0, "Participation_Prop": "", "SocialProtection_Prop": "", "Environment_Prop": 0.11844600000000001, "shelter_electricity": 71.08433735, "health_center_attendance": 98.87278583, "work_farms": 64.28571429, "work_unskilled": 28.19548872, "health_programs": 83.13253012, "sp_philhealth": 83.13253012, "water_toilet": 58.63453815, "shelter_makeshift_nhts": 14.056224900000002, "food_malnourished": "", "health_child_death": "", "health_maternal_death": "", "he_flood": 0.0, "he_volcano": 0.0, "he_landslide": 0.000792, "he_earthquake": 0.0, "name": "Magulalung Occidental"}, "PH153602012": {"Water_Prop": 56.115108, "Food_Prop": "", "Shelter_Prop": 7.9136690000000005, "Health_Prop": 96.70014300000001, "Education_Prop": 30.729166999999997, "Work_Prop": 59.944751000000004, "Peace_Prop": 0.0, "Participation_Prop": "", "SocialProtection_Prop": 99.881235, "Environment_Prop": 0.027469, "shelter_electricity": 84.89208633, "health_center_attendance": 96.70014347, "work_farms": 65.51724138, "work_unskilled": 26.20689655, "health_programs": 84.89208633, "sp_philhealth": 84.89208633, "water_toilet": 67.62589928, "shelter_makeshift_nhts": 11.15107914, "food_malnourished": "", "health_child_death": "", "health_maternal_death": "", "he_flood": 0.0, "he_volcano": 0.0, "he_landslide": 0.000792, "he_earthquake": 0.0, "name": "Magulalung Oriental"}, "PH153602013": {"Water_Prop": 96.05263199999999, "Food_Prop": "", "Shelter_Prop": 10.526316, "Health_Prop": 96.592398, "Education_Prop": 53.218883999999996, "Work_Prop": 59.950249, "Peace_Prop": 1.3157889999999999, "Participation_Prop": "", "SocialProtection_Prop": 99.867374, "Environment_Prop": 0.11241099999999998, "shelter_electricity": 92.10526316, "health_center_attendance": 96.59239843, "work_farms": 51.55279503, "work_unskilled": 33.54037267, "health_programs": 76.97368421, "sp_philhealth": 76.97368421, "water_toilet": 67.10526316, "shelter_makeshift_nhts": 2.3026315790000003, "food_malnourished": "", "health_child_death": "", "health_maternal_death": "", "he_flood": 0.0, "he_volcano": 0.0, "he_landslide": 0.000792, "he_earthquake": 0.0, "name": "Molimoc"}, "PH153602014": {"Water_Prop": 37.912088, "Food_Prop": "", "Shelter_Prop": 22.527473, "Health_Prop": 94.966443, "Education_Prop": 44.055944000000004, "Work_Prop": 60.931174, "Peace_Prop": 0.0, "Participation_Prop": "", "SocialProtection_Prop": 99.871465, "Environment_Prop": 8.190569, "shelter_electricity": 82.41758242, "health_center_attendance": 94.96644295, "work_farms": 69.43005181, "work_unskilled": 15.54404145, "health_programs": 76.37362637, "sp_philhealth": 76.37362637, "water_toilet": 56.04395604,