{"PH157007002": {"Water_Prop": 84.172662, "Food_Prop": "", "Shelter_Prop": 0.0, "Health_Prop": 60.363636, "Education_Prop": 52.85714300000001, "Work_Prop": 37.640449, "Peace_Prop": 5.035971, "Participation_Prop": "", "SocialProtection_Prop": "", "Environment_Prop": 0.0044399999999999995, "shelter_electricity": 44.60431655, "health_center_attendance": 60.36363636, "work_farms": 50.45045045, "work_unskilled": 3.603603604, "health_programs": 79.85611511, "sp_philhealth": 79.85611511, "water_toilet": 84.17266187, "shelter_makeshift_nhts": 3.597122302, "food_malnourished": "", "health_child_death": "", "health_maternal_death": "", "he_flood": 0.0, "he_volcano": 0.0, "he_landslide": 0.000264, "he_earthquake": 0.0, "name": "Baliungan"}, "PH157007009": {"Water_Prop": 43.956044, "Food_Prop": "", "Shelter_Prop": 6.868132000000001, "Health_Prop": 59.290873, "Education_Prop": 8.720930000000001, "Work_Prop": 39.369278, "Peace_Prop": 0.0, "Participation_Prop": "", "SocialProtection_Prop": 99.945858, "Environment_Prop": 14.294472, "shelter_electricity": 30.21978022, "health_center_attendance": 59.29087328, "work_farms": 80.87248322, "work_unskilled": 3.691275168, "health_programs": 60.43956044, "sp_philhealth": 60.43956044, "water_toilet": 90.65934066, "shelter_makeshift_nhts": 14.6978022, "food_malnourished": "", "health_child_death": "", "health_maternal_death": "", "he_flood": 0.0, "he_volcano": 0.0, "he_landslide": 0.0, "he_earthquake": 0.0, "name": "Kakoong"}, "PH157007010": {"Water_Prop": 95.41284399999999, "Food_Prop": "", "Shelter_Prop": 0.0, "Health_Prop": 50.902184000000005, "Education_Prop": 12.333333, "Work_Prop": 53.770492000000004, "Peace_Prop": 0.0, "Participation_Prop": "", "SocialProtection_Prop": "", "Environment_Prop": 0.096309, "shelter_electricity": 78.44036697, "health_center_attendance": 50.90218424, "work_farms": 70.92198582, "work_unskilled": 6.382978723, "health_programs": 61.92660550000001, "sp_philhealth": 61.92660550000001, "water_toilet": 98.16513761, "shelter_makeshift_nhts": 30.04587156, "food_malnourished": "", "health_child_death": "", "health_maternal_death": "", "he_flood": 0.0, "he_volcano": 0.0, "he_landslide": 0.0, "he_earthquake": 0.0, "name": "Kepeng"}, "PH157007012": {"Water_Prop": 91.791045, "Food_Prop": "", "Shelter_Prop": 0.746269, "Health_Prop": 55.258126000000004, "Education_Prop": 52.040816, "Work_Prop": 43.489583, "Peace_Prop": 0.0, "Participation_Prop": "", "SocialProtection_Prop": "", "Environment_Prop": 0.0008029999999999999, "shelter_electricity": 52.98507463, "health_center_attendance": 55.2581262, "work_farms": 57.60368664, "work_unskilled": 5.069124424, "health_programs": 76.86567164, "sp_philhealth": 76.86567164, "water_toilet": 95.52238806, "shelter_makeshift_nhts": 5.223880597, "food_malnourished": "", "health_child_death": "", "health_maternal_death": "", "he_flood": 0.0, "he_volcano": 0.0, "he_landslide": 0.0, "he_earthquake": 0.0, "name": "Lahay-lahay"}, "PH157007026": {"Water_Prop": 93.14285699999999, "Food_Prop": "", "Shelter_Prop": 0.571429, "Health_Prop": 51.670644, "Education_Prop": 35.964912, "Work_Prop": 49.4, "Peace_Prop": 0.571429, "Participation_Prop": "", "SocialProtection_Prop": "", "Environment_Prop": 0.00040199999999999996, "shelter_electricity": 76.57142857, "health_center_attendance": 51.67064439, "work_farms": 56.52173913, "work_unskilled": 11.06719368, "health_programs": 72.57142857, "sp_philhealth": 72.57142857, "water_toilet": 92.0, "shelter_makeshift_nhts": 19.71428571, "food_malnourished": "", "health_child_death": "", "health_maternal_death": "", "he_flood": 0.0, "he_volcano": 0.0, "he_landslide": 0.0, "he_earthquake": 0.0, "name": "Naungan"}, "PH157007030": {"Water_Prop": 94.080997, "Food_Prop": "", "Shelter_Prop": 0.0, "Health_Prop": 57.710843000000004, "Education_Prop": 12.778905, "Work_Prop": 55.151515, "Peace_Prop": 0.0, "Participation_Prop": "", "SocialProtection_Prop": 99.87445100000001, "Environment_Prop": 0.169845, "shelter_electricity": 70.09345794, "health_center_attendance": 57.71084337, "work_farms": 70.27027027, "work_unskilled": 7.882882883, "health_programs": 37.38317757, "sp_philhealth": 37.38317757, "water_toilet": 95.32710279999999, "shelter_makeshift_nhts": 35.98130841, "food_malnourished": "", "health_child_death": "", "health_maternal_death": "", "he_flood": 0.0, "he_volcano": 0.0, "he_landslide": 0.0, "he_earthquake": 0.0, "name": "Sallangan"}, "PH157007031": {"Water_Prop": 90.78590799999999, "Food_Prop": "", "Shelter_Prop": 0.271003, "Health_Prop": 58.368076, "Education_Prop": 29.494382, "Work_Prop": 50.968829, "Peace_Prop": 1.626016, "Participation_Prop": "", "SocialProtection_Prop": 99.954483, "Environment_Prop": 14.371042000000001, "shelter_electricity": 32.24932249, "health_center_attendance": 58.36807624, "work_farms": 42.26804124, "work_unskilled": 7.388316151000001, "health_programs": 78.04878049, "sp_philhealth": 78.04878049, "water_toilet": 90.51490515, "shelter_makeshift_nhts": 23.98373984, "food_malnourished": "", "health_child_death": "", "health_maternal_death": "", "he_flood": 0.0, "he_volcano": 0.0, "he_landslide": 0.0, "he_earthquake": 0.0, "name": "Sapa"}, "PH157007033": {"Water_Prop": 66.013825, "Food_Prop": "", "Shelter_Prop": 1.958525, "Health_Prop": 71.034671, "Education_Prop": 21.375920999999998, "Work_Prop": 49.198279, "Peace_Prop": 0.576037, "Participation_Prop": "", "SocialProtection_Prop": 99.907522, "Environment_Prop": 0.15418099999999998, "shelter_electricity": 14.74654378, "health_center_attendance": 71.03467103, "work_farms": 37.79830639, "work_unskilled": 10.77752117, "health_programs": 80.41474654, "sp_philhealth": 80.41474654, "water_toilet": 87.78801843, "shelter_makeshift_nhts": 18.14516129, "food_malnourished": "", "health_child_death": "", "health_maternal_death": "", "he_flood": 0.0, "he_volcano": 0.0, "he_landslide": 0.0, "he_earthquake": 0.0, "name": "Silantup"}, "PH157007041": {"Water_Prop": 63.202247, "Food_Prop": "", "Shelter_Prop": 14.044944000000001, "Health_Prop": 55.1875, "Education_Prop": 15.384615, "Work_Prop": 35.318275, "Peace_Prop": 1.1235959999999998, "Participation_Prop": "", "SocialProtection_Prop": 99.845917, "Environment_Prop": 0.167812, "shelter_electricity": 54.49438202, "health_center_attendance": 55.1875, "work_farms": 75.39682540000001, "work_unskilled": 9.206349206, "health_programs": 65.16853933, "sp_philhealth": 65.16853933, "water_toilet": 95.50561798, "shelter_makeshift_nhts": 6.460674157000001, "food_malnourished": "", "health_child_death": "", "health_maternal_death": "", "he_flood": 0.0, "he_volcano": 0.0, "he_landslide": 0.0, "he_earthquake": 0.0, "name": "Tapian"}, "PH157007042": {"Water_Prop": 95.66787, "Food_Prop": "", "Shelter_Prop": 0.722022, "Health_Prop": 58.008299, "Education_Prop": 20.622567999999998, "Work_Prop": 42.874543, "Peace_Prop": 5.776173, "Participation_Prop": "", "SocialProtection_Prop": 99.774266, "Environment_Prop": 14.36788, "shelter_electricity": 28.519855600000003, "health_center_attendance": 58.00829876, "work_farms": 27.50533049, "work_unskilled": 11.51385928, "health_programs": 74.36823105, "sp_philhealth": 74.36823105, "water_toilet": 85.92057762, "shelter_makeshift_nhts": 28.33935018, "food_malnourished": "", "health_child_death": "", "health_maternal_death": "", "he_flood": 0.0, "he_volcano": 0.0, "he_landslide": 0.0, "he_earthquake": 0.0, "name": "Tongbangkaw"}, "PH157007043": {"Water_Prop": 25.890735999999997, "Food_Prop": "", "Shelter_Prop": 5.225653, "Health_Prop": 57.586012, "Education_Prop": 10.224439, "Work_Prop": 44.481328000000005, "Peace_Prop": 0.0, "Participation_Prop": "", "SocialProtection_Prop": 99.849322, "Environment_Prop": 0.088261, "shelter_electricity": 23.75296912, "health_center_attendance": 57.58601241, "work_farms": 79.52167414, "work_unskilled": 6.726457399, "health_programs": 63.89548694, "sp_philhealth": 63.89548694, "water_toilet": 91.9239905, "shelter_makeshift_nhts": 19.59619952, "food_malnourished": "",