{"PH157008001": {"Water_Prop": 96.467391, "Food_Prop": "", "Shelter_Prop": 0.543478, "Health_Prop": 82.349785, "Education_Prop": 16.104869, "Work_Prop": 58.73925500000001, "Peace_Prop": 12.5, "Participation_Prop": "", "SocialProtection_Prop": "", "Environment_Prop": 0.028341, "shelter_electricity": 74.18478261, "health_center_attendance": 82.34978541, "work_farms": 61.34259259, "work_unskilled": 18.75, "health_programs": 63.85869565, "sp_philhealth": 63.85869565, "water_toilet": 75.27173913, "shelter_makeshift_nhts": 6.385869565, "food_malnourished": "", "health_child_death": "", "health_maternal_death": "", "he_flood": 0.0, "he_volcano": 0.0, "he_landslide": 0.0, "he_earthquake": 0.0}, "PH157008002": {"Water_Prop": 95.238095, "Food_Prop": "", "Shelter_Prop": 0.0, "Health_Prop": 77.72435899999999, "Education_Prop": 20.930232999999998, "Work_Prop": 57.552082999999996, "Peace_Prop": 11.564625999999999, "Participation_Prop": "", "SocialProtection_Prop": "", "Environment_Prop": 0.0018739999999999998, "shelter_electricity": 86.39455782, "health_center_attendance": 77.72435897, "work_farms": 74.84662577, "work_unskilled": 12.88343558, "health_programs": 59.86394558, "sp_philhealth": 59.86394558, "water_toilet": 97.95918367, "shelter_makeshift_nhts": 0.0, "food_malnourished": "", "health_child_death": "", "health_maternal_death": "", "he_flood": 0.0, "he_volcano": 0.0, "he_landslide": 0.0, "he_earthquake": 0.0}}