{"PH153815002": {"water_access": 66.12716800000001, "food_tenure": "", "shelter_informal_settlers_nhts": 1.271676, "health_center_attendance": 99.86222099999999, "educ_outofschool_all": 13.422007, "work_unemployment": 48.683128, "po_conflict": 1.50289, "participation_assembly_attendance": "", "sp_sss": "", "he_risk": 8.222987, "shelter_electricity": 43.35260116, "health_center_attendance.1": 99.86222099999999, "work_farms": 12.59021652, "work_unskilled": 62.9510826, "health_programs": 73.87283237, "sp_philhealth": 26.127167630000002, "water_toilet": 73.06358382, "shelter_makeshift_nhts": 1.0404624279999999, "food_malnourished": "", "health_child_death": "", "health_maternal_death": "", "he_flood": 0.0, "he_volcano": 0.0, "he_landslide": 0.002111, "he_earthquake": 0.0, "name": "Borongotan"}, "PH153815003": {"water_access": 96.845426, "food_tenure": "", "shelter_informal_settlers_nhts": 0.0, "health_center_attendance": 99.492708, "educ_outofschool_all": 20.720720999999998, "work_unemployment": 56.86719599999999, "po_conflict": 1.8927439999999998, "participation_assembly_attendance": "", "sp_sss": "", "he_risk": 16.519647, "shelter_electricity": 99.05362776, "health_center_attendance.1": 99.49270767, "work_farms": 1.052631579, "work_unskilled": 94.21052632, "health_programs": 55.20504732, "sp_philhealth": 44.79495268, "water_toilet": 98.10725552, "shelter_makeshift_nhts": 1.104100946, "food_malnourished": "", "health_child_death": "", "health_maternal_death": "", "he_flood": 0.0, "he_volcano": 0.0, "he_landslide": 0.0024809999999999997, "he_earthquake": 0.0, "name": "Bayabas"}, "PH153815004": {"water_access": 88.270548, "food_tenure": "", "shelter_informal_settlers_nhts": 0.342466, "health_center_attendance": 81.116552, "educ_outofschool_all": 18.425606, "work_unemployment": 58.221109, "po_conflict": 1.027397, "participation_assembly_attendance": "", "sp_sss": "", "he_risk": 16.211307, "shelter_electricity": 60.70205479, "health_center_attendance.1": 81.1165524, "work_farms": 12.59370315, "work_unskilled": 78.03598201, "health_programs": 66.86643836, "sp_philhealth": 33.133561639999996, "water_toilet": 92.03767123, "shelter_makeshift_nhts": 0.21404109600000001, "food_malnourished": "", "health_child_death": "", "health_maternal_death": "", "he_flood": 0.0, "he_volcano": 0.0, "he_landslide": 0.0036950000000000004, "he_earthquake": 0.0, "name": "Blensong"}, "PH153815005": {"water_access": 92.38095200000001, "food_tenure": "", "shelter_informal_settlers_nhts": 0.9523809999999999, "health_center_attendance": 97.977625, "educ_outofschool_all": 15.017667999999999, "work_unemployment": 57.555406000000005, "po_conflict": 0.380952, "participation_assembly_attendance": "", "sp_sss": "", "he_risk": 0.11801400000000001, "shelter_electricity": 59.42857143, "health_center_attendance.1": 97.97762478, "work_farms": 28.9556962, "work_unskilled": 53.955696200000006, "health_programs": 76.95238095, "sp_philhealth": 23.047619049999994, "water_toilet": 89.14285714, "shelter_makeshift_nhts": 0.761904762, "food_malnourished": "", "health_child_death": "", "health_maternal_death": "", "he_flood": 0.0, "he_volcano": 0.0, "he_landslide": 0.001056, "he_earthquake": 0.0, "name": "Bugabungan"}, "PH153815006": {"water_access": 91.042781, "food_tenure": "", "shelter_informal_settlers_nhts": 2.272727, "health_center_attendance": 98.354662, "educ_outofschool_all": 11.66033, "work_unemployment": 58.615611, "po_conflict": 0.668449, "participation_assembly_attendance": "", "sp_sss": "", "he_risk": 0.252523, "shelter_electricity": 69.11764706, "health_center_attendance.1": 98.35466179, "work_farms": 25.38552788, "work_unskilled": 65.12455516, "health_programs": 78.07486631, "sp_philhealth": 21.925133689999996, "water_toilet": 95.32085562, "shelter_makeshift_nhts": 0.46791443899999996, "food_malnourished": "", "health_child_death": "", "health_maternal_death": "", "he_flood": 0.0, "he_volcano": 0.0, "he_landslide": 0.003589, "he_earthquake": 0.0, "name": "Bungcog"}, "PH153815008": {"water_access": 79.607843, "food_tenure": "", "shelter_informal_settlers_nhts": 0.522876, "health_center_attendance": 97.681855, "educ_outofschool_all": 22.399151, "work_unemployment": 57.073386, "po_conflict": 0.130719, "participation_assembly_attendance": "", "sp_sss": "", "he_risk": 1.206901, "shelter_electricity": 72.15686275, "health_center_attendance.1": 97.68185452, "work_farms": 4.11946447, "work_unskilled": 76.62203913, "health_programs": 60.0, "sp_philhealth": 40.0, "water_toilet": 87.05882353, "shelter_makeshift_nhts": 0.5228758170000001, "food_malnourished": "", "health_child_death": "", "health_maternal_death": "", "he_flood": 0.0, "he_volcano": 0.0, "he_landslide": 0.0038, "he_earthquake": 0.0, "name": "Darugao"}, "PH153815009": {"water_access": 76.95652199999999, "food_tenure": "", "shelter_informal_settlers_nhts": 0.0, "health_center_attendance": 99.54128399999999, "educ_outofschool_all": 33.079848, "work_unemployment": 59.293395, "po_conflict": 2.608696, "participation_assembly_attendance": "", "sp_sss": "", "he_risk": 8.187660000000001, "shelter_electricity": 70.86956522, "health_center_attendance.1": 99.54128440000001, "work_farms": 20.75471698, "work_unskilled": 70.56603774, "health_programs": 84.34782609, "sp_philhealth": 15.652173910000002, "water_toilet": 96.52173913, "shelter_makeshift_nhts": 2.826086957, "food_malnourished": "", "health_child_death": "", "health_maternal_death": "", "he_flood": 0.0, "he_volcano": 0.0, "he_landslide": 0.000792, "he_earthquake": 0.0, "name": "Ganasi"}, "PH153815010": {"water_access": 98.425197, "food_tenure": "", "shelter_informal_settlers_nhts": 12.860892, "health_center_attendance": 98.505811, "educ_outofschool_all": 10.779817, "work_unemployment": 59.275237, "po_conflict": 0.524934, "participation_assembly_attendance": "", "sp_sss": "", "he_risk": 0.120691, "shelter_electricity": 66.66666667, "health_center_attendance.1": 98.50581074, "work_farms": 28.38983051, "work_unskilled": 56.99152542, "health_programs": 64.82939633, "sp_philhealth": 35.170603670000006, "water_toilet": 94.48818898, "shelter_makeshift_nhts": 0.787401575, "food_malnourished": "", "health_child_death": "", "health_maternal_death": "", "he_flood": 0.0, "he_volcano": 0.0, "he_landslide": 0.001056, "he_earthquake": 0.0, "name": "Kabakaba"}, "PH153815012": {"water_access": 81.52381, "food_tenure": "", "shelter_informal_settlers_nhts": 0.0, "health_center_attendance": 99.760192, "educ_outofschool_all": 19.575114000000003, "work_unemployment": 50.640593, "po_conflict": 0.9523809999999999, "participation_assembly_attendance": "", "sp_sss": "", "he_risk": 8.19019, "shelter_electricity": 45.904761900000004, "health_center_attendance.1": 99.76019185, "work_farms": 38.66120219, "work_unskilled": 49.18032787, "health_programs": 72.76190476, "sp_philhealth": 27.238095240000007, "water_toilet": 88.38095238, "shelter_makeshift_nhts": 2.761904762, "food_malnourished": "", "health_child_death": "", "health_maternal_death": "", "he_flood": 0.0, "he_volcano": 0.0, "he_landslide": 0.001056, "he_earthquake": 0.0, "name": "Kibleg"}, "PH153815013": {"water_access": 81.050657, "food_tenure": "", "shelter_informal_settlers_nhts": 2.814259, "health_center_attendance": 99.096726, "educ_outofschool_all": 22.023047000000002, "work_unemployment": 50.631229, "po_conflict": 0.562852, "participation_assembly_attendance": "", "sp_sss": "", "he_risk": 8.099851, "shelter_electricity": 78.04878049, "health_center_attendance.1": 99.09672563, "work_farms": 59.35397039, "work_unskilled": 35.12786003, "health_programs": 68.48030019, "sp_philhealth": 31.519699810000006, "water_toilet": 88.93058161, "shelter_makeshift_nhts": 1.5947467169999998, "food_malnourished": "", "health_child_death": "", "health_maternal_death": "", "he_flood": 0.0, "he_volcano": 0.0, "he_landslide": 0.00132, "he_earthquake": 0.0, "name": "Kibucay"}, "PH153815014": {"water_access": 95.47511300000001, "food_tenure": "",