{"PH153827001": {"Water_Prop": 90.022173, "Food_Prop": "", "Shelter_Prop": 8.203991, "Health_Prop": 93.966422, "Education_Prop": 64.92374699999999, "Work_Prop": 41.37931, "Peace_Prop": 25.720620999999998, "Participation_Prop": "", "SocialProtection_Prop": "", "Environment_Prop": 0.141243, "shelter_electricity": 79.15742794, "health_center_attendance": 93.96642183, "work_farms": 71.94570136, "work_unskilled": 7.843137255, "health_programs": 98.89135255, "sp_philhealth": 98.89135255, "water_toilet": 21.28603104, "shelter_makeshift_nhts": 20.28824834, "food_malnourished": "", "health_child_death": "", "health_maternal_death": "", "he_flood": 0.0, "he_volcano": 0.0, "he_landslide": 0.002639, "he_earthquake": 0.0}, "PH153827002": {"Water_Prop": 81.623932, "Food_Prop": "", "Shelter_Prop": 16.239316, "Health_Prop": 93.273543, "Education_Prop": 40.620155, "Work_Prop": 31.875526, "Peace_Prop": 82.47863199999999, "Participation_Prop": "", "SocialProtection_Prop": "", "Environment_Prop": 0.03102, "shelter_electricity": 35.68376068, "health_center_attendance": 93.2735426, "work_farms": 63.20987654, "work_unskilled": 8.518518519, "health_programs": 85.25641026, "sp_philhealth": 85.25641026, "water_toilet": 59.18803419, "shelter_makeshift_nhts": 21.36752137, "food_malnourished": "", "health_child_death": "", "health_maternal_death": "", "he_flood": 0.0, "he_volcano": 0.0, "he_landslide": 0.000528, "he_earthquake": 0.0}, "PH153827003": {"Water_Prop": 90.89692099999999, "Food_Prop": "", "Shelter_Prop": 2.6773759999999998, "Health_Prop": 94.31127, "Education_Prop": 58.62069, "Work_Prop": 24.092616, "Peace_Prop": 46.184739, "Participation_Prop": "", "SocialProtection_Prop": "", "Environment_Prop": 5.3636349999999995, "shelter_electricity": 76.5729585, "health_center_attendance": 94.31127013, "work_farms": 57.37840066, "work_unskilled": 7.831821929, "health_programs": 68.40696118, "sp_philhealth": 68.40696118, "water_toilet": 44.04283802, "shelter_makeshift_nhts": 29.38420348, "food_malnourished": "", "health_child_death": "", "health_maternal_death": "", "he_flood": 0.0, "he_volcano": 0.0, "he_landslide": 0.0022170000000000002, "he_earthquake": 0.0}, "PH153827004": {"Water_Prop": 38.6, "Food_Prop": "", "Shelter_Prop": 13.8, "Health_Prop": 97.234125, "Education_Prop": 41.259640000000005, "Work_Prop": 42.120552, "Peace_Prop": 77.2, "Participation_Prop": "", "SocialProtection_Prop": "", "Environment_Prop": 16.171256, "shelter_electricity": 17.8, "health_center_attendance": 97.23412544, "work_farms": 78.04265997, "work_unskilled": 6.900878294, "health_programs": 59.2, "sp_philhealth": 59.2, "water_toilet": 80.4, "shelter_makeshift_nhts": 11.9, "food_malnourished": "", "health_child_death": "", "health_maternal_death": "", "he_flood": 0.0, "he_volcano": 0.0, "he_landslide": 0.000528, "he_earthquake": 0.0}, "PH153827005": {"Water_Prop": 55.47619, "Food_Prop": "", "Shelter_Prop": 5.714286, "Health_Prop": 92.807825, "Education_Prop": 53.037383, "Work_Prop": 35.654886, "Peace_Prop": 67.14285699999999, "Participation_Prop": "", "SocialProtection_Prop": "", "Environment_Prop": 0.025743000000000002, "shelter_electricity": 45.0, "health_center_attendance": 92.80782509, "work_farms": 61.55088853, "work_unskilled": 5.654281098999999, "health_programs": 91.42857143, "sp_philhealth": 91.42857143, "water_toilet": 48.57142857, "shelter_makeshift_nhts": 16.66666667, "food_malnourished": "", "health_child_death": "", "health_maternal_death": "", "he_flood": 0.0, "he_volcano": 0.0, "he_landslide": 0.000528, "he_earthquake": 0.0}, "PH153827006": {"Water_Prop": 54.463668000000006, "Food_Prop": "", "Shelter_Prop": 3.044983, "Health_Prop": 93.01343, "Education_Prop": 30.345636, "Work_Prop": 48.013718, "Peace_Prop": 36.816609, "Participation_Prop": "", "SocialProtection_Prop": 99.934875, "Environment_Prop": 16.181191000000002, "shelter_electricity": 56.12456747, "health_center_attendance": 93.01342991, "work_farms": 70.42330951, "work_unskilled": 9.400769654, "health_programs": 77.78546713, "sp_philhealth": 77.78546713, "water_toilet": 37.43944637, "shelter_makeshift_nhts": 14.18685121, "food_malnourished": "", "health_child_death": "", "health_maternal_death": "", "he_flood": 0.0, "he_volcano": 0.0, "he_landslide": 0.0008449999999999999, "he_earthquake": 0.0}, "PH153827008": {"Water_Prop": 86.352357, "Food_Prop": "", "Shelter_Prop": 7.19603, "Health_Prop": 98.161168, "Education_Prop": 77.083333, "Work_Prop": 28.648649, "Peace_Prop": 32.258065, "Participation_Prop": "", "SocialProtection_Prop": "", "Environment_Prop": 16.300939, "shelter_electricity": 82.63027295, "health_center_attendance": 98.1611682, "work_farms": 66.21212121, "work_unskilled": 2.272727273, "health_programs": 91.06699752, "sp_philhealth": 91.06699752, "water_toilet": 30.27295285, "shelter_makeshift_nhts": 16.12903226, "food_malnourished": "", "health_child_death": "", "health_maternal_death": "", "he_flood": 0.0, "he_volcano": 0.0, "he_landslide": 0.002639, "he_earthquake": 0.0}, "PH153827010": {"Water_Prop": 77.753304, "Food_Prop": "", "Shelter_Prop": 3.3039650000000003, "Health_Prop": 94.194757, "Education_Prop": 46.920821000000004, "Work_Prop": 31.387559999999997, "Peace_Prop": 28.634361, "Participation_Prop": "", "SocialProtection_Prop": "", "Environment_Prop": 0.13558199999999998, "shelter_electricity": 74.66960352, "health_center_attendance": 94.19475655, "work_farms": 63.17991632, "work_unskilled": 1.2552301259999998, "health_programs": 90.30837004, "sp_philhealth": 90.30837004, "water_toilet": 24.66960352, "shelter_makeshift_nhts": 41.18942731, "food_malnourished": "", "health_child_death": "", "health_maternal_death": "", "he_flood": 0.0, "he_volcano": 0.0, "he_landslide": 0.0022170000000000002, "he_earthquake": 0.0}}