{"PH166720001": {"water_access": 0.0, "food_tenure": 100.0, "shelter_informal_settlers_nhts": 0.0, "health_center_attendance": 18.65285, "educ_outofschool_all": 4.301075, "work_unemployment": 50.0, "po_conflict": 41.558442, "participation_assembly_attendance": 75.068493, "sp_sss": 99.726027, "he_risk": 0.6290859999999999, "shelter_electricity": 19.48051948, "health_center_attendance.1": 18.65284974, "work_farms": 48.38709677, "work_unskilled": 27.41935484, "health_programs": 18.18181818, "sp_philhealth": 18.18181818, "water_toilet": 5.194805195, "shelter_makeshift_nhts": 2.597402597, "food_malnourished": 0.0, "health_child_death": "", "health_maternal_death": 0.0, "he_flood": 0.0, "he_volcano": 0.0, "he_landslide": 0.003431, "he_earthquake": 0.0, "name": "Buhing Calipay"}, "PH166720002": {"water_access": 16.363636, "food_tenure": "", "shelter_informal_settlers_nhts": 11.428571, "health_center_attendance": 40.57725, "educ_outofschool_all": 2.315789, "work_unemployment": 50.477016, "po_conflict": 26.233765999999996, "participation_assembly_attendance": 92.17432099999999, "sp_sss": 99.390815, "he_risk": 9.087653, "shelter_electricity": 10.38961039, "health_center_attendance.1": 40.57724958, "work_farms": 23.4676007, "work_unskilled": 45.35901926, "health_programs": 25.45454545, "sp_philhealth": 25.45454545, "water_toilet": 6.753246752999999, "shelter_makeshift_nhts": 2.3376623380000003, "food_malnourished": 0.0, "health_child_death": "", "health_maternal_death": 0.0, "he_flood": 0.0, "he_volcano": 0.0, "he_landslide": 0.003431, "he_earthquake": 0.0, "name": "Del Carmen (Pob.)"}, "PH166720003": {"water_access": 1.0989010000000001, "food_tenure": "", "shelter_informal_settlers_nhts": 1.0989010000000001, "health_center_attendance": 22.377622, "educ_outofschool_all": 4.5454550000000005, "work_unemployment": 49.116608, "po_conflict": 62.637363, "participation_assembly_attendance": 79.20354, "sp_sss": 99.336283, "he_risk": 8.757578, "shelter_electricity": 10.98901099, "health_center_attendance.1": 22.37762238, "work_farms": 32.63888889, "work_unskilled": 39.58333333, "health_programs": 21.97802198, "sp_philhealth": 21.97802198, "water_toilet": 0.0, "shelter_makeshift_nhts": 0.0, "food_malnourished": 63.299999, "health_child_death": "", "health_maternal_death": 16.700001, "he_flood": 0.0, "he_volcano": 0.0, "he_landslide": 0.003431, "he_earthquake": 0.0, "name": "Del Pilar"}, "PH166720004": {"water_access": 0.0, "food_tenure": "", "shelter_informal_settlers_nhts": 0.0, "health_center_attendance": 14.124294, "educ_outofschool_all": 2.380952, "work_unemployment": 55.652174, "po_conflict": 47.368421000000005, "participation_assembly_attendance": 51.707316999999996, "sp_sss": 99.51219499999999, "he_risk": 10.304199, "shelter_electricity": 2.631578947, "health_center_attendance.1": 14.12429379, "work_farms": 35.29411765, "work_unskilled": 43.1372549, "health_programs": 5.263157895, "sp_philhealth": 5.263157895, "water_toilet": 0.0, "shelter_makeshift_nhts": 3.947368421, "food_malnourished": 0.0, "health_child_death": "", "health_maternal_death": 0.0, "he_flood": 0.0, "he_volcano": 0.0, "he_landslide": 0.003431, "he_earthquake": 0.07142899999999999, "name": "Macapagal"}, "PH166720006": {"water_access": 5.7971010000000005, "food_tenure": "", "shelter_informal_settlers_nhts": 1.449275, "health_center_attendance": 34.560907, "educ_outofschool_all": 3.125, "work_unemployment": 56.321839000000004, "po_conflict": 76.811594, "participation_assembly_attendance": 74.127907, "sp_sss": 98.255814, "he_risk": 9.409013, "shelter_electricity": 17.39130435, "health_center_attendance.1": 34.56090652, "work_farms": 20.175438600000003, "work_unskilled": 39.47368421, "health_programs": 23.1884058, "sp_philhealth": 23.1884058, "water_toilet": 0.0, "shelter_makeshift_nhts": 1.4492753619999998, "food_malnourished": 0.0, "health_child_death": "", "health_maternal_death": 0.0, "he_flood": 0.0, "he_volcano": 0.0, "he_landslide": 0.003431, "he_earthquake": 0.0, "name": "Pacifico"}, "PH166720007": {"water_access": 2.040816, "food_tenure": "", "shelter_informal_settlers_nhts": 6.122449, "health_center_attendance": 15.983607000000001, "educ_outofschool_all": 6.451613, "work_unemployment": 42.682927, "po_conflict": 38.77551, "participation_assembly_attendance": 70.029674, "sp_sss": "", "he_risk": 0.9100729999999999, "shelter_electricity": 18.36734694, "health_center_attendance.1": 15.98360656, "work_farms": 23.40425532, "work_unskilled": 37.23404255, "health_programs": 12.24489796, "sp_philhealth": 12.24489796, "water_toilet": 4.081632653, "shelter_makeshift_nhts": 5.102040816000001, "food_malnourished": 33.299999, "health_child_death": "", "health_maternal_death": 0.0, "he_flood": 0.0, "he_volcano": 0.0, "he_landslide": 0.003431, "he_earthquake": 0.0, "name": "Pelaez"}, "PH166720008": {"water_access": 2.072539, "food_tenure": 0.0, "shelter_informal_settlers_nhts": 3.6269430000000003, "health_center_attendance": 16.413043, "educ_outofschool_all": 2.4038459999999997, "work_unemployment": 49.836601, "po_conflict": 37.823834000000005, "participation_assembly_attendance": 87.969201, "sp_sss": 99.422522, "he_risk": 8.451165, "shelter_electricity": 8.808290155, "health_center_attendance.1": 16.41304348, "work_farms": 26.05863192, "work_unskilled": 37.13355049, "health_programs": 17.0984456, "sp_philhealth": 17.0984456, "water_toilet": 3.626943005, "shelter_makeshift_nhts": 1.295336788, "food_malnourished": 0.0, "health_child_death": "", "health_maternal_death": 5.9000001, "he_flood": 0.0, "he_volcano": 0.0, "he_landslide": 0.003431, "he_earthquake": 0.0, "name": "Roxas"}, "PH166720009": {"water_access": 41.025641, "food_tenure": 0.0, "shelter_informal_settlers_nhts": 0.0, "health_center_attendance": 12.080537, "educ_outofschool_all": 5.263158, "work_unemployment": 40.816327, "po_conflict": 51.282051, "participation_assembly_attendance": 57.013575, "sp_sss": 99.547511, "he_risk": 2.6462529999999997, "shelter_electricity": 10.25641026, "health_center_attendance.1": 12.08053691, "work_farms": 32.75862069, "work_unskilled": 34.48275862, "health_programs": 10.25641026, "sp_philhealth": 10.25641026, "water_toilet": 7.692307692000001, "shelter_makeshift_nhts": 10.25641026, "food_malnourished": 0.0, "health_child_death": "", "health_maternal_death": 0.0, "he_flood": 0.0, "he_volcano": 0.0, "he_landslide": 0.003431, "he_earthquake": 0.14285699999999998, "name": "San Miguel"}, "PH166720010": {"water_access": 0.0, "food_tenure": 85.714286, "shelter_informal_settlers_nhts": 0.0, "health_center_attendance": 13.650794, "educ_outofschool_all": 3.04878, "work_unemployment": 47.407407, "po_conflict": 51.492537, "participation_assembly_attendance": 83.70253199999999, "sp_sss": 99.367089, "he_risk": 1.786183, "shelter_electricity": 10.44776119, "health_center_attendance.1": 13.65079365, "work_farms": 23.94366197, "work_unskilled": 51.64319249, "health_programs": 16.41791045, "sp_philhealth": 16.41791045, "water_toilet": 2.23880597, "shelter_makeshift_nhts": 2.23880597, "food_malnourished": 0.0, "health_child_death": "", "health_maternal_death": 0.0, "he_flood": 0.0, "he_volcano": 0.0, "he_landslide": 0.003431, "he_earthquake": 0.07142899999999999, "name": "Santa Paz"}, "PH166720011": {"water_access": 1.086957, "food_tenure": "", "shelter_informal_settlers_nhts": 1.086957, "health_center_attendance": 25.952381, "educ_outofschool_all": 0.909091, "work_unemployment": 51.119403000000005, "po_conflict": 32.608696, "participation_assembly_attendance": 72.46696, "sp_sss": 99.559471, "he_risk": 10.942409, "shelter_electricity": 5.434782609, "health_center_attendance.1": 25.95238095, "work_farms": 25.95419847, "work_unskilled": 28.24427481, "health_programs": 19.56521739, "sp_philhealth": 19.56521739, "water_toilet": 3.260869565, "shelter_makeshift_nhts": 1.630434783, "food_malnourished": 0.0, "health_child_death": "", "health_maternal_death": 0.0, "he_flood": 0.0, "he_volcano": 0.0, "he_landslide": 0.003431,