{"PH160302001": {"water_access": 62.471568999999995, "food_tenure": 45.177665000000005, "shelter_informal_settlers_nhts": 1.21304, "health_center_attendance": 86.30114, "educ_outofschool_all": 7.102672, "work_unemployment": 39.769991999999995, "po_conflict": 46.702047, "participation_assembly_attendance": 97.04713199999999, "sp_sss": 98.618209, "he_risk": 28.173638, "shelter_electricity": 38.89310083, "health_center_attendance.1": 86.30114017, "work_farms": 34.36944938, "work_unskilled": 43.11722913, "health_programs": 31.76648977, "sp_philhealth": 31.76648977, "water_toilet": 12.58529189, "shelter_makeshift_nhts": 3.373768006, "food_malnourished": 1.37221, "health_child_death": "", "health_maternal_death": 0.0, "he_flood": 0.0, "he_volcano": 0.0, "he_landslide": 0.001584, "he_earthquake": 0.07142899999999999, "name": "Bunawan Brook"}, "PH160302002": {"water_access": 37.860346, "food_tenure": 83.333333, "shelter_informal_settlers_nhts": 1.9859060000000002, "health_center_attendance": 59.815951, "educ_outofschool_all": 7.722513, "work_unemployment": 42.258383, "po_conflict": 18.770019, "participation_assembly_attendance": 96.37909300000001, "sp_sss": 89.70403, "he_risk": 20.868789000000003, "shelter_electricity": 21.84497117, "health_center_attendance.1": 59.81595092, "work_farms": 14.04782237, "work_unskilled": 40.09393681, "health_programs": 36.38693145, "sp_philhealth": 36.38693145, "water_toilet": 4.740550928999999, "shelter_makeshift_nhts": 4.900704676, "food_malnourished": 0.0, "health_child_death": "", "health_maternal_death": 0.0, "he_flood": 0.0, "he_volcano": 0.0, "he_landslide": 0.015307, "he_earthquake": 0.14285699999999998, "name": "Consuelo"}, "PH160302003": {"water_access": 73.509934, "food_tenure": 83.40249, "shelter_informal_settlers_nhts": 1.1589399999999999, "health_center_attendance": 80.887886, "educ_outofschool_all": 6.483791, "work_unemployment": 43.84037, "po_conflict": 41.887417, "participation_assembly_attendance": 94.683275, "sp_sss": 99.118943, "he_risk": 17.1793, "shelter_electricity": 21.27483444, "health_center_attendance.1": 80.88788563, "work_farms": 21.16374871, "work_unskilled": 57.31204943, "health_programs": 19.28807947, "sp_philhealth": 19.28807947, "water_toilet": 2.814569536, "shelter_makeshift_nhts": 6.663907285, "food_malnourished": 0.76046002, "health_child_death": "", "health_maternal_death": 0.0, "he_flood": 0.0, "he_volcano": 0.0, "he_landslide": 0.001584, "he_earthquake": 0.0, "name": "Libertad"}, "PH160302004": {"water_access": 98.058252, "food_tenure": 76.129032, "shelter_informal_settlers_nhts": 2.10356, "health_center_attendance": 83.813987, "educ_outofschool_all": 6.973294, "work_unemployment": 38.089552000000005, "po_conflict": 58.414239, "participation_assembly_attendance": 91.855053, "sp_sss": 99.767287, "he_risk": 2.8804529999999997, "shelter_electricity": 37.70226537, "health_center_attendance.1": 83.81398702, "work_farms": 44.93731919, "work_unskilled": 42.5265188, "health_programs": 17.79935275, "sp_philhealth": 17.79935275, "water_toilet": 5.339805825, "shelter_makeshift_nhts": 4.935275081, "food_malnourished": 3.3333299, "health_child_death": "", "health_maternal_death": 0.0, "he_flood": 0.0, "he_volcano": 0.0, "he_landslide": 0.0, "he_earthquake": 0.14285699999999998, "name": "Mambalili"}, "PH160302005": {"water_access": 88.30313000000001, "food_tenure": 79.10798100000001, "shelter_informal_settlers_nhts": 0.988468, "health_center_attendance": 82.277061, "educ_outofschool_all": 4.703974, "work_unemployment": 51.779359, "po_conflict": 51.976936, "participation_assembly_attendance": 94.143893, "sp_sss": 99.293549, "he_risk": 2.323258, "shelter_electricity": 19.60461285, "health_center_attendance.1": 82.27706113, "work_farms": 34.87084871, "work_unskilled": 42.68142681, "health_programs": 23.3937397, "sp_philhealth": 23.3937397, "water_toilet": 6.013179572, "shelter_makeshift_nhts": 6.136738056, "food_malnourished": 0.2079, "health_child_death": "", "health_maternal_death": 0.0, "he_flood": 0.0, "he_volcano": 0.0, "he_landslide": 0.001584, "he_earthquake": 0.07142899999999999, "name": "Poblacion"}, "PH160302006": {"water_access": 58.099688, "food_tenure": 75.0, "shelter_informal_settlers_nhts": 0.934579, "health_center_attendance": 46.763869, "educ_outofschool_all": 6.643357000000001, "work_unemployment": 34.219269, "po_conflict": 15.576324, "participation_assembly_attendance": 92.296163, "sp_sss": 99.490408, "he_risk": 29.206166999999997, "shelter_electricity": 23.52024922, "health_center_attendance.1": 46.76386913, "work_farms": 21.38047138, "work_unskilled": 49.66329966, "health_programs": 21.18380062, "sp_philhealth": 21.18380062, "water_toilet": 5.763239875, "shelter_makeshift_nhts": 4.439252336, "food_malnourished": 1.24224, "health_child_death": "", "health_maternal_death": 0.0, "he_flood": 0.0, "he_volcano": 0.0, "he_landslide": 0.016996999999999998, "he_earthquake": 0.07142899999999999, "name": "San Andres"}, "PH160302007": {"water_access": 97.5, "food_tenure": 0.0, "shelter_informal_settlers_nhts": 0.416667, "health_center_attendance": 62.716263, "educ_outofschool_all": 10.561055999999999, "work_unemployment": 31.194029999999998, "po_conflict": 64.166667, "participation_assembly_attendance": 88.036304, "sp_sss": 99.752475, "he_risk": 1.134192, "shelter_electricity": 62.91666667, "health_center_attendance.1": 62.71626298, "work_farms": 55.96529284, "work_unskilled": 33.62255965, "health_programs": 17.5, "sp_philhealth": 17.5, "water_toilet": 8.333333332999999, "shelter_makeshift_nhts": 6.458333333, "food_malnourished": 1.71429, "health_child_death": "", "health_maternal_death": 0.0, "he_flood": 0.0, "he_volcano": 0.0, "he_landslide": 0.0, "he_earthquake": 0.0, "name": "San Marcos"}, "PH160302008": {"water_access": 67.391304, "food_tenure": 86.0, "shelter_informal_settlers_nhts": 0.6211180000000001, "health_center_attendance": 83.262411, "educ_outofschool_all": 5.846154, "work_unemployment": 36.694021, "po_conflict": 33.540372999999995, "participation_assembly_attendance": 85.944976, "sp_sss": 99.461722, "he_risk": 2.003025, "shelter_electricity": 27.01863354, "health_center_attendance.1": 83.26241135, "work_farms": 36.11111111, "work_unskilled": 43.7037037, "health_programs": 25.155279500000002, "sp_philhealth": 25.155279500000002, "water_toilet": 12.42236025, "shelter_makeshift_nhts": 3.881987578, "food_malnourished": 1.20482, "health_child_death": "", "health_maternal_death": 0.0, "he_flood": 0.0, "he_volcano": 0.0, "he_landslide": 0.018738, "he_earthquake": 0.0, "name": "Imelda"}, "PH160302009": {"water_access": 97.66081899999999, "food_tenure": 97.674419, "shelter_informal_settlers_nhts": 0.877193, "health_center_attendance": 80.46817800000001, "educ_outofschool_all": 13.818182, "work_unemployment": 41.268076, "po_conflict": 85.964912, "participation_assembly_attendance": 82.836364, "sp_sss": 99.418182, "he_risk": 2.288004, "shelter_electricity": 49.70760234, "health_center_attendance.1": 80.46817849, "work_farms": 48.48484848, "work_unskilled": 41.47727273, "health_programs": 25.14619883, "sp_philhealth": 25.14619883, "water_toilet": 14.61988304, "shelter_makeshift_nhts": 11.69590643, "food_malnourished": 6.1403499, "health_child_death": "", "health_maternal_death": 0.0, "he_flood": 0.0, "he_volcano": 0.0, "he_landslide": 0.0, "he_earthquake": 0.07142899999999999, "name": "Nueva Era"}, "PH160302010": {"water_access": 43.861740000000005, "food_tenure": 10.0, "shelter_informal_settlers_nhts": 1.1918950000000001, "health_center_attendance": 84.219089, "educ_outofschool_all": 7.040572999999999, "work_unemployment": 46.29156, "po_conflict": 29.916566999999997, "participation_assembly_attendance": 96.424437, "sp_sss": 99.30546600000001, "he_risk": 18.534437, "shelter_electricity": 20.50059595, "health_center_attendance.1": 84.21908894, "work_farms": 6.507936507999999, "work_unskilled": 49.20634921, "health_programs": 31.70441001, "sp_philhealth": 31.70441001,