{"PH166720001": {"Water_Prop": 0.0, "Food_Prop": 100.0, "Shelter_Prop": 0.0, "Health_Prop": 18.65285, "Education_Prop": 4.301075, "Work_Prop": 50.0, "Peace_Prop": 41.558442, "Participation_Prop": 75.068493, "SocialProtection_Prop": 99.726027, "Environment_Prop": 0.6290859999999999, "shelter_electricity": 19.48051948, "health_center_attendance": 18.65284974, "work_farms": 48.38709677, "work_unskilled": 27.41935484, "health_programs": 18.18181818, "sp_philhealth": 18.18181818, "water_toilet": 5.194805195, "shelter_makeshift_nhts": 2.597402597, "food_malnourished": 0.0, "health_child_death": "", "health_maternal_death": 0.0, "he_flood": 0.0, "he_volcano": 0.0, "he_landslide": 0.003431, "he_earthquake": 0.0}, "PH166720002": {"Water_Prop": 16.363636, "Food_Prop": "", "Shelter_Prop": 11.428571, "Health_Prop": 40.57725, "Education_Prop": 2.315789, "Work_Prop": 50.477016, "Peace_Prop": 26.233765999999996, "Participation_Prop": 92.17432099999999, "SocialProtection_Prop": 99.390815, "Environment_Prop": 9.087653, "shelter_electricity": 10.38961039, "health_center_attendance": 40.57724958, "work_farms": 23.4676007, "work_unskilled": 45.35901926, "health_programs": 25.45454545, "sp_philhealth": 25.45454545, "water_toilet": 6.753246752999999, "shelter_makeshift_nhts": 2.3376623380000003, "food_malnourished": 0.0, "health_child_death": "", "health_maternal_death": 0.0, "he_flood": 0.0, "he_volcano": 0.0, "he_landslide": 0.003431, "he_earthquake": 0.0}, "PH166720003": {"Water_Prop": 1.0989010000000001, "Food_Prop": "", "Shelter_Prop": 1.0989010000000001, "Health_Prop": 22.377622, "Education_Prop": 4.5454550000000005, "Work_Prop": 49.116608, "Peace_Prop": 62.637363, "Participation_Prop": 79.20354, "SocialProtection_Prop": 99.336283, "Environment_Prop": 8.757578, "shelter_electricity": 10.98901099, "health_center_attendance": 22.37762238, "work_farms": 32.63888889, "work_unskilled": 39.58333333, "health_programs": 21.97802198, "sp_philhealth": 21.97802198, "water_toilet": 0.0, "shelter_makeshift_nhts": 0.0, "food_malnourished": 63.299999, "health_child_death": "", "health_maternal_death": 16.700001, "he_flood": 0.0, "he_volcano": 0.0, "he_landslide": 0.003431, "he_earthquake": 0.0}, "PH166720004": {"Water_Prop": 0.0, "Food_Prop": "", "Shelter_Prop": 0.0, "Health_Prop": 14.124294, "Education_Prop": 2.380952, "Work_Prop": 55.652174, "Peace_Prop": 47.368421000000005, "Participation_Prop": 51.707316999999996, "SocialProtection_Prop": 99.51219499999999, "Environment_Prop": 10.304199, "shelter_electricity": 2.631578947, "health_center_attendance": 14.12429379, "work_farms": 35.29411765, "work_unskilled": 43.1372549, "health_programs": 5.263157895, "sp_philhealth": 5.263157895, "water_toilet": 0.0, "shelter_makeshift_nhts": 3.947368421, "food_malnourished": 0.0, "health_child_death": "", "health_maternal_death": 0.0, "he_flood": 0.0, "he_volcano": 0.0, "he_landslide": 0.003431, "he_earthquake": 0.07142899999999999}, "PH166720006": {"Water_Prop": 5.7971010000000005, "Food_Prop": "", "Shelter_Prop": 1.449275, "Health_Prop": 34.560907, "Education_Prop": 3.125, "Work_Prop": 56.321839000000004, "Peace_Prop": 76.811594, "Participation_Prop": 74.127907, "SocialProtection_Prop": 98.255814, "Environment_Prop": 9.409013, "shelter_electricity": 17.39130435, "health_center_attendance": 34.56090652, "work_farms": 20.175438600000003, "work_unskilled": 39.47368421, "health_programs": 23.1884058, "sp_philhealth": 23.1884058, "water_toilet": 0.0, "shelter_makeshift_nhts": 1.4492753619999998, "food_malnourished": 0.0, "health_child_death": "", "health_maternal_death": 0.0, "he_flood": 0.0, "he_volcano": 0.0, "he_landslide": 0.003431, "he_earthquake": 0.0}, "PH166720007": {"Water_Prop": 2.040816, "Food_Prop": "", "Shelter_Prop": 6.122449, "Health_Prop": 15.983607000000001, "Education_Prop": 6.451613, "Work_Prop": 42.682927, "Peace_Prop": 38.77551, "Participation_Prop": 70.029674, "SocialProtection_Prop": "", "Environment_Prop": 0.9100729999999999, "shelter_electricity": 18.36734694, "health_center_attendance": 15.98360656, "work_farms": 23.40425532, "work_unskilled": 37.23404255, "health_programs": 12.24489796, "sp_philhealth": 12.24489796, "water_toilet": 4.081632653, "shelter_makeshift_nhts": 5.102040816000001, "food_malnourished": 33.299999, "health_child_death": "", "health_maternal_death": 0.0, "he_flood": 0.0, "he_volcano": 0.0, "he_landslide": 0.003431, "he_earthquake": 0.0}, "PH166720008": {"Water_Prop": 2.072539, "Food_Prop": 0.0, "Shelter_Prop": 3.6269430000000003, "Health_Prop": 16.413043, "Education_Prop": 2.4038459999999997, "Work_Prop": 49.836601, "Peace_Prop": 37.823834000000005, "Participation_Prop": 87.969201, "SocialProtection_Prop": 99.422522, "Environment_Prop": 8.451165, "shelter_electricity": 8.808290155, "health_center_attendance": 16.41304348, "work_farms": 26.05863192, "work_unskilled": 37.13355049, "health_programs": 17.0984456, "sp_philhealth": 17.0984456, "water_toilet": 3.626943005, "shelter_makeshift_nhts": 1.295336788, "food_malnourished": 0.0, "health_child_death": "", "health_maternal_death": 5.9000001, "he_flood": 0.0, "he_volcano": 0.0, "he_landslide": 0.003431, "he_earthquake": 0.0}, "PH166720009": {"Water_Prop": 41.025641, "Food_Prop": 0.0, "Shelter_Prop": 0.0, "Health_Prop": 12.080537, "Education_Prop": 5.263158, "Work_Prop": 40.816327, "Peace_Prop": 51.282051, "Participation_Prop": 57.013575, "SocialProtection_Prop": 99.547511, "Environment_Prop": 2.6462529999999997, "shelter_electricity": 10.25641026, "health_center_attendance": 12.08053691, "work_farms": 32.75862069, "work_unskilled": 34.48275862, "health_programs": 10.25641026, "sp_philhealth": 10.25641026, "water_toilet": 7.692307692000001, "shelter_makeshift_nhts": 10.25641026, "food_malnourished": 0.0, "health_child_death": "", "health_maternal_death": 0.0, "he_flood": 0.0, "he_volcano": 0.0, "he_landslide": 0.003431, "he_earthquake": 0.14285699999999998}, "PH166720010": {"Water_Prop": 0.0, "Food_Prop": 85.714286, "Shelter_Prop": 0.0, "Health_Prop": 13.650794, "Education_Prop": 3.04878, "Work_Prop": 47.407407, "Peace_Prop": 51.492537, "Participation_Prop": 83.70253199999999, "SocialProtection_Prop": 99.367089, "Environment_Prop": 1.786183, "shelter_electricity": 10.44776119, "health_center_attendance": 13.65079365, "work_farms": 23.94366197, "work_unskilled": 51.64319249, "health_programs": 16.41791045, "sp_philhealth": 16.41791045, "water_toilet": 2.23880597, "shelter_makeshift_nhts": 2.23880597, "food_malnourished": 0.0, "health_child_death": "", "health_maternal_death": 0.0, "he_flood": 0.0, "he_volcano": 0.0, "he_landslide": 0.003431, "he_earthquake": 0.07142899999999999}, "PH166720011": {"Water_Prop": 1.086957, "Food_Prop": "", "Shelter_Prop": 1.086957, "Health_Prop": 25.952381, "Education_Prop": 0.909091, "Work_Prop": 51.119403000000005, "Peace_Prop": 32.608696, "Participation_Prop": 72.46696, "SocialProtection_Prop": 99.559471, "Environment_Prop": 10.942409, "shelter_electricity": 5.434782609, "health_center_attendance": 25.95238095, "work_farms": 25.95419847, "work_unskilled": 28.24427481, "health_programs": 19.56521739, "sp_philhealth": 19.56521739, "water_toilet": 3.260869565, "shelter_makeshift_nhts": 1.630434783, "food_malnourished": 0.0, "health_child_death": "", "health_maternal_death": 0.0, "he_flood": 0.0, "he_volcano": 0.0, "he_landslide": 0.003431, "he_earthquake": 0.14285699999999998}, "PH166720012": {"Water_Prop": 0.0, "Food_Prop": "", "Shelter_Prop": 0.0, "Health_Prop": 9.756098, "Education_Prop": 3.191489, "Work_Prop": 48.497854, "Peace_Prop": 40.540541, "Participation_Prop": 78.172589, "SocialProtection_Prop": 98.98477199999999, "Environment_Prop": 0.9121940000000001, "shelter_electricity": 16.21621622, "health_center_attendance": 9.756097561, "work_farms": 17.5, "work_unskilled": 45.0, "health_programs": 8.108108108, "sp_philhealth": 8.108108108, "water_toilet": 1.351351351, "shelter_makeshift_nhts": 0.6756756759999999, "food_malnourished": 10.0, "health_child_death": "",