{"PH166706001": {"Water_Prop": 13.022508, "Food_Prop": "", "Shelter_Prop": 4.501608, "Health_Prop": 17.357910999999998, "Education_Prop": 3.963964, "Work_Prop": 54.869762, "Peace_Prop": 39.389068, "Participation_Prop": 93.312352, "SocialProtection_Prop": 97.44295799999999, "Environment_Prop": 20.196341, "shelter_electricity": 4.823151125, "health_center_attendance": 17.35791091, "work_farms": 16.81304893, "work_unskilled": 28.48180678, "health_programs": 27.81350482, "sp_philhealth": 27.81350482, "water_toilet": 2.572347267, "shelter_makeshift_nhts": 4.581993569, "food_malnourished": 0.40000001, "health_child_death": "", "health_maternal_death": 0.0, "he_flood": 0.0, "he_volcano": 0.0, "he_landslide": 0.016996999999999998, "he_earthquake": 0.07142899999999999}, "PH166706002": {"Water_Prop": 11.158797999999999, "Food_Prop": "", "Shelter_Prop": 0.572246, "Health_Prop": 40.577553, "Education_Prop": 24.65374, "Work_Prop": 47.616708, "Peace_Prop": 43.347639, "Participation_Prop": 88.550725, "SocialProtection_Prop": 94.371981, "Environment_Prop": 25.063699, "shelter_electricity": 16.16595136, "health_center_attendance": 40.57755284, "work_farms": 7.786116323, "work_unskilled": 43.71482176, "health_programs": 20.31473534, "sp_philhealth": 20.31473534, "water_toilet": 0.572246066, "shelter_makeshift_nhts": 4.649499285, "food_malnourished": 0.69999999, "health_child_death": "", "health_maternal_death": 0.0, "he_flood": 0.0, "he_volcano": 0.0, "he_landslide": 0.063341, "he_earthquake": 0.07142899999999999}, "PH166706003": {"Water_Prop": 1.610306, "Food_Prop": "", "Shelter_Prop": 0.322061, "Health_Prop": 11.980711999999999, "Education_Prop": 4.1876050000000005, "Work_Prop": 49.10249, "Peace_Prop": 6.924316, "Participation_Prop": 81.36838, "SocialProtection_Prop": 98.608427, "Environment_Prop": 16.320877, "shelter_electricity": 7.0853462160000005, "health_center_attendance": 11.98071217, "work_farms": 20.4778157, "work_unskilled": 35.15358362, "health_programs": 29.62962963, "sp_philhealth": 29.62962963, "water_toilet": 1.4492753619999998, "shelter_makeshift_nhts": 4.669887279, "food_malnourished": 1.2, "health_child_death": "", "health_maternal_death": 1.8, "he_flood": 0.0, "he_volcano": 0.0, "he_landslide": 0.003431, "he_earthquake": 0.0}, "PH166706004": {"Water_Prop": 38.825758, "Food_Prop": 100.0, "Shelter_Prop": 0.568182, "Health_Prop": 36.637239, "Education_Prop": 5.498282, "Work_Prop": 45.940721999999994, "Peace_Prop": 37.689394, "Participation_Prop": 80.530973, "SocialProtection_Prop": 95.280236, "Environment_Prop": 24.521903, "shelter_electricity": 12.68939394, "health_center_attendance": 36.63723917, "work_farms": 4.171632896, "work_unskilled": 45.17282479, "health_programs": 10.22727273, "sp_philhealth": 10.22727273, "water_toilet": 2.651515152, "shelter_makeshift_nhts": 12.02651515, "food_malnourished": 4.6999998, "health_child_death": "", "health_maternal_death": 0.0, "he_flood": 0.0, "he_volcano": 0.0, "he_landslide": 0.060702, "he_earthquake": 0.0}, "PH166706005": {"Water_Prop": 8.701853999999999, "Food_Prop": 96.363636, "Shelter_Prop": 0.8559200000000001, "Health_Prop": 24.634229, "Education_Prop": 3.5958900000000003, "Work_Prop": 51.082033, "Peace_Prop": 26.39087, "Participation_Prop": 90.936864, "SocialProtection_Prop": 97.284453, "Environment_Prop": 20.462861, "shelter_electricity": 3.8516405139999996, "health_center_attendance": 24.63422933, "work_farms": 18.62139918, "work_unskilled": 30.14403292, "health_programs": 33.95149786, "sp_philhealth": 33.95149786, "water_toilet": 0.570613409, "shelter_makeshift_nhts": 3.35235378, "food_malnourished": 0.0, "health_child_death": "", "health_maternal_death": 0.0, "he_flood": 0.0, "he_volcano": 0.0, "he_landslide": 0.003431, "he_earthquake": 0.0}, "PH166706006": {"Water_Prop": 51.136364, "Food_Prop": "", "Shelter_Prop": 0.568182, "Health_Prop": 30.707763, "Education_Prop": 4.739336, "Work_Prop": 53.307393000000005, "Peace_Prop": 73.295455, "Participation_Prop": 72.93689300000001, "SocialProtection_Prop": 97.572816, "Environment_Prop": 0.676249, "shelter_electricity": 13.06818182, "health_center_attendance": 30.70776256, "work_farms": 33.75, "work_unskilled": 33.75, "health_programs": 3.4090909089999997, "sp_philhealth": 3.4090909089999997, "water_toilet": 1.136363636, "shelter_makeshift_nhts": 6.818181817999999, "food_malnourished": 16.5, "health_child_death": "", "health_maternal_death": 0.0, "he_flood": 0.0, "he_volcano": 0.0, "he_landslide": 0.0, "he_earthquake": 0.0}, "PH166706007": {"Water_Prop": 26.589595000000003, "Food_Prop": 92.753623, "Shelter_Prop": 1.734104, "Health_Prop": 16.19898, "Education_Prop": 6.470587999999999, "Work_Prop": 49.387755, "Peace_Prop": 71.676301, "Participation_Prop": 85.274431, "SocialProtection_Prop": 98.393574, "Environment_Prop": 1.080498, "shelter_electricity": 21.96531792, "health_center_attendance": 16.19897959, "work_farms": 19.75806452, "work_unskilled": 45.56451613, "health_programs": 24.85549133, "sp_philhealth": 24.85549133, "water_toilet": 3.468208092, "shelter_makeshift_nhts": 7.514450867000001, "food_malnourished": 5.3000002, "health_child_death": "", "health_maternal_death": 8.300000200000001, "he_flood": 0.0, "he_volcano": 0.0, "he_landslide": 0.003431, "he_earthquake": 0.0}, "PH166706008": {"Water_Prop": 6.9605570000000005, "Food_Prop": "", "Shelter_Prop": 1.160093, "Health_Prop": 15.97146, "Education_Prop": 5.08982, "Work_Prop": 49.413604, "Peace_Prop": 19.489559, "Participation_Prop": 85.73854, "SocialProtection_Prop": 97.170345, "Environment_Prop": 22.479298999999997, "shelter_electricity": 6.26450116, "health_center_attendance": 15.97145993, "work_farms": 12.67387944, "work_unskilled": 29.98454405, "health_programs": 25.98607889, "sp_philhealth": 25.98607889, "water_toilet": 0.232018561, "shelter_makeshift_nhts": 6.032482599, "food_malnourished": 1.1, "health_child_death": "", "health_maternal_death": 0.0, "he_flood": 0.0, "he_volcano": 0.0, "he_landslide": 0.003431, "he_earthquake": 0.07142899999999999}, "PH166706009": {"Water_Prop": 25.328947, "Food_Prop": "", "Shelter_Prop": 1.3157889999999999, "Health_Prop": 70.6355, "Education_Prop": 3.527337, "Work_Prop": 51.140065, "Peace_Prop": 38.651315999999994, "Participation_Prop": 93.982461, "SocialProtection_Prop": 97.338978, "Environment_Prop": 24.366164, "shelter_electricity": 15.29605263, "health_center_attendance": 70.63550037, "work_farms": 7.8888888889999995, "work_unskilled": 38.11111111, "health_programs": 26.31578947, "sp_philhealth": 26.31578947, "water_toilet": 1.973684211, "shelter_makeshift_nhts": 1.809210526, "food_malnourished": 0.0, "health_child_death": "", "health_maternal_death": 0.0, "he_flood": 0.0, "he_volcano": 0.0, "he_landslide": 0.001584, "he_earthquake": 0.0}, "PH166706010": {"Water_Prop": 1.62037, "Food_Prop": "", "Shelter_Prop": 1.388889, "Health_Prop": 71.336898, "Education_Prop": 4.1775459999999995, "Work_Prop": 55.135135, "Peace_Prop": 29.398148, "Participation_Prop": 94.294294, "SocialProtection_Prop": 96.911197, "Environment_Prop": 26.98651, "shelter_electricity": 5.787037037, "health_center_attendance": 71.33689840000001, "work_farms": 7.745266781000001, "work_unskilled": 35.97246127, "health_programs": 23.37962963, "sp_philhealth": 23.37962963, "water_toilet": 2.083333333, "shelter_makeshift_nhts": 1.157407407, "food_malnourished": 0.40000001, "health_child_death": "", "health_maternal_death": 0.0, "he_flood": 0.0, "he_volcano": 0.0, "he_landslide": 0.001584, "he_earthquake": 0.0}, "PH166706011": {"Water_Prop": 27.753303999999996, "Food_Prop": 76.923077, "Shelter_Prop": 3.524229, "Health_Prop": 6.399236, "Education_Prop": 5.241935, "Work_Prop": 45.30303, "Peace_Prop": 20.264317000000002, "Participation_Prop": 82.472138, "SocialProtection_Prop": 99.29078, "Environment_Prop": 1.7319200000000001, "shelter_electricity": 12.7753304, "health_center_attendance": 6.399235912000001, "work_farms": 40.4432133, "work_unskilled": 34.34903047, "health_programs": 12.33480176,