{"PH160305001": {"water_access": 52.478632, "food_tenure": "", "shelter_informal_settlers_nhts": 1.367521, "health_center_attendance": 78.700225, "educ_outofschool_all": 10.708899, "work_unemployment": 47.080979, "po_conflict": 6.153846, "participation_assembly_attendance": 95.073714, "sp_sss": 99.460626, "he_risk": 0.007495, "shelter_electricity": 35.8974359, "health_center_attendance.1": 78.70022539, "work_farms": 73.07236062, "work_unskilled": 13.28588375, "health_programs": 33.33333333, "sp_philhealth": 33.33333333, "water_toilet": 37.26495727, "shelter_makeshift_nhts": 3.162393162, "food_malnourished": 0.6349199999999999, "health_child_death": "", "health_maternal_death": 0.0, "he_flood": 0.0, "he_volcano": 0.0, "he_landslide": 0.0, "he_earthquake": 0.0, "name": "Binucayan"}, "PH160305002": {"water_access": 97.976879, "food_tenure": 0.0, "shelter_informal_settlers_nhts": 0.867052, "health_center_attendance": 71.627344, "educ_outofschool_all": 8.128079, "work_unemployment": 53.231939000000004, "po_conflict": 6.358382, "participation_assembly_attendance": 95.25471, "sp_sss": 99.860433, "he_risk": 1.1365180000000001, "shelter_electricity": 36.41618497, "health_center_attendance.1": 71.62734422, "work_farms": 69.10569106, "work_unskilled": 20.73170732, "health_programs": 16.76300578, "sp_philhealth": 16.76300578, "water_toilet": 26.01156069, "shelter_makeshift_nhts": 0.7225433529999999, "food_malnourished": 1.84332, "health_child_death": "", "health_maternal_death": 0.0, "he_flood": 0.0, "he_volcano": 0.0, "he_landslide": 0.0, "he_earthquake": 0.0, "name": "Johnson"}, "PH160305003": {"water_access": 28.677563, "food_tenure": 27.272727000000003, "shelter_informal_settlers_nhts": 0.742942, "health_center_attendance": 82.812974, "educ_outofschool_all": 7.015458, "work_unemployment": 56.521739000000004, "po_conflict": 1.634473, "participation_assembly_attendance": 97.736874, "sp_sss": 99.1551, "he_risk": 16.724879, "shelter_electricity": 29.420505199999997, "health_center_attendance.1": 82.81297363, "work_farms": 54.02298851, "work_unskilled": 32.41379310000001, "health_programs": 19.01931649, "sp_philhealth": 19.01931649, "water_toilet": 16.34472511, "shelter_makeshift_nhts": 0.742942051, "food_malnourished": 13.28829, "health_child_death": "", "health_maternal_death": 0.0, "he_flood": 0.0, "he_volcano": 0.0, "he_landslide": 0.000528, "he_earthquake": 0.0, "name": "Magaud"}, "PH160305004": {"water_access": 42.191142, "food_tenure": 19.879518, "shelter_informal_settlers_nhts": 0.4662, "health_center_attendance": 69.69697, "educ_outofschool_all": 4.7619050000000005, "work_unemployment": 54.47941899999999, "po_conflict": 0.6993010000000001, "participation_assembly_attendance": 95.374449, "sp_sss": 99.38325999999999, "he_risk": 17.282038, "shelter_electricity": 51.74825175, "health_center_attendance.1": 69.69696970000001, "work_farms": 52.65957447, "work_unskilled": 28.19148936, "health_programs": 19.58041958, "sp_philhealth": 19.58041958, "water_toilet": 18.64801865, "shelter_makeshift_nhts": 0.34965035, "food_malnourished": 2.4038501, "health_child_death": "", "health_maternal_death": 0.0, "he_flood": 0.0, "he_volcano": 0.0, "he_landslide": 0.0, "he_earthquake": 0.0, "name": "Nueva Gracia"}, "PH160305005": {"water_access": 18.703704000000002, "food_tenure": 38.181818, "shelter_informal_settlers_nhts": 9.074074000000001, "health_center_attendance": 72.858796, "educ_outofschool_all": 5.425772, "work_unemployment": 55.074768999999996, "po_conflict": 18.425926, "participation_assembly_attendance": 97.211779, "sp_sss": 99.43609000000001, "he_risk": 18.451501999999998, "shelter_electricity": 36.38888889, "health_center_attendance.1": 72.8587963, "work_farms": 44.97167139, "work_unskilled": 28.75354108, "health_programs": 41.57407407, "sp_philhealth": 41.57407407, "water_toilet": 15.0, "shelter_makeshift_nhts": 5.0, "food_malnourished": 2.1276599999999997, "health_child_death": "", "health_maternal_death": 0.0, "he_flood": 0.0, "he_volcano": 0.0, "he_landslide": 0.000528, "he_earthquake": 0.07142899999999999, "name": "Poblacion"}, "PH160305006": {"water_access": 95.677233, "food_tenure": 65.454545, "shelter_informal_settlers_nhts": 1.440922, "health_center_attendance": 72.493888, "educ_outofschool_all": 13.72093, "work_unemployment": 49.742002, "po_conflict": 3.170029, "participation_assembly_attendance": 94.878201, "sp_sss": 99.750156, "he_risk": 0.29265599999999997, "shelter_electricity": 39.48126801, "health_center_attendance.1": 72.49388753, "work_farms": 59.34291581, "work_unskilled": 23.20328542, "health_programs": 41.21037464, "sp_philhealth": 41.21037464, "water_toilet": 28.53025937, "shelter_makeshift_nhts": 2.88184438, "food_malnourished": 12.87129, "health_child_death": "", "health_maternal_death": 0.0, "he_flood": 0.0, "he_volcano": 0.0, "he_landslide": 0.0, "he_earthquake": 0.0, "name": "San Isidro"}, "PH160305007": {"water_access": 79.66805, "food_tenure": 52.631579, "shelter_informal_settlers_nhts": 0.6224069999999999, "health_center_attendance": 71.79813399999999, "educ_outofschool_all": 13.551402, "work_unemployment": 44.020927, "po_conflict": 14.937759, "participation_assembly_attendance": 96.350062, "sp_sss": 99.87557, "he_risk": 0.576647, "shelter_electricity": 70.53941909, "health_center_attendance.1": 71.79813401, "work_farms": 74.89986649, "work_unskilled": 16.02136182, "health_programs": 32.36514523, "sp_philhealth": 32.36514523, "water_toilet": 40.87136929, "shelter_makeshift_nhts": 4.771784232, "food_malnourished": 5.92593, "health_child_death": "", "health_maternal_death": 3.4482758000000002, "he_flood": 0.0, "he_volcano": 0.0, "he_landslide": 0.000528, "he_earthquake": 0.0, "name": "San Mariano"}, "PH160305008": {"water_access": 40.638298, "food_tenure": 35.238095, "shelter_informal_settlers_nhts": 0.42553199999999997, "health_center_attendance": 66.869037, "educ_outofschool_all": 21.196581, "work_unemployment": 51.89781, "po_conflict": 2.1276599999999997, "participation_assembly_attendance": 94.96070300000001, "sp_sss": 99.630143, "he_risk": 0.286164, "shelter_electricity": 37.65957447, "health_center_attendance.1": 66.86903729, "work_farms": 63.42943854, "work_unskilled": 20.78907436, "health_programs": 35.95744681, "sp_philhealth": 35.95744681, "water_toilet": 43.40425532, "shelter_makeshift_nhts": 2.340425532, "food_malnourished": 6.0498199, "health_child_death": "", "health_maternal_death": 0.0, "he_flood": 0.0, "he_volcano": 0.0, "he_landslide": 0.0, "he_earthquake": 0.0, "name": "San Vicente"}, "PH160305009": {"water_access": 72.328767, "food_tenure": 53.658537, "shelter_informal_settlers_nhts": 1.09589, "health_center_attendance": 72.12847, "educ_outofschool_all": 17.416829999999997, "work_unemployment": 51.809523999999996, "po_conflict": 3.0136990000000003, "participation_assembly_attendance": 97.290323, "sp_sss": 99.913978, "he_risk": 1.4189889999999998, "shelter_electricity": 52.32876712, "health_center_attendance.1": 72.12847033, "work_farms": 70.9486166, "work_unskilled": 16.79841897, "health_programs": 48.49315068, "sp_philhealth": 48.49315068, "water_toilet": 47.67123288, "shelter_makeshift_nhts": 3.287671233, "food_malnourished": 4.6610198, "health_child_death": "", "health_maternal_death": 2.7027028, "he_flood": 0.0, "he_volcano": 0.0, "he_landslide": 0.0, "he_earthquake": 0.0, "name": "Santa Teresa"}, "PH160305010": {"water_access": 33.333333, "food_tenure": 43.820225, "shelter_informal_settlers_nhts": 1.8796990000000002, "health_center_attendance": 74.533018, "educ_outofschool_all": 14.735772, "work_unemployment": 53.638344, "po_conflict": 2.506266, "participation_assembly_attendance": 96.00932900000001, "sp_sss": 99.352164, "he_risk": 0.298759, "shelter_electricity": 38.59649123, "health_center_attendance.1": 74.53301763, "work_farms": 37.5, "work_unskilled": 41.91729323, "health_programs": 49.12280702, "sp_philhealth": 49.12280702, "water_toilet": 25.56390977, "shelter_makeshift_nhts": 6.390977444,