{"PH166809002": {"water_access": 32.191781, "food_tenure": 81.666667, "shelter_informal_settlers_nhts": 2.054795, "health_center_attendance": 83.888511, "educ_outofschool_all": 5.852417, "work_unemployment": 46.179775, "po_conflict": 83.90411, "participation_assembly_attendance": 86.866359, "sp_sss": 99.308756, "he_risk": 1.443445, "shelter_electricity": 31.16438356, "health_center_attendance.1": 83.88851122, "work_farms": 52.19206681, "work_unskilled": 21.50313152, "health_programs": 18.83561644, "sp_philhealth": 18.83561644, "water_toilet": 10.273972599999999, "shelter_makeshift_nhts": 1.02739726, "food_malnourished": 2.0, "health_child_death": "", "health_maternal_death": 0.0, "he_flood": 0.0, "he_volcano": 0.0, "he_landslide": 0.001584, "he_earthquake": 0.0, "name": "Baculin"}, "PH166809004": {"water_access": 29.555236999999998, "food_tenure": 5.714286, "shelter_informal_settlers_nhts": 1.291248, "health_center_attendance": 61.312078, "educ_outofschool_all": 5.665349, "work_unemployment": 46.963947, "po_conflict": 36.728838, "participation_assembly_attendance": 92.82136899999999, "sp_sss": 98.564274, "he_risk": 27.109558000000003, "shelter_electricity": 30.70301291, "health_center_attendance.1": 61.31207848, "work_farms": 49.82110912, "work_unskilled": 26.83363148, "health_programs": 29.26829268, "sp_philhealth": 29.26829268, "water_toilet": 13.62984218, "shelter_makeshift_nhts": 0.7890961259999999, "food_malnourished": 2.68097, "health_child_death": "", "health_maternal_death": 0.0, "he_flood": 0.0, "he_volcano": 0.0, "he_landslide": 0.001584, "he_earthquake": 0.07142899999999999, "name": "Bigaan"}, "PH166809005": {"water_access": 87.07124, "food_tenure": 100.0, "shelter_informal_settlers_nhts": 0.791557, "health_center_attendance": 87.261146, "educ_outofschool_all": 8.235294, "work_unemployment": 45.094937, "po_conflict": 90.501319, "participation_assembly_attendance": 92.411383, "sp_sss": 97.903145, "he_risk": 17.710454000000002, "shelter_electricity": 31.92612137, "health_center_attendance.1": 87.2611465, "work_farms": 39.62536023, "work_unskilled": 27.08933718, "health_programs": 25.85751979, "sp_philhealth": 25.85751979, "water_toilet": 8.970976253, "shelter_makeshift_nhts": 0.92348285, "food_malnourished": 0.0, "health_child_death": "", "health_maternal_death": 0.0, "he_flood": 0.0, "he_volcano": 0.0, "he_landslide": 0.001584, "he_earthquake": 0.0, "name": "Cambatong"}, "PH166809006": {"water_access": 16.535432999999998, "food_tenure": 17.948718, "shelter_informal_settlers_nhts": 0.0, "health_center_attendance": 86.468647, "educ_outofschool_all": 6.521739, "work_unemployment": 48.930481, "po_conflict": 96.06299200000001, "participation_assembly_attendance": 78.62595400000001, "sp_sss": 98.854962, "he_risk": 0.685199, "shelter_electricity": 38.58267717, "health_center_attendance.1": 86.46864686, "work_farms": 41.36125654, "work_unskilled": 28.79581152, "health_programs": 20.47244094, "sp_philhealth": 20.47244094, "water_toilet": 3.937007874, "shelter_makeshift_nhts": 0.39370078700000005, "food_malnourished": 14.925370000000001, "health_child_death": "", "health_maternal_death": 0.0, "he_flood": 0.0, "he_volcano": 0.0, "he_landslide": 0.001584, "he_earthquake": 0.0, "name": "Campa"}, "PH166809009": {"water_access": 27.222222, "food_tenure": 52.475248, "shelter_informal_settlers_nhts": 1.388889, "health_center_attendance": 86.33461, "educ_outofschool_all": 3.9087949999999996, "work_unemployment": 47.96748, "po_conflict": 34.722221999999995, "participation_assembly_attendance": 91.301273, "sp_sss": 98.51485100000001, "he_risk": 0.026125, "shelter_electricity": 35.0, "health_center_attendance.1": 86.33461047, "work_farms": 34.375, "work_unskilled": 32.46527778, "health_programs": 26.38888889, "sp_philhealth": 26.38888889, "water_toilet": 6.944444444, "shelter_makeshift_nhts": 0.41666666700000005, "food_malnourished": 0.0, "health_child_death": "", "health_maternal_death": 0.0, "he_flood": 0.0, "he_volcano": 0.0, "he_landslide": 0.001584, "he_earthquake": 0.0, "name": "Dugmanon"}, "PH166809010": {"water_access": 56.25, "food_tenure": 87.5, "shelter_informal_settlers_nhts": 0.0, "health_center_attendance": 93.859649, "educ_outofschool_all": 4.424779, "work_unemployment": 46.601942, "po_conflict": 88.541667, "participation_assembly_attendance": 81.481481, "sp_sss": 98.14814799999999, "he_risk": 32.749681, "shelter_electricity": 23.95833333, "health_center_attendance.1": 93.85964912, "work_farms": 50.90909091, "work_unskilled": 26.66666667, "health_programs": 22.91666667, "sp_philhealth": 22.91666667, "water_toilet": 0.0, "shelter_makeshift_nhts": 0.520833333, "food_malnourished": 16.39344, "health_child_death": "", "health_maternal_death": 0.0, "he_flood": 0.0, "he_volcano": 0.0, "he_landslide": 0.001584, "he_earthquake": 0.0, "name": "Harip"}, "PH166809012": {"water_access": 3.107345, "food_tenure": 33.333333, "shelter_informal_settlers_nhts": 4.519774, "health_center_attendance": 82.75862099999999, "educ_outofschool_all": 3.5486809999999998, "work_unemployment": 54.472069999999995, "po_conflict": 67.3258, "participation_assembly_attendance": 94.486804, "sp_sss": 98.27956999999999, "he_risk": 22.748064000000003, "shelter_electricity": 16.29001883, "health_center_attendance.1": 82.75862069, "work_farms": 32.76595745, "work_unskilled": 28.510638300000004, "health_programs": 30.03766478, "sp_philhealth": 30.03766478, "water_toilet": 14.7834275, "shelter_makeshift_nhts": 2.589453861, "food_malnourished": 0.0, "health_child_death": "", "health_maternal_death": 1.6666666, "he_flood": 0.0, "he_volcano": 0.0, "he_landslide": 0.0, "he_earthquake": 0.0, "name": "La Casa (Pob.)"}, "PH166809014": {"water_access": 49.266861999999996, "food_tenure": 95.833333, "shelter_informal_settlers_nhts": 3.225806, "health_center_attendance": 70.083102, "educ_outofschool_all": 8.029197, "work_unemployment": 49.178082, "po_conflict": 44.57478, "participation_assembly_attendance": 92.84362, "sp_sss": 98.068913, "he_risk": 18.914528, "shelter_electricity": 31.81818182, "health_center_attendance.1": 70.08310249, "work_farms": 46.5408805, "work_unskilled": 30.00898473, "health_programs": 25.51319648, "sp_philhealth": 25.51319648, "water_toilet": 12.60997067, "shelter_makeshift_nhts": 0.146627566, "food_malnourished": 13.68821, "health_child_death": "", "health_maternal_death": 0.0, "he_flood": 0.0, "he_volcano": 0.0, "he_landslide": 0.001584, "he_earthquake": 0.0, "name": "Loyola"}, "PH166809017": {"water_access": 7.432432, "food_tenure": 70.833333, "shelter_informal_settlers_nhts": 0.675676, "health_center_attendance": 75.72519100000001, "educ_outofschool_all": 4.347826, "work_unemployment": 40.898876, "po_conflict": 64.189189, "participation_assembly_attendance": 79.182156, "sp_sss": 99.07063199999999, "he_risk": 0.028245999999999997, "shelter_electricity": 23.64864865, "health_center_attendance.1": 75.72519084, "work_farms": 46.387832700000004, "work_unskilled": 22.81368821, "health_programs": 35.81081081, "sp_philhealth": 35.81081081, "water_toilet": 0.0, "shelter_makeshift_nhts": 0.6756756759999999, "food_malnourished": 0.0, "health_child_death": "", "health_maternal_death": 7.6923075, "he_flood": 0.0, "he_volcano": 0.0, "he_landslide": 0.001584, "he_earthquake": 0.0, "name": "Maligaya"}, "PH166809021": {"water_access": 23.029045999999997, "food_tenure": 81.25, "shelter_informal_settlers_nhts": 0.20746900000000001, "health_center_attendance": 81.41086700000001, "educ_outofschool_all": 7.852194, "work_unemployment": 49.216524, "po_conflict": 24.273858999999998, "participation_assembly_attendance": 87.907528, "sp_sss": 99.051571, "he_risk": 24.251153, "shelter_electricity": 34.43983402, "health_center_attendance.1": 81.41086749, "work_farms": 27.20897616, "work_unskilled": 40.11220196, "health_programs": 25.72614108, "sp_philhealth": 25.72614108, "water_toilet": 3.112033195, "shelter_makeshift_nhts": 0.41493775899999996, "food_malnourished": 0.48309001,