{"PH166719001": {"water_access": 19.444444, "food_tenure": 10.638297999999999, "shelter_informal_settlers_nhts": 5.555556, "health_center_attendance": 2.188392, "educ_outofschool_all": 4.897958999999999, "work_unemployment": 50.584795, "po_conflict": 36.574073999999996, "participation_assembly_attendance": 89.433962, "sp_sss": 98.962264, "he_risk": 9.65783, "shelter_electricity": 14.81481481, "health_center_attendance.1": 2.188392008, "work_farms": 36.98224852, "work_unskilled": 32.24852071, "health_programs": 34.25925926, "sp_philhealth": 34.25925926, "water_toilet": 8.796296296, "shelter_makeshift_nhts": 9.259259259, "food_malnourished": "", "health_child_death": "", "health_maternal_death": "", "he_flood": 0.0, "he_volcano": 0.0, "he_landslide": 0.05516, "he_earthquake": 0.0, "name": "Amontay"}, "PH166719002": {"water_access": 14.910026, "food_tenure": 1.058201, "shelter_informal_settlers_nhts": 6.426735, "health_center_attendance": 5.109101, "educ_outofschool_all": 5.3488370000000005, "work_unemployment": 47.910216999999996, "po_conflict": 22.622107999999997, "participation_assembly_attendance": 94.604905, "sp_sss": 97.92915500000001, "he_risk": 9.549397, "shelter_electricity": 8.997429306, "health_center_attendance.1": 5.109100585, "work_farms": 32.24368499, "work_unskilled": 36.7013373, "health_programs": 41.90231362, "sp_philhealth": 41.90231362, "water_toilet": 7.712082262000001, "shelter_makeshift_nhts": 9.640102828, "food_malnourished": "", "health_child_death": "", "health_maternal_death": "", "he_flood": 0.0, "he_volcano": 0.0, "he_landslide": 0.030879000000000004, "he_earthquake": 0.0, "name": "Balite"}, "PH166719003": {"water_access": 16.269841, "food_tenure": 21.73913, "shelter_informal_settlers_nhts": 7.936508, "health_center_attendance": 7.0609, "educ_outofschool_all": 6.278027, "work_unemployment": 47.388535, "po_conflict": 28.968253999999998, "participation_assembly_attendance": 91.191275, "sp_sss": 97.986577, "he_risk": 8.836452, "shelter_electricity": 7.142857143, "health_center_attendance.1": 7.060900265, "work_farms": 28.57142857, "work_unskilled": 27.84503632, "health_programs": 51.58730159, "sp_philhealth": 51.58730159, "water_toilet": 12.301587300000001, "shelter_makeshift_nhts": 4.166666667, "food_malnourished": "", "health_child_death": "", "health_maternal_death": "", "he_flood": 0.0, "he_volcano": 0.0, "he_landslide": 0.016996999999999998, "he_earthquake": 0.0, "name": "Banbanon"}, "PH166719004": {"water_access": 14.285714000000002, "food_tenure": 16.666667, "shelter_informal_settlers_nhts": 7.142857000000001, "health_center_attendance": 10.142349000000001, "educ_outofschool_all": 3.4852550000000004, "work_unemployment": 50.312779, "po_conflict": 20.285714000000002, "participation_assembly_attendance": 94.77234399999999, "sp_sss": 98.538505, "he_risk": 18.915677, "shelter_electricity": 10.85714286, "health_center_attendance.1": 10.14234875, "work_farms": 24.46043165, "work_unskilled": 28.5971223, "health_programs": 43.71428571, "sp_philhealth": 43.71428571, "water_toilet": 5.428571429, "shelter_makeshift_nhts": 7.142857143, "food_malnourished": "", "health_child_death": "", "health_maternal_death": "", "he_flood": 0.0, "he_volcano": 0.0, "he_landslide": 0.591449, "he_earthquake": 0.0, "name": "Diaz"}, "PH166719005": {"water_access": 28.526646000000003, "food_tenure": 50.0, "shelter_informal_settlers_nhts": 7.210031, "health_center_attendance": 3.8654260000000003, "educ_outofschool_all": 7.7922080000000005, "work_unemployment": 51.987111, "po_conflict": 12.852665, "participation_assembly_attendance": 90.935673, "sp_sss": 98.611111, "he_risk": 6.588205, "shelter_electricity": 10.34482759, "health_center_attendance.1": 3.865425913, "work_farms": 28.41163311, "work_unskilled": 35.5704698, "health_programs": 47.64890282, "sp_philhealth": 47.64890282, "water_toilet": 4.07523511, "shelter_makeshift_nhts": 7.680250784, "food_malnourished": "", "health_child_death": "", "health_maternal_death": "", "he_flood": 0.0, "he_volcano": 0.0, "he_landslide": 0.39366599999999996, "he_earthquake": 0.0, "name": "Honrado"}, "PH166719006": {"water_access": 21.568627, "food_tenure": 4.7619050000000005, "shelter_informal_settlers_nhts": 10.084033999999999, "health_center_attendance": 3.3680339999999998, "educ_outofschool_all": 3.430079, "work_unemployment": 51.336406, "po_conflict": 22.689076, "participation_assembly_attendance": 93.635791, "sp_sss": 98.802773, "he_risk": 13.263643, "shelter_electricity": 8.963585434, "health_center_attendance.1": 3.368034293, "work_farms": 32.57575758, "work_unskilled": 36.74242424, "health_programs": 46.77871148, "sp_philhealth": 46.77871148, "water_toilet": 7.282913165, "shelter_makeshift_nhts": 4.901960784, "food_malnourished": "", "health_child_death": "", "health_maternal_death": "", "he_flood": 0.0, "he_volcano": 0.0, "he_landslide": 0.190024, "he_earthquake": 0.07142899999999999, "name": "Jubgan"}, "PH166719007": {"water_access": 17.910448000000002, "food_tenure": 42.857143, "shelter_informal_settlers_nhts": 5.970149, "health_center_attendance": 5.133268, "educ_outofschool_all": 6.584362, "work_unemployment": 50.521609999999995, "po_conflict": 24.875622, "participation_assembly_attendance": 91.12661999999999, "sp_sss": 98.703888, "he_risk": 9.203878, "shelter_electricity": 9.950248756, "health_center_attendance.1": 5.133267522, "work_farms": 28.61445783, "work_unskilled": 42.77108434, "health_programs": 36.31840796, "sp_philhealth": 36.31840796, "water_toilet": 9.950248756, "shelter_makeshift_nhts": 10.69651741, "food_malnourished": "", "health_child_death": "", "health_maternal_death": "", "he_flood": 0.0, "he_volcano": 0.0, "he_landslide": 0.028662, "he_earthquake": 0.0, "name": "Linongganan"}, "PH166719008": {"water_access": 21.142857, "food_tenure": 9.090909, "shelter_informal_settlers_nhts": 7.428571000000001, "health_center_attendance": 2.50941, "educ_outofschool_all": 10.928962, "work_unemployment": 48.608534000000006, "po_conflict": 13.714285999999998, "participation_assembly_attendance": 88.015464, "sp_sss": 98.453608, "he_risk": 16.829879000000002, "shelter_electricity": 6.285714286, "health_center_attendance.1": 2.509410289, "work_farms": 24.18772563, "work_unskilled": 32.85198556, "health_programs": 41.71428571, "sp_philhealth": 41.71428571, "water_toilet": 1.142857143, "shelter_makeshift_nhts": 4.8571428569999995, "food_malnourished": "", "health_child_death": "", "health_maternal_death": "", "he_flood": 0.0, "he_volcano": 0.0, "he_landslide": 0.016996999999999998, "he_earthquake": 0.0, "name": "Macopa"}, "PH166719009": {"water_access": 24.705882, "food_tenure": 50.0, "shelter_informal_settlers_nhts": 10.588235000000001, "health_center_attendance": 5.8956919999999995, "educ_outofschool_all": 10.212766, "work_unemployment": 50.93985, "po_conflict": 25.882353, "participation_assembly_attendance": 86.47686800000001, "sp_sss": 99.40688, "he_risk": 17.712567, "shelter_electricity": 8.235294117999999, "health_center_attendance.1": 5.89569161, "work_farms": 40.61302682, "work_unskilled": 32.95019157, "health_programs": 37.05882353, "sp_philhealth": 37.05882353, "water_toilet": 10.0, "shelter_makeshift_nhts": 10.88235294, "food_malnourished": "", "health_child_death": "", "health_maternal_death": "", "he_flood": 0.0, "he_volcano": 0.0, "he_landslide": 0.019583, "he_earthquake": 0.0, "name": "Magtangale"}, "PH166719010": {"water_access": 12.286688999999999, "food_tenure": 0.0, "shelter_informal_settlers_nhts": 3.4129690000000004, "health_center_attendance": 7.3245949999999995, "educ_outofschool_all": 4.4585989999999995, "work_unemployment": 45.964912, "po_conflict": 36.518771, "participation_assembly_attendance": 89.593909, "sp_sss": 98.730964, "he_risk": 9.296631, "shelter_electricity": 6.14334471, "health_center_attendance.1": 7.32459522, "work_farms": 29.22077922, "work_unskilled": 40.04329004, "health_programs": 43.00341297, "sp_philhealth": 43.00341297, "water_toilet": 8.532423207999999,