{"PH160206001": {"Water_Prop": 4.444444, "Food_Prop": "", "Shelter_Prop": 24.074074, "Health_Prop": 27.830189, "Education_Prop": 7.120742999999999, "Work_Prop": 40.103493, "Peace_Prop": 21.481481, "Participation_Prop": 90.191388, "SocialProtection_Prop": 99.043062, "Environment_Prop": 19.836319, "shelter_electricity": 44.81481481, "health_center_attendance": 27.83018868, "work_farms": 45.14038877, "work_unskilled": 33.47732181, "health_programs": 21.85185185, "sp_philhealth": 21.85185185, "water_toilet": 4.074074073999999, "shelter_makeshift_nhts": 1.8518518519999998, "food_malnourished": 0.5, "health_child_death": "", "health_maternal_death": 0.0, "he_flood": 0.0, "he_volcano": 0.0, "he_landslide": 0.019161, "he_earthquake": 0.07142899999999999}, "PH160206002": {"Water_Prop": 0.361011, "Food_Prop": 68.478261, "Shelter_Prop": 5.776173, "Health_Prop": 44.427002, "Education_Prop": 5.111821, "Work_Prop": 45.682103000000005, "Peace_Prop": 3.249097, "Participation_Prop": 91.421763, "SocialProtection_Prop": 98.72915, "Environment_Prop": 17.148954, "shelter_electricity": 26.71480144, "health_center_attendance": 44.42700157, "work_farms": 40.0921659, "work_unskilled": 34.10138249, "health_programs": 36.82310469, "sp_philhealth": 36.82310469, "water_toilet": 2.8880866430000003, "shelter_makeshift_nhts": 6.8592057760000005, "food_malnourished": 0.0, "health_child_death": "", "health_maternal_death": 0.0, "he_flood": 0.0, "he_volcano": 0.0, "he_landslide": 0.016996999999999998, "he_earthquake": 0.0}, "PH160206003": {"Water_Prop": 0.0, "Food_Prop": 0.0, "Shelter_Prop": 1.3698629999999998, "Health_Prop": 34.582133, "Education_Prop": 4.7619050000000005, "Work_Prop": 40.566038, "Peace_Prop": 39.726027, "Participation_Prop": 100.0, "SocialProtection_Prop": 99.33110400000001, "Environment_Prop": 2.907016, "shelter_electricity": 32.87671233, "health_center_attendance": 34.58213256, "work_farms": 53.17460317, "work_unskilled": 33.33333333, "health_programs": 24.65753425, "sp_philhealth": 24.65753425, "water_toilet": 9.589041096, "shelter_makeshift_nhts": 1.369863014, "food_malnourished": 5.0999999, "health_child_death": "", "health_maternal_death": 0.0, "he_flood": 0.0, "he_volcano": 0.0, "he_landslide": 0.091053, "he_earthquake": 0.07142899999999999}, "PH160206004": {"Water_Prop": 19.259259, "Food_Prop": 42.857143, "Shelter_Prop": 2.222222, "Health_Prop": 27.362056, "Education_Prop": 5.338078, "Work_Prop": 42.346369, "Peace_Prop": 33.703703999999995, "Participation_Prop": 90.586718, "SocialProtection_Prop": 98.968407, "Environment_Prop": 19.197303, "shelter_electricity": 25.18518519, "health_center_attendance": 27.36205593, "work_farms": 24.6124031, "work_unskilled": 46.51162791, "health_programs": 27.77777778, "sp_philhealth": 27.77777778, "water_toilet": 4.444444444, "shelter_makeshift_nhts": 3.888888889, "food_malnourished": 0.0, "health_child_death": "", "health_maternal_death": 0.0, "he_flood": 0.0, "he_volcano": 0.0, "he_landslide": 0.021536000000000003, "he_earthquake": 0.0}, "PH160206005": {"Water_Prop": 1.788909, "Food_Prop": 24.242424, "Shelter_Prop": 0.357782, "Health_Prop": 33.296255, "Education_Prop": 6.24, "Work_Prop": 42.69341, "Peace_Prop": 2.146691, "Participation_Prop": 94.528875, "SocialProtection_Prop": 98.594225, "Environment_Prop": 1.414662, "shelter_electricity": 27.01252236, "health_center_attendance": 33.2962551, "work_farms": 30.0, "work_unskilled": 37.7, "health_programs": 28.80143113, "sp_philhealth": 28.80143113, "water_toilet": 3.220035778, "shelter_makeshift_nhts": 1.520572451, "food_malnourished": 0.0, "health_child_death": "", "health_maternal_death": 0.0, "he_flood": 0.0, "he_volcano": 0.0, "he_landslide": 0.015307, "he_earthquake": 0.07142899999999999}, "PH160206006": {"Water_Prop": 2.692308, "Food_Prop": 66.666667, "Shelter_Prop": 0.769231, "Health_Prop": 76.984835, "Education_Prop": 7.116105, "Work_Prop": 51.820728, "Peace_Prop": 24.230769, "Participation_Prop": 97.588717, "SocialProtection_Prop": 98.54413100000001, "Environment_Prop": 17.685033999999998, "shelter_electricity": 18.84615385, "health_center_attendance": 76.98483497, "work_farms": 18.89534884, "work_unskilled": 42.73255814, "health_programs": 34.61538462, "sp_philhealth": 34.61538462, "water_toilet": 14.23076923, "shelter_makeshift_nhts": 5.769230769, "food_malnourished": 1.3, "health_child_death": "", "health_maternal_death": 0.0, "he_flood": 0.0, "he_volcano": 0.0, "he_landslide": 0.008551000000000001, "he_earthquake": 0.07142899999999999}, "PH160206007": {"Water_Prop": 0.44843, "Food_Prop": 63.302752000000005, "Shelter_Prop": 4.932735, "Health_Prop": 36.007293, "Education_Prop": 7.3089699999999995, "Work_Prop": 44.247788, "Peace_Prop": 10.762332, "Participation_Prop": 89.40505300000001, "SocialProtection_Prop": 99.02200500000001, "Environment_Prop": 0.81784, "shelter_electricity": 16.59192825, "health_center_attendance": 36.00729262, "work_farms": 27.24867725, "work_unskilled": 40.47619048, "health_programs": 32.28699552, "sp_philhealth": 32.28699552, "water_toilet": 1.793721973, "shelter_makeshift_nhts": 0.67264574, "food_malnourished": 0.0, "health_child_death": "", "health_maternal_death": 0.0, "he_flood": 0.0, "he_volcano": 0.0, "he_landslide": 0.015307, "he_earthquake": 0.0}, "PH160206008": {"Water_Prop": 10.368664, "Food_Prop": 89.89899, "Shelter_Prop": 12.211982, "Health_Prop": 44.03794, "Education_Prop": 6.481481, "Work_Prop": 47.740113, "Peace_Prop": 7.8341009999999995, "Participation_Prop": 94.658449, "SocialProtection_Prop": 98.04827900000001, "Environment_Prop": 17.140202, "shelter_electricity": 23.50230415, "health_center_attendance": 44.03794038, "work_farms": 34.72972973, "work_unskilled": 38.37837838, "health_programs": 32.25806452, "sp_philhealth": 32.25806452, "water_toilet": 3.225806452, "shelter_makeshift_nhts": 5.760368664, "food_malnourished": 0.0, "health_child_death": "", "health_maternal_death": 0.0, "he_flood": 0.0, "he_volcano": 0.0, "he_landslide": 0.016996999999999998, "he_earthquake": 0.0}, "PH160206009": {"Water_Prop": 0.47618999999999995, "Food_Prop": 51.785714, "Shelter_Prop": 3.8095239999999997, "Health_Prop": 40.522244, "Education_Prop": 6.692913000000001, "Work_Prop": 48.830409, "Peace_Prop": 2.380952, "Participation_Prop": 91.32948, "SocialProtection_Prop": 99.036609, "Environment_Prop": 0.287725, "shelter_electricity": 14.28571429, "health_center_attendance": 40.52224371, "work_farms": 21.14285714, "work_unskilled": 38.85714286, "health_programs": 45.71428571, "sp_philhealth": 45.71428571, "water_toilet": 4.285714286, "shelter_makeshift_nhts": 2.3809523809999997, "food_malnourished": 8.300000200000001, "health_child_death": "", "health_maternal_death": 0.0, "he_flood": 0.0, "he_volcano": 0.0, "he_landslide": 0.016996999999999998, "he_earthquake": 0.0}, "PH160206010": {"Water_Prop": 16.176471, "Food_Prop": 50.0, "Shelter_Prop": 7.647059, "Health_Prop": 16.107979999999998, "Education_Prop": 4.4736839999999995, "Work_Prop": 43.906892, "Peace_Prop": 7.647059, "Participation_Prop": 97.617593, "SocialProtection_Prop": 98.778253, "Environment_Prop": 16.200941, "shelter_electricity": 21.76470588, "health_center_attendance": 16.10797983, "work_farms": 16.43612693, "work_unskilled": 43.93816111, "health_programs": 37.35294118, "sp_philhealth": 37.35294118, "water_toilet": 3.088235294, "shelter_makeshift_nhts": 1.470588235, "food_malnourished": "", "health_child_death": "", "health_maternal_death": "", "he_flood": 0.0, "he_volcano": 0.0, "he_landslide": 0.001584, "he_earthquake": 0.0}, "PH160206011": {"Water_Prop": 4.081633, "Food_Prop": 77.777778, "Shelter_Prop": 3.498542, "Health_Prop": 44.74313, "Education_Prop": 4.736842, "Work_Prop": 46.434938, "Peace_Prop": 13.994169, "Participation_Prop": 93.383838, "SocialProtection_Prop": 98.686869, "Environment_Prop": 16.219343, "shelter_electricity": 4.6647230319999995, "health_center_attendance": 44.74313023, "work_farms": 12.14642263, "work_unskilled": 34.60898503,