{"PH168504001": {"Water_Prop": 7.8125, "Food_Prop": 35.714286, "Shelter_Prop": 1.875, "Health_Prop": 42.55618, "Education_Prop": 4.923076999999999, "Work_Prop": 53.104925, "Peace_Prop": 74.6875, "Participation_Prop": "", "SocialProtection_Prop": 97.683653, "Environment_Prop": 2.091024, "shelter_electricity": 12.1875, "health_center_attendance": 42.55617978, "work_farms": 16.43835616, "work_unskilled": 45.66210046, "health_programs": 38.125, "sp_philhealth": 38.125, "water_toilet": 3.125, "shelter_makeshift_nhts": 5.3125, "food_malnourished": "", "health_child_death": "", "health_maternal_death": "", "he_flood": 0.0, "he_volcano": 0.0, "he_landslide": 0.001584, "he_earthquake": 0.0}, "PH168504002": {"Water_Prop": 21.656051, "Food_Prop": 83.333333, "Shelter_Prop": 0.0, "Health_Prop": 74.805599, "Education_Prop": 7.874016, "Work_Prop": 58.352403, "Peace_Prop": 73.88535, "Participation_Prop": "", "SocialProtection_Prop": 99.337748, "Environment_Prop": 1.439278, "shelter_electricity": 26.75159236, "health_center_attendance": 74.80559876, "work_farms": 39.56043956, "work_unskilled": 41.20879121, "health_programs": 41.40127389, "sp_philhealth": 41.40127389, "water_toilet": 1.27388535, "shelter_makeshift_nhts": 6.369426752000001, "food_malnourished": "", "health_child_death": "", "health_maternal_death": "", "he_flood": 0.0, "he_volcano": 0.0, "he_landslide": 0.001584, "he_earthquake": 0.0}, "PH168504003": {"Water_Prop": 51.904762, "Food_Prop": 100.0, "Shelter_Prop": 1.9047619999999998, "Health_Prop": 63.898117000000006, "Education_Prop": 3.6269430000000003, "Work_Prop": 55.267703000000004, "Peace_Prop": 80.47619, "Participation_Prop": "", "SocialProtection_Prop": 99.01746700000001, "Environment_Prop": 3.692334, "shelter_electricity": 21.42857143, "health_center_attendance": 63.89811739, "work_farms": 65.25096525, "work_unskilled": 18.53281853, "health_programs": 32.85714286, "sp_philhealth": 32.85714286, "water_toilet": 1.428571429, "shelter_makeshift_nhts": 7.857142857, "food_malnourished": "", "health_child_death": "", "health_maternal_death": "", "he_flood": 0.0, "he_volcano": 0.0, "he_landslide": 0.014780000000000001, "he_earthquake": 0.0}, "PH168504004": {"Water_Prop": 17.924528, "Food_Prop": 85.29411800000001, "Shelter_Prop": 3.7735849999999997, "Health_Prop": 71.157895, "Education_Prop": 6.086957, "Work_Prop": 55.769231000000005, "Peace_Prop": 83.962264, "Participation_Prop": "", "SocialProtection_Prop": 99.266504, "Environment_Prop": 2.716395, "shelter_electricity": 25.47169811, "health_center_attendance": 71.15789474, "work_farms": 46.37681159, "work_unskilled": 32.60869565, "health_programs": 34.90566038, "sp_philhealth": 34.90566038, "water_toilet": 0.943396226, "shelter_makeshift_nhts": 6.603773585, "food_malnourished": "", "health_child_death": "", "health_maternal_death": "", "he_flood": 0.0, "he_volcano": 0.0, "he_landslide": 0.001584, "he_earthquake": 0.07142899999999999}, "PH168504005": {"Water_Prop": 10.658307, "Food_Prop": 90.625, "Shelter_Prop": 0.31348000000000004, "Health_Prop": 80.779392, "Education_Prop": 3.7433160000000005, "Work_Prop": 50.259067, "Peace_Prop": 68.652038, "Participation_Prop": 82.16432900000001, "SocialProtection_Prop": 98.797595, "Environment_Prop": 9.030758, "shelter_electricity": 26.95924765, "health_center_attendance": 80.77939234, "work_farms": 42.5, "work_unskilled": 32.91666667, "health_programs": 34.48275862, "sp_philhealth": 34.48275862, "water_toilet": 7.210031347999999, "shelter_makeshift_nhts": 18.65203762, "food_malnourished": "", "health_child_death": "", "health_maternal_death": "", "he_flood": 0.0, "he_volcano": 0.0, "he_landslide": 0.001584, "he_earthquake": 0.0}, "PH168504006": {"Water_Prop": 9.59596, "Food_Prop": 86.813187, "Shelter_Prop": 0.252525, "Health_Prop": 86.827268, "Education_Prop": 6.2231760000000005, "Work_Prop": 53.751031000000005, "Peace_Prop": 68.686869, "Participation_Prop": "", "SocialProtection_Prop": 96.734475, "Environment_Prop": 9.876696, "shelter_electricity": 25.25252525, "health_center_attendance": 86.82726807, "work_farms": 33.86809269, "work_unskilled": 31.55080214, "health_programs": 38.13131313, "sp_philhealth": 38.13131313, "water_toilet": 5.303030303, "shelter_makeshift_nhts": 10.98484848, "food_malnourished": "", "health_child_death": "", "health_maternal_death": "", "he_flood": 0.0, "he_volcano": 0.0, "he_landslide": 0.015307, "he_earthquake": 0.0}, "PH168504007": {"Water_Prop": 80.434783, "Food_Prop": 100.0, "Shelter_Prop": 0.0, "Health_Prop": 72.864322, "Education_Prop": 11.428571, "Work_Prop": 53.731343, "Peace_Prop": 58.695652, "Participation_Prop": "", "SocialProtection_Prop": 99.310345, "Environment_Prop": 1.619825, "shelter_electricity": 89.13043478, "health_center_attendance": 72.86432161, "work_farms": 53.22580645, "work_unskilled": 27.41935484, "health_programs": 28.26086957, "sp_philhealth": 28.26086957, "water_toilet": 2.173913043, "shelter_makeshift_nhts": 13.04347826, "food_malnourished": "", "health_child_death": "", "health_maternal_death": "", "he_flood": 0.0, "he_volcano": 0.0, "he_landslide": 0.0, "he_earthquake": 0.0}, "PH168504008": {"Water_Prop": 22.627737, "Food_Prop": 26.666666999999997, "Shelter_Prop": 0.0, "Health_Prop": 84.310618, "Education_Prop": 7.142857000000001, "Work_Prop": 58.513189000000004, "Peace_Prop": 76.642336, "Participation_Prop": "", "SocialProtection_Prop": 95.131846, "Environment_Prop": 1.625615, "shelter_electricity": 15.32846715, "health_center_attendance": 84.31061807, "work_farms": 46.24277457, "work_unskilled": 32.94797688, "health_programs": 32.84671533, "sp_philhealth": 32.84671533, "water_toilet": 0.729927007, "shelter_makeshift_nhts": 4.744525547, "food_malnourished": "", "health_child_death": "", "health_maternal_death": "", "he_flood": 0.0, "he_volcano": 0.0, "he_landslide": 0.0, "he_earthquake": 0.0}, "PH168504009": {"Water_Prop": 5.102041000000001, "Food_Prop": 33.333333, "Shelter_Prop": 2.040816, "Health_Prop": 67.97066, "Education_Prop": 2.8169009999999997, "Work_Prop": 62.939296999999996, "Peace_Prop": 73.469388, "Participation_Prop": "", "SocialProtection_Prop": 97.337278, "Environment_Prop": 6.282848, "shelter_electricity": 4.081632653, "health_center_attendance": 67.97066015, "work_farms": 43.10344828, "work_unskilled": 29.31034483, "health_programs": 44.89795918, "sp_philhealth": 44.89795918, "water_toilet": 2.040816327, "shelter_makeshift_nhts": 5.102040816000001, "food_malnourished": "", "health_child_death": "", "health_maternal_death": "", "he_flood": 0.0, "he_volcano": 0.0, "he_landslide": 0.001584, "he_earthquake": 0.0}, "PH168504010": {"Water_Prop": 18.362832, "Food_Prop": 70.689655, "Shelter_Prop": 1.106195, "Health_Prop": 84.169884, "Education_Prop": 4.988124, "Work_Prop": 55.927476, "Peace_Prop": 53.318583999999994, "Participation_Prop": "", "SocialProtection_Prop": 98.62796800000001, "Environment_Prop": 4.527074, "shelter_electricity": 14.60176991, "health_center_attendance": 84.16988417, "work_farms": 28.48101266, "work_unskilled": 37.183544299999994, "health_programs": 39.60176991, "sp_philhealth": 39.60176991, "water_toilet": 4.203539823, "shelter_makeshift_nhts": 7.411504425, "food_malnourished": "", "health_child_death": "", "health_maternal_death": "", "he_flood": 0.0, "he_volcano": 0.0, "he_landslide": 0.001584, "he_earthquake": 0.0}, "PH168504011": {"Water_Prop": 21.232877, "Food_Prop": 29.032258000000002, "Shelter_Prop": 0.684932, "Health_Prop": 67.28971999999999, "Education_Prop": 3.1055900000000003, "Work_Prop": 58.056872, "Peace_Prop": 79.452055, "Participation_Prop": "", "SocialProtection_Prop": 97.62309, "Environment_Prop": 1.8026630000000001, "shelter_electricity": 12.32876712, "health_center_attendance": 67.28971963, "work_farms": 35.59322034, "work_unskilled": 35.59322034, "health_programs": 35.61643836, "sp_philhealth": 35.61643836, "water_toilet": 0.684931507, "shelter_makeshift_nhts": 8.561643836, "food_malnourished": "", "health_child_death": "",