{"PH166806001": {"Water_Prop": 0.0, "Food_Prop": 79.069767, "Shelter_Prop": 0.401606, "Health_Prop": 81.010595, "Education_Prop": 75.889328, "Work_Prop": 44.0, "Peace_Prop": 2.008032, "Participation_Prop": 86.012716, "SocialProtection_Prop": 98.18347, "Environment_Prop": 16.30136, "shelter_electricity": 5.62248996, "health_center_attendance": 81.01059495, "work_farms": 15.75630252, "work_unskilled": 38.44537815, "health_programs": 44.17670683, "sp_philhealth": 44.17670683, "water_toilet": 5.62248996, "shelter_makeshift_nhts": 0.401606426, "food_malnourished": 0.89286, "health_child_death": "", "health_maternal_death": 0.0, "he_flood": 0.0, "he_volcano": 0.0, "he_landslide": 0.001584, "he_earthquake": 0.0}, "PH166806002": {"Water_Prop": 0.909091, "Food_Prop": 59.090908999999996, "Shelter_Prop": 0.0, "Health_Prop": 80.0, "Education_Prop": 10.752688000000001, "Work_Prop": 44.935065, "Peace_Prop": 0.0, "Participation_Prop": 80.266075, "SocialProtection_Prop": 99.11308199999999, "Environment_Prop": 0.664327, "shelter_electricity": 9.090909091, "health_center_attendance": 80.0, "work_farms": 11.32075472, "work_unskilled": 49.05660377, "health_programs": 34.54545455, "sp_philhealth": 34.54545455, "water_toilet": 15.45454545, "shelter_makeshift_nhts": 1.363636364, "food_malnourished": 0.0, "health_child_death": "", "health_maternal_death": 0.0, "he_flood": 0.0, "he_volcano": 0.0, "he_landslide": 0.017472, "he_earthquake": 0.0}, "PH166806003": {"Water_Prop": 1.6326530000000001, "Food_Prop": 78.656126, "Shelter_Prop": 0.408163, "Health_Prop": 76.449275, "Education_Prop": 5.790646, "Work_Prop": 51.708279, "Peace_Prop": 10.0, "Participation_Prop": 92.516306, "SocialProtection_Prop": 97.905939, "Environment_Prop": 22.290223, "shelter_electricity": 9.387755102, "health_center_attendance": 76.44927536, "work_farms": 17.82312925, "work_unskilled": 52.38095238, "health_programs": 45.91836735, "sp_philhealth": 45.91836735, "water_toilet": 6.326530612000001, "shelter_makeshift_nhts": 3.1632653060000004, "food_malnourished": 0.0, "health_child_death": "", "health_maternal_death": 0.0, "he_flood": 0.0, "he_volcano": 0.0, "he_landslide": 0.052309, "he_earthquake": 0.0}, "PH166806004": {"Water_Prop": 0.0, "Food_Prop": 10.0, "Shelter_Prop": 1.0989010000000001, "Health_Prop": 90.133983, "Education_Prop": 4.9689440000000005, "Work_Prop": 41.282895, "Peace_Prop": 0.0, "Participation_Prop": 84.972678, "SocialProtection_Prop": 97.131148, "Environment_Prop": 0.623783, "shelter_electricity": 3.8461538460000004, "health_center_attendance": 90.13398295, "work_farms": 15.12605042, "work_unskilled": 40.33613445, "health_programs": 47.802197799999995, "sp_philhealth": 47.802197799999995, "water_toilet": 17.03296703, "shelter_makeshift_nhts": 0.274725275, "food_malnourished": 0.0, "health_child_death": "", "health_maternal_death": 0.0, "he_flood": 0.0, "he_volcano": 0.0, "he_landslide": 0.014884999999999999, "he_earthquake": 0.0}, "PH166806005": {"Water_Prop": 5.357143, "Food_Prop": 75.0, "Shelter_Prop": 1.0714290000000002, "Health_Prop": 90.36729, "Education_Prop": 93.12714799999999, "Work_Prop": 50.392927, "Peace_Prop": 1.0714290000000002, "Participation_Prop": 90.895296, "SocialProtection_Prop": 95.371775, "Environment_Prop": 1.525558, "shelter_electricity": 2.857142857, "health_center_attendance": 90.36729037, "work_farms": 14.25742574, "work_unskilled": 29.5049505, "health_programs": 53.21428571, "sp_philhealth": 53.21428571, "water_toilet": 13.57142857, "shelter_makeshift_nhts": 2.6785714290000002, "food_malnourished": 0.0, "health_child_death": "", "health_maternal_death": 0.0, "he_flood": 0.0, "he_volcano": 0.0, "he_landslide": 0.05315399999999999, "he_earthquake": 0.0}, "PH166806006": {"Water_Prop": 0.724638, "Food_Prop": 5.4545449999999995, "Shelter_Prop": 1.449275, "Health_Prop": 84.435262, "Education_Prop": 86.95652199999999, "Work_Prop": 44.855967, "Peace_Prop": 0.724638, "Participation_Prop": 85.522388, "SocialProtection_Prop": 98.358209, "Environment_Prop": 3.0270259999999998, "shelter_electricity": 2.173913043, "health_center_attendance": 84.43526171, "work_farms": 10.07462687, "work_unskilled": 55.59701493, "health_programs": 38.4057971, "sp_philhealth": 38.4057971, "water_toilet": 10.14492754, "shelter_makeshift_nhts": 0.362318841, "food_malnourished": 1.0989, "health_child_death": "", "health_maternal_death": 0.0, "he_flood": 0.0, "he_volcano": 0.0, "he_landslide": 0.003431, "he_earthquake": 0.0}, "PH166806007": {"Water_Prop": 0.854701, "Food_Prop": 67.647059, "Shelter_Prop": 2.991453, "Health_Prop": 85.544373, "Education_Prop": 83.333333, "Work_Prop": 42.893726, "Peace_Prop": 1.709402, "Participation_Prop": 89.756592, "SocialProtection_Prop": 98.275862, "Environment_Prop": 16.661133, "shelter_electricity": 5.128205128, "health_center_attendance": 85.54437328, "work_farms": 11.88340807, "work_unskilled": 46.41255605, "health_programs": 42.30769231, "sp_philhealth": 42.30769231, "water_toilet": 5.555555556, "shelter_makeshift_nhts": 1.068376068, "food_malnourished": 0.0, "health_child_death": "", "health_maternal_death": 0.0, "he_flood": 0.0, "he_volcano": 0.0, "he_landslide": 0.003431, "he_earthquake": 0.0}, "PH166806008": {"Water_Prop": 3.8, "Food_Prop": 17.283951000000002, "Shelter_Prop": 1.8, "Health_Prop": 74.01764200000001, "Education_Prop": 92.765273, "Work_Prop": 45.918366999999996, "Peace_Prop": 5.4, "Participation_Prop": 95.45036800000001, "SocialProtection_Prop": 99.21875, "Environment_Prop": 6.0010580000000004, "shelter_electricity": 12.6, "health_center_attendance": 74.01764234, "work_farms": 40.50314465, "work_unskilled": 41.00628931, "health_programs": 45.2, "sp_philhealth": 45.2, "water_toilet": 19.2, "shelter_makeshift_nhts": 0.7, "food_malnourished": 0.36496001, "health_child_death": "", "health_maternal_death": 0.0, "he_flood": 0.0, "he_volcano": 0.0, "he_landslide": 0.016996999999999998, "he_earthquake": 0.214286}}