{"PH166807001": {"water_access": 9.905660000000001, "food_tenure": 13.953488, "shelter_informal_settlers_nhts": 0.7861640000000001, "health_center_attendance": 93.353691, "educ_outofschool_all": 4.593929, "work_unemployment": 52.731929, "po_conflict": 1.100629, "participation_assembly_attendance": 98.468099, "sp_sss": 3.3006949999999904, "he_risk": 25.127731, "shelter_electricity": 15.17295597, "health_center_attendance.1": 93.35369140000002, "work_farms": 7.585791692000001, "work_unskilled": 59.78326309, "health_programs": 60.37735849, "sp_philhealth": 39.62264151, "water_toilet": 13.60062893, "shelter_makeshift_nhts": 7.547169811, "food_malnourished": 2.2727301, "health_child_death": "", "health_maternal_death": 0.0, "he_flood": 0.0, "he_volcano": 0.0, "he_landslide": 0.030193, "he_earthquake": 0.07142899999999999, "name": "Adlay"}, "PH166807002": {"water_access": 3.007519, "food_tenure": 25.0, "shelter_informal_settlers_nhts": 0.75188, "health_center_attendance": 45.988539, "educ_outofschool_all": 2.9629630000000002, "work_unemployment": 48.878924, "po_conflict": 18.045113, "participation_assembly_attendance": 84.882108, "sp_sss": 1.1095699999999908, "he_risk": 1.126965, "shelter_electricity": 15.78947368, "health_center_attendance.1": 45.98853868, "work_farms": 37.28070175, "work_unskilled": 42.98245614, "health_programs": 55.63909774, "sp_philhealth": 44.36090226, "water_toilet": 28.57142857, "shelter_makeshift_nhts": 3.383458647, "food_malnourished": 0.0, "health_child_death": "", "health_maternal_death": 0.0, "he_flood": 0.0, "he_volcano": 0.0, "he_landslide": 0.011138, "he_earthquake": 0.0, "name": "Babuyan"}, "PH166807003": {"water_access": 8.0, "food_tenure": 88.888889, "shelter_informal_settlers_nhts": 1.333333, "health_center_attendance": 45.310958, "educ_outofschool_all": 7.179487, "work_unemployment": 53.323904000000006, "po_conflict": 29.777778, "participation_assembly_attendance": 87.917485, "sp_sss": 1.4734770000000026, "he_risk": 16.611411999999998, "shelter_electricity": 14.22222222, "health_center_attendance.1": 45.31095755, "work_farms": 35.15151515, "work_unskilled": 43.03030303, "health_programs": 37.77777778, "sp_philhealth": 62.22222222, "water_toilet": 1.333333333, "shelter_makeshift_nhts": 0.8888888890000001, "food_malnourished": 5.1020398, "health_child_death": "", "health_maternal_death": 0.0, "he_flood": 0.0, "he_volcano": 0.0, "he_landslide": 0.001584, "he_earthquake": 0.0, "name": "Bacolod"}, "PH166807004": {"water_access": 3.550296, "food_tenure": "", "shelter_informal_settlers_nhts": 5.325444, "health_center_attendance": 54.454203, "educ_outofschool_all": 6.875, "work_unemployment": 52.975048, "po_conflict": 2.95858, "participation_assembly_attendance": 86.182056, "sp_sss": 3.0779310000000066, "he_risk": 24.949057999999997, "shelter_electricity": 4.7337278110000005, "health_center_attendance.1": 54.45420326, "work_farms": 4.489795918, "work_unskilled": 65.30612245, "health_programs": 53.25443787, "sp_philhealth": 46.74556213, "water_toilet": 9.467455621000001, "shelter_makeshift_nhts": 0.8875739640000001, "food_malnourished": 0.68966001, "health_child_death": "", "health_maternal_death": 0.0, "he_flood": 0.0, "he_volcano": 0.0, "he_landslide": 0.0, "he_earthquake": 0.0, "name": "Baybay (Pob.)"}, "PH166807005": {"water_access": 26.030928, "food_tenure": 64.285714, "shelter_informal_settlers_nhts": 1.030928, "health_center_attendance": 38.665944, "educ_outofschool_all": 9.90099, "work_unemployment": 45.286195, "po_conflict": 17.783504999999998, "participation_assembly_attendance": 91.031149, "sp_sss": 1.9334050000000076, "he_risk": 23.544923, "shelter_electricity": 22.16494845, "health_center_attendance.1": 38.6659436, "work_farms": 13.69230769, "work_unskilled": 51.84615385, "health_programs": 48.71134021, "sp_philhealth": 51.28865979, "water_toilet": 4.896907216000001, "shelter_makeshift_nhts": 3.4793814430000003, "food_malnourished": 2.05479, "health_child_death": "", "health_maternal_death": 0.0, "he_flood": 0.0, "he_volcano": 0.0, "he_landslide": 0.008551000000000001, "he_earthquake": 0.07142899999999999, "name": "Bon-ot"}, "PH166807006": {"water_access": 41.304348, "food_tenure": 0.0, "shelter_informal_settlers_nhts": 0.0, "health_center_attendance": 41.439206, "educ_outofschool_all": 5.555556, "work_unemployment": 52.434456999999995, "po_conflict": 35.869565, "participation_assembly_attendance": 59.685864, "sp_sss": 1.5706810000000075, "he_risk": 0.9925299999999999, "shelter_electricity": 11.95652174, "health_center_attendance.1": 41.43920596, "work_farms": 47.24409449, "work_unskilled": 34.64566929, "health_programs": 42.39130435, "sp_philhealth": 57.60869565, "water_toilet": 4.347826087, "shelter_makeshift_nhts": 2.717391304, "food_malnourished": 2.0, "health_child_death": "", "health_maternal_death": 0.0, "he_flood": 0.0, "he_volcano": 0.0, "he_landslide": 0.0, "he_earthquake": 0.0, "name": "Caglayag"}, "PH166807007": {"water_access": 18.483412, "food_tenure": "", "shelter_informal_settlers_nhts": 0.0, "health_center_attendance": 43.359818, "educ_outofschool_all": 6.763285000000001, "work_unemployment": 42.657343, "po_conflict": 30.805687, "participation_assembly_attendance": 80.484988, "sp_sss": 1.7321019999999976, "he_risk": 5.0466690000000005, "shelter_electricity": 32.22748815, "health_center_attendance.1": 43.35981839, "work_farms": 18.90243902, "work_unskilled": 64.02439024, "health_programs": 46.91943128, "sp_philhealth": 53.08056872, "water_toilet": 6.161137441, "shelter_makeshift_nhts": 13.27014218, "food_malnourished": 10.0, "health_child_death": "", "health_maternal_death": 0.0, "he_flood": 0.0, "he_volcano": 0.0, "he_landslide": 0.017472, "he_earthquake": 0.07142899999999999, "name": "Dahican"}, "PH166807008": {"water_access": 2.339181, "food_tenure": 12.5, "shelter_informal_settlers_nhts": 5.263158, "health_center_attendance": 83.31303299999999, "educ_outofschool_all": 4.142012, "work_unemployment": 54.489437, "po_conflict": 13.74269, "participation_assembly_attendance": 87.942029, "sp_sss": 2.260869999999997, "he_risk": 5.551931, "shelter_electricity": 6.432748537999999, "health_center_attendance.1": 83.31303289, "work_farms": 15.66731141, "work_unskilled": 61.31528046, "health_programs": 38.01169591, "sp_philhealth": 61.98830409, "water_toilet": 11.40350877, "shelter_makeshift_nhts": 1.754385965, "food_malnourished": 0.0, "health_child_death": "", "health_maternal_death": 0.0, "he_flood": 0.0, "he_volcano": 0.0, "he_landslide": 0.0, "he_earthquake": 0.0, "name": "Doyos (Pob.)"}, "PH166807009": {"water_access": 5.4545449999999995, "food_tenure": 25.0, "shelter_informal_settlers_nhts": 3.636364, "health_center_attendance": 71.574642, "educ_outofschool_all": 6.593407000000001, "work_unemployment": 56.534954000000006, "po_conflict": 12.727273, "participation_assembly_attendance": 69.147287, "sp_sss": 2.170543000000009, "he_risk": 6.782261, "shelter_electricity": 1.8181818180000002, "health_center_attendance.1": 71.57464213, "work_farms": 1.3986013990000001, "work_unskilled": 69.93006993, "health_programs": 40.0, "sp_philhealth": 60.0, "water_toilet": 6.3636363639999995, "shelter_makeshift_nhts": 0.9090909090000001, "food_malnourished": 1.92308, "health_child_death": "", "health_maternal_death": 0.0, "he_flood": 0.0, "he_volcano": 0.0, "he_landslide": 0.0, "he_earthquake": 0.0, "name": "Embarcadero (Pob.)"}, "PH166807010": {"water_access": 8.823528999999999, "food_tenure": 26.315789000000002, "shelter_informal_settlers_nhts": 0.226244, "health_center_attendance": 50.596421, "educ_outofschool_all": 5.089059, "work_unemployment": 48.418675, "po_conflict": 11.085973, "participation_assembly_attendance": 93.228927, "sp_sss": 1.9806540000000012, "he_risk": 17.90095, "shelter_electricity": 11.76470588, "health_center_attendance.1": 50.59642147, "work_farms": 11.24087591, "work_unskilled": 52.11678832, "health_programs": 57.69230769, "sp_philhealth": 42.30769231, "water_toilet": 1.809954751,