{"PH166816001": {"water_access": 49.484536, "food_tenure": "", "shelter_informal_settlers_nhts": 0.515464, "health_center_attendance": 73.913043, "educ_outofschool_all": 4.010695, "work_unemployment": 44.913928000000006, "po_conflict": 11.85567, "participation_assembly_attendance": 88.060965, "sp_sss": 0.5080439999999982, "he_risk": 4.843414, "shelter_electricity": 92.78350515, "health_center_attendance.1": 73.91304348, "work_farms": 73.01136364, "work_unskilled": 19.03409091, "health_programs": 16.49484536, "sp_philhealth": 83.50515464, "water_toilet": 28.86597938, "shelter_makeshift_nhts": 7.731958763, "food_malnourished": 1.64609, "health_child_death": "", "health_maternal_death": 0.0, "he_flood": 0.0, "he_volcano": 0.0, "he_landslide": 0.016733, "he_earthquake": 0.14285699999999998, "name": "Bagyang"}, "PH166816002": {"water_access": 2.840909, "food_tenure": 75.0, "shelter_informal_settlers_nhts": 0.284091, "health_center_attendance": 69.644056, "educ_outofschool_all": 9.756098, "work_unemployment": 50.34965, "po_conflict": 42.897727, "participation_assembly_attendance": 83.967391, "sp_sss": 1.0190219999999925, "he_risk": 0.8554350000000001, "shelter_electricity": 27.55681818, "health_center_attendance.1": 69.64405641, "work_farms": 41.85110664, "work_unskilled": 44.466800799999994, "health_programs": 20.17045455, "sp_philhealth": 79.82954545, "water_toilet": 19.31818182, "shelter_makeshift_nhts": 8.096590909, "food_malnourished": 13.21839, "health_child_death": "", "health_maternal_death": 0.0, "he_flood": 0.0, "he_volcano": 0.0, "he_landslide": 0.0, "he_earthquake": 0.0, "name": "Baras"}, "PH166816003": {"water_access": 96.39175300000001, "food_tenure": "", "shelter_informal_settlers_nhts": 0.0, "health_center_attendance": 67.213115, "educ_outofschool_all": 16.521739, "work_unemployment": 47.068146, "po_conflict": 15.979381, "participation_assembly_attendance": 87.29446899999999, "sp_sss": 0.22421500000000094, "he_risk": 1.719789, "shelter_electricity": 96.90721649, "health_center_attendance.1": 67.21311475, "work_farms": 76.04790419, "work_unskilled": 17.96407186, "health_programs": 26.28865979, "sp_philhealth": 73.71134021, "water_toilet": 30.41237113, "shelter_makeshift_nhts": 6.958762887000001, "food_malnourished": 6.827310099999999, "health_child_death": "", "health_maternal_death": 0.0, "he_flood": 0.0, "he_volcano": 0.0, "he_landslide": 0.018738, "he_earthquake": 0.0, "name": "Bitaugan"}, "PH166816004": {"water_access": 37.683665000000005, "food_tenure": "", "shelter_informal_settlers_nhts": 1.642178, "health_center_attendance": 79.639081, "educ_outofschool_all": 16.008463, "work_unemployment": 48.244797, "po_conflict": 22.47191, "participation_assembly_attendance": 78.13973399999999, "sp_sss": 0.5786540000000002, "he_risk": 3.5720699999999996, "shelter_electricity": 30.68280035, "health_center_attendance.1": 79.6390813, "work_farms": 51.20048019, "work_unskilled": 33.79351741, "health_programs": 31.633535, "sp_philhealth": 68.366465, "water_toilet": 16.68107174, "shelter_makeshift_nhts": 8.38375108, "food_malnourished": 1.1065, "health_child_death": "", "health_maternal_death": 0.0, "he_flood": 0.0, "he_volcano": 0.0, "he_landslide": 0.079546, "he_earthquake": 0.07142899999999999, "name": "Bolhoon"}, "PH166816005": {"water_access": 94.11764699999999, "food_tenure": 72.727273, "shelter_informal_settlers_nhts": 0.0, "health_center_attendance": 65.051903, "educ_outofschool_all": 7.692308000000001, "work_unemployment": 38.793103, "po_conflict": 15.196078, "participation_assembly_attendance": 90.418118, "sp_sss": 0.3484319999999883, "he_risk": 3.303257, "shelter_electricity": 95.58823529, "health_center_attendance.1": 65.05190311, "work_farms": 84.78873239, "work_unskilled": 8.169014085, "health_programs": 9.31372549, "sp_philhealth": 90.68627451, "water_toilet": 21.07843137, "shelter_makeshift_nhts": 13.97058824, "food_malnourished": 24.770639000000003, "health_child_death": "", "health_maternal_death": 0.0, "he_flood": 0.0, "he_volcano": 0.0, "he_landslide": 0.010293, "he_earthquake": 0.07142899999999999, "name": "Calatngan"}, "PH166816006": {"water_access": 60.652921, "food_tenure": 17.857143, "shelter_informal_settlers_nhts": 2.233677, "health_center_attendance": 69.640523, "educ_outofschool_all": 14.303177999999999, "work_unemployment": 44.187359, "po_conflict": 20.446735, "participation_assembly_attendance": 95.824635, "sp_sss": 0.5915099999999995, "he_risk": 1.471411, "shelter_electricity": 47.59450172, "health_center_attendance.1": 69.64052288, "work_farms": 57.33063701, "work_unskilled": 23.45803842, "health_programs": 22.33676976, "sp_philhealth": 77.66323024, "water_toilet": 23.88316151, "shelter_makeshift_nhts": 5.927835052000001, "food_malnourished": 16.15925, "health_child_death": "", "health_maternal_death": 0.0, "he_flood": 0.0, "he_volcano": 0.0, "he_landslide": 0.001584, "he_earthquake": 0.07142899999999999, "name": "Carromata"}, "PH166816007": {"water_access": 14.545454999999999, "food_tenure": 0.0, "shelter_informal_settlers_nhts": 7.272727000000001, "health_center_attendance": 86.65710200000001, "educ_outofschool_all": 8.389261999999999, "work_unemployment": 57.59219100000001, "po_conflict": 2.909091, "participation_assembly_attendance": 83.107089, "sp_sss": 1.432881000000009, "he_risk": 4.272874, "shelter_electricity": 24.72727273, "health_center_attendance.1": 86.65710187, "work_farms": 44.24552429999999, "work_unskilled": 37.8516624, "health_programs": 23.63636364, "sp_philhealth": 76.36363636, "water_toilet": 19.63636364, "shelter_makeshift_nhts": 0.181818182, "food_malnourished": 23.404260999999998, "health_child_death": "", "health_maternal_death": 0.0, "he_flood": 0.0, "he_volcano": 0.0, "he_landslide": 0.104144, "he_earthquake": 0.14285699999999998, "name": "Castillo"}, "PH166816008": {"water_access": 11.976048, "food_tenure": 0.0, "shelter_informal_settlers_nhts": 1.197605, "health_center_attendance": 85.354423, "educ_outofschool_all": 17.266187, "work_unemployment": 54.799627, "po_conflict": 35.928144, "participation_assembly_attendance": 82.5811, "sp_sss": 1.5514810000000097, "he_risk": 10.275847, "shelter_electricity": 31.13772455, "health_center_attendance.1": 85.35442296, "work_farms": 33.19587629, "work_unskilled": 49.48453608, "health_programs": 21.55688623, "sp_philhealth": 78.44311377, "water_toilet": 20.05988024, "shelter_makeshift_nhts": 0.598802395, "food_malnourished": 7.86517, "health_child_death": "", "health_maternal_death": 0.0, "he_flood": 0.0, "he_volcano": 0.0, "he_landslide": 0.001584, "he_earthquake": 0.07142899999999999, "name": "Libas Gua"}, "PH166816009": {"water_access": 29.927007, "food_tenure": 33.333333, "shelter_informal_settlers_nhts": 5.656934, "health_center_attendance": 65.256588, "educ_outofschool_all": 89.932886, "work_unemployment": 53.185438, "po_conflict": 20.072993, "participation_assembly_attendance": 82.995951, "sp_sss": 0.7729109999999935, "he_risk": 2.901266, "shelter_electricity": 22.62773723, "health_center_attendance.1": 65.25658807, "work_farms": 63.91251519, "work_unskilled": 21.74969623, "health_programs": 32.11678832, "sp_philhealth": 67.88321168, "water_toilet": 25.91240876, "shelter_makeshift_nhts": 1.277372263, "food_malnourished": 11.29808, "health_child_death": "", "health_maternal_death": 0.0, "he_flood": 0.0, "he_volcano": 0.0, "he_landslide": 0.020428, "he_earthquake": 0.07142899999999999, "name": "Libas Sud"}, "PH166816010": {"water_access": 5.693069, "food_tenure": 32.5, "shelter_informal_settlers_nhts": 0.0, "health_center_attendance": 56.65378199999999, "educ_outofschool_all": 4.063205, "work_unemployment": 49.232082, "po_conflict": 20.792079, "participation_assembly_attendance": 82.731959, "sp_sss": 1.288659999999993, "he_risk": 13.945429, "shelter_electricity": 9.900990099, "health_center_attendance.1": 56.65378244, "work_farms": 27.05882353, "work_unskilled": 44.20168067, "health_programs": 22.27722772, "sp_philhealth": 77.72277228,