{"PH166702001": {"water_access": 16.613419, "food_tenure": 68.57142900000001, "shelter_informal_settlers_nhts": 0.6389779999999999, "health_center_attendance": 54.36823100000001, "educ_outofschool_all": 4.026846, "work_unemployment": 53.578947, "po_conflict": 41.214058, "participation_assembly_attendance": 91.686275, "sp_sss": 98.352941, "he_risk": 17.626686, "shelter_electricity": 5.431309904, "health_center_attendance.1": 54.36823105, "work_farms": 30.612244899999997, "work_unskilled": 31.06575964, "health_programs": 30.351437699999998, "sp_philhealth": 30.351437699999998, "water_toilet": 1.277955272, "shelter_makeshift_nhts": 8.626198083, "food_malnourished": 18.0, "health_child_death": "", "health_maternal_death": 0.0, "he_flood": 0.0, "he_volcano": 0.0, "he_landslide": 0.003431, "he_earthquake": 0.0, "name": "Cabugao"}, "PH166702002": {"water_access": 1.3698629999999998, "food_tenure": 41.176471, "shelter_informal_settlers_nhts": 4.794521, "health_center_attendance": 66.478076, "educ_outofschool_all": 8.955224000000001, "work_unemployment": 55.45656999999999, "po_conflict": 37.671233, "participation_assembly_attendance": 85.610465, "sp_sss": 99.70930200000001, "he_risk": 1.010264, "shelter_electricity": 19.8630137, "health_center_attendance.1": 66.47807638, "work_farms": 66.0, "work_unskilled": 14.5, "health_programs": 27.39726027, "sp_philhealth": 27.39726027, "water_toilet": 4.109589041, "shelter_makeshift_nhts": 6.849315067999999, "food_malnourished": 15.9, "health_child_death": "", "health_maternal_death": 0.0, "he_flood": 0.0, "he_volcano": 0.0, "he_landslide": 0.003431, "he_earthquake": 0.0, "name": "Cambuayon"}, "PH166702003": {"water_access": 8.418891, "food_tenure": 75.86206899999999, "shelter_informal_settlers_nhts": 2.464066, "health_center_attendance": 61.025887, "educ_outofschool_all": 4.1758239999999995, "work_unemployment": 53.370014000000005, "po_conflict": 20.328542000000002, "participation_assembly_attendance": 95.04526, "sp_sss": 98.523106, "he_risk": 17.04854, "shelter_electricity": 6.776180697999999, "health_center_attendance.1": 61.02588686, "work_farms": 30.8259587, "work_unskilled": 25.51622419, "health_programs": 44.55852156, "sp_philhealth": 44.55852156, "water_toilet": 0.616016427, "shelter_makeshift_nhts": 4.517453799, "food_malnourished": 17.700001, "health_child_death": "", "health_maternal_death": 0.0, "he_flood": 0.0, "he_volcano": 0.0, "he_landslide": 0.003431, "he_earthquake": 0.0, "name": "Campo"}, "PH166702004": {"water_access": 5.323194, "food_tenure": "", "shelter_informal_settlers_nhts": 1.140684, "health_center_attendance": 63.338657999999995, "educ_outofschool_all": 9.202454, "work_unemployment": 54.488778, "po_conflict": 22.813688, "participation_assembly_attendance": 92.52557, "sp_sss": 99.291896, "he_risk": 1.814228, "shelter_electricity": 3.8022813689999997, "health_center_attendance.1": 63.33865815, "work_farms": 55.34246575, "work_unskilled": 18.08219178, "health_programs": 31.55893536, "sp_philhealth": 31.55893536, "water_toilet": 3.4220532319999997, "shelter_makeshift_nhts": 8.55513308, "food_malnourished": 11.3, "health_child_death": "", "health_maternal_death": 6.6999998, "he_flood": 0.0, "he_volcano": 0.0, "he_landslide": 0.05341799999999999, "he_earthquake": 0.0, "name": "Dugsangon"}, "PH166702005": {"water_access": 6.896552000000001, "food_tenure": 86.486486, "shelter_informal_settlers_nhts": 1.532567, "health_center_attendance": 61.508554000000004, "educ_outofschool_all": 8.143322, "work_unemployment": 53.909953, "po_conflict": 21.455939, "participation_assembly_attendance": 93.083333, "sp_sss": 98.5, "he_risk": 0.513076, "shelter_electricity": 8.045977011, "health_center_attendance.1": 61.50855365, "work_farms": 41.90231362, "work_unskilled": 23.13624679, "health_programs": 30.26819923, "sp_philhealth": 30.26819923, "water_toilet": 0.0, "shelter_makeshift_nhts": 3.2567049810000004, "food_malnourished": 15.9, "health_child_death": "", "health_maternal_death": 0.0, "he_flood": 0.0, "he_volcano": 0.0, "he_landslide": 0.003431, "he_earthquake": 0.0, "name": "Pautao"}, "PH166702006": {"water_access": 1.2195120000000002, "food_tenure": 71.42857099999999, "shelter_informal_settlers_nhts": 0.30487800000000004, "health_center_attendance": 56.124432999999996, "educ_outofschool_all": 5.985037, "work_unemployment": 53.877140000000004, "po_conflict": 15.548779999999999, "participation_assembly_attendance": 94.045307, "sp_sss": 99.41747600000001, "he_risk": 1.821495, "shelter_electricity": 9.146341462999999, "health_center_attendance.1": 56.12443292, "work_farms": 49.34497817, "work_unskilled": 26.63755459, "health_programs": 31.09756098, "sp_philhealth": 31.09756098, "water_toilet": 5.4878048779999995, "shelter_makeshift_nhts": 7.164634146, "food_malnourished": 11.2, "health_child_death": "", "health_maternal_death": 0.0, "he_flood": 0.0, "he_volcano": 0.0, "he_landslide": 0.05341799999999999, "he_earthquake": 0.0, "name": "Payapag"}, "PH166702007": {"water_access": 6.924883, "food_tenure": 62.85714300000001, "shelter_informal_settlers_nhts": 2.2300470000000003, "health_center_attendance": 57.407858999999995, "educ_outofschool_all": 4.462243, "work_unemployment": 54.905395999999996, "po_conflict": 46.713615000000004, "participation_assembly_attendance": 96.127854, "sp_sss": 98.61187199999999, "he_risk": 16.938347, "shelter_electricity": 9.85915493, "health_center_attendance.1": 57.40785941, "work_farms": 18.72571873, "work_unskilled": 50.50505051, "health_programs": 27.69953052, "sp_philhealth": 27.69953052, "water_toilet": 7.746478872999999, "shelter_makeshift_nhts": 6.103286385, "food_malnourished": 4.3000002, "health_child_death": "", "health_maternal_death": 0.0, "he_flood": 0.0, "he_volcano": 0.0, "he_landslide": 0.003431, "he_earthquake": 0.0, "name": "Poblacion"}, "PH166702008": {"water_access": 0.0, "food_tenure": 87.096774, "shelter_informal_settlers_nhts": 1.010101, "health_center_attendance": 41.613588, "educ_outofschool_all": 8.928571, "work_unemployment": 51.315789, "po_conflict": 31.313131, "participation_assembly_attendance": 33.333333, "sp_sss": 98.333333, "he_risk": 1.555348, "shelter_electricity": 5.050505051, "health_center_attendance.1": 41.61358811, "work_farms": 47.2972973, "work_unskilled": 25.0, "health_programs": 26.26262626, "sp_philhealth": 26.26262626, "water_toilet": 5.050505051, "shelter_makeshift_nhts": 7.070707071, "food_malnourished": 13.2, "health_child_death": "", "health_maternal_death": 0.0, "he_flood": 0.0, "he_volcano": 0.0, "he_landslide": 0.05516, "he_earthquake": 0.0, "name": "Pungtod"}, "PH166702009": {"water_access": 6.593407000000001, "food_tenure": 12.5, "shelter_informal_settlers_nhts": 3.296703, "health_center_attendance": 63.06954399999999, "educ_outofschool_all": 4.672897, "work_unemployment": 51.526718, "po_conflict": 20.879120999999998, "participation_assembly_attendance": 79.249448, "sp_sss": 99.558499, "he_risk": 1.042111, "shelter_electricity": 19.78021978, "health_center_attendance.1": 63.06954436, "work_farms": 48.03149606, "work_unskilled": 25.19685039, "health_programs": 40.65934066, "sp_philhealth": 40.65934066, "water_toilet": 5.494505495, "shelter_makeshift_nhts": 12.08791209, "food_malnourished": 0.0, "health_child_death": "", "health_maternal_death": 0.0, "he_flood": 0.0, "he_volcano": 0.0, "he_landslide": 0.003431, "he_earthquake": 0.0, "name": "Santo Rosario"}}