{"PH168507001": {"Water_Prop": 7.058824, "Food_Prop": 50.0, "Shelter_Prop": 2.352941, "Health_Prop": 24.119948, "Education_Prop": 5.421687, "Work_Prop": 43.326489, "Peace_Prop": 54.117647, "Participation_Prop": 90.074442, "SocialProtection_Prop": 97.146402, "Environment_Prop": 10.788634, "shelter_electricity": 16.47058824, "health_center_attendance": 24.11994785, "work_farms": 32.60869565, "work_unskilled": 25.72463768, "health_programs": 19.41176471, "sp_philhealth": 19.41176471, "water_toilet": 2.9411764710000003, "shelter_makeshift_nhts": 13.82352941, "food_malnourished": "", "health_child_death": "", "health_maternal_death": "", "he_flood": 0.0, "he_volcano": 0.0, "he_landslide": 0.002639, "he_earthquake": 0.0}, "PH168507002": {"Water_Prop": 3.162055, "Food_Prop": 29.72973, "Shelter_Prop": 0.0, "Health_Prop": 42.976744000000004, "Education_Prop": 3.292181, "Work_Prop": 47.820343, "Peace_Prop": 9.881423, "Participation_Prop": 83.388704, "SocialProtection_Prop": 98.920266, "Environment_Prop": 9.028128, "shelter_electricity": 15.41501976, "health_center_attendance": 42.97674419, "work_farms": 37.97468354, "work_unskilled": 24.81012658, "health_programs": 24.11067194, "sp_philhealth": 24.11067194, "water_toilet": 3.557312253, "shelter_makeshift_nhts": 6.324110672000001, "food_malnourished": "", "health_child_death": "", "health_maternal_death": "", "he_flood": 0.0, "he_volcano": 0.0, "he_landslide": 0.001584, "he_earthquake": 0.0}, "PH168507003": {"Water_Prop": 8.951965, "Food_Prop": 91.666667, "Shelter_Prop": 1.091703, "Health_Prop": 45.146378999999996, "Education_Prop": 6.217617, "Work_Prop": 46.341463, "Peace_Prop": 29.694322999999997, "Participation_Prop": 87.3032, "SocialProtection_Prop": 99.746064, "Environment_Prop": 2.808623, "shelter_electricity": 17.2489083, "health_center_attendance": 45.14637904, "work_farms": 20.6744868, "work_unskilled": 30.64516129, "health_programs": 39.51965066, "sp_philhealth": 39.51965066, "water_toilet": 3.7117903930000002, "shelter_makeshift_nhts": 6.768558952, "food_malnourished": "", "health_child_death": "", "health_maternal_death": "", "he_flood": 0.0, "he_volcano": 0.0, "he_landslide": 0.005965, "he_earthquake": 0.0}, "PH168507004": {"Water_Prop": 15.476189999999999, "Food_Prop": 77.14285699999999, "Shelter_Prop": 0.0, "Health_Prop": 27.602906, "Education_Prop": 2.061856, "Work_Prop": 50.769231, "Peace_Prop": 70.238095, "Participation_Prop": 78.378378, "SocialProtection_Prop": 97.297297, "Environment_Prop": 14.169671, "shelter_electricity": 19.04761905, "health_center_attendance": 27.60290557, "work_farms": 34.375, "work_unskilled": 32.03125, "health_programs": 14.28571429, "sp_philhealth": 14.28571429, "water_toilet": 1.19047619, "shelter_makeshift_nhts": 7.738095238, "food_malnourished": "", "health_child_death": "", "health_maternal_death": "", "he_flood": 0.0, "he_volcano": 0.0, "he_landslide": 0.003431, "he_earthquake": 0.0}, "PH168507005": {"Water_Prop": 9.493671, "Food_Prop": 57.57575799999999, "Shelter_Prop": 0.632911, "Health_Prop": 34.897361, "Education_Prop": 3.3557050000000004, "Work_Prop": 47.123894, "Peace_Prop": 43.037975, "Participation_Prop": 90.180033, "SocialProtection_Prop": 98.363339, "Environment_Prop": 14.44597, "shelter_electricity": 20.88607595, "health_center_attendance": 34.8973607, "work_farms": 39.74895397, "work_unskilled": 21.33891213, "health_programs": 24.05063291, "sp_philhealth": 24.05063291, "water_toilet": 6.962025316, "shelter_makeshift_nhts": 3.481012658, "food_malnourished": "", "health_child_death": "", "health_maternal_death": "", "he_flood": 0.0, "he_volcano": 0.0, "he_landslide": 0.001584, "he_earthquake": 0.0}, "PH168507006": {"Water_Prop": 3.703704, "Food_Prop": 100.0, "Shelter_Prop": 1.851852, "Health_Prop": 35.540839, "Education_Prop": 3.8461540000000003, "Work_Prop": 48.666667, "Peace_Prop": 40.740741, "Participation_Prop": 83.163265, "SocialProtection_Prop": 99.23469399999999, "Environment_Prop": 0.750549, "shelter_electricity": 12.96296296, "health_center_attendance": 35.54083885, "work_farms": 34.41558442, "work_unskilled": 22.07792208, "health_programs": 23.14814815, "sp_philhealth": 23.14814815, "water_toilet": 1.8518518519999998, "shelter_makeshift_nhts": 4.62962963, "food_malnourished": "", "health_child_death": "", "health_maternal_death": "", "he_flood": 0.0, "he_volcano": 0.0, "he_landslide": 0.000792, "he_earthquake": 0.0}, "PH168507007": {"Water_Prop": 1.666667, "Food_Prop": 73.076923, "Shelter_Prop": 3.333333, "Health_Prop": 34.533898, "Education_Prop": 1.9047619999999998, "Work_Prop": 57.012195, "Peace_Prop": 58.333332999999996, "Participation_Prop": 81.98198199999999, "SocialProtection_Prop": 98.648649, "Environment_Prop": 1.431751, "shelter_electricity": 15.0, "health_center_attendance": 34.53389831, "work_farms": 23.40425532, "work_unskilled": 34.75177305, "health_programs": 20.83333333, "sp_philhealth": 20.83333333, "water_toilet": 0.0, "shelter_makeshift_nhts": 5.0, "food_malnourished": "", "health_child_death": "", "health_maternal_death": "", "he_flood": 0.0, "he_volcano": 0.0, "he_landslide": 0.000792, "he_earthquake": 0.0}, "PH168507008": {"Water_Prop": 3.125, "Food_Prop": 53.846154000000006, "Shelter_Prop": 0.625, "Health_Prop": 52.736982999999995, "Education_Prop": 2.777778, "Work_Prop": 53.265306, "Peace_Prop": 49.375, "Participation_Prop": 89.580838, "SocialProtection_Prop": 99.401198, "Environment_Prop": 8.876308, "shelter_electricity": 15.0, "health_center_attendance": 52.73698264, "work_farms": 24.45414847, "work_unskilled": 42.3580786, "health_programs": 13.75, "sp_philhealth": 13.75, "water_toilet": 6.25, "shelter_makeshift_nhts": 10.625, "food_malnourished": "", "health_child_death": "", "health_maternal_death": "", "he_flood": 0.0, "he_volcano": 0.0, "he_landslide": 0.000792, "he_earthquake": 0.0}, "PH168507009": {"Water_Prop": 5.4545449999999995, "Food_Prop": 60.0, "Shelter_Prop": 0.25974, "Health_Prop": 11.452682000000001, "Education_Prop": 51.358696, "Work_Prop": 50.765077000000005, "Peace_Prop": 72.987013, "Participation_Prop": 90.88145899999999, "SocialProtection_Prop": 99.331307, "Environment_Prop": 2.590718, "shelter_electricity": 20.25974026, "health_center_attendance": 11.45268234, "work_farms": 29.25045704, "work_unskilled": 39.488116999999995, "health_programs": 16.1038961, "sp_philhealth": 16.1038961, "water_toilet": 0.519480519, "shelter_makeshift_nhts": 2.2077922080000003, "food_malnourished": "", "health_child_death": "", "health_maternal_death": "", "he_flood": 0.0, "he_volcano": 0.0, "he_landslide": 0.002639, "he_earthquake": 0.0}}