{"PH166819001": {"water_access": 24.012158, "food_tenure": 96.226415, "shelter_informal_settlers_nhts": 2.431611, "health_center_attendance": 24.773022, "educ_outofschool_all": 6.849315, "work_unemployment": 55.988315, "po_conflict": 62.310030000000005, "participation_assembly_attendance": 82.831114, "sp_sss": 97.757533, "he_risk": 4.3882010000000005, "shelter_electricity": 16.71732523, "health_center_attendance.1": 24.77302205, "work_farms": 19.02654867, "work_unskilled": 49.77876106, "health_programs": 32.21884498, "sp_philhealth": 32.21884498, "water_toilet": 0.0, "shelter_makeshift_nhts": 3.191489362, "food_malnourished": 2.9, "health_child_death": 0.0, "health_maternal_death": 0.0, "he_flood": 0.0, "he_volcano": 0.0, "he_landslide": 0.053892999999999996, "he_earthquake": 0.14285699999999998, "name": "Awasian"}, "PH166819002": {"water_access": 2.9761900000000003, "food_tenure": 0.0, "shelter_informal_settlers_nhts": 13.214285999999998, "health_center_attendance": 69.316416, "educ_outofschool_all": 3.859251, "work_unemployment": 51.557956, "po_conflict": 73.214286, "participation_assembly_attendance": 94.356454, "sp_sss": 96.577462, "he_risk": 33.986226, "shelter_electricity": 7.857142857, "health_center_attendance.1": 69.31641636, "work_farms": 6.432246997999999, "work_unskilled": 45.11149228, "health_programs": 35.23809524, "sp_philhealth": 35.23809524, "water_toilet": 17.73809524, "shelter_makeshift_nhts": 6.30952381, "food_malnourished": 0.9, "health_child_death": 0.2, "health_maternal_death": 0.0, "he_flood": 0.0, "he_volcano": 0.0, "he_landslide": 0.0, "he_earthquake": 0.0, "name": "Bagong Lungsod (Pob.)"}, "PH166819003": {"water_access": 47.750865000000005, "food_tenure": 92.45283, "shelter_informal_settlers_nhts": 0.0, "health_center_attendance": 37.906137, "educ_outofschool_all": 5.696203, "work_unemployment": 50.541126, "po_conflict": 24.221453, "participation_assembly_attendance": 78.077572, "sp_sss": 96.964587, "he_risk": 2.794763, "shelter_electricity": 21.453287200000002, "health_center_attendance.1": 37.90613718, "work_farms": 13.56673961, "work_unskilled": 31.72866521, "health_programs": 36.33217993, "sp_philhealth": 36.33217993, "water_toilet": 8.650519031, "shelter_makeshift_nhts": 2.076124567, "food_malnourished": 1.9, "health_child_death": 0.8, "health_maternal_death": 0.0, "he_flood": 0.0, "he_volcano": 0.0, "he_landslide": 0.0, "he_earthquake": 0.07142899999999999, "name": "Bioto"}, "PH166819004": {"water_access": 12.758621, "food_tenure": 85.56701, "shelter_informal_settlers_nhts": 1.034483, "health_center_attendance": 43.240454, "educ_outofschool_all": 4.897314, "work_unemployment": 48.569969, "po_conflict": 36.034483, "participation_assembly_attendance": 93.48716, "sp_sss": 97.320432, "he_risk": 22.034287, "shelter_electricity": 7.586206897, "health_center_attendance.1": 43.24045408, "work_farms": 15.69016882, "work_unskilled": 46.17676266, "health_programs": 30.34482759, "sp_philhealth": 30.34482759, "water_toilet": 8.793103448, "shelter_makeshift_nhts": 1.2931034479999999, "food_malnourished": 3.0, "health_child_death": 0.0, "health_maternal_death": 0.0, "he_flood": 0.0, "he_volcano": 0.0, "he_landslide": 0.049512, "he_earthquake": 0.0, "name": "Buenavista"}, "PH166819005": {"water_access": 8.691207, "food_tenure": 100.0, "shelter_informal_settlers_nhts": 3.9877300000000004, "health_center_attendance": 77.413169, "educ_outofschool_all": 5.469462, "work_unemployment": 48.391465999999994, "po_conflict": 82.719836, "participation_assembly_attendance": 95.427649, "sp_sss": 97.435897, "he_risk": 12.242823, "shelter_electricity": 6.646216769, "health_center_attendance.1": 77.41316855, "work_farms": 32.08661417, "work_unskilled": 32.02099738, "health_programs": 18.30265849, "sp_philhealth": 18.30265849, "water_toilet": 16.3599182, "shelter_makeshift_nhts": 10.940695300000002, "food_malnourished": 1.3, "health_child_death": 0.2, "health_maternal_death": 0.0, "he_flood": 0.0, "he_volcano": 0.0, "he_landslide": 0.0, "he_earthquake": 0.0, "name": "Bongtod Pob. (East West)"}, "PH166819006": {"water_access": 3.4662050000000004, "food_tenure": 33.333333, "shelter_informal_settlers_nhts": 7.2790289999999995, "health_center_attendance": 80.086751, "educ_outofschool_all": 4.812834, "work_unemployment": 53.789731, "po_conflict": 67.764298, "participation_assembly_attendance": 92.415122, "sp_sss": 96.628943, "he_risk": 33.389528000000006, "shelter_electricity": 4.679376083, "health_center_attendance.1": 80.08675079, "work_farms": 7.6719576720000004, "work_unskilled": 26.85185185, "health_programs": 32.75563258, "sp_philhealth": 32.75563258, "water_toilet": 25.12998267, "shelter_makeshift_nhts": 8.49220104, "food_malnourished": 0.9, "health_child_death": 0.3, "health_maternal_death": 0.0, "he_flood": 0.0, "he_volcano": 0.0, "he_landslide": 0.0, "he_earthquake": 0.0, "name": "Dagocdoc (Pob.)"}, "PH166819008": {"water_access": 8.182683, "food_tenure": 42.857143, "shelter_informal_settlers_nhts": 1.1417700000000002, "health_center_attendance": 47.11557, "educ_outofschool_all": 4.7343, "work_unemployment": 47.880871, "po_conflict": 21.788773000000003, "participation_assembly_attendance": 94.17955699999999, "sp_sss": 96.667198, "he_risk": 29.084151000000002, "shelter_electricity": 10.27592769, "health_center_attendance.1": 47.11557013, "work_farms": 5.604395604, "work_unskilled": 32.14285714, "health_programs": 45.95623216, "sp_philhealth": 45.95623216, "water_toilet": 5.3282588010000005, "shelter_makeshift_nhts": 3.187440533, "food_malnourished": 1.6, "health_child_death": 0.0, "health_maternal_death": 0.0, "he_flood": 0.0, "he_volcano": 0.0, "he_landslide": 0.0, "he_earthquake": 0.0, "name": "Mabua"}, "PH166819009": {"water_access": 24.855491, "food_tenure": 36.082474, "shelter_informal_settlers_nhts": 3.468208, "health_center_attendance": 17.990654, "educ_outofschool_all": 10.548523, "work_unemployment": 48.692153000000005, "po_conflict": 36.416185, "participation_assembly_attendance": 72.14217099999999, "sp_sss": 99.32757, "he_risk": 3.732874, "shelter_electricity": 36.41618497, "health_center_attendance.1": 17.99065421, "work_farms": 52.54901961, "work_unskilled": 34.90196078, "health_programs": 20.23121387, "sp_philhealth": 20.23121387, "water_toilet": 15.60693642, "shelter_makeshift_nhts": 3.468208092, "food_malnourished": 5.2, "health_child_death": 5.1, "health_maternal_death": 0.0, "he_flood": 0.0, "he_volcano": 0.0, "he_landslide": 0.05315399999999999, "he_earthquake": 0.14285699999999998, "name": "Mabuhay"}, "PH166819010": {"water_access": 47.058824, "food_tenure": 37.5, "shelter_informal_settlers_nhts": 0.941176, "health_center_attendance": 23.907825, "educ_outofschool_all": 12.115732000000001, "work_unemployment": 51.211632, "po_conflict": 34.823529, "participation_assembly_attendance": 84.691088, "sp_sss": 99.015856, "he_risk": 3.191725, "shelter_electricity": 52.70588235, "health_center_attendance.1": 23.90782525, "work_farms": 40.06622517, "work_unskilled": 47.35099338, "health_programs": 26.11764706, "sp_philhealth": 26.11764706, "water_toilet": 12.70588235, "shelter_makeshift_nhts": 4.0, "food_malnourished": 1.9, "health_child_death": 1.8, "health_maternal_death": 2.2, "he_flood": 0.0, "he_volcano": 0.0, "he_landslide": 0.049828, "he_earthquake": 0.07142899999999999, "name": "Maitum"}, "PH166819011": {"water_access": 12.716763, "food_tenure": 56.382979000000006, "shelter_informal_settlers_nhts": 0.5780350000000001, "health_center_attendance": 6.488992, "educ_outofschool_all": 8.372093, "work_unemployment": 51.98556, "po_conflict": 28.323698999999998, "participation_assembly_attendance": 73.876063, "sp_sss": 97.569866, "he_risk": 0.437089, "shelter_electricity": 16.76300578, "health_center_attendance.1": 6.488991888999999, "work_farms": 24.06015038, "work_unskilled": 53.0075188, "health_programs": 21.38728324, "sp_philhealth": 21.38728324, "water_toilet": 2.3121387280000003, "shelter_makeshift_nhts": 1.1560693640000002,