{"PH175204001": {"water_access": 26.99115, "food_tenure": 85.0, "shelter_informal_settlers_nhts": 16.371681, "health_center_attendance": 17.131063, "educ_outofschool_all": 9.638554, "work_unemployment": 46.531303, "po_conflict": 5.752212, "participation_assembly_attendance": "", "sp_sss": 1.084337000000005, "he_risk": 1.84018, "shelter_electricity": 46.90265487, "health_center_attendance.1": 17.13106295, "work_farms": 64.55696203, "work_unskilled": 15.50632911, "health_programs": 57.07964602, "sp_philhealth": 42.92035398, "water_toilet": 0.884955752, "shelter_makeshift_nhts": 8.407079646, "food_malnourished": 16.2, "health_child_death": 0.0, "health_maternal_death": 0.0, "he_flood": 0.0, "he_volcano": 0.0, "he_landslide": 0.008551000000000001, "he_earthquake": 0.0, "name": "Bagong Sikat"}, "PH175204002": {"water_access": 21.787709, "food_tenure": 75.0, "shelter_informal_settlers_nhts": 1.3035379999999999, "health_center_attendance": 22.14821, "educ_outofschool_all": 12.673611, "work_unemployment": 50.276243, "po_conflict": 28.3054, "participation_assembly_attendance": 90.67835699999999, "sp_sss": 0.6922009999999972, "he_risk": 2.0137240000000003, "shelter_electricity": 35.00931099, "health_center_attendance.1": 22.14820983, "work_farms": 63.75, "work_unskilled": 16.11111111, "health_programs": 47.11359404, "sp_philhealth": 52.88640596, "water_toilet": 35.19553073, "shelter_makeshift_nhts": 4.934823091, "food_malnourished": 6.5, "health_child_death": 0.0, "health_maternal_death": 0.0, "he_flood": 0.0, "he_volcano": 0.0, "he_landslide": 0.001584, "he_earthquake": 0.0, "name": "Balatasan"}, "PH175204003": {"water_access": 41.438356, "food_tenure": 60.128617000000006, "shelter_informal_settlers_nhts": 0.5707760000000001, "health_center_attendance": 25.287063, "educ_outofschool_all": 15.804326999999999, "work_unemployment": 18.685446, "po_conflict": 3.3105019999999996, "participation_assembly_attendance": 93.063839, "sp_sss": 0.19880699999998797, "he_risk": 21.001945000000003, "shelter_electricity": 90.63926941, "health_center_attendance.1": 25.28706303, "work_farms": 94.45727483, "work_unskilled": 2.540415704, "health_programs": 43.60730594, "sp_philhealth": 56.39269406, "water_toilet": 28.31050228, "shelter_makeshift_nhts": 13.41324201, "food_malnourished": 89.8, "health_child_death": 0.3, "health_maternal_death": 0.0, "he_flood": 0.0, "he_volcano": 0.0, "he_landslide": 0.019952, "he_earthquake": 0.0, "name": "Benli (Mangyan Settlement)"}, "PH175204005": {"water_access": 52.208835, "food_tenure": 100.0, "shelter_informal_settlers_nhts": 35.341365, "health_center_attendance": 10.720267999999999, "educ_outofschool_all": 9.248555, "work_unemployment": 42.197452, "po_conflict": 23.694779, "participation_assembly_attendance": 76.884422, "sp_sss": 0.9045229999999975, "he_risk": 2.716484, "shelter_electricity": 57.42971888, "health_center_attendance.1": 10.72026801, "work_farms": 69.14600551, "work_unskilled": 8.26446281, "health_programs": 56.22489960000001, "sp_philhealth": 43.77510039999999, "water_toilet": 1.6064257030000002, "shelter_makeshift_nhts": 9.236947791, "food_malnourished": 13.1, "health_child_death": 0.6, "health_maternal_death": 2.3, "he_flood": 0.0, "he_volcano": 0.0, "he_landslide": 0.010293, "he_earthquake": 0.0, "name": "Cabugao"}, "PH175204006": {"water_access": 23.120301, "food_tenure": 82.9653, "shelter_informal_settlers_nhts": 17.293232999999997, "health_center_attendance": 13.722999, "educ_outofschool_all": 14.104882, "work_unemployment": 55.647383, "po_conflict": 4.699248000000001, "participation_assembly_attendance": "", "sp_sss": 0.6669449999999983, "he_risk": 17.304141, "shelter_electricity": 26.69172932, "health_center_attendance.1": 13.72299873, "work_farms": 43.63354037, "work_unskilled": 32.60869565, "health_programs": 70.30075188, "sp_philhealth": 29.699248119999993, "water_toilet": 2.631578947, "shelter_makeshift_nhts": 6.203007519, "food_malnourished": 25.2, "health_child_death": 1.1, "health_maternal_death": 0.0, "he_flood": 0.0, "he_volcano": 0.0, "he_landslide": 0.008551000000000001, "he_earthquake": 0.0, "name": "Cambunang (Pob.)"}, "PH175204007": {"water_access": 18.290257999999998, "food_tenure": 94.11764699999999, "shelter_informal_settlers_nhts": 6.560636, "health_center_attendance": 10.03687, "educ_outofschool_all": 4.090909, "work_unemployment": 55.525787, "po_conflict": 35.586481, "participation_assembly_attendance": 92.632582, "sp_sss": 0.5716099999999926, "he_risk": 17.515121, "shelter_electricity": 17.29622266, "health_center_attendance.1": 10.03687014, "work_farms": 17.1686747, "work_unskilled": 29.81927711, "health_programs": 47.31610338, "sp_philhealth": 52.68389662, "water_toilet": 4.771371769, "shelter_makeshift_nhts": 2.982107356, "food_malnourished": 0.5, "health_child_death": 0.6, "health_maternal_death": 0.0, "he_flood": 0.0, "he_volcano": 0.0, "he_landslide": 0.001584, "he_earthquake": 0.0, "name": "Campaasan (Pob.)"}, "PH175204008": {"water_access": 8.796296, "food_tenure": 11.111111, "shelter_informal_settlers_nhts": 2.3148150000000003, "health_center_attendance": 17.55102, "educ_outofschool_all": 4.910714, "work_unemployment": 48.796147999999995, "po_conflict": 79.166667, "participation_assembly_attendance": 90.570175, "sp_sss": 0.8771930000000054, "he_risk": 0.8505590000000001, "shelter_electricity": 24.07407407, "health_center_attendance.1": 17.55102041, "work_farms": 47.02194357, "work_unskilled": 27.89968652, "health_programs": 30.55555556, "sp_philhealth": 69.44444444, "water_toilet": 6.018518519, "shelter_makeshift_nhts": 2.546296296, "food_malnourished": 19.7, "health_child_death": 0.0, "health_maternal_death": 0.0, "he_flood": 0.0, "he_volcano": 0.0, "he_landslide": 0.0, "he_earthquake": 0.0, "name": "Maasin"}, "PH175204009": {"water_access": 28.923077000000003, "food_tenure": 32.596685, "shelter_informal_settlers_nhts": 10.615385, "health_center_attendance": 15.101109, "educ_outofschool_all": 5.619413, "work_unemployment": 53.504548, "po_conflict": 12.0, "participation_assembly_attendance": 85.567672, "sp_sss": 0.7697239999999965, "he_risk": 16.976357, "shelter_electricity": 32.92307692, "health_center_attendance.1": 15.10110894, "work_farms": 51.55350978, "work_unskilled": 27.61795167, "health_programs": 65.53846154, "sp_philhealth": 34.46153846, "water_toilet": 1.384615385, "shelter_makeshift_nhts": 9.384615385, "food_malnourished": 0.0, "health_child_death": 0.0, "health_maternal_death": 0.0, "he_flood": 0.0, "he_volcano": 0.0, "he_landslide": 0.008551000000000001, "he_earthquake": 0.0, "name": "Maujao"}, "PH175204010": {"water_access": 10.92437, "food_tenure": 8.823528999999999, "shelter_informal_settlers_nhts": 2.941176, "health_center_attendance": 17.49246, "educ_outofschool_all": 7.224958999999999, "work_unemployment": 52.49266899999999, "po_conflict": 32.563025, "participation_assembly_attendance": "", "sp_sss": 1.0392060000000072, "he_risk": 17.852655, "shelter_electricity": 60.92436975, "health_center_attendance.1": 17.49246015, "work_farms": 60.030864199999996, "work_unskilled": 14.50617284, "health_programs": 47.89915966, "sp_philhealth": 52.10084034, "water_toilet": 11.55462185, "shelter_makeshift_nhts": 3.2563025210000003, "food_malnourished": 0.0, "health_child_death": 0.9, "health_maternal_death": 0.0, "he_flood": 0.0, "he_volcano": 0.0, "he_landslide": 0.002639, "he_earthquake": 0.0, "name": "Milagrosa (Guiob)"}, "PH175204011": {"water_access": 43.089431, "food_tenure": 14.285714000000002, "shelter_informal_settlers_nhts": 1.321138, "health_center_attendance": 25.453354, "educ_outofschool_all": 12.736661, "work_unemployment": 45.804825, "po_conflict": 15.650407000000001, "participation_assembly_attendance": "", "sp_sss": 0.5657390000000078, "he_risk": 18.929486999999998, "shelter_electricity": 51.42276423, "health_center_attendance.1": 25.45335373, "work_farms": 31.96013289, "work_unskilled": 46.37873754, "health_programs": 49.69512195, "sp_philhealth": 50.30487805,