{"PH175905002": {"Water_Prop": 48.245614, "Food_Prop": 50.0, "Shelter_Prop": 5.263158, "Health_Prop": 55.233853, "Education_Prop": 1.0638299999999998, "Work_Prop": 47.692308000000004, "Peace_Prop": 68.421053, "Participation_Prop": 82.974138, "SocialProtection_Prop": 99.568966, "Environment_Prop": 0.855667, "shelter_electricity": 2.631578947, "health_center_attendance": 55.23385301, "work_farms": 38.82352941, "work_unskilled": 18.23529412, "health_programs": 64.9122807, "sp_philhealth": 64.9122807, "water_toilet": 0.8771929820000001, "shelter_makeshift_nhts": 0.0, "food_malnourished": 13.0, "health_child_death": "", "health_maternal_death": 0.0, "he_flood": 0.0, "he_volcano": 0.0, "he_landslide": 0.0, "he_earthquake": 0.0}, "PH175905003": {"Water_Prop": 18.471338, "Food_Prop": 46.666667, "Shelter_Prop": 3.184713, "Health_Prop": 51.209103999999996, "Education_Prop": 3.1055900000000003, "Work_Prop": 51.428571000000005, "Peace_Prop": 52.86624200000001, "Participation_Prop": 83.98637099999999, "SocialProtection_Prop": 99.659284, "Environment_Prop": 0.290509, "shelter_electricity": 4.458598726, "health_center_attendance": 51.20910384, "work_farms": 40.75630252, "work_unskilled": 9.663865546, "health_programs": 59.23566879, "sp_philhealth": 59.23566879, "water_toilet": 17.8343949, "shelter_makeshift_nhts": 0.318471338, "food_malnourished": 22.299999, "health_child_death": "", "health_maternal_death": 7.099999900000001, "he_flood": 0.0, "he_volcano": 0.0, "he_landslide": 0.0, "he_earthquake": 0.0}, "PH175905004": {"Water_Prop": 13.978495, "Food_Prop": 21.621622, "Shelter_Prop": 0.0, "Health_Prop": 57.758621, "Education_Prop": 2.409639, "Work_Prop": 43.265306, "Peace_Prop": 74.19354799999999, "Participation_Prop": 74.566474, "SocialProtection_Prop": 99.132948, "Environment_Prop": 0.8587450000000001, "shelter_electricity": 3.225806452, "health_center_attendance": 57.75862069, "work_farms": 48.92086331, "work_unskilled": 15.10791367, "health_programs": 61.29032258, "sp_philhealth": 61.29032258, "water_toilet": 4.301075269, "shelter_makeshift_nhts": 0.0, "food_malnourished": 16.0, "health_child_death": "", "health_maternal_death": 0.0, "he_flood": 0.0, "he_volcano": 0.0, "he_landslide": 0.0, "he_earthquake": 0.0}, "PH175905005": {"Water_Prop": 44.680851000000004, "Food_Prop": "", "Shelter_Prop": 3.191489, "Health_Prop": 60.220994, "Education_Prop": 1.639344, "Work_Prop": 47.222221999999995, "Peace_Prop": 70.212766, "Participation_Prop": 84.86486500000001, "SocialProtection_Prop": 99.189189, "Environment_Prop": 1.422978, "shelter_electricity": 3.191489362, "health_center_attendance": 60.22099448, "work_farms": 36.84210526, "work_unskilled": 15.13157895, "health_programs": 67.02127660000001, "sp_philhealth": 67.02127660000001, "water_toilet": 10.63829787, "shelter_makeshift_nhts": 1.595744681, "food_malnourished": 4.099999899999999, "health_child_death": "", "health_maternal_death": 0.0, "he_flood": 0.0, "he_volcano": 0.0, "he_landslide": 0.0, "he_earthquake": 0.0}, "PH175905006": {"Water_Prop": 2.150538, "Food_Prop": 80.0, "Shelter_Prop": 3.225806, "Health_Prop": 52.173913, "Education_Prop": 2.2346369999999998, "Work_Prop": 45.660377000000004, "Peace_Prop": 69.354839, "Participation_Prop": 89.78022, "SocialProtection_Prop": 99.450549, "Environment_Prop": 0.863196, "shelter_electricity": 0.537634409, "health_center_attendance": 52.17391304, "work_farms": 18.05555556, "work_unskilled": 32.63888889, "health_programs": 64.51612903, "sp_philhealth": 64.51612903, "water_toilet": 8.064516129, "shelter_makeshift_nhts": 0.0, "food_malnourished": 2.0, "health_child_death": "", "health_maternal_death": 0.0, "he_flood": 0.0, "he_volcano": 0.0, "he_landslide": 0.0, "he_earthquake": 0.0}, "PH175905007": {"Water_Prop": 3.8461540000000003, "Food_Prop": 46.268657, "Shelter_Prop": 5.128205, "Health_Prop": 60.806916, "Education_Prop": 8.823528999999999, "Work_Prop": 52.156863, "Peace_Prop": 48.717949, "Participation_Prop": 83.123426, "SocialProtection_Prop": 99.244332, "Environment_Prop": 0.8601770000000001, "shelter_electricity": 1.282051282, "health_center_attendance": 60.80691643, "work_farms": 44.26229508, "work_unskilled": 13.93442623, "health_programs": 62.82051282, "sp_philhealth": 62.82051282, "water_toilet": 2.564102564, "shelter_makeshift_nhts": 0.0, "food_malnourished": 26.1, "health_child_death": "", "health_maternal_death": 0.0, "he_flood": 0.0, "he_volcano": 0.0, "he_landslide": 0.0, "he_earthquake": 0.0}, "PH175905008": {"Water_Prop": 11.702128, "Food_Prop": 14.814815, "Shelter_Prop": 2.1276599999999997, "Health_Prop": 20.600858, "Education_Prop": 5.6603769999999995, "Work_Prop": 51.533742, "Peace_Prop": 35.106383, "Participation_Prop": 81.69642900000001, "SocialProtection_Prop": 98.214286, "Environment_Prop": 0.574764, "shelter_electricity": 2.127659574, "health_center_attendance": 20.60085837, "work_farms": 33.5443038, "work_unskilled": 19.62025316, "health_programs": 38.29787234, "sp_philhealth": 38.29787234, "water_toilet": 14.89361702, "shelter_makeshift_nhts": 0.0, "food_malnourished": 10.3, "health_child_death": "", "health_maternal_death": 0.0, "he_flood": 0.0, "he_volcano": 0.0, "he_landslide": 0.0, "he_earthquake": 0.0}, "PH175905009": {"Water_Prop": 32.051282, "Food_Prop": 26.086957, "Shelter_Prop": 0.0, "Health_Prop": 59.933775, "Education_Prop": 2.898551, "Work_Prop": 49.090909, "Peace_Prop": 87.179487, "Participation_Prop": 74.144487, "SocialProtection_Prop": 99.239544, "Environment_Prop": 0.573188, "shelter_electricity": 6.41025641, "health_center_attendance": 59.93377483, "work_farms": 31.25, "work_unskilled": 22.32142857, "health_programs": 67.94871795, "sp_philhealth": 67.94871795, "water_toilet": 2.564102564, "shelter_makeshift_nhts": 0.641025641, "food_malnourished": 4.9000001, "health_child_death": "", "health_maternal_death": 0.0, "he_flood": 0.0, "he_volcano": 0.0, "he_landslide": 0.0, "he_earthquake": 0.0}, "PH175905010": {"Water_Prop": 10.169492, "Food_Prop": "", "Shelter_Prop": 5.084746, "Health_Prop": 51.587302, "Education_Prop": 1.6949150000000002, "Work_Prop": 46.511628, "Peace_Prop": 64.40678, "Participation_Prop": 84.126984, "SocialProtection_Prop": 99.603175, "Environment_Prop": 1.141466, "shelter_electricity": 3.389830508, "health_center_attendance": 51.58730159, "work_farms": 41.30434783, "work_unskilled": 21.73913043, "health_programs": 54.23728814, "sp_philhealth": 54.23728814, "water_toilet": 8.474576271, "shelter_makeshift_nhts": 0.0, "food_malnourished": 4.0, "health_child_death": "", "health_maternal_death": 0.0, "he_flood": 0.0, "he_volcano": 0.0, "he_landslide": 0.0, "he_earthquake": 0.0}}