{"PH175303001": {"water_access": 100.0, "food_tenure": 100.0, "shelter_informal_settlers_nhts": 0.0, "health_center_attendance": 71.082391, "educ_outofschool_all": 6.097561, "work_unemployment": 42.021277000000005, "po_conflict": 0.0, "participation_assembly_attendance": 90.93167700000001, "sp_sss": 0.6211180000000098, "he_risk": 0.569022, "shelter_electricity": 40.84507042, "health_center_attendance.1": 71.08239095, "work_farms": 60.09174312, "work_unskilled": 17.88990826, "health_programs": 59.85915493, "sp_philhealth": 40.14084507, "water_toilet": 27.46478873, "shelter_makeshift_nhts": 0.352112676, "food_malnourished": 6.0, "health_child_death": 0.0, "health_maternal_death": 0.0, "he_flood": 0.0, "he_volcano": 0.0, "he_landslide": 0.0, "he_earthquake": 0.0, "name": "Balogo"}, "PH175303004": {"water_access": 98.03921600000001, "food_tenure": 100.0, "shelter_informal_settlers_nhts": 3.137255, "health_center_attendance": 78.49133499999999, "educ_outofschool_all": 7.5268820000000005, "work_unemployment": 46.906475, "po_conflict": 0.39215700000000003, "participation_assembly_attendance": 87.557604, "sp_sss": 0.5760369999999995, "he_risk": 1.1335600000000001, "shelter_electricity": 42.74509804, "health_center_attendance.1": 78.49133537, "work_farms": 59.62059621, "work_unskilled": 13.00813008, "health_programs": 50.19607843, "sp_philhealth": 49.80392157, "water_toilet": 12.15686275, "shelter_makeshift_nhts": 0.0, "food_malnourished": 5.2, "health_child_death": 0.0, "health_maternal_death": 0.0, "he_flood": 0.0, "he_volcano": 0.0, "he_landslide": 0.0, "he_earthquake": 0.0, "name": "Dagman"}, "PH175303005": {"water_access": 99.324324, "food_tenure": 98.75, "shelter_informal_settlers_nhts": 0.0, "health_center_attendance": 71.758437, "educ_outofschool_all": 2.1978020000000003, "work_unemployment": 42.56927, "po_conflict": 1.351351, "participation_assembly_attendance": 76.582278, "sp_sss": 0.6329109999999929, "he_risk": 8.994769, "shelter_electricity": 50.0, "health_center_attendance.1": 71.75843694, "work_farms": 63.15789474, "work_unskilled": 25.87719298, "health_programs": 55.40540541, "sp_philhealth": 44.59459459, "water_toilet": 24.32432432, "shelter_makeshift_nhts": 0.33783783799999995, "food_malnourished": 4.2, "health_child_death": 0.0, "health_maternal_death": 0.0, "he_flood": 0.0, "he_volcano": 0.0, "he_landslide": 0.0, "he_earthquake": 0.0, "name": "Dalayawon"}, "PH175303006": {"water_access": 98.888889, "food_tenure": 100.0, "shelter_informal_settlers_nhts": 0.0, "health_center_attendance": 77.314211, "educ_outofschool_all": 6.134969, "work_unemployment": 45.614035, "po_conflict": 0.555556, "participation_assembly_attendance": 89.067524, "sp_sss": 1.607717000000008, "he_risk": 0.5686640000000001, "shelter_electricity": 30.0, "health_center_attendance.1": 77.31421121, "work_farms": 58.42293907, "work_unskilled": 21.50537634, "health_programs": 41.66666667, "sp_philhealth": 58.33333333, "water_toilet": 16.66666667, "shelter_makeshift_nhts": 4.166666667, "food_malnourished": 4.6, "health_child_death": 0.0, "health_maternal_death": 0.0, "he_flood": 0.0, "he_volcano": 0.0, "he_landslide": 0.0, "he_earthquake": 0.0, "name": "Lumacad"}, "PH175303007": {"water_access": 98.03149599999999, "food_tenure": 97.101449, "shelter_informal_settlers_nhts": 2.755906, "health_center_attendance": 78.942652, "educ_outofschool_all": 8.727273, "work_unemployment": 48.11463, "po_conflict": 0.393701, "participation_assembly_attendance": 87.578288, "sp_sss": 0.10438399999999604, "he_risk": 2.2664470000000003, "shelter_electricity": 41.73228346, "health_center_attendance.1": 78.94265233, "work_farms": 69.18604651, "work_unskilled": 11.04651163, "health_programs": 51.57480315, "sp_philhealth": 48.42519685, "water_toilet": 12.20472441, "shelter_makeshift_nhts": 1.968503937, "food_malnourished": 13.1, "health_child_death": 0.0, "health_maternal_death": 0.0, "he_flood": 0.0, "he_volcano": 0.0, "he_landslide": 0.0, "he_earthquake": 0.0, "name": "Madoldolon"}, "PH175303008": {"water_access": 99.21875, "food_tenure": 99.39759000000001, "shelter_informal_settlers_nhts": 0.390625, "health_center_attendance": 79.466667, "educ_outofschool_all": 11.636364, "work_unemployment": 45.577211, "po_conflict": 0.390625, "participation_assembly_attendance": 84.295175, "sp_sss": 0.9460739999999959, "he_risk": 10.223179, "shelter_electricity": 56.640625, "health_center_attendance.1": 79.46666667, "work_farms": 71.07438017, "work_unskilled": 15.97796143, "health_programs": 51.953125, "sp_philhealth": 48.046875, "water_toilet": 16.015625, "shelter_makeshift_nhts": 0.1953125, "food_malnourished": 10.2, "health_child_death": 0.0, "health_maternal_death": 0.0, "he_flood": 0.0, "he_volcano": 0.0, "he_landslide": 0.0, "he_earthquake": 0.0, "name": "Mauringuen"}, "PH175303009": {"water_access": 98.484848, "food_tenure": 100.0, "shelter_informal_settlers_nhts": 0.757576, "health_center_attendance": 83.60507199999999, "educ_outofschool_all": 7.746478999999999, "work_unemployment": 44.271570000000004, "po_conflict": 0.378788, "participation_assembly_attendance": 82.880161, "sp_sss": 0.90634399999999, "he_risk": 0.8507540000000001, "shelter_electricity": 25.0, "health_center_attendance.1": 83.60507246, "work_farms": 64.21319797, "work_unskilled": 13.95939086, "health_programs": 56.43939394, "sp_philhealth": 43.56060606, "water_toilet": 11.36363636, "shelter_makeshift_nhts": 0.757575758, "food_malnourished": 4.0, "health_child_death": 0.0, "health_maternal_death": 0.0, "he_flood": 0.0, "he_volcano": 0.0, "he_landslide": 0.0, "he_earthquake": 0.0, "name": "Osme\u00cc\u00b1a"}, "PH175303010": {"water_access": 98.245614, "food_tenure": 100.0, "shelter_informal_settlers_nhts": 0.0, "health_center_attendance": 84.27260799999999, "educ_outofschool_all": 2.45098, "work_unemployment": 44.212963, "po_conflict": 0.0, "participation_assembly_attendance": 67.473118, "sp_sss": 0.1344089999999909, "he_risk": 9.916131, "shelter_electricity": 40.35087719, "health_center_attendance.1": 84.27260813, "work_farms": 63.90041494, "work_unskilled": 18.67219917, "health_programs": 53.21637427, "sp_philhealth": 46.78362573, "water_toilet": 2.3391812869999997, "shelter_makeshift_nhts": 0.5847953220000001, "food_malnourished": 1.5, "health_child_death": 0.0, "health_maternal_death": 0.0, "he_flood": 0.0, "he_volcano": 0.0, "he_landslide": 0.0, "he_earthquake": 0.0, "name": "San Jose De Oro"}, "PH175303011": {"water_access": 99.358974, "food_tenure": 71.830986, "shelter_informal_settlers_nhts": 0.0, "health_center_attendance": 71.895425, "educ_outofschool_all": 9.395973, "work_unemployment": 43.766578, "po_conflict": 0.0, "participation_assembly_attendance": 85.472973, "sp_sss": 2.871622000000002, "he_risk": 9.608722, "shelter_electricity": 36.53846154, "health_center_attendance.1": 71.89542484, "work_farms": 66.98113208, "work_unskilled": 16.98113208, "health_programs": 56.41025641, "sp_philhealth": 43.58974359, "water_toilet": 29.48717949, "shelter_makeshift_nhts": 0.641025641, "food_malnourished": 7.7, "health_child_death": 1.6, "health_maternal_death": 0.0, "he_flood": 0.0, "he_volcano": 0.0, "he_landslide": 0.0, "he_earthquake": 0.0, "name": "Santo Ni\u00cc\u00b1o"}, "PH175303012": {"water_access": 95.977011, "food_tenure": 90.849673, "shelter_informal_settlers_nhts": 0.0, "health_center_attendance": 71.346705, "educ_outofschool_all": 7.29927, "work_unemployment": 49.148936, "po_conflict": 0.574713, "participation_assembly_attendance": 81.75313100000001, "sp_sss": 0.8944540000000103, "he_risk": 9.916675999999999, "shelter_electricity": 58.62068966, "health_center_attendance.1": 71.34670487, "work_farms": 67.78242678, "work_unskilled": 11.71548117, "health_programs": 53.44827586, "sp_philhealth": 46.55172414, "water_toilet": 18.96551724, "shelter_makeshift_nhts": 0.574712644, "food_malnourished": 9.4, "health_child_death": 0.0, "health_maternal_death": 0.0, "he_flood": 0.0, "he_volcano": 0.0, "he_landslide": 0.0,