{"PH175915001": {"water_access": 14.851485, "food_tenure": 100.0, "shelter_informal_settlers_nhts": 0.49505, "health_center_attendance": 6.4, "educ_outofschool_all": 3.8116589999999997, "work_unemployment": 51.481481, "po_conflict": 42.079208, "participation_assembly_attendance": 87.854251, "sp_sss": 0.9253900000000073, "he_risk": 17.040503, "shelter_electricity": 19.55445545, "health_center_attendance.1": 6.4, "work_farms": 38.93129771, "work_unskilled": 25.19083969, "health_programs": 53.96039604, "sp_philhealth": 46.03960396, "water_toilet": 11.38613861, "shelter_makeshift_nhts": 3.836633663, "food_malnourished": 2.2, "health_child_death": "", "health_maternal_death": 0.0, "he_flood": 0.0, "he_volcano": 0.0, "he_landslide": 0.002639, "he_earthquake": 0.0, "name": "Agmanic"}, "PH175915002": {"water_access": 58.139534999999995, "food_tenure": 24.752475, "shelter_informal_settlers_nhts": 2.5839790000000002, "health_center_attendance": 7.510110000000001, "educ_outofschool_all": 9.131403, "work_unemployment": 46.59197, "po_conflict": 32.041344, "participation_assembly_attendance": 92.525773, "sp_sss": 0.8376290000000068, "he_risk": 0.043594, "shelter_electricity": 42.37726098, "health_center_attendance.1": 7.510109762999999, "work_farms": 39.16083916, "work_unskilled": 23.25174825, "health_programs": 46.51162791, "sp_philhealth": 53.48837209, "water_toilet": 4.134366925, "shelter_makeshift_nhts": 6.976744186, "food_malnourished": 5.5999999, "health_child_death": "", "health_maternal_death": 0.0, "he_flood": 0.0, "he_volcano": 0.0, "he_landslide": 0.002639, "he_earthquake": 0.0, "name": "Canyayo"}, "PH175915003": {"water_access": 16.906475, "food_tenure": 100.0, "shelter_informal_settlers_nhts": 0.719424, "health_center_attendance": 18.140929999999997, "educ_outofschool_all": 3.1468529999999997, "work_unemployment": 48.398169, "po_conflict": 4.676259, "participation_assembly_attendance": 90.166667, "sp_sss": 1.0, "he_risk": 25.955766, "shelter_electricity": 19.78417266, "health_center_attendance.1": 18.14092954, "work_farms": 36.36363636, "work_unskilled": 21.95121951, "health_programs": 31.29496403, "sp_philhealth": 68.70503597, "water_toilet": 2.517985612, "shelter_makeshift_nhts": 3.057553957, "food_malnourished": 12.4, "health_child_death": "", "health_maternal_death": 0.0, "he_flood": 0.0, "he_volcano": 0.0, "he_landslide": 0.000528, "he_earthquake": 0.0, "name": "Danao Norte"}, "PH175915004": {"water_access": 15.0, "food_tenure": "", "shelter_informal_settlers_nhts": 0.555556, "health_center_attendance": 17.598098, "educ_outofschool_all": 4.587155999999999, "work_unemployment": 47.090909, "po_conflict": 17.777778, "participation_assembly_attendance": 84.287617, "sp_sss": 1.5978700000000003, "he_risk": 26.201719, "shelter_electricity": 20.55555556, "health_center_attendance.1": 17.5980975, "work_farms": 27.49140893, "work_unskilled": 31.27147766, "health_programs": 32.77777778, "sp_philhealth": 67.22222221999999, "water_toilet": 1.6666666669999999, "shelter_makeshift_nhts": 2.777777778, "food_malnourished": 7.400000099999999, "health_child_death": "", "health_maternal_death": 0.0, "he_flood": 0.0, "he_volcano": 0.0, "he_landslide": 0.000264, "he_earthquake": 0.0, "name": "Danao Sur"}, "PH175915005": {"water_access": 18.041237, "food_tenure": 10.0, "shelter_informal_settlers_nhts": 2.835052, "health_center_attendance": 2.838934, "educ_outofschool_all": 8.478803, "work_unemployment": 49.734982, "po_conflict": 26.804123999999998, "participation_assembly_attendance": 85.12252, "sp_sss": 1.3418900000000065, "he_risk": 26.186392, "shelter_electricity": 18.04123711, "health_center_attendance.1": 2.8389339510000005, "work_farms": 31.634446399999998, "work_unskilled": 24.60456942, "health_programs": 55.15463918, "sp_philhealth": 44.84536082, "water_toilet": 10.82474227, "shelter_makeshift_nhts": 3.092783505, "food_malnourished": 4.1999998, "health_child_death": "", "health_maternal_death": 0.0, "he_flood": 0.0, "he_volcano": 0.0, "he_landslide": 0.000264, "he_earthquake": 0.0, "name": "Guinbirayan"}, "PH175915006": {"water_access": 25.268817000000002, "food_tenure": 0.0, "shelter_informal_settlers_nhts": 2.150538, "health_center_attendance": 6.9565220000000005, "educ_outofschool_all": 5.128205, "work_unemployment": 52.777778000000005, "po_conflict": 48.387097, "participation_assembly_attendance": 80.431849, "sp_sss": 1.3495280000000065, "he_risk": 0.006983, "shelter_electricity": 24.19354839, "health_center_attendance.1": 6.956521738999999, "work_farms": 34.11764706, "work_unskilled": 22.74509804, "health_programs": 46.23655914, "sp_philhealth": 53.76344086, "water_toilet": 8.602150538, "shelter_makeshift_nhts": 4.032258065, "food_malnourished": 5.0, "health_child_death": "", "health_maternal_death": 0.0, "he_flood": 0.0, "he_volcano": 0.0, "he_landslide": 0.000264, "he_earthquake": 0.0, "name": "Guintigbasan"}, "PH175915007": {"water_access": 5.013928, "food_tenure": 82.45614, "shelter_informal_settlers_nhts": 0.557103, "health_center_attendance": 13.520249, "educ_outofschool_all": 2.110818, "work_unemployment": 49.334601, "po_conflict": 0.278552, "participation_assembly_attendance": 86.30234200000001, "sp_sss": 1.703335999999993, "he_risk": 16.722241, "shelter_electricity": 30.64066852, "health_center_attendance.1": 13.52024922, "work_farms": 27.20450281, "work_unskilled": 30.58161351, "health_programs": 46.79665738, "sp_philhealth": 53.20334262, "water_toilet": 6.963788301, "shelter_makeshift_nhts": 3.064066852, "food_malnourished": 4.3000002, "health_child_death": "", "health_maternal_death": 0.0, "he_flood": 0.0, "he_volcano": 0.0, "he_landslide": 0.000264, "he_earthquake": 0.0, "name": "Magsaysay"}, "PH175915008": {"water_access": 11.072664, "food_tenure": 81.481481, "shelter_informal_settlers_nhts": 2.076125, "health_center_attendance": 13.830614, "educ_outofschool_all": 7.7380949999999995, "work_unemployment": 46.026097, "po_conflict": 2.076125, "participation_assembly_attendance": 79.68094, "sp_sss": 1.0915199999999885, "he_risk": 9.039717, "shelter_electricity": 28.71972318, "health_center_attendance.1": 13.83061383, "work_farms": 34.50549451, "work_unskilled": 25.71428571, "health_programs": 37.02422145, "sp_philhealth": 62.97577855, "water_toilet": 2.076124567, "shelter_makeshift_nhts": 2.422145329, "food_malnourished": 7.900000099999999, "health_child_death": "", "health_maternal_death": 0.0, "he_flood": 0.0, "he_volcano": 0.0, "he_landslide": 0.002639, "he_earthquake": 0.0, "name": "Mat-i"}, "PH175915009": {"water_access": 24.085366, "food_tenure": 82.692308, "shelter_informal_settlers_nhts": 1.8292680000000001, "health_center_attendance": 1.2587409999999999, "educ_outofschool_all": 6.020942, "work_unemployment": 46.981339, "po_conflict": 16.768293, "participation_assembly_attendance": 83.161765, "sp_sss": 1.1029410000000013, "he_risk": 8.708133, "shelter_electricity": 30.48780488, "health_center_attendance.1": 1.258741259, "work_farms": 30.64182195, "work_unskilled": 25.87991718, "health_programs": 49.08536585, "sp_philhealth": 50.91463415, "water_toilet": 9.146341462999999, "shelter_makeshift_nhts": 2.134146341, "food_malnourished": 3.9000001, "health_child_death": "", "health_maternal_death": 0.0, "he_flood": 0.0, "he_volcano": 0.0, "he_landslide": 0.000792, "he_earthquake": 0.0, "name": "Pandan"}, "PH175915010": {"water_access": 4.010025, "food_tenure": 75.0, "shelter_informal_settlers_nhts": 0.501253, "health_center_attendance": 6.85654, "educ_outofschool_all": 5.672269, "work_unemployment": 49.173553999999996, "po_conflict": 36.340852000000005, "participation_assembly_attendance": 95.26046099999999, "sp_sss": 1.4090520000000026, "he_risk": 8.430297, "shelter_electricity": 25.56390977, "health_center_attendance.1": 6.856540084, "work_farms": 22.11382114, "work_unskilled": 31.869918699999996, "health_programs": 29.57393484, "sp_philhealth": 70.42606516000001, "water_toilet": 1.253132832, "shelter_makeshift_nhts": 3.884711779,