{"PH175913001": {"water_access": 29.718876, "food_tenure": 28.220859, "shelter_informal_settlers_nhts": 2.008032, "health_center_attendance": 21.636507, "educ_outofschool_all": 4.385965000000001, "work_unemployment": 51.737452000000005, "po_conflict": 36.546184999999994, "participation_assembly_attendance": 88.33214, "sp_sss": 99.57050799999999, "he_risk": 10.110927, "shelter_electricity": 47.38955823, "health_center_attendance.1": 21.63650669, "work_farms": 45.06666667, "work_unskilled": 17.86666667, "health_programs": 54.61847389999999, "sp_philhealth": 54.61847389999999, "water_toilet": 5.62248996, "shelter_makeshift_nhts": 1.807228916, "food_malnourished": 11.2, "health_child_death": "", "health_maternal_death": 0.0, "he_flood": 0.0, "he_volcano": 0.0, "he_landslide": 0.011085, "he_earthquake": 0.0, "name": "Agtiwa"}, "PH175913002": {"water_access": 16.386554999999998, "food_tenure": 0.0, "shelter_informal_settlers_nhts": 1.890756, "health_center_attendance": 36.039120000000004, "educ_outofschool_all": 4.907975, "work_unemployment": 60.78576700000001, "po_conflict": 27.521008000000002, "participation_assembly_attendance": 91.83142600000001, "sp_sss": 99.479709, "he_risk": 10.237031, "shelter_electricity": 30.04201681, "health_center_attendance.1": 36.039119799999995, "work_farms": 32.13610586, "work_unskilled": 27.03213611, "health_programs": 72.4789916, "sp_philhealth": 72.4789916, "water_toilet": 18.27731092, "shelter_makeshift_nhts": 5.567226891000001, "food_malnourished": 0.0, "health_child_death": "", "health_maternal_death": 0.0, "he_flood": 0.0, "he_volcano": 0.0, "he_landslide": 0.000792, "he_earthquake": 0.0, "name": "Azarga"}, "PH175913003": {"water_access": 4.155844, "food_tenure": 0.0, "shelter_informal_settlers_nhts": 3.116883, "health_center_attendance": 26.877235, "educ_outofschool_all": 2.702703, "work_unemployment": 64.132379, "po_conflict": 42.337662, "participation_assembly_attendance": 89.681159, "sp_sss": 98.898551, "he_risk": 10.249385, "shelter_electricity": 15.84415584, "health_center_attendance.1": 26.8772348, "work_farms": 31.42144638, "work_unskilled": 31.42144638, "health_programs": 72.46753247, "sp_philhealth": 72.46753247, "water_toilet": 11.16883117, "shelter_makeshift_nhts": 8.571428571, "food_malnourished": 7.5, "health_child_death": "", "health_maternal_death": 0.0, "he_flood": 0.0, "he_volcano": 0.0, "he_landslide": 0.000792, "he_earthquake": 0.0, "name": "Campalingo"}, "PH175913004": {"water_access": 24.371859, "food_tenure": "", "shelter_informal_settlers_nhts": 1.005025, "health_center_attendance": 44.14083, "educ_outofschool_all": 4.492188, "work_unemployment": 60.391197999999996, "po_conflict": 40.201005, "participation_assembly_attendance": 90.929705, "sp_sss": 99.09297099999999, "he_risk": 9.358372, "shelter_electricity": 21.85929648, "health_center_attendance.1": 44.14083027, "work_farms": 37.65432099, "work_unskilled": 18.10699588, "health_programs": 65.57788945, "sp_philhealth": 65.57788945, "water_toilet": 19.09547739, "shelter_makeshift_nhts": 3.140703518, "food_malnourished": 1.2, "health_child_death": "", "health_maternal_death": 0.0, "he_flood": 0.0, "he_volcano": 0.0, "he_landslide": 0.002639, "he_earthquake": 0.0, "name": "Canjalon"}, "PH175913005": {"water_access": 4.555809, "food_tenure": 17.391304, "shelter_informal_settlers_nhts": 2.5056950000000002, "health_center_attendance": 81.790592, "educ_outofschool_all": 3.99274, "work_unemployment": 69.93517, "po_conflict": 43.507973, "participation_assembly_attendance": 89.958923, "sp_sss": 99.497946, "he_risk": 14.562033, "shelter_electricity": 18.67881549, "health_center_attendance.1": 81.79059181, "work_farms": 42.04851752, "work_unskilled": 20.75471698, "health_programs": 67.65375854, "sp_philhealth": 67.65375854, "water_toilet": 7.517084282000001, "shelter_makeshift_nhts": 1.936218679, "food_malnourished": 4.3000002, "health_child_death": "", "health_maternal_death": 0.0, "he_flood": 0.0, "he_volcano": 0.0, "he_landslide": 0.012034999999999999, "he_earthquake": 0.0, "name": "Espa\u00cc\u00b1a"}, "PH175913006": {"water_access": 5.836576, "food_tenure": 9.090909, "shelter_informal_settlers_nhts": 0.38910500000000003, "health_center_attendance": 29.057799, "educ_outofschool_all": 3.082192, "work_unemployment": 56.990520999999994, "po_conflict": 36.964981, "participation_assembly_attendance": 88.213763, "sp_sss": 99.487555, "he_risk": 11.03099, "shelter_electricity": 20.62256809, "health_center_attendance.1": 29.05779889, "work_farms": 43.526170799999996, "work_unskilled": 14.32506887, "health_programs": 42.80155642, "sp_philhealth": 42.80155642, "water_toilet": 1.945525292, "shelter_makeshift_nhts": 3.501945525, "food_malnourished": 7.8000002, "health_child_death": "", "health_maternal_death": 0.0, "he_flood": 0.0, "he_volcano": 0.0, "he_landslide": 0.011085, "he_earthquake": 0.0, "name": "Mabini"}, "PH175913007": {"water_access": 24.022346, "food_tenure": 41.176471, "shelter_informal_settlers_nhts": 1.117318, "health_center_attendance": 23.71134, "educ_outofschool_all": 7.370518, "work_unemployment": 58.061674, "po_conflict": 16.480447, "participation_assembly_attendance": 89.247312, "sp_sss": 99.706745, "he_risk": 11.166654, "shelter_electricity": 9.497206704, "health_center_attendance.1": 23.71134021, "work_farms": 27.31092437, "work_unskilled": 25.21008403, "health_programs": 53.63128492, "sp_philhealth": 53.63128492, "water_toilet": 9.497206704, "shelter_makeshift_nhts": 3.212290503, "food_malnourished": 8.199999799999999, "health_child_death": "", "health_maternal_death": 0.0, "he_flood": 0.0, "he_volcano": 0.0, "he_landslide": 0.001056, "he_earthquake": 0.0, "name": "Mabulo"}, "PH175913008": {"water_access": 16.742081, "food_tenure": "", "shelter_informal_settlers_nhts": 2.4886880000000002, "health_center_attendance": 38.231029, "educ_outofschool_all": 4.6, "work_unemployment": 57.533177, "po_conflict": 35.294118, "participation_assembly_attendance": 87.55, "sp_sss": 98.9, "he_risk": 10.117027, "shelter_electricity": 19.00452489, "health_center_attendance.1": 38.23102948, "work_farms": 29.04411765, "work_unskilled": 20.77205882, "health_programs": 72.85067873, "sp_philhealth": 72.85067873, "water_toilet": 18.5520362, "shelter_makeshift_nhts": 2.375565611, "food_malnourished": 1.4, "health_child_death": "", "health_maternal_death": 2.0999999, "he_flood": 0.0, "he_volcano": 0.0, "he_landslide": 0.011085, "he_earthquake": 0.0, "name": "Otod"}, "PH175913009": {"water_access": 11.675127, "food_tenure": 47.368421000000005, "shelter_informal_settlers_nhts": 2.538071, "health_center_attendance": 21.182796, "educ_outofschool_all": 13.461538000000001, "work_unemployment": 65.358362, "po_conflict": 32.48731, "participation_assembly_attendance": 89.955157, "sp_sss": 99.282511, "he_risk": 9.194695, "shelter_electricity": 22.84263959, "health_center_attendance.1": 21.1827957, "work_farms": 21.67487685, "work_unskilled": 33.49753695, "health_programs": 62.94416244, "sp_philhealth": 62.94416244, "water_toilet": 17.76649746, "shelter_makeshift_nhts": 12.43654822, "food_malnourished": 1.3, "health_child_death": "", "health_maternal_death": 0.0, "he_flood": 0.0, "he_volcano": 0.0, "he_landslide": 0.011085, "he_earthquake": 0.0, "name": "Panangcalan"}, "PH175913010": {"water_access": 3.731343, "food_tenure": 87.5, "shelter_informal_settlers_nhts": 1.8656720000000002, "health_center_attendance": 28.199052000000002, "educ_outofschool_all": 9.567900999999999, "work_unemployment": 56.796117, "po_conflict": 11.567164, "participation_assembly_attendance": 87.39903100000001, "sp_sss": 99.434572, "he_risk": 9.497147, "shelter_electricity": 7.462686567, "health_center_attendance.1": 28.19905213, "work_farms": 28.65168539, "work_unskilled": 33.70786517, "health_programs": 63.43283582, "sp_philhealth": 63.43283582, "water_toilet": 7.462686567, "shelter_makeshift_nhts": 5.970149254, "food_malnourished": 3.4000001, "health_child_death": "",