{"PH175105001": {"water_access": 53.225806000000006, "food_tenure": 3.076923, "shelter_informal_settlers_nhts": 2.639296, "health_center_attendance": 23.463203, "educ_outofschool_all": 7.6180259999999995, "work_unemployment": 58.28252, "po_conflict": 4.105572, "participation_assembly_attendance": 91.25624599999999, "sp_sss": 0.49964300000000605, "he_risk": 17.015760999999998, "shelter_electricity": 59.09090909, "health_center_attendance.1": 23.46320346, "work_farms": 63.33739342, "work_unskilled": 25.21315469, "health_programs": 57.771260999999996, "sp_philhealth": 42.228739000000004, "water_toilet": 3.66568915, "shelter_makeshift_nhts": 33.06451613, "food_malnourished": 0.34, "health_child_death": "", "health_maternal_death": 0.0, "he_flood": 0.0, "he_volcano": 0.0, "he_landslide": 0.000792, "he_earthquake": 0.0, "name": "Alibog"}, "PH175105003": {"water_access": 19.246862, "food_tenure": 14.705882, "shelter_informal_settlers_nhts": 2.37099, "health_center_attendance": 18.846737, "educ_outofschool_all": 10.526316, "work_unemployment": 48.449415, "po_conflict": 9.065551, "participation_assembly_attendance": 92.745784, "sp_sss": 0.47725099999999543, "he_risk": 1.832917, "shelter_electricity": 39.33054393, "health_center_attendance.1": 18.84673748, "work_farms": 20.90729783, "work_unskilled": 35.99605523, "health_programs": 66.80613668, "sp_philhealth": 33.193863320000006, "water_toilet": 19.80474198, "shelter_makeshift_nhts": 11.36680614, "food_malnourished": 1.66, "health_child_death": "", "health_maternal_death": 0.0, "he_flood": 0.0, "he_volcano": 0.0, "he_landslide": 0.000792, "he_earthquake": 0.07142899999999999, "name": "Caguray"}, "PH175105004": {"water_access": 4.7445260000000005, "food_tenure": 78.26087, "shelter_informal_settlers_nhts": 2.919708, "health_center_attendance": 49.099452, "educ_outofschool_all": 5.802048, "work_unemployment": 50.787879, "po_conflict": 1.459854, "participation_assembly_attendance": 86.729858, "sp_sss": 0.7582939999999923, "he_risk": 16.162066, "shelter_electricity": 29.5620438, "health_center_attendance.1": 49.09945184, "work_farms": 49.01477833, "work_unskilled": 25.36945813, "health_programs": 37.95620438, "sp_philhealth": 62.04379562, "water_toilet": 4.01459854, "shelter_makeshift_nhts": 2.00729927, "food_malnourished": 4.2199998, "health_child_death": "", "health_maternal_death": 0.0, "he_flood": 0.0, "he_volcano": 0.0, "he_landslide": 0.0, "he_earthquake": 0.0, "name": "Calawag"}, "PH175105005": {"water_access": 2.63789, "food_tenure": 25.116279000000002, "shelter_informal_settlers_nhts": 0.959233, "health_center_attendance": 24.669137, "educ_outofschool_all": 10.685483999999999, "work_unemployment": 53.369763, "po_conflict": 0.479616, "participation_assembly_attendance": 94.74975500000001, "sp_sss": 0.4416089999999997, "he_risk": 16.863718, "shelter_electricity": 55.87529976, "health_center_attendance.1": 24.66913711, "work_farms": 51.7578125, "work_unskilled": 36.1328125, "health_programs": 65.22781775, "sp_philhealth": 34.77218225, "water_toilet": 4.316546763, "shelter_makeshift_nhts": 5.51558753, "food_malnourished": 12.46, "health_child_death": "", "health_maternal_death": 0.0, "he_flood": 0.0, "he_volcano": 0.0, "he_landslide": 0.009026000000000001, "he_earthquake": 0.0, "name": "Gapasan"}, "PH175105006": {"water_access": 35.158501, "food_tenure": 77.777778, "shelter_informal_settlers_nhts": 1.440922, "health_center_attendance": 22.462462, "educ_outofschool_all": 7.327586, "work_unemployment": 56.783919999999995, "po_conflict": 29.106628000000004, "participation_assembly_attendance": 89.464391, "sp_sss": 1.1183050000000065, "he_risk": 16.736883, "shelter_electricity": 29.68299712, "health_center_attendance.1": 22.46246246, "work_farms": 29.53488372, "work_unskilled": 42.79069767, "health_programs": 50.7204611, "sp_philhealth": 49.2795389, "water_toilet": 5.187319885, "shelter_makeshift_nhts": 11.52737752, "food_malnourished": 6.559999900000001, "health_child_death": "", "health_maternal_death": 0.0, "he_flood": 0.0, "he_volcano": 0.0, "he_landslide": 0.000792, "he_earthquake": 0.0, "name": "Laste"}, "PH175105007": {"water_access": 1.995012, "food_tenure": 27.067669, "shelter_informal_settlers_nhts": 1.995012, "health_center_attendance": 31.288344, "educ_outofschool_all": 7.172996, "work_unemployment": 54.934211, "po_conflict": 0.249377, "participation_assembly_attendance": 95.627277, "sp_sss": 1.2493489999999952, "he_risk": 0.885238, "shelter_electricity": 31.9201995, "health_center_attendance.1": 31.28834356, "work_farms": 30.10948905, "work_unskilled": 50.72992701, "health_programs": 67.33167082, "sp_philhealth": 32.66832918, "water_toilet": 2.992518703, "shelter_makeshift_nhts": 4.364089776, "food_malnourished": 2.9200001, "health_child_death": "", "health_maternal_death": 0.0, "he_flood": 0.0, "he_volcano": 0.0, "he_landslide": 0.001584, "he_earthquake": 0.0, "name": "Lourdes"}, "PH175105008": {"water_access": 13.92, "food_tenure": 8.0, "shelter_informal_settlers_nhts": 0.64, "health_center_attendance": 33.384901, "educ_outofschool_all": 8.785249, "work_unemployment": 55.568054000000004, "po_conflict": 0.96, "participation_assembly_attendance": 97.253586, "sp_sss": 0.3356729999999999, "he_risk": 36.469801000000004, "shelter_electricity": 60.32, "health_center_attendance.1": 33.38490099, "work_farms": 45.82278481, "work_unskilled": 42.53164557, "health_programs": 62.72, "sp_philhealth": 37.28, "water_toilet": 4.48, "shelter_makeshift_nhts": 8.96, "food_malnourished": 10.49, "health_child_death": "", "health_maternal_death": 0.0, "he_flood": 0.0, "he_volcano": 0.0, "he_landslide": 0.008551000000000001, "he_earthquake": 0.0, "name": "Nicolas (Bulo)"}, "PH175105009": {"water_access": 34.565915999999994, "food_tenure": 86.666667, "shelter_informal_settlers_nhts": 1.125402, "health_center_attendance": 34.341033, "educ_outofschool_all": 18.067754, "work_unemployment": 54.733728, "po_conflict": 17.524116, "participation_assembly_attendance": 89.499475, "sp_sss": 0.5950300000000084, "he_risk": 22.833804999999998, "shelter_electricity": 64.63022508, "health_center_attendance.1": 34.34103261, "work_farms": 33.33333333, "work_unskilled": 51.89542484, "health_programs": 63.18327974, "sp_philhealth": 36.81672026, "water_toilet": 12.70096463, "shelter_makeshift_nhts": 20.33762058, "food_malnourished": 6.929999799999999, "health_child_death": "", "health_maternal_death": 0.0, "he_flood": 0.0, "he_volcano": 0.0, "he_landslide": 0.008076, "he_earthquake": 0.14285699999999998, "name": "Paclolo"}, "PH175105010": {"water_access": 3.5555559999999997, "food_tenure": 68.181818, "shelter_informal_settlers_nhts": 1.7777779999999999, "health_center_attendance": 51.820196, "educ_outofschool_all": 5.767894, "work_unemployment": 55.120408999999995, "po_conflict": 2.222222, "participation_assembly_attendance": 90.26371400000001, "sp_sss": 1.2573720000000037, "he_risk": 20.114676, "shelter_electricity": 24.0, "health_center_attendance.1": 51.82019626, "work_farms": 23.08943089, "work_unskilled": 41.57181572, "health_programs": 59.68253968, "sp_philhealth": 40.31746032, "water_toilet": 1.396825397, "shelter_makeshift_nhts": 3.6825396830000003, "food_malnourished": 0.34, "health_child_death": "", "health_maternal_death": 0.82644629, "he_flood": 0.0, "he_volcano": 0.0, "he_landslide": 0.0, "he_earthquake": 0.0, "name": "Poblacion"}, "PH175105011": {"water_access": 41.280353000000005, "food_tenure": 86.266094, "shelter_informal_settlers_nhts": 1.324503, "health_center_attendance": 27.665638, "educ_outofschool_all": 13.138685999999998, "work_unemployment": 52.252252, "po_conflict": 32.560706, "participation_assembly_attendance": 92.617132, "sp_sss": 0.3549459999999982, "he_risk": 19.428585, "shelter_electricity": 57.50551876, "health_center_attendance.1": 27.66563762, "work_farms": 45.88336192, "work_unskilled": 40.05145798, "health_programs": 63.46578366, "sp_philhealth": 36.53421634, "water_toilet": 5.298013245,