{"PH175107001": {"Water_Prop": 56.485356, "Food_Prop": 91.22807, "Shelter_Prop": 0.20920500000000003, "Health_Prop": 18.595905, "Education_Prop": 21.909233, "Work_Prop": 48.823529, "Peace_Prop": 25.104603, "Participation_Prop": "", "SocialProtection_Prop": 99.69419, "Environment_Prop": 22.029864, "shelter_electricity": 57.53138075, "health_center_attendance": 18.59590472, "work_farms": 27.15517241, "work_unskilled": 46.98275862, "health_programs": 76.56903766, "sp_philhealth": 76.56903766, "water_toilet": 3.556485356, "shelter_makeshift_nhts": 2.928870293, "food_malnourished": 0.36000001, "health_child_death": "", "health_maternal_death": 1.5625, "he_flood": 0.0, "he_volcano": 0.0, "he_landslide": 0.001214, "he_earthquake": 0.5}, "PH175107002": {"Water_Prop": 59.032717000000005, "Food_Prop": 22.0, "Shelter_Prop": 1.422475, "Health_Prop": 16.739194, "Education_Prop": 24.413646, "Work_Prop": 47.001621, "Peace_Prop": 10.099573, "Participation_Prop": 99.277665, "SocialProtection_Prop": 99.942213, "Environment_Prop": 21.017169, "shelter_electricity": 93.59886202, "health_center_attendance": 16.7391935, "work_farms": 61.46788991, "work_unskilled": 28.33843017, "health_programs": 71.97724040000001, "sp_philhealth": 71.97724040000001, "water_toilet": 3.840682788, "shelter_makeshift_nhts": 9.530583215, "food_malnourished": 3.9100001000000004, "health_child_death": "", "health_maternal_death": 0.0, "he_flood": 0.0, "he_volcano": 0.0, "he_landslide": 0.001214, "he_earthquake": 0.857143}, "PH175107003": {"Water_Prop": 6.617647, "Food_Prop": 16.666667, "Shelter_Prop": 0.735294, "Health_Prop": 2.572899, "Education_Prop": 4.137931, "Work_Prop": 55.41237099999999, "Peace_Prop": 23.529412, "Participation_Prop": "", "SocialProtection_Prop": 99.258344, "Environment_Prop": 35.766940000000005, "shelter_electricity": 11.02941176, "health_center_attendance": 2.572898799, "work_farms": 27.16763006, "work_unskilled": 16.76300578, "health_programs": 81.61764706, "sp_philhealth": 81.61764706, "water_toilet": 3.676470588, "shelter_makeshift_nhts": 2.573529412, "food_malnourished": 2.3, "health_child_death": "", "health_maternal_death": 0.0, "he_flood": 0.0, "he_volcano": 0.0, "he_landslide": 0.00132, "he_earthquake": 0.714286}, "PH175107004": {"Water_Prop": 37.325905, "Food_Prop": 85.106383, "Shelter_Prop": 1.392758, "Health_Prop": 17.329376999999997, "Education_Prop": 18.663594, "Work_Prop": 46.582545, "Peace_Prop": 19.498607, "Participation_Prop": 95.989446, "SocialProtection_Prop": 99.736148, "Environment_Prop": 14.798662, "shelter_electricity": 68.80222841, "health_center_attendance": 17.32937685, "work_farms": 55.31496063, "work_unskilled": 28.74015748, "health_programs": 59.33147632, "sp_philhealth": 59.33147632, "water_toilet": 3.3426183839999997, "shelter_makeshift_nhts": 4.317548747, "food_malnourished": 24.799999, "health_child_death": "", "health_maternal_death": 0.0, "he_flood": 0.0, "he_volcano": 0.0, "he_landslide": 0.001267, "he_earthquake": 0.5}, "PH175107005": {"Water_Prop": 8.663366, "Food_Prop": 95.698925, "Shelter_Prop": 1.237624, "Health_Prop": 6.132075, "Education_Prop": 6.6014669999999995, "Work_Prop": 53.153989, "Peace_Prop": 15.09901, "Participation_Prop": "", "SocialProtection_Prop": 99.122807, "Environment_Prop": 23.963188, "shelter_electricity": 22.27722772, "health_center_attendance": 6.132075472, "work_farms": 41.58415842, "work_unskilled": 28.91089109, "health_programs": 61.88118812, "sp_philhealth": 61.88118812, "water_toilet": 0.742574257, "shelter_makeshift_nhts": 8.168316832, "food_malnourished": 2.75, "health_child_death": "", "health_maternal_death": 0.0, "he_flood": 0.0, "he_volcano": 0.0, "he_landslide": 0.001161, "he_earthquake": 0.714286}, "PH175107006": {"Water_Prop": 1.339286, "Food_Prop": 18.75, "Shelter_Prop": 1.339286, "Health_Prop": 4.658228, "Education_Prop": 3.644647, "Work_Prop": 55.10670699999999, "Peace_Prop": 5.357143, "Participation_Prop": "", "SocialProtection_Prop": 99.329234, "Environment_Prop": 8.687278, "shelter_electricity": 6.696428571, "health_center_attendance": 4.658227848, "work_farms": 39.89813243, "work_unskilled": 29.881154499999997, "health_programs": 70.3125, "sp_philhealth": 70.3125, "water_toilet": 0.0, "shelter_makeshift_nhts": 0.669642857, "food_malnourished": 1.3, "health_child_death": "", "health_maternal_death": 0.0, "he_flood": 0.0, "he_volcano": 0.0, "he_landslide": 0.0, "he_earthquake": 0.0}, "PH175107007": {"Water_Prop": 1.1235959999999998, "Food_Prop": 100.0, "Shelter_Prop": 0.0, "Health_Prop": 4.155844, "Education_Prop": 3.157895, "Work_Prop": 55.725191, "Peace_Prop": 1.1235959999999998, "Participation_Prop": 89.819005, "SocialProtection_Prop": 98.190045, "Environment_Prop": 8.6366, "shelter_electricity": 2.247191011, "health_center_attendance": 4.155844156000001, "work_farms": 27.586206899999997, "work_unskilled": 22.4137931, "health_programs": 80.8988764, "sp_philhealth": 80.8988764, "water_toilet": 1.123595506, "shelter_makeshift_nhts": 0.561797753, "food_malnourished": 0.0, "health_child_death": "", "health_maternal_death": 0.0, "he_flood": 0.0, "he_volcano": 0.0, "he_landslide": 0.0, "he_earthquake": 0.0}, "PH175107008": {"Water_Prop": 0.0, "Food_Prop": 24.137931, "Shelter_Prop": 0.0, "Health_Prop": 2.14425, "Education_Prop": 1.769912, "Work_Prop": 58.100559, "Peace_Prop": 0.78125, "Participation_Prop": 67.542214, "SocialProtection_Prop": 99.812383, "Environment_Prop": 0.906617, "shelter_electricity": 3.90625, "health_center_attendance": 2.144249513, "work_farms": 34.66666667, "work_unskilled": 12.0, "health_programs": 81.25, "sp_philhealth": 81.25, "water_toilet": 0.0, "shelter_makeshift_nhts": 0.78125, "food_malnourished": 0.0, "health_child_death": "", "health_maternal_death": 0.0, "he_flood": 0.0, "he_volcano": 0.0, "he_landslide": 0.0, "he_earthquake": 0.0}, "PH175107009": {"Water_Prop": 0.980392, "Food_Prop": 50.0, "Shelter_Prop": 0.0, "Health_Prop": 37.810945000000004, "Education_Prop": 3.125, "Work_Prop": 51.779934999999995, "Peace_Prop": 0.980392, "Participation_Prop": 87.096774, "SocialProtection_Prop": 98.655914, "Environment_Prop": 19.100286999999998, "shelter_electricity": 3.921568627, "health_center_attendance": 37.81094527, "work_farms": 22.14765101, "work_unskilled": 24.16107383, "health_programs": 50.98039216, "sp_philhealth": 50.98039216, "water_toilet": 0.980392157, "shelter_makeshift_nhts": 0.0, "food_malnourished": 0.0, "health_child_death": "", "health_maternal_death": 0.0, "he_flood": 0.0, "he_volcano": 0.0, "he_landslide": 0.0, "he_earthquake": 0.0}, "PH175107010": {"Water_Prop": 0.0, "Food_Prop": 75.0, "Shelter_Prop": 0.0, "Health_Prop": 2.586207, "Education_Prop": 3.030303, "Work_Prop": 56.578947, "Peace_Prop": 0.0, "Participation_Prop": "", "SocialProtection_Prop": 98.8, "Environment_Prop": 18.876345999999998, "shelter_electricity": 21.875, "health_center_attendance": 2.586206897, "work_farms": 21.21212121, "work_unskilled": 30.303030300000003, "health_programs": 75.0, "sp_philhealth": 75.0, "water_toilet": 0.0, "shelter_makeshift_nhts": 4.6875, "food_malnourished": 2.9400001000000002, "health_child_death": "", "health_maternal_death": 0.0, "he_flood": 0.0, "he_volcano": 0.0, "he_landslide": 0.0, "he_earthquake": 0.0}, "PH175107011": {"Water_Prop": 0.0, "Food_Prop": 80.952381, "Shelter_Prop": 0.0, "Health_Prop": 0.27933, "Education_Prop": 6.6666669999999995, "Work_Prop": 59.375, "Peace_Prop": 0.0, "Participation_Prop": 96.038035, "SocialProtection_Prop": 99.68304300000001, "Environment_Prop": 18.821393, "shelter_electricity": 4.301075269, "health_center_attendance": 0.279329609, "work_farms": 36.53846154, "work_unskilled": 13.46153846, "health_programs": 83.87096774, "sp_philhealth": 83.87096774, "water_toilet": 0.0, "shelter_makeshift_nhts": 0.0, "food_malnourished": 1.54, "health_child_death": "", "health_maternal_death": 0.0, "he_flood": 0.0, "he_volcano": 0.0, "he_landslide": 0.0, "he_earthquake": 0.0}, "PH175107012": {"Water_Prop": 20.0,