{"PH175323001": {"Water_Prop": 48.489011, "Food_Prop": 100.0, "Shelter_Prop": 5.494505, "Health_Prop": 36.390728, "Education_Prop": 9.959072, "Work_Prop": 49.72885, "Peace_Prop": 0.274725, "Participation_Prop": "", "SocialProtection_Prop": 99.337517, "Environment_Prop": 9.306159, "shelter_electricity": 73.48901099, "health_center_attendance": 36.39072848, "work_farms": 37.7562028, "work_unskilled": 42.39482201, "health_programs": 55.35714286, "sp_philhealth": 55.35714286, "water_toilet": 45.46703297, "shelter_makeshift_nhts": 3.296703297, "food_malnourished": 1.1, "health_child_death": 0.5, "health_maternal_death": 0.0, "he_flood": 0.0, "he_volcano": 0.0, "he_landslide": 0.000264, "he_earthquake": 0.0, "name": "Bunog"}, "PH175323002": {"Water_Prop": 73.062731, "Food_Prop": 96.969697, "Shelter_Prop": 1.4760149999999999, "Health_Prop": 28.536184000000002, "Education_Prop": 18.09816, "Work_Prop": 47.083333, "Peace_Prop": 2.9520299999999997, "Participation_Prop": "", "SocialProtection_Prop": 99.854157, "Environment_Prop": 10.532789, "shelter_electricity": 72.32472325, "health_center_attendance": 28.53618421, "work_farms": 33.07086614, "work_unskilled": 45.14435696, "health_programs": 47.23247232, "sp_philhealth": 47.23247232, "water_toilet": 42.80442804, "shelter_makeshift_nhts": 1.291512915, "food_malnourished": 6.5, "health_child_death": 0.6, "health_maternal_death": 0.0, "he_flood": 0.0, "he_volcano": 0.0, "he_landslide": 0.000264, "he_earthquake": 0.0, "name": "Campong Ulay"}, "PH175323003": {"Water_Prop": 31.10785, "Food_Prop": 92.99363100000001, "Shelter_Prop": 4.695525, "Health_Prop": 31.852748, "Education_Prop": 17.014122, "Work_Prop": 48.068670000000004, "Peace_Prop": 0.733676, "Participation_Prop": "", "SocialProtection_Prop": 99.289551, "Environment_Prop": 8.387226, "shelter_electricity": 47.32208364, "health_center_attendance": 31.85274801, "work_farms": 36.08815427, "work_unskilled": 36.03305785, "health_programs": 54.87894351, "sp_philhealth": 54.87894351, "water_toilet": 32.42846662, "shelter_makeshift_nhts": 1.980924431, "food_malnourished": 9.2, "health_child_death": 0.0, "health_maternal_death": 0.0, "he_flood": 0.0, "he_volcano": 0.0, "he_landslide": 0.000264, "he_earthquake": 0.0, "name": "Candawaga"}, "PH175323004": {"Water_Prop": 74.822695, "Food_Prop": 100.0, "Shelter_Prop": 1.41844, "Health_Prop": 21.241326, "Education_Prop": 19.241573000000002, "Work_Prop": 53.905159999999995, "Peace_Prop": 0.5319149999999999, "Participation_Prop": "", "SocialProtection_Prop": 99.873631, "Environment_Prop": 0.006002, "shelter_electricity": 79.60992908, "health_center_attendance": 21.24132614, "work_farms": 80.93797277, "work_unskilled": 9.531013616000001, "health_programs": 51.24113475, "sp_philhealth": 51.24113475, "water_toilet": 59.39716312, "shelter_makeshift_nhts": 0.08865248199999999, "food_malnourished": 19.0, "health_child_death": 1.9, "health_maternal_death": 0.0, "he_flood": 0.0, "he_volcano": 0.0, "he_landslide": 0.000264, "he_earthquake": 0.0, "name": "Canipaan"}, "PH175323005": {"Water_Prop": 74.132492, "Food_Prop": 96.666667, "Shelter_Prop": 0.630915, "Health_Prop": 17.430858999999998, "Education_Prop": 29.485571000000004, "Work_Prop": 51.726428000000006, "Peace_Prop": 0.31545700000000004, "Participation_Prop": "", "SocialProtection_Prop": 99.69465600000001, "Environment_Prop": 8.999656, "shelter_electricity": 77.28706625, "health_center_attendance": 17.43085881, "work_farms": 62.44841816, "work_unskilled": 22.14580468, "health_programs": 58.67507886, "sp_philhealth": 58.67507886, "water_toilet": 57.41324921, "shelter_makeshift_nhts": 0.552050473, "food_malnourished": 18.9, "health_child_death": 0.3, "health_maternal_death": 0.0, "he_flood": 0.0, "he_volcano": 0.0, "he_landslide": 0.000264, "he_earthquake": 0.0, "name": "Culasian"}, "PH175323006": {"Water_Prop": 32.159468, "Food_Prop": 94.615385, "Shelter_Prop": 2.458472, "Health_Prop": 5.917753, "Education_Prop": 14.173639999999999, "Work_Prop": 55.03129499999999, "Peace_Prop": 20.066445, "Participation_Prop": "", "SocialProtection_Prop": 99.64601800000001, "Environment_Prop": 9.000872, "shelter_electricity": 62.05980066, "health_center_attendance": 5.91775326, "work_farms": 39.02569593, "work_unskilled": 44.05781585, "health_programs": 55.21594684, "sp_philhealth": 55.21594684, "water_toilet": 42.05980066, "shelter_makeshift_nhts": 0.265780731, "food_malnourished": 1.8, "health_child_death": 0.2, "health_maternal_death": 0.0, "he_flood": 0.0, "he_volcano": 0.0, "he_landslide": 0.000264, "he_earthquake": 0.0, "name": "Iraan"}, "PH175323007": {"Water_Prop": 93.464052, "Food_Prop": 100.0, "Shelter_Prop": 0.87146, "Health_Prop": 2.379721, "Education_Prop": 22.882883, "Work_Prop": 48.249763, "Peace_Prop": 0.653595, "Participation_Prop": "", "SocialProtection_Prop": 99.907236, "Environment_Prop": 0.610063, "shelter_electricity": 86.49237473, "health_center_attendance": 2.379720641, "work_farms": 61.79159049, "work_unskilled": 30.34734918, "health_programs": 68.84531590000002, "sp_philhealth": 68.84531590000002, "water_toilet": 44.66230937, "shelter_makeshift_nhts": 1.416122004, "food_malnourished": 5.9, "health_child_death": 0.4, "health_maternal_death": 0.0, "he_flood": 0.0, "he_volcano": 0.0, "he_landslide": 0.002639, "he_earthquake": 0.0, "name": "Latud"}, "PH175323008": {"Water_Prop": 68.21589200000001, "Food_Prop": 84.931507, "Shelter_Prop": 0.749625, "Health_Prop": 9.811321000000001, "Education_Prop": 19.466976000000003, "Work_Prop": 45.725389, "Peace_Prop": 1.1994, "Participation_Prop": "", "SocialProtection_Prop": 99.89025500000001, "Environment_Prop": 9.008979, "shelter_electricity": 71.81409295, "health_center_attendance": 9.811320755, "work_farms": 46.18138425, "work_unskilled": 43.31742243, "health_programs": 54.42278861, "sp_philhealth": 54.42278861, "water_toilet": 62.51874063, "shelter_makeshift_nhts": 0.59970015, "food_malnourished": 6.9, "health_child_death": 0.0, "health_maternal_death": 0.0, "he_flood": 0.0, "he_volcano": 0.0, "he_landslide": 0.000792, "he_earthquake": 0.0, "name": "Panalingaan"}, "PH175323009": {"Water_Prop": 20.374938, "Food_Prop": 94.666667, "Shelter_Prop": 1.677356, "Health_Prop": 17.082967, "Education_Prop": 7.455267999999999, "Work_Prop": 54.243542000000005, "Peace_Prop": 1.184016, "Participation_Prop": "", "SocialProtection_Prop": 99.197659, "Environment_Prop": 9.002028999999999, "shelter_electricity": 33.84311791, "health_center_attendance": 17.08296724, "work_farms": 38.97849462, "work_unskilled": 34.18458781, "health_programs": 70.35027134, "sp_philhealth": 70.35027134, "water_toilet": 32.06709423, "shelter_makeshift_nhts": 0.641341885, "food_malnourished": 2.9, "health_child_death": 0.0, "health_maternal_death": 0.0, "he_flood": 0.0, "he_volcano": 0.0, "he_landslide": 0.000264, "he_earthquake": 0.0, "name": "Punta Baja"}, "PH175323010": {"Water_Prop": 56.034482999999994, "Food_Prop": 95.102041, "Shelter_Prop": 0.574713, "Health_Prop": 23.017988, "Education_Prop": 17.50306, "Work_Prop": 55.654233, "Peace_Prop": 0.0, "Participation_Prop": "", "SocialProtection_Prop": 99.75918100000001, "Environment_Prop": 9.919724, "shelter_electricity": 73.13218391, "health_center_attendance": 23.01798801, "work_farms": 52.336448600000004, "work_unskilled": 35.24699599, "health_programs": 60.20114943, "sp_philhealth": 60.20114943, "water_toilet": 67.38505747, "shelter_makeshift_nhts": 0.43103448299999997, "food_malnourished": 7.3, "health_child_death": 0.0, "health_maternal_death": 0.0, "he_flood": 0.0, "he_volcano": 0.0, "he_landslide": 0.000264, "he_earthquake": 0.0, "name": "Ransang"}, "PH175323011": {"Water_Prop": 73.518851, "Food_Prop": 100.0, "Shelter_Prop": 7.450628, "Health_Prop": 10.431818, "Education_Prop": 28.425532, "Work_Prop": 43.464314, "Peace_Prop": 1.526032, "Participation_Prop": "", "SocialProtection_Prop": 99.86884, "Environment_Prop": 8.42735, "shelter_electricity": 78.90484740000001, "health_center_attendance": 10.43181818,