{"PH175310001": {"Water_Prop": 99.447514, "Food_Prop": 95.348837, "Shelter_Prop": 1.1049719999999998, "Health_Prop": 0.7884359999999999, "Education_Prop": 2.424242, "Work_Prop": 43.333333, "Peace_Prop": 11.049724000000001, "Participation_Prop": "", "SocialProtection_Prop": 97.891963, "Environment_Prop": 0.016985, "shelter_electricity": 13.812154699999999, "health_center_attendance": 0.788436268, "work_farms": 66.33986928, "work_unskilled": 7.843137255, "health_programs": 46.40883978, "sp_philhealth": 46.40883978, "water_toilet": 47.51381215, "shelter_makeshift_nhts": 2.486187845, "food_malnourished": 5.3, "health_child_death": 0.0, "health_maternal_death": 0.0, "he_flood": 0.0, "he_volcano": 0.0, "he_landslide": 0.0, "he_earthquake": 0.0}, "PH175310002": {"Water_Prop": 60.434782999999996, "Food_Prop": 50.0, "Shelter_Prop": 0.8695649999999999, "Health_Prop": 1.616162, "Education_Prop": 3.141361, "Work_Prop": 46.418733, "Peace_Prop": 2.173913, "Participation_Prop": "", "SocialProtection_Prop": 97.918112, "Environment_Prop": 8.211775999999999, "shelter_electricity": 3.47826087, "health_center_attendance": 1.6161616159999999, "work_farms": 12.33933162, "work_unskilled": 9.511568123, "health_programs": 43.91304348, "sp_philhealth": 43.91304348, "water_toilet": 13.04347826, "shelter_makeshift_nhts": 0.0, "food_malnourished": 0.0, "health_child_death": 2.3, "health_maternal_death": 0.0, "he_flood": 0.0, "he_volcano": 0.0, "he_landslide": 0.0, "he_earthquake": 0.0}, "PH175310003": {"Water_Prop": 87.00265300000001, "Food_Prop": 50.0, "Shelter_Prop": 6.100796, "Health_Prop": 26.226415000000003, "Education_Prop": 3.380282, "Work_Prop": 63.907603, "Peace_Prop": 13.527851, "Participation_Prop": "", "SocialProtection_Prop": 98.643411, "Environment_Prop": 8.162599, "shelter_electricity": 10.87533157, "health_center_attendance": 26.22641509, "work_farms": 51.46666667, "work_unskilled": 17.33333333, "health_programs": 72.41379309999999, "sp_philhealth": 72.41379309999999, "water_toilet": 9.549071618, "shelter_makeshift_nhts": 4.24403183, "food_malnourished": 0.0, "health_child_death": 0.0, "health_maternal_death": 0.0, "he_flood": 0.0, "he_volcano": 0.0, "he_landslide": 0.0, "he_earthquake": 0.0}, "PH175310004": {"Water_Prop": 98.461538, "Food_Prop": 75.0, "Shelter_Prop": 0.0, "Health_Prop": 17.425743, "Education_Prop": 0.0, "Work_Prop": 55.120481999999996, "Peace_Prop": 0.769231, "Participation_Prop": "", "SocialProtection_Prop": 97.67981400000001, "Environment_Prop": 0.014150999999999999, "shelter_electricity": 18.46153846, "health_center_attendance": 17.42574257, "work_farms": 57.71812081, "work_unskilled": 3.3557046980000003, "health_programs": 68.46153846, "sp_philhealth": 68.46153846, "water_toilet": 40.0, "shelter_makeshift_nhts": 3.8461538460000004, "food_malnourished": 2.4, "health_child_death": 0.0, "health_maternal_death": 0.0, "he_flood": 0.0, "he_volcano": 0.0, "he_landslide": 0.0, "he_earthquake": 0.0}, "PH175310005": {"Water_Prop": 99.593496, "Food_Prop": 0.0, "Shelter_Prop": 0.813008, "Health_Prop": 28.484321, "Education_Prop": 4.901961, "Work_Prop": 50.203528000000006, "Peace_Prop": 0.406504, "Participation_Prop": "", "SocialProtection_Prop": 98.67877800000001, "Environment_Prop": 1.136269, "shelter_electricity": 43.49593496, "health_center_attendance": 28.48432056, "work_farms": 73.29700272, "work_unskilled": 14.71389646, "health_programs": 47.56097561, "sp_philhealth": 47.56097561, "water_toilet": 26.42276423, "shelter_makeshift_nhts": 15.04065041, "food_malnourished": 5.5, "health_child_death": 0.0, "health_maternal_death": 0.0, "he_flood": 0.0, "he_volcano": 0.0, "he_landslide": 0.0, "he_earthquake": 0.0}, "PH175310006": {"Water_Prop": 91.304348, "Food_Prop": 50.0, "Shelter_Prop": 0.8695649999999999, "Health_Prop": 0.6134970000000001, "Education_Prop": 1.333333, "Work_Prop": 50.372208, "Peace_Prop": 10.869565, "Participation_Prop": "", "SocialProtection_Prop": 97.867104, "Environment_Prop": 8.152747999999999, "shelter_electricity": 12.17391304, "health_center_attendance": 0.613496933, "work_farms": 23.0, "work_unskilled": 18.25, "health_programs": 51.73913043, "sp_philhealth": 51.73913043, "water_toilet": 29.56521739, "shelter_makeshift_nhts": 0.434782609, "food_malnourished": 0.0, "health_child_death": 0.0, "health_maternal_death": 33.3, "he_flood": 0.0, "he_volcano": 0.0, "he_landslide": 0.0, "he_earthquake": 0.0}, "PH175310007": {"Water_Prop": 100.0, "Food_Prop": 0.0, "Shelter_Prop": 3.90625, "Health_Prop": 36.775362, "Education_Prop": 2.898551, "Work_Prop": 53.481894, "Peace_Prop": 0.78125, "Participation_Prop": "", "SocialProtection_Prop": 97.947761, "Environment_Prop": 0.018164, "shelter_electricity": 21.09375, "health_center_attendance": 36.77536232, "work_farms": 63.47305389, "work_unskilled": 7.7844311379999995, "health_programs": 60.15625, "sp_philhealth": 60.15625, "water_toilet": 53.125, "shelter_makeshift_nhts": 5.078125, "food_malnourished": 4.5, "health_child_death": 0.0, "health_maternal_death": 0.0, "he_flood": 0.0, "he_volcano": 0.0, "he_landslide": 0.0, "he_earthquake": 0.0}, "PH175310008": {"Water_Prop": 92.814371, "Food_Prop": 81.25, "Shelter_Prop": 1.7964069999999999, "Health_Prop": 0.404858, "Education_Prop": 1.526718, "Work_Prop": 46.641791, "Peace_Prop": 5.389222, "Participation_Prop": "", "SocialProtection_Prop": 97.777778, "Environment_Prop": 8.400625, "shelter_electricity": 17.36526946, "health_center_attendance": 0.4048583, "work_farms": 36.01398601, "work_unskilled": 13.28671329, "health_programs": 65.26946108, "sp_philhealth": 65.26946108, "water_toilet": 36.52694611, "shelter_makeshift_nhts": 1.4970059880000002, "food_malnourished": 1.4, "health_child_death": 1.6, "health_maternal_death": 0.0, "he_flood": 0.0, "he_volcano": 0.0, "he_landslide": 0.0, "he_earthquake": 0.0}, "PH175310009": {"Water_Prop": 100.0, "Food_Prop": 0.0, "Shelter_Prop": 0.5617979999999999, "Health_Prop": 22.44898, "Education_Prop": 4.424779, "Work_Prop": 41.886792, "Peace_Prop": 0.5617979999999999, "Participation_Prop": "", "SocialProtection_Prop": 99.515152, "Environment_Prop": 0.28383600000000003, "shelter_electricity": 11.79775281, "health_center_attendance": 22.44897959, "work_farms": 85.06493506, "work_unskilled": 2.9220779219999997, "health_programs": 51.12359551, "sp_philhealth": 51.12359551, "water_toilet": 68.53932584, "shelter_makeshift_nhts": 5.056179775, "food_malnourished": 2.5, "health_child_death": 0.0, "health_maternal_death": 0.0, "he_flood": 0.0, "he_volcano": 0.0, "he_landslide": 0.0, "he_earthquake": 0.0}, "PH175310010": {"Water_Prop": 97.165992, "Food_Prop": 81.818182, "Shelter_Prop": 1.8218619999999999, "Health_Prop": 1.623502, "Education_Prop": 4.2763160000000005, "Work_Prop": 49.592987, "Peace_Prop": 28.137652000000003, "Participation_Prop": "", "SocialProtection_Prop": 98.13759, "Environment_Prop": 6.7275279999999995, "shelter_electricity": 14.77732794, "health_center_attendance": 1.623502126, "work_farms": 51.92546584, "work_unskilled": 15.52795031, "health_programs": 50.0, "sp_philhealth": 50.0, "water_toilet": 18.82591093, "shelter_makeshift_nhts": 2.834008097, "food_malnourished": 3.2, "health_child_death": 1.4, "health_maternal_death": 0.0, "he_flood": 0.0, "he_volcano": 0.0, "he_landslide": 0.0, "he_earthquake": 0.0}, "PH175310011": {"Water_Prop": 83.171521, "Food_Prop": 20.0, "Shelter_Prop": 1.294498, "Health_Prop": 5.865522, "Education_Prop": 3.065134, "Work_Prop": 51.766953, "Peace_Prop": 3.883495, "Participation_Prop": "", "SocialProtection_Prop": 98.097252, "Environment_Prop": 8.075251, "shelter_electricity": 10.35598706, "health_center_attendance": 5.865522175, "work_farms": 42.57425743, "work_unskilled": 12.67326733, "health_programs": 64.40129449999999, "sp_philhealth": 64.40129449999999, "water_toilet": 44.33656958, "shelter_makeshift_nhts": 0.8090614890000001, "food_malnourished": 2.1, "health_child_death": 0.0, "health_maternal_death": 0.0, "he_flood": 0.0, "he_volcano": 0.0, "he_landslide": 0.0,