{"PH174002001": {"water_access": 32.0, "food_tenure": 80.0, "shelter_informal_settlers_nhts": 2.8, "health_center_attendance": 17.647059, "educ_outofschool_all": 2.930403, "work_unemployment": 57.53012, "po_conflict": 44.4, "participation_assembly_attendance": 72.318973, "sp_sss": 98.900092, "he_risk": 0.187144, "shelter_electricity": 28.0, "health_center_attendance.1": 17.64705882, "work_farms": 66.66666667, "work_unskilled": 20.56737589, "health_programs": 29.6, "sp_philhealth": 29.6, "water_toilet": 0.8, "shelter_makeshift_nhts": 0.4, "food_malnourished": 0.0, "health_child_death": 0.0, "health_maternal_death": 0.0, "he_flood": 0.0, "he_volcano": 0.0, "he_landslide": 0.011085, "he_earthquake": 0.0, "name": "Bagacay"}, "PH174002002": {"water_access": 1.269036, "food_tenure": 14.525139999999999, "shelter_informal_settlers_nhts": 1.015228, "health_center_attendance": 27.150084000000003, "educ_outofschool_all": 5.442177, "work_unemployment": 45.071684999999995, "po_conflict": 36.294416, "participation_assembly_attendance": 79.97535400000001, "sp_sss": 98.829328, "he_risk": 0.946896, "shelter_electricity": 21.57360406, "health_center_attendance.1": 27.15008432, "work_farms": 45.67699837, "work_unskilled": 23.81729201, "health_programs": 44.67005076, "sp_philhealth": 44.67005076, "water_toilet": 0.253807107, "shelter_makeshift_nhts": 9.263959391, "food_malnourished": 9.8, "health_child_death": 0.5, "health_maternal_death": 0.0, "he_flood": 0.0, "he_volcano": 0.0, "he_landslide": 0.005278, "he_earthquake": 0.0, "name": "Bagtingon"}, "PH174002003": {"water_access": 36.065574, "food_tenure": 52.12766, "shelter_informal_settlers_nhts": 0.5464479999999999, "health_center_attendance": 25.806452, "educ_outofschool_all": 4.093567, "work_unemployment": 45.665962, "po_conflict": 22.404372, "participation_assembly_attendance": 82.322581, "sp_sss": 99.612903, "he_risk": 0.18803499999999998, "shelter_electricity": 20.76502732, "health_center_attendance.1": 25.80645161, "work_farms": 42.0233463, "work_unskilled": 29.57198444, "health_programs": 34.42622951, "sp_philhealth": 34.42622951, "water_toilet": 0.0, "shelter_makeshift_nhts": 4.371584699, "food_malnourished": 11.2, "health_child_death": 0.0, "health_maternal_death": 0.0, "he_flood": 0.0, "he_volcano": 0.0, "he_landslide": 0.011085, "he_earthquake": 0.0, "name": "Bicas-bicas"}, "PH174002004": {"water_access": 2.7422299999999997, "food_tenure": 88.235294, "shelter_informal_settlers_nhts": 1.462523, "health_center_attendance": 28.348301, "educ_outofschool_all": 6.307691999999999, "work_unemployment": 47.797224, "po_conflict": 32.175503000000006, "participation_assembly_attendance": 97.356649, "sp_sss": 98.291989, "he_risk": 16.857762, "shelter_electricity": 18.82998172, "health_center_attendance.1": 28.34830144, "work_farms": 34.21965318, "work_unskilled": 30.173410399999998, "health_programs": 39.30530165, "sp_philhealth": 39.30530165, "water_toilet": 0.731261426, "shelter_makeshift_nhts": 5.118829982, "food_malnourished": 17.8, "health_child_death": 0.0, "health_maternal_death": 0.0, "he_flood": 0.0, "he_volcano": 0.0, "he_landslide": 0.000792, "he_earthquake": 0.0, "name": "Caigangan"}, "PH174002005": {"water_access": 5.175038, "food_tenure": 4.285714, "shelter_informal_settlers_nhts": 0.761035, "health_center_attendance": 27.80343, "educ_outofschool_all": 5.96817, "work_unemployment": 45.548654, "po_conflict": 35.00761, "participation_assembly_attendance": 96.612421, "sp_sss": 98.405845, "he_risk": 16.858231, "shelter_electricity": 19.48249619, "health_center_attendance.1": 27.80343008, "work_farms": 44.96197719, "work_unskilled": 24.90494297, "health_programs": 39.8782344, "sp_philhealth": 39.8782344, "water_toilet": 0.456621005, "shelter_makeshift_nhts": 6.164383562, "food_malnourished": 7.3, "health_child_death": 0.3, "health_maternal_death": 3.3, "he_flood": 0.0, "he_volcano": 0.0, "he_landslide": 0.000792, "he_earthquake": 0.0, "name": "Daykitin"}, "PH174002006": {"water_access": 5.6926, "food_tenure": 81.76795600000001, "shelter_informal_settlers_nhts": 0.948767, "health_center_attendance": 21.972387, "educ_outofschool_all": 8.948864, "work_unemployment": 47.202571999999996, "po_conflict": 46.29981, "participation_assembly_attendance": 92.69882700000001, "sp_sss": 99.08735300000001, "he_risk": 8.604227, "shelter_electricity": 26.18595825, "health_center_attendance.1": 21.97238659, "work_farms": 37.149817299999995, "work_unskilled": 37.02801462, "health_programs": 32.82732448, "sp_philhealth": 32.82732448, "water_toilet": 1.518026565, "shelter_makeshift_nhts": 5.787476281, "food_malnourished": 10.3, "health_child_death": 0.0, "health_maternal_death": 0.0, "he_flood": 0.0, "he_volcano": 0.0, "he_landslide": 0.011085, "he_earthquake": 0.0, "name": "Libas"}, "PH174002007": {"water_access": 8.705882, "food_tenure": 67.88990799999999, "shelter_informal_settlers_nhts": 0.705882, "health_center_attendance": 22.368420999999998, "educ_outofschool_all": 1.72043, "work_unemployment": 48.866499, "po_conflict": 40.941176, "participation_assembly_attendance": 91.582492, "sp_sss": 98.316498, "he_risk": 18.211694, "shelter_electricity": 20.94117647, "health_center_attendance.1": 22.36842105, "work_farms": 30.54187192, "work_unskilled": 27.91461412, "health_programs": 45.88235294, "sp_philhealth": 45.88235294, "water_toilet": 0.705882353, "shelter_makeshift_nhts": 10.0, "food_malnourished": 0.5, "health_child_death": 0.0, "health_maternal_death": 0.0, "he_flood": 0.0, "he_volcano": 0.0, "he_landslide": 0.004064, "he_earthquake": 0.0, "name": "Malbog"}, "PH174002011": {"water_access": 5.900621, "food_tenure": 9.803922, "shelter_informal_settlers_nhts": 0.31055900000000003, "health_center_attendance": 47.286821999999994, "educ_outofschool_all": 8.219178, "work_unemployment": 40.173724, "po_conflict": 29.503106, "participation_assembly_attendance": 80.108254, "sp_sss": 99.052774, "he_risk": 17.356115, "shelter_electricity": 24.53416149, "health_center_attendance.1": 47.28682171, "work_farms": 39.92740472, "work_unskilled": 27.04174229, "health_programs": 43.47826087, "sp_philhealth": 43.47826087, "water_toilet": 0.621118012, "shelter_makeshift_nhts": 0.310559006, "food_malnourished": 9.1, "health_child_death": 0.0, "health_maternal_death": 0.0, "he_flood": 0.0, "he_volcano": 0.0, "he_landslide": 0.011085, "he_earthquake": 0.0, "name": "Sihi"}, "PH174002012": {"water_access": 2.702703, "food_tenure": 68.57142900000001, "shelter_informal_settlers_nhts": 0.9009010000000001, "health_center_attendance": 40.512334, "educ_outofschool_all": 5.349794, "work_unemployment": 50.154321, "po_conflict": 34.684684999999995, "participation_assembly_attendance": 80.097087, "sp_sss": 98.834951, "he_risk": 16.866889999999998, "shelter_electricity": 18.91891892, "health_center_attendance.1": 40.51233397, "work_farms": 34.05572755, "work_unskilled": 30.6501548, "health_programs": 31.53153153, "sp_philhealth": 31.53153153, "water_toilet": 1.351351351, "shelter_makeshift_nhts": 0.45045045, "food_malnourished": 7.7, "health_child_death": 0.0, "health_maternal_death": 0.0, "he_flood": 0.0, "he_volcano": 0.0, "he_landslide": 0.002639, "he_earthquake": 0.0, "name": "Timbo (Sanggulong)"}, "PH174002013": {"water_access": 0.9380860000000001, "food_tenure": 60.337553, "shelter_informal_settlers_nhts": 12.945591, "health_center_attendance": 31.283756, "educ_outofschool_all": 7.201308999999999, "work_unemployment": 47.02381, "po_conflict": 44.277674, "participation_assembly_attendance": 86.515876, "sp_sss": 99.304045, "he_risk": 8.888809, "shelter_electricity": 19.69981238, "health_center_attendance.1": 31.28375571, "work_farms": 46.56679151, "work_unskilled": 24.34456929, "health_programs": 27.20450281, "sp_philhealth": 27.20450281, "water_toilet": 3.189493433, "shelter_makeshift_nhts": 5.909943715, "food_malnourished": 3.2, "health_child_death": 1.5, "health_maternal_death": 0.0, "he_flood": 0.0, "he_volcano": 0.0, "he_landslide": 0.011085,