{"PH175902001": {"water_access": 97.802198, "food_tenure": "", "shelter_informal_settlers_nhts": 1.0989010000000001, "health_center_attendance": 9.443099, "educ_outofschool_all": 2.409639, "work_unemployment": 40.924092, "po_conflict": 39.56044, "participation_assembly_attendance": 84.0, "sp_sss": 0.6666670000000039, "he_risk": 1.4165889999999999, "shelter_electricity": 9.89010989, "health_center_attendance.1": 9.443099274, "work_farms": 54.18994413, "work_unskilled": 16.20111732, "health_programs": 40.65934066, "sp_philhealth": 59.34065934, "water_toilet": 0.0, "shelter_makeshift_nhts": 0.0, "food_malnourished": 5.3000002, "health_child_death": "", "health_maternal_death": 0.0, "he_flood": 0.0, "he_volcano": 0.0, "he_landslide": 0.0, "he_earthquake": 0.0, "name": "Balogo"}, "PH175902002": {"water_access": 98.92473100000001, "food_tenure": 50.0, "shelter_informal_settlers_nhts": 3.225806, "health_center_attendance": 34.920635, "educ_outofschool_all": 7.462687, "work_unemployment": 38.078292, "po_conflict": 34.408602, "participation_assembly_attendance": 75.39267, "sp_sss": 0.2617800000000017, "he_risk": 1.133876, "shelter_electricity": 3.225806452, "health_center_attendance.1": 34.92063492, "work_farms": 36.7816092, "work_unskilled": 17.24137931, "health_programs": 21.50537634, "sp_philhealth": 78.49462366, "water_toilet": 3.225806452, "shelter_makeshift_nhts": 0.0, "food_malnourished": 8.300000200000001, "health_child_death": "", "health_maternal_death": 0.0, "he_flood": 0.0, "he_volcano": 0.0, "he_landslide": 0.0, "he_earthquake": 0.0, "name": "Banice"}, "PH175902004": {"water_access": 50.847458, "food_tenure": "", "shelter_informal_settlers_nhts": 3.3898309999999996, "health_center_attendance": 39.413681, "educ_outofschool_all": 2.597403, "work_unemployment": 51.886792, "po_conflict": 45.762712, "participation_assembly_attendance": 71.821306, "sp_sss": 0.6872850000000028, "he_risk": 0.009785, "shelter_electricity": 6.7796610170000005, "health_center_attendance.1": 39.41368078, "work_farms": 33.33333333, "work_unskilled": 34.31372549, "health_programs": 18.644067800000002, "sp_philhealth": 81.3559322, "water_toilet": 1.694915254, "shelter_makeshift_nhts": 0.0, "food_malnourished": 15.4, "health_child_death": "", "health_maternal_death": 0.0, "he_flood": 0.0, "he_volcano": 0.0, "he_landslide": 0.0, "he_earthquake": 0.0, "name": "Hambi-an"}, "PH175902005": {"water_access": 94.44444399999999, "food_tenure": "", "shelter_informal_settlers_nhts": 0.0, "health_center_attendance": 33.333333, "educ_outofschool_all": 5.555556, "work_unemployment": 40.0, "po_conflict": 44.444444, "participation_assembly_attendance": 50.769231, "sp_sss": "", "he_risk": 0.000223, "shelter_electricity": 16.66666667, "health_center_attendance.1": 33.33333333, "work_farms": 33.33333333, "work_unskilled": 26.66666667, "health_programs": 33.33333333, "sp_philhealth": 66.66666667, "water_toilet": 0.0, "shelter_makeshift_nhts": 0.0, "food_malnourished": 0.0, "health_child_death": "", "health_maternal_death": 0.0, "he_flood": 0.0, "he_volcano": 0.0, "he_landslide": 0.0, "he_earthquake": 0.0, "name": "Lagang"}, "PH175902006": {"water_access": 100.0, "food_tenure": "", "shelter_informal_settlers_nhts": 1.960784, "health_center_attendance": 36.082474, "educ_outofschool_all": 3.703704, "work_unemployment": 46.103896, "po_conflict": 37.254902, "participation_assembly_attendance": 76.987448, "sp_sss": "", "he_risk": 0.290131, "shelter_electricity": 7.843137255, "health_center_attendance.1": 36.08247423, "work_farms": 33.73493976, "work_unskilled": 12.04819277, "health_programs": 23.52941176, "sp_philhealth": 76.47058824, "water_toilet": 0.0, "shelter_makeshift_nhts": 0.0, "food_malnourished": 12.5, "health_child_death": "", "health_maternal_death": 0.0, "he_flood": 0.0, "he_volcano": 0.0, "he_landslide": 0.0, "he_earthquake": 0.0, "name": "Libtong"}, "PH175902007": {"water_access": 100.0, "food_tenure": 80.55555600000001, "shelter_informal_settlers_nhts": 1.162791, "health_center_attendance": 36.986301, "educ_outofschool_all": 5.3333330000000005, "work_unemployment": 48.846154, "po_conflict": 44.186046999999995, "participation_assembly_attendance": 71.637427, "sp_sss": 1.7543859999999967, "he_risk": 0.291824, "shelter_electricity": 13.95348837, "health_center_attendance.1": 36.98630137, "work_farms": 34.58646617, "work_unskilled": 26.31578947, "health_programs": 29.06976744, "sp_philhealth": 70.93023256000001, "water_toilet": 1.162790698, "shelter_makeshift_nhts": 0.0, "food_malnourished": 15.2, "health_child_death": "", "health_maternal_death": 0.0, "he_flood": 0.0, "he_volcano": 0.0, "he_landslide": 0.0, "he_earthquake": 0.0, "name": "Mainit"}, "PH175902008": {"water_access": 77.777778, "food_tenure": 50.0, "shelter_informal_settlers_nhts": 5.555556, "health_center_attendance": 51.162791, "educ_outofschool_all": 0.0, "work_unemployment": 40.350877000000004, "po_conflict": 38.888889, "participation_assembly_attendance": 55.421687, "sp_sss": 1.2048190000000005, "he_risk": 0.288084, "shelter_electricity": 0.0, "health_center_attendance.1": 51.1627907, "work_farms": 35.29411765, "work_unskilled": 17.64705882, "health_programs": 16.66666667, "sp_philhealth": 83.33333333, "water_toilet": 0.0, "shelter_makeshift_nhts": 0.0, "food_malnourished": 22.200001, "health_child_death": "", "health_maternal_death": 0.0, "he_flood": 0.0, "he_volcano": 0.0, "he_landslide": 0.0, "he_earthquake": 0.0, "name": "Nabalay"}, "PH175902009": {"water_access": 100.0, "food_tenure": 0.0, "shelter_informal_settlers_nhts": 7.594937, "health_center_attendance": 32.490975, "educ_outofschool_all": 10.25641, "work_unemployment": 47.345133000000004, "po_conflict": 50.632911, "participation_assembly_attendance": 75.0, "sp_sss": 1.25, "he_risk": 0.292232, "shelter_electricity": 3.797468354, "health_center_attendance.1": 32.49097473, "work_farms": 42.01680672, "work_unskilled": 16.80672269, "health_programs": 30.37974684, "sp_philhealth": 69.62025316, "water_toilet": 0.0, "shelter_makeshift_nhts": 0.0, "food_malnourished": 4.1999998, "health_child_death": "", "health_maternal_death": 0.0, "he_flood": 0.0, "he_volcano": 0.0, "he_landslide": 0.0, "he_earthquake": 0.0, "name": "Nasunogan"}, "PH175902010": {"water_access": 23.121387, "food_tenure": 16.666667, "shelter_informal_settlers_nhts": 4.046243, "health_center_attendance": 23.404255, "educ_outofschool_all": 0.0, "work_unemployment": 50.953206, "po_conflict": 21.387283, "participation_assembly_attendance": 84.14322299999999, "sp_sss": 1.449275, "he_risk": 0.622306, "shelter_electricity": 6.936416185, "health_center_attendance.1": 23.40425532, "work_farms": 18.3745583, "work_unskilled": 23.67491166, "health_programs": 47.97687861, "sp_philhealth": 52.02312139, "water_toilet": 0.0, "shelter_makeshift_nhts": 0.0, "food_malnourished": 8.300000200000001, "health_child_death": "", "health_maternal_death": 0.0, "he_flood": 0.0, "he_volcano": 0.0, "he_landslide": 0.0, "he_earthquake": 0.0, "name": "Poblacion"}, "PH175902011": {"water_access": 98.717949, "food_tenure": 26.666666999999997, "shelter_informal_settlers_nhts": 1.282051, "health_center_attendance": 7.739938, "educ_outofschool_all": 1.5625, "work_unemployment": 48.760331, "po_conflict": 76.923077, "participation_assembly_attendance": 82.833787, "sp_sss": 0.2724800000000016, "he_risk": 0.283568, "shelter_electricity": 3.8461538460000004, "health_center_attendance.1": 7.739938081, "work_farms": 33.06451613, "work_unskilled": 23.38709677, "health_programs": 43.58974359, "sp_philhealth": 56.41025641, "water_toilet": 0.0, "shelter_makeshift_nhts": 0.0, "food_malnourished": 12.0, "health_child_death": "", "health_maternal_death": 0.0, "he_flood": 0.0, "he_volcano": 0.0, "he_landslide": 0.0, "he_earthquake": 0.0, "name": "Sibay"}, "PH175902012": {"water_access": 95.744681, "food_tenure": 61.72839499999999, "shelter_informal_settlers_nhts": 2.1276599999999997, "health_center_attendance": 45.187166, "educ_outofschool_all": 0.0,