{"PH175309001": {"water_access": 89.411765, "food_tenure": 0.0, "shelter_informal_settlers_nhts": 0.7843140000000001, "health_center_attendance": 69.244288, "educ_outofschool_all": 13.919414000000002, "work_unemployment": 56.909361, "po_conflict": 1.960784, "participation_assembly_attendance": 83.902977, "sp_sss": 99.779493, "he_risk": 1.9883709999999999, "shelter_electricity": 99.60784314, "health_center_attendance.1": 69.24428823, "work_farms": 84.13793103, "work_unskilled": 7.24137931, "health_programs": 61.56862745, "sp_philhealth": 61.56862745, "water_toilet": 33.33333333, "shelter_makeshift_nhts": 15.68627451, "food_malnourished": 0.8, "health_child_death": 0.0, "health_maternal_death": 0.0, "he_flood": 0.0, "he_volcano": 0.0, "he_landslide": 0.000264, "he_earthquake": 0.0, "name": "Banuang Daan"}, "PH175309002": {"water_access": 48.780488, "food_tenure": 5.555556, "shelter_informal_settlers_nhts": 3.547672, "health_center_attendance": 21.784129999999998, "educ_outofschool_all": 7.952286, "work_unemployment": 51.668023, "po_conflict": 9.312639, "participation_assembly_attendance": 91.41937800000001, "sp_sss": 97.997855, "he_risk": 12.681764999999999, "shelter_electricity": 44.56762749, "health_center_attendance.1": 21.78413011, "work_farms": 22.55892256, "work_unskilled": 30.47138047, "health_programs": 68.07095344, "sp_philhealth": 68.07095344, "water_toilet": 8.647450111, "shelter_makeshift_nhts": 11.64079823, "food_malnourished": 9.2, "health_child_death": 0.0, "health_maternal_death": 0.0, "he_flood": 0.0, "he_volcano": 0.0, "he_landslide": 0.000264, "he_earthquake": 0.0, "name": "Bintuan"}, "PH175309003": {"water_access": 38.010657, "food_tenure": 96.759259, "shelter_informal_settlers_nhts": 2.131439, "health_center_attendance": 91.112799, "educ_outofschool_all": 8.651026, "work_unemployment": 60.579889, "po_conflict": 12.966252, "participation_assembly_attendance": 95.664392, "sp_sss": 99.357688, "he_risk": 1.9891830000000001, "shelter_electricity": 42.62877442, "health_center_attendance.1": 91.11279909, "work_farms": 54.92957746, "work_unskilled": 18.15336463, "health_programs": 55.23978686, "sp_philhealth": 55.23978686, "water_toilet": 34.10301954, "shelter_makeshift_nhts": 0.7104795740000001, "food_malnourished": 0.4, "health_child_death": 0.0, "health_maternal_death": 0.0, "he_flood": 0.0, "he_volcano": 0.0, "he_landslide": 0.000264, "he_earthquake": 0.0, "name": "Borac"}, "PH175309004": {"water_access": 80.07968100000001, "food_tenure": 11.764706, "shelter_informal_settlers_nhts": 3.984064, "health_center_attendance": 47.463768, "educ_outofschool_all": 15.770609, "work_unemployment": 39.88006, "po_conflict": 31.474103999999997, "participation_assembly_attendance": 90.49545, "sp_sss": 99.696663, "he_risk": 9.920747, "shelter_electricity": 66.53386454, "health_center_attendance.1": 47.46376812, "work_farms": 72.56857855, "work_unskilled": 7.980049875, "health_programs": 12.35059761, "sp_philhealth": 12.35059761, "water_toilet": 6.374501992000001, "shelter_makeshift_nhts": 6.972111554, "food_malnourished": 0.7, "health_child_death": 0.0, "health_maternal_death": 0.0, "he_flood": 0.0, "he_volcano": 0.0, "he_landslide": 0.000264, "he_earthquake": 0.0, "name": "Buenavista"}, "PH175309005": {"water_access": 85.28925600000001, "food_tenure": 100.0, "shelter_informal_settlers_nhts": 30.909090999999997, "health_center_attendance": 50.121739, "educ_outofschool_all": 15.355329999999999, "work_unemployment": 47.686833, "po_conflict": 40.661157, "participation_assembly_attendance": 96.50229399999999, "sp_sss": 99.08256899999999, "he_risk": 8.036028, "shelter_electricity": 72.89256198, "health_center_attendance.1": 50.12173913, "work_farms": 66.89342404, "work_unskilled": 9.297052154, "health_programs": 21.48760331, "sp_philhealth": 21.48760331, "water_toilet": 1.487603306, "shelter_makeshift_nhts": 3.5537190080000003, "food_malnourished": 7.9, "health_child_death": 0.2, "health_maternal_death": 0.0, "he_flood": 0.0, "he_volcano": 0.0, "he_landslide": 0.0, "he_earthquake": 0.0, "name": "Bulalacao"}, "PH175309006": {"water_access": 88.57142900000001, "food_tenure": 0.0, "shelter_informal_settlers_nhts": 0.0, "health_center_attendance": 95.940271, "educ_outofschool_all": 20.701754, "work_unemployment": 59.918699, "po_conflict": 0.0, "participation_assembly_attendance": 87.67506999999999, "sp_sss": 99.90662900000001, "he_risk": 3.122224, "shelter_electricity": 98.02197802, "health_center_attendance.1": 95.94027065, "work_farms": 90.6693712, "work_unskilled": 5.273833671, "health_programs": 66.37362637, "sp_philhealth": 66.37362637, "water_toilet": 29.23076923, "shelter_makeshift_nhts": 11.75824176, "food_malnourished": 6.3, "health_child_death": 0.4, "health_maternal_death": 0.0, "he_flood": 0.0, "he_volcano": 0.0, "he_landslide": 0.000264, "he_earthquake": 0.0, "name": "Cabugao"}, "PH175309008": {"water_access": 76.177285, "food_tenure": 66.666667, "shelter_informal_settlers_nhts": 1.9390580000000002, "health_center_attendance": 69.513716, "educ_outofschool_all": 13.669065, "work_unemployment": 58.418891, "po_conflict": 44.321329999999996, "participation_assembly_attendance": 72.782084, "sp_sss": 98.966408, "he_risk": 1.9828759999999999, "shelter_electricity": 70.63711911, "health_center_attendance.1": 69.51371571, "work_farms": 76.04938272, "work_unskilled": 6.666666667, "health_programs": 56.50969529, "sp_philhealth": 56.50969529, "water_toilet": 9.695290859, "shelter_makeshift_nhts": 2.9085872580000003, "food_malnourished": 3.7, "health_child_death": 0.0, "health_maternal_death": 0.0, "he_flood": 0.0, "he_volcano": 0.0, "he_landslide": 0.0, "he_earthquake": 0.0, "name": "Decabobo"}, "PH175309009": {"water_access": 44.843049, "food_tenure": 41.176471, "shelter_informal_settlers_nhts": 27.578475, "health_center_attendance": 54.187689, "educ_outofschool_all": 17.505470000000003, "work_unemployment": 46.852003, "po_conflict": 33.408072, "participation_assembly_attendance": 83.226443, "sp_sss": 98.865318, "he_risk": 12.374443, "shelter_electricity": 48.65470852, "health_center_attendance.1": 54.1876892, "work_farms": 39.07692308, "work_unskilled": 24.92307692, "health_programs": 30.49327354, "sp_philhealth": 30.49327354, "water_toilet": 12.33183857, "shelter_makeshift_nhts": 2.69058296, "food_malnourished": 4.6, "health_child_death": 0.0, "health_maternal_death": 0.0, "he_flood": 0.0, "he_volcano": 0.0, "he_landslide": 0.000264, "he_earthquake": 0.0, "name": "Decalachao"}, "PH175309010": {"water_access": 48.583569, "food_tenure": 13.28125, "shelter_informal_settlers_nhts": 9.631728, "health_center_attendance": 56.686046999999995, "educ_outofschool_all": 10.044978, "work_unemployment": 49.545913, "po_conflict": 1.2747879999999998, "participation_assembly_attendance": 90.37533499999999, "sp_sss": 98.927614, "he_risk": 16.557722000000002, "shelter_electricity": 44.33427762, "health_center_attendance.1": 56.68604651, "work_farms": 20.7, "work_unskilled": 34.1, "health_programs": 45.75070822, "sp_philhealth": 45.75070822, "water_toilet": 4.107648725, "shelter_makeshift_nhts": 5.59490085, "food_malnourished": 3.3, "health_child_death": 0.0, "health_maternal_death": 0.0, "he_flood": 0.0, "he_volcano": 0.0, "he_landslide": 0.0, "he_earthquake": 0.0, "name": "Guadalupe"}, "PH175309011": {"water_access": 12.394366, "food_tenure": 100.0, "shelter_informal_settlers_nhts": 1.690141, "health_center_attendance": 60.23166, "educ_outofschool_all": 11.444142, "work_unemployment": 55.625, "po_conflict": 53.521127, "participation_assembly_attendance": 85.957737, "sp_sss": 98.97750500000001, "he_risk": 0.666909, "shelter_electricity": 86.47887324, "health_center_attendance.1": 60.23166023, "work_farms": 57.74647887, "work_unskilled": 15.72769953, "health_programs": 58.02816901, "sp_philhealth": 58.02816901, "water_toilet": 15.77464789, "shelter_makeshift_nhts": 4.507042254, "food_malnourished": 7.5, "health_child_death": 0.0, "health_maternal_death": 0.0,