{"PH175904001": {"water_access": 10.747664, "food_tenure": 9.459458999999999, "shelter_informal_settlers_nhts": 1.869159, "health_center_attendance": 2.8755580000000003, "educ_outofschool_all": 9.896907, "work_unemployment": 52.861445999999994, "po_conflict": 55.140187, "participation_assembly_attendance": 86.11764699999999, "sp_sss": 2.2941180000000116, "he_risk": 9.014008, "shelter_electricity": 22.42990654, "health_center_attendance.1": 2.875557759, "work_farms": 21.88498403, "work_unskilled": 34.66453674, "health_programs": 60.28037383, "sp_philhealth": 39.71962617, "water_toilet": 4.205607477, "shelter_makeshift_nhts": 5.373831776, "food_malnourished": 6.8000002, "health_child_death": "", "health_maternal_death": 0.0, "he_flood": 0.0, "he_volcano": 0.0, "he_landslide": 0.000792, "he_earthquake": 0.0, "name": "Balogo"}, "PH175904002": {"water_access": 9.375, "food_tenure": 65.0, "shelter_informal_settlers_nhts": 7.1875, "health_center_attendance": 10.998092999999999, "educ_outofschool_all": 11.707317, "work_unemployment": 55.398587, "po_conflict": 66.25, "participation_assembly_attendance": 92.786234, "sp_sss": 0.39708799999999655, "he_risk": 0.048137, "shelter_electricity": 8.4375, "health_center_attendance.1": 10.99809282, "work_farms": 18.09954751, "work_unskilled": 28.50678733, "health_programs": 54.0625, "sp_philhealth": 45.9375, "water_toilet": 3.125, "shelter_makeshift_nhts": 2.1875, "food_malnourished": 2.0, "health_child_death": "", "health_maternal_death": 0.0, "he_flood": 0.0, "he_volcano": 0.0, "he_landslide": 0.001056, "he_earthquake": 0.0, "name": "Linao"}, "PH175904003": {"water_access": 0.0, "food_tenure": 100.0, "shelter_informal_settlers_nhts": 5.960265, "health_center_attendance": 0.0, "educ_outofschool_all": 3.141361, "work_unemployment": 59.414226, "po_conflict": 78.807947, "participation_assembly_attendance": 92.210767, "sp_sss": 1.1454750000000047, "he_risk": 8.823350999999999, "shelter_electricity": 11.25827815, "health_center_attendance.1": 0.0, "work_farms": 10.82474227, "work_unskilled": 46.39175258, "health_programs": 43.70860927, "sp_philhealth": 56.29139073, "water_toilet": 0.662251656, "shelter_makeshift_nhts": 3.311258278, "food_malnourished": 0.0, "health_child_death": "", "health_maternal_death": 0.0, "he_flood": 0.0, "he_volcano": 0.0, "he_landslide": 0.000792, "he_earthquake": 0.0, "name": "Poblacion"}, "PH175904004": {"water_access": 17.514124, "food_tenure": 75.0, "shelter_informal_settlers_nhts": 2.259887, "health_center_attendance": 1.138952, "educ_outofschool_all": 8.520178999999999, "work_unemployment": 58.602151, "po_conflict": 75.141243, "participation_assembly_attendance": 79.62963, "sp_sss": 0.617283999999998, "he_risk": 1.158342, "shelter_electricity": 30.50847458, "health_center_attendance.1": 1.138952164, "work_farms": 35.06493506, "work_unskilled": 25.54112554, "health_programs": 51.41242938, "sp_philhealth": 48.58757062, "water_toilet": 0.564971751, "shelter_makeshift_nhts": 2.259887006, "food_malnourished": 20.700001, "health_child_death": "", "health_maternal_death": 0.0, "he_flood": 0.0, "he_volcano": 0.0, "he_landslide": 0.00132, "he_earthquake": 0.0, "name": "Pagsangahan"}, "PH175904005": {"water_access": 17.151163, "food_tenure": 58.024691000000004, "shelter_informal_settlers_nhts": 2.616279, "health_center_attendance": 0.5995199999999999, "educ_outofschool_all": 6.888889, "work_unemployment": 58.823529, "po_conflict": 67.44185999999999, "participation_assembly_attendance": 90.681004, "sp_sss": 0.9557949999999948, "he_risk": 8.730682, "shelter_electricity": 24.12790698, "health_center_attendance.1": 0.599520384, "work_farms": 20.71428571, "work_unskilled": 42.38095238, "health_programs": 64.24418605, "sp_philhealth": 35.755813950000004, "water_toilet": 0.581395349, "shelter_makeshift_nhts": 2.9069767439999996, "food_malnourished": 0.40000001, "health_child_death": "", "health_maternal_death": 0.0, "he_flood": 0.0, "he_volcano": 0.0, "he_landslide": 0.001584, "he_earthquake": 0.0, "name": "Pangulo"}, "PH175904006": {"water_access": 2.7624310000000003, "food_tenure": 10.0, "shelter_informal_settlers_nhts": 5.801105000000001, "health_center_attendance": 0.47732700000000006, "educ_outofschool_all": 2.511416, "work_unemployment": 53.788587, "po_conflict": 74.033149, "participation_assembly_attendance": 89.287965, "sp_sss": 0.6931319999999914, "he_risk": 9.023789, "shelter_electricity": 23.75690608, "health_center_attendance.1": 0.477326969, "work_farms": 16.59919028, "work_unskilled": 38.86639676, "health_programs": 50.82872928, "sp_philhealth": 49.17127072, "water_toilet": 0.27624309399999997, "shelter_makeshift_nhts": 2.7624309389999997, "food_malnourished": 7.6999998, "health_child_death": "", "health_maternal_death": 0.0, "he_flood": 0.0, "he_volcano": 0.0, "he_landslide": 0.000792, "he_earthquake": 0.0, "name": "San Roque"}, "PH175904007": {"water_access": 14.285714000000002, "food_tenure": "", "shelter_informal_settlers_nhts": 6.766916999999999, "health_center_attendance": 2.154532, "educ_outofschool_all": 10.365853999999999, "work_unemployment": 59.927361, "po_conflict": 78.195489, "participation_assembly_attendance": 85.645549, "sp_sss": 0.5613469999999978, "he_risk": 0.590823, "shelter_electricity": 53.38345865, "health_center_attendance.1": 2.1545319469999997, "work_farms": 47.73413897, "work_unskilled": 29.00302115, "health_programs": 43.23308271, "sp_philhealth": 56.76691729, "water_toilet": 1.127819549, "shelter_makeshift_nhts": 1.315789474, "food_malnourished": 14.8, "health_child_death": "", "health_maternal_death": 4.1999998, "he_flood": 0.0, "he_volcano": 0.0, "he_landslide": 0.00132, "he_earthquake": 0.0, "name": "Talisay"}}